text,label
Marksheet issued by University of Toronto. Total percentage: 72.07%. Registration No: 250038. Session 2024-2022.,marksheet
"Bank Statement
Canara Bank, Branch
A/c No: 1247668543476547
IFSC Code: HCWL0540110
Name: Deepak Toppo
Saving Bank Account",bank_passbook
"This is to certify that Rahul Kumar belongs to the Scheduled Tribe community. Category: Scheduled Tribe (ST). Issued by Sub-Divisional Magistrate, Bastar, dated 11/02/2023.",caste_certificate
"Canara Bank
SAVINGS BANK PASSBOOK
Account Number: 9018858504070888
IFSC: ZRJI0531603
Branch Code: 2456
Account Holder: Sunita Munda",bank_passbook
"Certified that the total annual income of Anita Gond and family is Rs. 240,000. Issued by Revenue Officer on 21/10/2023.",income_certificate
Marksheet issued by Imperial College London. Total percentage: 71.13%. Registration No: 121741. Session 2019-2024.,marksheet
"COLLEGE ID
Library Card No: LIB9189
Identity Card issued to Sunita Munda, valid upto 20/02/2020.",college_id
"Bank Statement
Union Bank of India, Branch
A/c No: 3609215100726691
IFSC Code: MHRY0616910
Name: Anita Gond
Saving Bank Account",bank_passbook
"University of Toronto
Letter of Acceptance
Dear Applicant, we are pleased to offer you Conditional Offer of admission to PhD in Computer Science, Faculty of Graduate Studies. Tuition fee: approx $40,000 per year. Commencement: September intake.",offer_letter
Weather forecast for tomorrow: partly cloudy with a chance of rain in the afternoon,unknown
"Oxford University
Letter of Acceptance
Dear Applicant, we are pleased to offer you Conditional Offer of admission to Master of Social Work, Faculty of Graduate Studies. Tuition fee: approx $40,000 per year. Commencement: September intake.",offer_letter
Text overlay from a cooking show: add a pinch of salt and stir the percentage of spices evenly,unknown
Google Maps screenshot showing directions to the nearest university campus food court,unknown
Instagram post: Beautiful sunset at the beach today! #travel #vacation #blessed,unknown
Random forum post: does anyone know how to increase my monthly income working from home,unknown
Screenshot of a WhatsApp group chat about weekend plans and cricket scores,unknown
"Blank white image with faint watermark text, mostly illegible pixel noise qwpicture unreadable",unknown
Amazon order confirmation: Your package containing a bank statement organizer folder has shipped,unknown
"COLLEGE ID
Library Card No: LIB3387
Identity Card issued to Priya Soren, valid upto 26/09/2021.",college_id
Product review: This laptop has great battery percentage remaining after 10 hours of use,unknown
"GRADE SHEET
Indian Institute of Technology Delhi
CGPA: 9.57
Semester: 5
Marks obtained: 454/500",marksheet
YouTube video thumbnail preview of a gaming livestream with subscriber count overlay,unknown
"COLLEGE ID
Library Card No: LIB5451
Identity Card issued to Anita Gond, valid upto 05/04/2025.",college_id
Screenshot of a WhatsApp group chat about weekend plans and cricket scores,unknown
Error 404 - Page not found. Please check the URL and try again.,unknown
"This is to certify that Anita Gond belongs to the Scheduled Tribe community. Category: Scheduled Tribe (ST). Issued by Sub-Divisional Magistrate, Koraput, dated 06/11/2025.",caste_certificate
"Spam text message: Congratulations! You have won a prize, click here to claim your offer letter now",unknown
Marksheet issued by Anna University. Total percentage: 71.74%. Registration No: 833602. Session 2019-2022.,marksheet
"GRADE SHEET
Anna University
CGPA: 7.13
Semester: 4
Marks obtained: 338/500",marksheet
"STUDENT ID CARD
Imperial College London
Name: Anita Gond
Roll No: 7506
Valid Upto: 24/12/2025",college_id
"Bank of India
SAVINGS BANK PASSBOOK
Account Number: 6632563448527706
IFSC: SQYT0354125
Branch Code: 8827
Account Holder: Rahul Kumar",bank_passbook
"STUDENT ID CARD
Anna University
Name: Vikram Bhil
Roll No: 6225
Valid Upto: 08/04/2025",college_id
"GRADE SHEET
University of Melbourne
CGPA: 9.37
Semester: 3
Marks obtained: 445/500",marksheet
"GOVERNMENT OFFICE OF THE DISTRICT COLLECTOR
This is to certify Rekha Minz's gross income for the financial year is Rs 190,000. Annual income certificate issued as per revenue records.",income_certificate
"PASSBOOK
Punjab National Bank
Account held by Vikram Bhil. Account number 7994954950423653. IFSC MLMZ0603534.",bank_passbook
Error 404 - Page not found. Please check the URL and try again.,unknown
"Government of India
Unique Identification Authority of India
UIDAI
Aadhaar 3613 2593 1877
Mera Aadhaar, Meri Pehchaan
Name: Anita Gond",aadhaar
"STUDENT ID CARD
National Institute of Technology
Name: Kavita Naik
Roll No: 8606
Valid Upto: 11/05/2024",college_id
News headline: Stock market income growth surges as tech university enrolments rise this semester,unknown
Text overlay from a cooking show: add a pinch of salt and stir the percentage of spices evenly,unknown
"Blank white image with faint watermark text, mostly illegible pixel noise qwpicture unreadable",unknown
Instagram post: Beautiful sunset at the beach today! #travel #vacation #blessed,unknown
"Meme template with bold white text on a grey background, no visible document content",unknown
"A screenshot of a to-do list app showing tasks: buy groceries, pay electricity bank of statement, call mom",unknown
"University of Toronto
Letter of Acceptance
Dear Applicant, we are pleased to offer you Conditional Offer of admission to MSc Renewable Energy, Faculty of Graduate Studies. Tuition fee: approx $40,000 per year. Commencement: September intake.",offer_letter
"Certified that the total annual income of Rahul Kumar and family is Rs. 275,000. Issued by Revenue Officer on 07/04/2022.",income_certificate
Settings > Notifications > Monthly income summary chart preview toggle dark mode,unknown
"Bank Statement
Canara Bank, Branch
A/c No: 9072410868142713
IFSC Code: TEFI0696431
Name: Rahul Kumar
Saving Bank Account",bank_passbook
"PASSBOOK
Bank of India
Account held by Sunita Munda. Account number 5947647996505205. IFSC OWPZ0873078.",bank_passbook
Random Wikipedia excerpt about the history of the university of Bologna founded in 1088,unknown
"GOVERNMENT OFFICE OF THE REVENUE OFFICER
This is to certify Priya Soren's gross income for the financial year is Rs 190,000. Annual income certificate issued as per revenue records.",income_certificate
"Spam text message: Congratulations! You have won a prize, click here to claim your offer letter now",unknown
"OFFER LETTER
Imperial College London, Canada
This is an Unconditional Offer for admission to Master of Public Policy. Please confirm acceptance and pay the tuition fee deposit to secure your seat.",offer_letter
"Certified that the total annual income of Deepak Toppo and family is Rs. 145,000. Issued by District Collector on 24/09/2023.",income_certificate
Random Wikipedia excerpt about the history of the university of Bologna founded in 1088,unknown
"COLLEGE ID
Library Card No: LIB9689
Identity Card issued to Rekha Minz, valid upto 09/03/2019.",college_id
Recipe: How to make butter chicken at home in under 30 minutes,unknown
"This is to certify that Anita Gond belongs to the Scheduled Tribe community. Category: Scheduled Tribe (ST). Issued by Sub-Divisional Magistrate, Udaipur, dated 13/08/2023.",caste_certificate
"AADHAAR CARD
Priya Soren
UIDAI
Enrolment No: 1686/15768/49703
1198 3178 4186",aadhaar
"Bank Statement
State Bank of India, Branch
A/c No: 8892209819393176
IFSC Code: NCBG0216478
Name: Priya Soren
Saving Bank Account",bank_passbook
Instagram post: Beautiful sunset at the beach today! #travel #vacation #blessed,unknown
"Bank Statement
Bank of India, Branch
A/c No: 416836286944976
IFSC Code: DQLU0936865
Name: Rahul Kumar
Saving Bank Account",bank_passbook
"Government of India
Unique Identification Authority of India
UIDAI
Aadhaar 9556 2255 3467
Mera Aadhaar, Meri Pehchaan
Name: Amit Oraon",aadhaar
"OFFER LETTER
Harvard University, Singapore
This is an Unconditional Offer for admission to PhD in Biotechnology. Please confirm acceptance and pay the tuition fee deposit to secure your seat.",offer_letter
"Admission Offer - Jadavpur University
Programme: PhD in Biotechnology
Country: Germany
We are delighted to extend this offer letter for the upcoming academic year.",offer_letter
"INCOME CERTIFICATE
Certificate No: CERT/AN/2023/2394
Date: 10/04/2024
This is to certify that the annual income of the family of Rahul Kumar is Rs. 240,000 (Rupees only) from all sources.
Family Income verified by District Collector.",income_certificate
"Canara Bank
SAVINGS BANK PASSBOOK
Account Number: 3993694045638804
IFSC: XEGJ0625814
Branch Code: 1026
Account Holder: Rekha Minz",bank_passbook
"This is to certify that Sunita Munda belongs to the Scheduled Tribe community. Category: Scheduled Tribe (ST). Issued by Sub-Divisional Magistrate, Simdega, dated 09/11/2021.",caste_certificate
Weather forecast for tomorrow: partly cloudy with a chance of rain in the afternoon,unknown
"OFFER LETTER
Anna University, Canada
This is an Unconditional Offer for admission to Master of Social Work. Please confirm acceptance and pay the tuition fee deposit to secure your seat.",offer_letter
"PASSBOOK
Canara Bank
Account held by Deepak Toppo. Account number 6888863715486362. IFSC AMKJ0673132.",bank_passbook
Weather forecast for tomorrow: partly cloudy with a chance of rain in the afternoon,unknown
Top 10 productivity apps every university student should try in 2025 - TechBlog,unknown
"TRIBE CERTIFICATE
Ref No: CERT/MA/2022/8639
Certified that Shri Priya Soren son/daughter of resident of Gumla, Odisha, belongs to Scheduled Tribe category as per the Constitution (Scheduled Tribes) Order.
Issued by: Sub-Divisional Magistrate, Gumla",caste_certificate
"INCOME CERTIFICATE
Certificate No: ST/MA/2024/9303
Date: 13/03/2025
This is to certify that the annual income of the family of Rahul Kumar is Rs. 120,000 (Rupees only) from all sources.
Family Income verified by District Collector.",income_certificate
"Meme template with bold white text on a grey background, no visible document content",unknown
Top 10 productivity apps every university student should try in 2026 - TechBlog,unknown
"Bank Statement
Union Bank of India, Branch
A/c No: 3667889367735360
IFSC Code: MOPB0500019
Name: Priya Soren
Saving Bank Account",bank_passbook
"GOVERNMENT OFFICE OF THE TAHSILDAR
This is to certify Rekha Minz's gross income for the financial year is Rs 190,000. Annual income certificate issued as per revenue records.",income_certificate
Product review: This laptop has great battery percentage remaining after 10 hours of use,unknown
"Government of India
Unique Identification Authority of India
UIDAI
Aadhaar 8411 3691 1440
Mera Aadhaar, Meri Pehchaan
Name: Sunita Munda",aadhaar
"This is to certify that Kavita Naik belongs to the Scheduled Tribe community. Category: Scheduled Tribe (ST). Issued by Sub-Divisional Magistrate, Bastar, dated 26/11/2021.",caste_certificate
"A screenshot of a to-do list app showing tasks: buy groceries, pay electricity bank of statement, call mom",unknown
Weather forecast for tomorrow: partly cloudy with a chance of rain in the afternoon,unknown
Instagram post: Beautiful sunset at the beach today! #travel #vacation #blessed,unknown
Random Wikipedia excerpt about the history of the university of Bologna founded in 1088,unknown
Screenshot of a WhatsApp group chat about weekend plans and cricket scores,unknown
"STATEMENT OF MARKS
Imperial College London
Controller of Examinations
Roll No: RU/2022/ST/940
Percentage: 80.94%
Year of Passing: 2020",marksheet
"GOVERNMENT OFFICE OF THE TAHSILDAR
This is to certify Priya Soren's gross income for the financial year is Rs 240,000. Annual income certificate issued as per revenue records.",income_certificate
News headline: Stock market income growth surges as tech university enrolments rise this semester,unknown
"Certified that the total annual income of Priya Soren and family is Rs. 85,000. Issued by District Collector on 13/04/2023.",income_certificate
"COLLEGE ID
Library Card No: LIB4585
Identity Card issued to Suresh Meena, valid upto 08/09/2024.",college_id
"COLLEGE ID
Library Card No: LIB3357
Identity Card issued to Priya Soren, valid upto 06/06/2024.",college_id
Marksheet issued by Jadavpur University. Total percentage: 77.55%. Registration No: 515287. Session 2024-2024.,marksheet
"STUDENT ID CARD
University of Melbourne
Name: Suresh Meena
Roll No: 3574
Valid Upto: 19/04/2020",college_id
"Government of India
Unique Identification Authority of India
UIDAI
Aadhaar 2386 8697 7181
Mera Aadhaar, Meri Pehchaan
Name: Vikram Bhil",aadhaar
"Admission Offer - Indian Institute of Technology Delhi
Programme: Master of Public Policy
Country: Singapore
We are delighted to extend this offer letter for the upcoming academic year.",offer_letter
"GOVERNMENT OFFICE OF THE TAHSILDAR
This is to certify Rekha Minz's gross income for the financial year is Rs 275,000. Annual income certificate issued as per revenue records.",income_certificate
"AADHAAR CARD
Sunita Munda
UIDAI
Enrolment No: 6283/31616/93498
2328 2353 4119",aadhaar
"PASSBOOK
Punjab National Bank
Account held by Anita Gond. Account number 5509447282620304. IFSC CSQI0621344.",bank_passbook
"Admission Offer - Jadavpur University
Programme: MSc Renewable Energy
Country: United Kingdom
We are delighted to extend this offer letter for the upcoming academic year.",offer_letter
Amazon order confirmation: Your package containing a bank statement organizer folder has shipped,unknown
"Government of India
Unique Identification Authority of India
UIDAI
Aadhaar 3394 5468 6243
Mera Aadhaar, Meri Pehchaan
Name: Kavita Naik",aadhaar
Error 404 - Page not found. Please check the URL and try again.,unknown
Text overlay from a cooking show: add a pinch of salt and stir the percentage of spices evenly,unknown
"STATEMENT OF MARKS
University of Melbourne
Controller of Examinations
Roll No: RU/2024/ST/284
Percentage: 76.57%
Year of Passing: 2023",marksheet
"STUDENT ID CARD
Jadavpur University
Name: Suresh Meena
Roll No: 7400
Valid Upto: 13/02/2019",college_id
"Certified that the total annual income of Priya Soren and family is Rs. 190,000. Issued by Revenue Officer on 10/02/2022.",income_certificate
"PASSBOOK
Canara Bank
Account held by Vikram Bhil. Account number 2676353542279422. IFSC IBUW0992865.",bank_passbook
"AADHAAR CARD
Rahul Kumar
UIDAI
Enrolment No: 7392/48223/92789
7387 3566 6811",aadhaar
Marksheet issued by Jadavpur University. Total percentage: 74.49%. Registration No: 629152. Session 2021-2023.,marksheet
"Government of India
Unique Identification Authority of India
UIDAI
Aadhaar 8423 3441 5803
Mera Aadhaar, Meri Pehchaan
Name: Amit Oraon",aadhaar
Top 10 productivity apps every university student should try in 2026 - TechBlog,unknown
"OFFER LETTER
Imperial College London, Germany
This is an Unconditional Offer for admission to PhD in Biotechnology. Please confirm acceptance and pay the tuition fee deposit to secure your seat.",offer_letter
Random forum post: does anyone know how to increase my monthly income working from home,unknown
Instagram post: Beautiful sunset at the beach today! #travel #vacation #blessed,unknown
"PASSBOOK
State Bank of India
Account held by Anita Gond. Account number 5038457460427182. IFSC EZNZ0915987.",bank_passbook
"STUDENT ID CARD
Imperial College London
Name: Sunita Munda
Roll No: 1229
Valid Upto: 27/03/2024",college_id
"STUDENT ID CARD
Imperial College London
Name: Priya Soren
Roll No: 2775
Valid Upto: 06/04/2021",college_id
"TRIBE CERTIFICATE
Ref No: ST/MA/2019/2641
Certified that Shri Vikram Bhil son/daughter of resident of Simdega, Odisha, belongs to Scheduled Tribe category as per the Constitution (Scheduled Tribes) Order.
Issued by: Sub-Divisional Magistrate, Simdega",caste_certificate
Google Maps screenshot showing directions to the nearest university campus food court,unknown
Settings > Notifications > Monthly income summary chart preview toggle dark mode,unknown
"Government of India
Unique Identification Authority of India
UIDAI
Aadhaar 1976 8516 9589
Mera Aadhaar, Meri Pehchaan
Name: Vikram Bhil",aadhaar
Error 404 - Page not found. Please check the URL and try again.,unknown
YouTube video thumbnail preview of a gaming livestream with subscriber count overlay,unknown
"GOVERNMENT OFFICE OF THE REVENUE OFFICER
This is to certify Amit Oraon's gross income for the financial year is Rs 240,000. Annual income certificate issued as per revenue records.",income_certificate
Top 10 productivity apps every university student should try in 2026 - TechBlog,unknown
"GRADE SHEET
University of Melbourne
CGPA: 6.02
Semester: 7
Marks obtained: 286/500",marksheet
"INCOME CERTIFICATE
Certificate No: CERT/TE/2025/5501
Date: 16/03/2025
This is to certify that the annual income of the family of Anita Gond is Rs. 145,000 (Rupees only) from all sources.
Family Income verified by District Collector.",income_certificate
"Bank Statement
Union Bank of India, Branch
A/c No: 5251120746586669
IFSC Code: SJZI0968100
Name: Priya Soren
Saving Bank Account",bank_passbook
"GOVERNMENT OF MAHARASHTRA
OFFICE OF THE TEHSILDAR, RANCHI
CASTE CERTIFICATE
Certificate Number: ST/CH/2024/2679
Date of Issue: 22/12/2023
This is to certify that Sunita Munda, residing at Ranchi, District Ranchi, Maharashtra belongs to a community recognized as a Scheduled Tribe (ST) under the Constitution (Scheduled Tribes) Order, 1950.
Issuing Authority: Tehsildar",caste_certificate
"Certified that the total annual income of Kavita Naik and family is Rs. 240,000. Issued by Tahsildar on 19/03/2020.",income_certificate
"GOVERNMENT OFFICE OF THE REVENUE OFFICER
This is to certify Deepak Toppo's gross income for the financial year is Rs 190,000. Annual income certificate issued as per revenue records.",income_certificate
Random forum post: does anyone know how to increase my monthly income working from home,unknown
"STUDENT ID CARD
University of Melbourne
Name: Rahul Kumar
Roll No: 9795
Valid Upto: 01/02/2022",college_id
"AADHAAR CARD
Suresh Meena
UIDAI
Enrolment No: 6857/96715/62822
1173 5918 6622",aadhaar
Amazon order confirmation: Your package containing a bank statement organizer folder has shipped,unknown
Weather forecast for tomorrow: partly cloudy with a chance of rain in the afternoon,unknown
"GOVERNMENT OF ANDHRA PRADESH
OFFICE OF THE TAHSILDAR, SIMDEGA
CASTE CERTIFICATE
Certificate Number: ST/OD/2024/1422
Date of Issue: 05/01/2021
This is to certify that Amit Oraon, residing at Simdega, District Simdega, Andhra Pradesh belongs to a community recognized as a Scheduled Tribe (ST) under the Constitution (Scheduled Tribes) Order, 1950.
Issuing Authority: Tahsildar",caste_certificate
Error 404 - Page not found. Please check the URL and try again.,unknown
YouTube video thumbnail preview of a gaming livestream with subscriber count overlay,unknown
Google Maps screenshot showing directions to the nearest university campus food court,unknown
Instagram post: Beautiful sunset at the beach today! #travel #vacation #blessed,unknown
"This is to certify that Priya Soren belongs to the Scheduled Tribe community. Category: Scheduled Tribe (ST). Issued by Sub-Divisional Magistrate, Koraput, dated 17/11/2021.",caste_certificate
"COLLEGE ID
Library Card No: LIB4612
Identity Card issued to Vikram Bhil, valid upto 09/01/2022.",college_id
Random forum post: does anyone know how to increase my monthly income working from home,unknown
Weather forecast for tomorrow: partly cloudy with a chance of rain in the afternoon,unknown
"This is to certify that Deepak Toppo belongs to the Scheduled Tribe community. Category: Scheduled Tribe (ST). Issued by Sub-Divisional Magistrate, Bastar, dated 25/06/2019.",caste_certificate
"Certified that the total annual income of Anita Gond and family is Rs. 85,000. Issued by Revenue Officer on 11/12/2024.",income_certificate
"COLLEGE ID
Library Card No: LIB6099
Identity Card issued to Rekha Minz, valid upto 03/02/2025.",college_id
"This is to certify that Priya Soren belongs to the Scheduled Tribe community. Category: Scheduled Tribe (ST). Issued by Sub-Divisional Magistrate, Koraput, dated 16/11/2023.",caste_certificate
"Government of India
Unique Identification Authority of India
UIDAI
Aadhaar 7541 8640 8621
Mera Aadhaar, Meri Pehchaan
Name: Anita Gond",aadhaar
News headline: Stock market income growth surges as tech university enrolments rise this semester,unknown
"Government of India
Unique Identification Authority of India
UIDAI
Aadhaar 6939 2857 2559
Mera Aadhaar, Meri Pehchaan
Name: Vikram Bhil",aadhaar
Marksheet issued by Anna University. Total percentage: 67.36%. Registration No: 597643. Session 2021-2021.,marksheet
"GOVERNMENT OF GUJARAT
OFFICE OF THE SUB-DIVISIONAL MAGISTRATE, KHUNTI
CASTE CERTIFICATE
Certificate Number: CERT/JH/2021/6060
Date of Issue: 06/04/2021
This is to certify that Deepak Toppo, residing at Khunti, District Khunti, Gujarat belongs to a community recognized as a Scheduled Tribe (ST) under the Constitution (Scheduled Tribes) Order, 1950.
Issuing Authority: Sub-Divisional Magistrate",caste_certificate
Product review: This laptop has great battery percentage remaining after 10 hours of use,unknown
"Spam text message: Congratulations! You have won a prize, click here to claim your offer letter now",unknown
"Admission Offer - Jadavpur University
Programme: PhD in Computer Science
Country: Canada
We are delighted to extend this offer letter for the upcoming academic year.",offer_letter
"GOVERNMENT OF MAHARASHTRA
OFFICE OF THE TEHSILDAR, DHAR
CASTE CERTIFICATE
Certificate Number: ST/RA/2025/3143
Date of Issue: 21/05/2020
This is to certify that Sunita Munda, residing at Dhar, District Dhar, Maharashtra belongs to a community recognized as a Scheduled Tribe (ST) under the Constitution (Scheduled Tribes) Order, 1950.
Issuing Authority: Tehsildar",caste_certificate
"Government of India
Unique Identification Authority of India
UIDAI
Aadhaar 6236 6758 1508
Mera Aadhaar, Meri Pehchaan
Name: Vikram Bhil",aadhaar
"STUDENT ID CARD
Imperial College London
Name: Sunita Munda
Roll No: 2368
Valid Upto: 15/01/2024",college_id
Marksheet issued by Jadavpur University. Total percentage: 85.25%. Registration No: 772528. Session 2024-2021.,marksheet
"Certified that the total annual income of Vikram Bhil and family is Rs. 275,000. Issued by District Collector on 19/10/2022.",income_certificate
"Government of India
Unique Identification Authority of India
UIDAI
Aadhaar 9919 1791 4254
Mera Aadhaar, Meri Pehchaan
Name: Priya Soren",aadhaar
Settings > Notifications > Monthly income summary chart preview toggle dark mode,unknown
"Blank white image with faint watermark text, mostly illegible pixel noise qwpicture unreadable",unknown
"OFFER LETTER
Indian Institute of Technology Delhi, United Kingdom
This is an Unconditional Offer for admission to MSc Renewable Energy. Please confirm acceptance and pay the tuition fee deposit to secure your seat.",offer_letter
"Bank Statement
Punjab National Bank, Branch
A/c No: 7405672723349164
IFSC Code: HPZC0662227
Name: Rekha Minz
Saving Bank Account",bank_passbook
"Certified that the total annual income of Priya Soren and family is Rs. 240,000. Issued by District Collector on 14/06/2024.",income_certificate
"This is to certify that Rahul Kumar belongs to the Scheduled Tribe community. Category: Scheduled Tribe (ST). Issued by Sub-Divisional Magistrate, Khunti, dated 01/09/2025.",caste_certificate
"Bank Statement
Punjab National Bank, Branch
A/c No: 814940196480737
IFSC Code: BXYX0761475
Name: Kavita Naik
Saving Bank Account",bank_passbook
"Certified that the total annual income of Rahul Kumar and family is Rs. 240,000. Issued by District Collector on 05/10/2023.",income_certificate
"Government of India
Unique Identification Authority of India
UIDAI
Aadhaar 1168 3103 1462
Mera Aadhaar, Meri Pehchaan
Name: Deepak Toppo",aadhaar
"Bank Statement
Bank of Baroda, Branch
A/c No: 4348658268400089
IFSC Code: WYNK0159399
Name: Deepak Toppo
Saving Bank Account",bank_passbook
"STUDENT ID CARD
Jadavpur University
Name: Deepak Toppo
Roll No: 6821
Valid Upto: 15/07/2024",college_id
"GRADE SHEET
Indian Institute of Technology Delhi
CGPA: 6.4
Semester: 3
Marks obtained: 304/500",marksheet
"Bank Statement
Canara Bank, Branch
A/c No: 2509481921853764
IFSC Code: MSHZ0475125
Name: Deepak Toppo
Saving Bank Account",bank_passbook
"AADHAAR CARD
Deepak Toppo
UIDAI
Enrolment No: 3095/88275/78664
1214 5004 7181",aadhaar
"AADHAAR CARD
Vikram Bhil
UIDAI
Enrolment No: 4240/89500/69419
5665 3668 3105",aadhaar
Error 404 - Page not found. Please check the URL and try again.,unknown
"COLLEGE ID
Library Card No: LIB7613
Identity Card issued to Rekha Minz, valid upto 08/12/2020.",college_id
"Admission Offer - Indian Institute of Technology Delhi
Programme: Master of Social Work
Country: Australia
We are delighted to extend this offer letter for the upcoming academic year.",offer_letter
"GRADE SHEET
National Institute of Technology
CGPA: 6.9
Semester: 7
Marks obtained: 327/500",marksheet
YouTube video thumbnail preview of a gaming livestream with subscriber count overlay,unknown
"GOVERNMENT OF JHARKHAND
OFFICE OF THE SUB-DIVISIONAL MAGISTRATE, DAHOD
CASTE CERTIFICATE
Certificate Number: ST/AN/2022/4611
Date of Issue: 15/10/2021
This is to certify that Deepak Toppo, residing at Dahod, District Dahod, Jharkhand belongs to a community recognized as a Scheduled Tribe (ST) under the Constitution (Scheduled Tribes) Order, 1950.
Issuing Authority: Sub-Divisional Magistrate",caste_certificate
Recipe: How to make butter chicken at home in under 30 minutes,unknown
Instagram post: Beautiful sunset at the beach today! #travel #vacation #blessed,unknown
"STATEMENT OF MARKS
University of Toronto
Controller of Examinations
Roll No: RU/2020/ST/603
Percentage: 62.3%
Year of Passing: 2021",marksheet
Screenshot of a WhatsApp group chat about weekend plans and cricket scores,unknown
"Government of India
Unique Identification Authority of India
UIDAI
Aadhaar 4486 3494 9785
Mera Aadhaar, Meri Pehchaan
Name: Rahul Kumar",aadhaar
"GOVERNMENT OF TELANGANA
OFFICE OF THE TEHSILDAR, KHUNTI
CASTE CERTIFICATE
Certificate Number: ST/AN/2023/4312
Date of Issue: 19/09/2020
This is to certify that Anita Gond, residing at Khunti, District Khunti, Telangana belongs to a community recognized as a Scheduled Tribe (ST) under the Constitution (Scheduled Tribes) Order, 1950.
Issuing Authority: Tehsildar",caste_certificate
"COLLEGE ID
Library Card No: LIB3725
Identity Card issued to Kavita Naik, valid upto 06/01/2020.",college_id
"TRIBE CERTIFICATE
Ref No: CERT/MA/2022/7981
Certified that Shri Sunita Munda son/daughter of resident of Dhar, Telangana, belongs to Scheduled Tribe category as per the Constitution (Scheduled Tribes) Order.
Issued by: Tehsildar, Dhar",caste_certificate
Google Maps screenshot showing directions to the nearest university campus food court,unknown
Amazon order confirmation: Your package containing a bank statement organizer folder has shipped,unknown
"GRADE SHEET
University of Toronto
CGPA: 9.43
Semester: 4
Marks obtained: 448/500",marksheet
Random Wikipedia excerpt about the history of the university of Bologna founded in 1088,unknown
"Blank white image with faint watermark text, mostly illegible pixel noise qwpicture unreadable",unknown
"INCOME CERTIFICATE
Certificate No: REF/GU/2022/9859
Date: 02/09/2021
This is to certify that the annual income of the family of Rekha Minz is Rs. 85,000 (Rupees only) from all sources.
Family Income verified by Tahsildar.",income_certificate
"GRADE SHEET
Imperial College London
CGPA: 5.94
Semester: 7
Marks obtained: 282/500",marksheet
"Bank Statement
State Bank of India, Branch
A/c No: 7699316041881136
IFSC Code: WTXP0260221
Name: Deepak Toppo
Saving Bank Account",bank_passbook
Google Maps screenshot showing directions to the nearest university campus food court,unknown
"OFFER LETTER
Anna University, Canada
This is an Unconditional Offer for admission to MSc Renewable Energy. Please confirm acceptance and pay the tuition fee deposit to secure your seat.",offer_letter
Marksheet issued by Oxford University. Total percentage: 83.05%. Registration No: 742818. Session 2019-2022.,marksheet
"Blank white image with faint watermark text, mostly illegible pixel noise qwpicture unreadable",unknown
"Spam text message: Congratulations! You have won a prize, click here to claim your offer letter now",unknown
"STATEMENT OF MARKS
Harvard University
Controller of Examinations
Roll No: RU/2021/ST/233
Percentage: 67.6%
Year of Passing: 2020",marksheet
"STATEMENT OF MARKS
Harvard University
Controller of Examinations
Roll No: RU/2024/ST/728
Percentage: 89.09%
Year of Passing: 2024",marksheet
"Blank white image with faint watermark text, mostly illegible pixel noise qwpicture unreadable",unknown
Amazon order confirmation: Your package containing a bank statement organizer folder has shipped,unknown
"PASSBOOK
Bank of Baroda
Account held by Deepak Toppo. Account number 6694733963664948. IFSC OEHR0941811.",bank_passbook
Marksheet issued by University of Toronto. Total percentage: 75.35%. Registration No: 910749. Session 2021-2022.,marksheet
"TRIBE CERTIFICATE
Ref No: ST/MA/2020/1652
Certified that Shri Suresh Meena son/daughter of resident of Bastar, Andhra Pradesh, belongs to Scheduled Tribe category as per the Constitution (Scheduled Tribes) Order.
Issued by: Sub-Divisional Magistrate, Bastar",caste_certificate
"GRADE SHEET
Anna University
CGPA: 7.19
Semester: 1
Marks obtained: 341/500",marksheet
Screenshot of a WhatsApp group chat about weekend plans and cricket scores,unknown
"Admission Offer - University of Melbourne
Programme: Master of Data Science
Country: Singapore
We are delighted to extend this offer letter for the upcoming academic year.",offer_letter
Marksheet issued by Oxford University. Total percentage: 71.25%. Registration No: 250331. Session 2022-2023.,marksheet
"INCOME CERTIFICATE
Certificate No: CERT/MA/2020/1645
Date: 18/08/2020
This is to certify that the annual income of the family of Priya Soren is Rs. 275,000 (Rupees only) from all sources.
Family Income verified by Revenue Officer.",income_certificate
"Bank Statement
Bank of India, Branch
A/c No: 8536501581248883
IFSC Code: AKDB0105874
Name: Vikram Bhil
Saving Bank Account",bank_passbook
"Bank Statement
State Bank of India, Branch
A/c No: 2059530468157665
IFSC Code: HAEM0771315
Name: Priya Soren
Saving Bank Account",bank_passbook
Weather forecast for tomorrow: partly cloudy with a chance of rain in the afternoon,unknown
Marksheet issued by Imperial College London. Total percentage: 92.86%. Registration No: 245766. Session 2022-2024.,marksheet
"Bank Statement
Bank of Baroda, Branch
A/c No: 1526890418199931
IFSC Code: DCLJ0712328
Name: Rahul Kumar
Saving Bank Account",bank_passbook
"STATEMENT OF MARKS
Anna University
Controller of Examinations
Roll No: RU/2023/ST/985
Percentage: 61.37%
Year of Passing: 2024",marksheet
"AADHAAR CARD
Deepak Toppo
UIDAI
Enrolment No: 8816/58342/28579
6165 7144 1417",aadhaar
"STUDENT ID CARD
Imperial College London
Name: Sunita Munda
Roll No: 6340
Valid Upto: 28/06/2019",college_id
"TRIBE CERTIFICATE
Ref No: CERT/MA/2025/2845
Certified that Shri Anita Gond son/daughter of resident of Koraput, West Bengal, belongs to Scheduled Tribe category as per the Constitution (Scheduled Tribes) Order.
Issued by: Sub-Divisional Magistrate, Koraput",caste_certificate
"OFFER LETTER
Jadavpur University, United Kingdom
This is an Unconditional Offer for admission to Master of Data Science. Please confirm acceptance and pay the tuition fee deposit to secure your seat.",offer_letter
"STUDENT ID CARD
Harvard University
Name: Rekha Minz
Roll No: 2533
Valid Upto: 01/03/2024",college_id
Weather forecast for tomorrow: partly cloudy with a chance of rain in the afternoon,unknown
Product review: This laptop has great battery percentage remaining after 10 hours of use,unknown
Top 10 productivity apps every university student should try in 2026 - TechBlog,unknown
"OFFER LETTER
University of Toronto, Singapore
This is an Unconditional Offer for admission to MSc Renewable Energy. Please confirm acceptance and pay the tuition fee deposit to secure your seat.",offer_letter
"Anna University
Letter of Acceptance
Dear Applicant, we are pleased to offer you Conditional Offer of admission to Master of Social Work, Faculty of Graduate Studies. Tuition fee: approx $40,000 per year. Commencement: September intake.",offer_letter
YouTube video thumbnail preview of a gaming livestream with subscriber count overlay,unknown
Top 10 productivity apps every university student should try in 2025 - TechBlog,unknown
"OFFER LETTER
Jadavpur University, Singapore
This is an Unconditional Offer for admission to Master of Social Work. Please confirm acceptance and pay the tuition fee deposit to secure your seat.",offer_letter
"STUDENT ID CARD
Indian Institute of Technology Delhi
Name: Rekha Minz
Roll No: 9645
Valid Upto: 17/03/2025",college_id
"STATEMENT OF MARKS
Anna University
Controller of Examinations
Roll No: RU/2023/ST/855
Percentage: 69.21%
Year of Passing: 2020",marksheet
"Meme template with bold white text on a grey background, no visible document content",unknown
"Spam text message: Congratulations! You have won a prize, click here to claim your offer letter now",unknown
"COLLEGE ID
Library Card No: LIB3558
Identity Card issued to Rahul Kumar, valid upto 05/08/2019.",college_id
Error 404 - Page not found. Please check the URL and try again.,unknown
"STATEMENT OF MARKS
University of Melbourne
Controller of Examinations
Roll No: RU/2023/ST/705
Percentage: 71.05%
Year of Passing: 2023",marksheet
"Admission Offer - Indian Institute of Technology Delhi
Programme: PhD in Biotechnology
Country: Canada
We are delighted to extend this offer letter for the upcoming academic year.",offer_letter
Text overlay from a cooking show: add a pinch of salt and stir the percentage of spices evenly,unknown
"GOVERNMENT OFFICE OF THE REVENUE OFFICER
This is to certify Sunita Munda's gross income for the financial year is Rs 190,000. Annual income certificate issued as per revenue records.",income_certificate
Random forum post: does anyone know how to increase my monthly income working from home,unknown
"Bank of India
SAVINGS BANK PASSBOOK
Account Number: 8841653717649441
IFSC: LTDK0793948
Branch Code: 8407
Account Holder: Vikram Bhil",bank_passbook
"TRIBE CERTIFICATE
Ref No: REF/MA/2024/8800
Certified that Shri Rekha Minz son/daughter of resident of Koraput, Andhra Pradesh, belongs to Scheduled Tribe category as per the Constitution (Scheduled Tribes) Order.
Issued by: Tehsildar, Koraput",caste_certificate
"OFFER LETTER
Imperial College London, United Kingdom
This is an Unconditional Offer for admission to PhD in Biotechnology. Please confirm acceptance and pay the tuition fee deposit to secure your seat.",offer_letter
"OFFER LETTER
Harvard University, Singapore
This is an Unconditional Offer for admission to Master of Public Policy. Please confirm acceptance and pay the tuition fee deposit to secure your seat.",offer_letter
Marksheet issued by Indian Institute of Technology Delhi. Total percentage: 80.03%. Registration No: 941289. Session 2019-2022.,marksheet
"OFFER LETTER
Indian Institute of Technology Delhi, United Kingdom
This is an Unconditional Offer for admission to PhD in Biotechnology. Please confirm acceptance and pay the tuition fee deposit to secure your seat.",offer_letter
"Bank Statement
Punjab National Bank, Branch
A/c No: 6300178275433468
IFSC Code: CNCC0313953
Name: Anita Gond
Saving Bank Account",bank_passbook
"Government of India
Unique Identification Authority of India
UIDAI
Aadhaar 9656 1055 3442
Mera Aadhaar, Meri Pehchaan
Name: Rahul Kumar",aadhaar
"STUDENT ID CARD
Anna University
Name: Rekha Minz
Roll No: 8933
Valid Upto: 06/01/2020",college_id
"Meme template with bold white text on a grey background, no visible document content",unknown
"COLLEGE ID
Library Card No: LIB3456
Identity Card issued to Rekha Minz, valid upto 19/07/2023.",college_id
"A screenshot of a to-do list app showing tasks: buy groceries, pay electricity bank of statement, call mom",unknown
"COLLEGE ID
Library Card No: LIB2209
Identity Card issued to Rahul Kumar, valid upto 21/07/2021.",college_id
"Admission Offer - Oxford University
Programme: PhD in Computer Science
Country: United Kingdom
We are delighted to extend this offer letter for the upcoming academic year.",offer_letter
"This is to certify that Sunita Munda belongs to the Scheduled Tribe community. Category: Scheduled Tribe (ST). Issued by Sub-Divisional Magistrate, Simdega, dated 25/02/2024.",caste_certificate
"Canara Bank
SAVINGS BANK PASSBOOK
Account Number: 137012566792618
IFSC: YUNG0790677
Branch Code: 5333
Account Holder: Vikram Bhil",bank_passbook
"GOVERNMENT OF ANDHRA PRADESH
OFFICE OF THE TAHSILDAR, GUMLA
CASTE CERTIFICATE
Certificate Number: REF/WE/2024/8242
Date of Issue: 25/01/2020
This is to certify that Rahul Kumar, residing at Gumla, District Gumla, Andhra Pradesh belongs to a community recognized as a Scheduled Tribe (ST) under the Constitution (Scheduled Tribes) Order, 1950.
Issuing Authority: Tahsildar",caste_certificate
Marksheet issued by National Institute of Technology. Total percentage: 78.82%. Registration No: 827968. Session 2019-2022.,marksheet
"COLLEGE ID
Library Card No: LIB3412
Identity Card issued to Sunita Munda, valid upto 06/01/2020.",college_id
"Bank Statement
Bank of India, Branch
A/c No: 7567072246062918
IFSC Code: XBGA0886363
Name: Sunita Munda
Saving Bank Account",bank_passbook
Amazon order confirmation: Your package containing a bank statement organizer folder has shipped,unknown
"State Bank of India
SAVINGS BANK PASSBOOK
Account Number: 4473755877400691
IFSC: UGYP0930892
Branch Code: 1153
Account Holder: Sunita Munda",bank_passbook
"GRADE SHEET
Oxford University
CGPA: 7.4
Semester: 2
Marks obtained: 351/500",marksheet
"STUDENT ID CARD
Indian Institute of Technology Delhi
Name: Rekha Minz
Roll No: 9670
Valid Upto: 16/11/2020",college_id
"STATEMENT OF MARKS
National Institute of Technology
Controller of Examinations
Roll No: RU/2024/ST/899
Percentage: 69.44%
Year of Passing: 2024",marksheet
"AADHAAR CARD
Anita Gond
UIDAI
Enrolment No: 9336/49396/75388
7630 1840 5920",aadhaar
Recipe: How to make butter chicken at home in under 30 minutes,unknown
News headline: Stock market income growth surges as tech university enrolments rise this semester,unknown
Marksheet issued by Oxford University. Total percentage: 57.91%. Registration No: 539422. Session 2020-2025.,marksheet
Error 404 - Page not found. Please check the URL and try again.,unknown
"GRADE SHEET
University of Toronto
CGPA: 9.61
Semester: 3
Marks obtained: 456/500",marksheet
"Imperial College London
Letter of Acceptance
Dear Applicant, we are pleased to offer you Conditional Offer of admission to Master of Data Science, Faculty of Graduate Studies. Tuition fee: approx $40,000 per year. Commencement: September intake.",offer_letter
"PASSBOOK
Punjab National Bank
Account held by Vikram Bhil. Account number 2224272207557275. IFSC SPRF0249326.",bank_passbook
Google Maps screenshot showing directions to the nearest university campus food court,unknown
"Canara Bank
SAVINGS BANK PASSBOOK
Account Number: 124006005805801
IFSC: TRKN0593050
Branch Code: 7313
Account Holder: Sunita Munda",bank_passbook
"Group photo caption: Our college id trip to the mountains was unforgettable, best semester ever",unknown
"A screenshot of a to-do list app showing tasks: buy groceries, pay electricity bank of statement, call mom",unknown
Top 10 productivity apps every university student should try in 2025 - TechBlog,unknown
"Canara Bank
SAVINGS BANK PASSBOOK
Account Number: 1824943291500458
IFSC: FVRM0279337
Branch Code: 4335
Account Holder: Anita Gond",bank_passbook
"INCOME CERTIFICATE
Certificate No: CERT/WE/2025/6950
Date: 24/10/2023
This is to certify that the annual income of the family of Rekha Minz is Rs. 190,000 (Rupees only) from all sources.
Family Income verified by District Collector.",income_certificate
"Group photo caption: Our college id trip to the mountains was unforgettable, best semester ever",unknown
Random Wikipedia excerpt about the history of the university of Bologna founded in 1088,unknown
"A screenshot of a to-do list app showing tasks: buy groceries, pay electricity bank of statement, call mom",unknown
"Anna University
Letter of Acceptance
Dear Applicant, we are pleased to offer you Conditional Offer of admission to MSc Renewable Energy, Faculty of Graduate Studies. Tuition fee: approx $40,000 per year. Commencement: September intake.",offer_letter
"Certified that the total annual income of Vikram Bhil and family is Rs. 120,000. Issued by Tahsildar on 06/01/2019.",income_certificate
"STUDENT ID CARD
Oxford University
Name: Rekha Minz
Roll No: 8308
Valid Upto: 26/01/2019",college_id
"OFFER LETTER
University of Toronto, Singapore
This is an Unconditional Offer for admission to Master of Data Science. Please confirm acceptance and pay the tuition fee deposit to secure your seat.",offer_letter
"Blank white image with faint watermark text, mostly illegible pixel noise qwpicture unreadable",unknown
"Government of India
Unique Identification Authority of India
UIDAI
Aadhaar 1686 1645 8696
Mera Aadhaar, Meri Pehchaan
Name: Rahul Kumar",aadhaar
"State Bank of India
SAVINGS BANK PASSBOOK
Account Number: 6881169038915716
IFSC: YGQP0316173
Branch Code: 8244
Account Holder: Priya Soren",bank_passbook
"STUDENT ID CARD
University of Melbourne
Name: Sunita Munda
Roll No: 9432
Valid Upto: 03/12/2025",college_id
"AADHAAR CARD
Priya Soren
UIDAI
Enrolment No: 7640/66374/40816
5693 4985 3701",aadhaar
Settings > Notifications > Monthly income summary chart preview toggle dark mode,unknown
"COLLEGE ID
Library Card No: LIB2277
Identity Card issued to Rekha Minz, valid upto 03/12/2024.",college_id
"GOVERNMENT OF GUJARAT
OFFICE OF THE TAHSILDAR, NASHIK
CASTE CERTIFICATE
Certificate Number: REF/OD/2021/7992
Date of Issue: 11/11/2021
This is to certify that Anita Gond, residing at Nashik, District Nashik, Gujarat belongs to a community recognized as a Scheduled Tribe (ST) under the Constitution (Scheduled Tribes) Order, 1950.
Issuing Authority: Tahsildar",caste_certificate
"AADHAAR CARD
Deepak Toppo
UIDAI
Enrolment No: 6020/48489/95654
7571 7848 4852",aadhaar
"OFFER LETTER
Oxford University, Germany
This is an Unconditional Offer for admission to PhD in Computer Science. Please confirm acceptance and pay the tuition fee deposit to secure your seat.",offer_letter
"GOVERNMENT OFFICE OF THE DISTRICT COLLECTOR
This is to certify Rekha Minz's gross income for the financial year is Rs 190,000. Annual income certificate issued as per revenue records.",income_certificate
"AADHAAR CARD
Anita Gond
UIDAI
Enrolment No: 7606/70768/70868
8408 3501 3327",aadhaar
"STUDENT ID CARD
Imperial College London
Name: Rahul Kumar
Roll No: 4172
Valid Upto: 23/06/2021",college_id
"AADHAAR CARD
Kavita Naik
UIDAI
Enrolment No: 5539/80919/31893
1104 9020 4544",aadhaar
"GRADE SHEET
Indian Institute of Technology Delhi
CGPA: 10.08
Semester: 3
Marks obtained: 478/500",marksheet
"Bank of India
SAVINGS BANK PASSBOOK
Account Number: 1032550823783396
IFSC: GVOB0460517
Branch Code: 4201
Account Holder: Priya Soren",bank_passbook
"Certified that the total annual income of Priya Soren and family is Rs. 275,000. Issued by Tahsildar on 13/11/2020.",income_certificate
"INCOME CERTIFICATE
Certificate No: REF/OD/2020/2343
Date: 27/05/2025
This is to certify that the annual income of the family of Anita Gond is Rs. 190,000 (Rupees only) from all sources.
Family Income verified by Revenue Officer.",income_certificate
"Spam text message: Congratulations! You have won a prize, click here to claim your offer letter now",unknown
Error 404 - Page not found. Please check the URL and try again.,unknown
"This is to certify that Amit Oraon belongs to the Scheduled Tribe community. Category: Scheduled Tribe (ST). Issued by Sub-Divisional Magistrate, Bastar, dated 22/12/2025.",caste_certificate
Product review: This laptop has great battery percentage remaining after 10 hours of use,unknown
"STATEMENT OF MARKS
University of Melbourne
Controller of Examinations
Roll No: RU/2021/ST/695
Percentage: 89.66%
Year of Passing: 2020",marksheet
"GOVERNMENT OF MADHYA PRADESH
OFFICE OF THE SUB-DIVISIONAL MAGISTRATE, DAHOD
CASTE CERTIFICATE
Certificate Number: ST/TE/2022/3793
Date of Issue: 17/11/2024
This is to certify that Rekha Minz, residing at Dahod, District Dahod, Madhya Pradesh belongs to a community recognized as a Scheduled Tribe (ST) under the Constitution (Scheduled Tribes) Order, 1950.
Issuing Authority: Sub-Divisional Magistrate",caste_certificate
Recipe: How to make butter chicken at home in under 30 minutes,unknown
"Certified that the total annual income of Kavita Naik and family is Rs. 145,000. Issued by District Collector on 24/08/2021.",income_certificate
"Punjab National Bank
SAVINGS BANK PASSBOOK
Account Number: 7352362543609790
IFSC: XJYH0132670
Branch Code: 3626
Account Holder: Anita Gond",bank_passbook
Random forum post: does anyone know how to increase my monthly income working from home,unknown
"Meme template with bold white text on a grey background, no visible document content",unknown
"Admission Offer - National Institute of Technology
Programme: Master of Social Work
Country: Germany
We are delighted to extend this offer letter for the upcoming academic year.",offer_letter
Product review: This laptop has great battery percentage remaining after 10 hours of use,unknown
"Anna University
Letter of Acceptance
Dear Applicant, we are pleased to offer you Conditional Offer of admission to Master of Data Science, Faculty of Graduate Studies. Tuition fee: approx $40,000 per year. Commencement: September intake.",offer_letter
"PASSBOOK
Union Bank of India
Account held by Amit Oraon. Account number 893159856542499. IFSC GREN0561697.",bank_passbook
Top 10 productivity apps every university student should try in 2026 - TechBlog,unknown
"Meme template with bold white text on a grey background, no visible document content",unknown
"INCOME CERTIFICATE
Certificate No: ST/JH/2023/9267
Date: 06/02/2021
This is to certify that the annual income of the family of Priya Soren is Rs. 120,000 (Rupees only) from all sources.
Family Income verified by District Collector.",income_certificate
"AADHAAR CARD
Anita Gond
UIDAI
Enrolment No: 9728/77763/90788
2031 5122 5394",aadhaar
Instagram post: Beautiful sunset at the beach today! #travel #vacation #blessed,unknown
"AADHAAR CARD
Amit Oraon
UIDAI
Enrolment No: 3483/23402/78521
3676 4850 2505",aadhaar
"STATEMENT OF MARKS
Indian Institute of Technology Delhi
Controller of Examinations
Roll No: RU/2020/ST/192
Percentage: 68.42%
Year of Passing: 2021",marksheet
"Government of India
Unique Identification Authority of India
UIDAI
Aadhaar 9934 5100 1298
Mera Aadhaar, Meri Pehchaan
Name: Rekha Minz",aadhaar
"A screenshot of a to-do list app showing tasks: buy groceries, pay electricity bank of statement, call mom",unknown
"TRIBE CERTIFICATE
Ref No: ST/MA/2021/4290
Certified that Shri Rahul Kumar son/daughter of resident of Dhar, Rajasthan, belongs to Scheduled Tribe category as per the Constitution (Scheduled Tribes) Order.
Issued by: Sub-Divisional Magistrate, Dhar",caste_certificate
"AADHAAR CARD
Suresh Meena
UIDAI
Enrolment No: 7440/10428/18722
4095 5174 9110",aadhaar
Recipe: How to make butter chicken at home in under 30 minutes,unknown
Random Wikipedia excerpt about the history of the university of Bologna founded in 1088,unknown
Text overlay from a cooking show: add a pinch of salt and stir the percentage of spices evenly,unknown
News headline: Stock market income growth surges as tech university enrolments rise this semester,unknown
"Government of India
Unique Identification Authority of India
UIDAI
Aadhaar 1662 3706 6075
Mera Aadhaar, Meri Pehchaan
Name: Anita Gond",aadhaar
"STATEMENT OF MARKS
Jadavpur University
Controller of Examinations
Roll No: RU/2024/ST/252
Percentage: 73.79%
Year of Passing: 2024",marksheet
"Admission Offer - Oxford University
Programme: PhD in Computer Science
Country: United States
We are delighted to extend this offer letter for the upcoming academic year.",offer_letter
Recipe: How to make butter chicken at home in under 30 minutes,unknown
"Certified that the total annual income of Suresh Meena and family is Rs. 85,000. Issued by Tahsildar on 25/04/2024.",income_certificate
"GOVERNMENT OF RAJASTHAN
OFFICE OF THE TEHSILDAR, RANCHI
CASTE CERTIFICATE
Certificate Number: REF/GU/2025/6038
Date of Issue: 04/04/2023
This is to certify that Anita Gond, residing at Ranchi, District Ranchi, Rajasthan belongs to a community recognized as a Scheduled Tribe (ST) under the Constitution (Scheduled Tribes) Order, 1950.
Issuing Authority: Tehsildar",caste_certificate
"TRIBE CERTIFICATE
Ref No: REF/RA/2019/2889
Certified that Shri Priya Soren son/daughter of resident of Dhar, Rajasthan, belongs to Scheduled Tribe category as per the Constitution (Scheduled Tribes) Order.
Issued by: Tahsildar, Dhar",caste_certificate
Random forum post: does anyone know how to increase my monthly income working from home,unknown
YouTube video thumbnail preview of a gaming livestream with subscriber count overlay,unknown
"Bank Statement
Punjab National Bank, Branch
A/c No: 8796571177966036
IFSC Code: WMBA0813080
Name: Vikram Bhil
Saving Bank Account",bank_passbook
"STUDENT ID CARD
Harvard University
Name: Sunita Munda
Roll No: 3832
Valid Upto: 19/10/2021",college_id
"PASSBOOK
Canara Bank
Account held by Sunita Munda. Account number 8392515034014608. IFSC MNVC0289030.",bank_passbook
Instagram post: Beautiful sunset at the beach today! #travel #vacation #blessed,unknown
Random forum post: does anyone know how to increase my monthly income working from home,unknown
"COLLEGE ID
Library Card No: LIB7523
Identity Card issued to Amit Oraon, valid upto 10/11/2019.",college_id
"Bank Statement
Punjab National Bank, Branch
A/c No: 9813060771038114
IFSC Code: CLPA0403986
Name: Suresh Meena
Saving Bank Account",bank_passbook
Marksheet issued by Anna University. Total percentage: 82.08%. Registration No: 906731. Session 2022-2025.,marksheet
Product review: This laptop has great battery percentage remaining after 10 hours of use,unknown
"GOVERNMENT OFFICE OF THE TAHSILDAR
This is to certify Amit Oraon's gross income for the financial year is Rs 145,000. Annual income certificate issued as per revenue records.",income_certificate
"COLLEGE ID
Library Card No: LIB8125
Identity Card issued to Suresh Meena, valid upto 16/07/2019.",college_id
"Spam text message: Congratulations! You have won a prize, click here to claim your offer letter now",unknown
"Certified that the total annual income of Amit Oraon and family is Rs. 190,000. Issued by Revenue Officer on 11/01/2024.",income_certificate
"GOVERNMENT OF MADHYA PRADESH
OFFICE OF THE TAHSILDAR, RANCHI
CASTE CERTIFICATE
Certificate Number: REF/TE/2022/2029
Date of Issue: 04/08/2023
This is to certify that Sunita Munda, residing at Ranchi, District Ranchi, Madhya Pradesh belongs to a community recognized as a Scheduled Tribe (ST) under the Constitution (Scheduled Tribes) Order, 1950.
Issuing Authority: Tahsildar",caste_certificate
Screenshot of a WhatsApp group chat about weekend plans and cricket scores,unknown
"A screenshot of a to-do list app showing tasks: buy groceries, pay electricity bank of statement, call mom",unknown
Marksheet issued by Oxford University. Total percentage: 64.55%. Registration No: 901968. Session 2024-2024.,marksheet
"Government of India
Unique Identification Authority of India
UIDAI
Aadhaar 2561 8564 9203
Mera Aadhaar, Meri Pehchaan
Name: Suresh Meena",aadhaar
"GOVERNMENT OFFICE OF THE DISTRICT COLLECTOR
This is to certify Anita Gond's gross income for the financial year is Rs 120,000. Annual income certificate issued as per revenue records.",income_certificate
"TRIBE CERTIFICATE
Ref No: CERT/OD/2019/4846
Certified that Shri Priya Soren son/daughter of resident of Khunti, West Bengal, belongs to Scheduled Tribe category as per the Constitution (Scheduled Tribes) Order.
Issued by: Sub-Divisional Magistrate, Khunti",caste_certificate
"STUDENT ID CARD
University of Melbourne
Name: Sunita Munda
Roll No: 1722
Valid Upto: 18/01/2025",college_id
"STUDENT ID CARD
National Institute of Technology
Name: Priya Soren
Roll No: 7250
Valid Upto: 23/01/2021",college_id
"Government of India
Unique Identification Authority of India
UIDAI
Aadhaar 1729 5661 6449
Mera Aadhaar, Meri Pehchaan
Name: Rahul Kumar",aadhaar
"GOVERNMENT OFFICE OF THE DISTRICT COLLECTOR
This is to certify Amit Oraon's gross income for the financial year is Rs 275,000. Annual income certificate issued as per revenue records.",income_certificate
"AADHAAR CARD
Suresh Meena
UIDAI
Enrolment No: 5005/28653/12146
4720 8193 5143",aadhaar
"AADHAAR CARD
Suresh Meena
UIDAI
Enrolment No: 4589/85631/56023
7684 2743 4699",aadhaar
Error 404 - Page not found. Please check the URL and try again.,unknown
"Bank Statement
Punjab National Bank, Branch
A/c No: 879674273310085
IFSC Code: JMTL0883149
Name: Amit Oraon
Saving Bank Account",bank_passbook
"STUDENT ID CARD
Oxford University
Name: Vikram Bhil
Roll No: 7634
Valid Upto: 19/03/2024",college_id
Google Maps screenshot showing directions to the nearest university campus food court,unknown
"AADHAAR CARD
Sunita Munda
UIDAI
Enrolment No: 6296/72482/89667
5740 3317 4852",aadhaar
YouTube video thumbnail preview of a gaming livestream with subscriber count overlay,unknown
YouTube video thumbnail preview of a gaming livestream with subscriber count overlay,unknown
Screenshot of a WhatsApp group chat about weekend plans and cricket scores,unknown
"AADHAAR CARD
Kavita Naik
UIDAI
Enrolment No: 8594/96288/62099
6301 8366 3177",aadhaar
"Government of India
Unique Identification Authority of India
UIDAI
Aadhaar 8842 6757 1488
Mera Aadhaar, Meri Pehchaan
Name: Anita Gond",aadhaar
"OFFER LETTER
Indian Institute of Technology Delhi, United Kingdom
This is an Unconditional Offer for admission to Master of Data Science. Please confirm acceptance and pay the tuition fee deposit to secure your seat.",offer_letter
"AADHAAR CARD
Rekha Minz
UIDAI
Enrolment No: 3244/40317/63835
1718 4358 8652",aadhaar
Screenshot of a WhatsApp group chat about weekend plans and cricket scores,unknown
"Bank of India
SAVINGS BANK PASSBOOK
Account Number: 9514396111158103
IFSC: MVOM0469209
Branch Code: 6840
Account Holder: Rekha Minz",bank_passbook
"Certified that the total annual income of Deepak Toppo and family is Rs. 145,000. Issued by Revenue Officer on 23/08/2022.",income_certificate
"GOVERNMENT OF GUJARAT
OFFICE OF THE SUB-DIVISIONAL MAGISTRATE, BASTAR
CASTE CERTIFICATE
Certificate Number: REF/OD/2021/8167
Date of Issue: 24/04/2019
This is to certify that Deepak Toppo, residing at Bastar, District Bastar, Gujarat belongs to a community recognized as a Scheduled Tribe (ST) under the Constitution (Scheduled Tribes) Order, 1950.
Issuing Authority: Sub-Divisional Magistrate",caste_certificate
News headline: Stock market income growth surges as tech university enrolments rise this semester,unknown
"Bank Statement
Bank of Baroda, Branch
A/c No: 5430924604083532
IFSC Code: SZFS0145939
Name: Amit Oraon
Saving Bank Account",bank_passbook
"Admission Offer - Indian Institute of Technology Delhi
Programme: PhD in Computer Science
Country: United States
We are delighted to extend this offer letter for the upcoming academic year.",offer_letter
Error 404 - Page not found. Please check the URL and try again.,unknown
Error 404 - Page not found. Please check the URL and try again.,unknown
Instagram post: Beautiful sunset at the beach today! #travel #vacation #blessed,unknown
"AADHAAR CARD
Rekha Minz
UIDAI
Enrolment No: 4222/67008/15167
8453 9964 5754",aadhaar
"COLLEGE ID
Library Card No: LIB4638
Identity Card issued to Suresh Meena, valid upto 15/11/2025.",college_id
"GRADE SHEET
Indian Institute of Technology Delhi
CGPA: 7.44
Semester: 8
Marks obtained: 353/500",marksheet
Weather forecast for tomorrow: partly cloudy with a chance of rain in the afternoon,unknown
"STATEMENT OF MARKS
Imperial College London
Controller of Examinations
Roll No: RU/2024/ST/341
Percentage: 65.51%
Year of Passing: 2023",marksheet
"Bank Statement
Union Bank of India, Branch
A/c No: 1542003353460087
IFSC Code: HYLE0920411
Name: Suresh Meena
Saving Bank Account",bank_passbook
"Bank Statement
Punjab National Bank, Branch
A/c No: 315601693202853
IFSC Code: LHAC0867457
Name: Rahul Kumar
Saving Bank Account",bank_passbook
"A screenshot of a to-do list app showing tasks: buy groceries, pay electricity bank of statement, call mom",unknown
News headline: Stock market income growth surges as tech university enrolments rise this semester,unknown
"Government of India
Unique Identification Authority of India
UIDAI
Aadhaar 5409 7006 5257
Mera Aadhaar, Meri Pehchaan
Name: Kavita Naik",aadhaar
"OFFER LETTER
University of Toronto, Singapore
This is an Unconditional Offer for admission to Master of Social Work. Please confirm acceptance and pay the tuition fee deposit to secure your seat.",offer_letter
"COLLEGE ID
Library Card No: LIB9135
Identity Card issued to Rahul Kumar, valid upto 25/02/2020.",college_id
"Admission Offer - Indian Institute of Technology Delhi
Programme: MSc Renewable Energy
Country: United Kingdom
We are delighted to extend this offer letter for the upcoming academic year.",offer_letter
"COLLEGE ID
Library Card No: LIB3598
Identity Card issued to Rahul Kumar, valid upto 08/12/2024.",college_id
"Spam text message: Congratulations! You have won a prize, click here to claim your offer letter now",unknown
"This is to certify that Deepak Toppo belongs to the Scheduled Tribe community. Category: Scheduled Tribe (ST). Issued by Sub-Divisional Magistrate, Koraput, dated 17/02/2025.",caste_certificate
"INCOME CERTIFICATE
Certificate No: REF/OD/2024/9524
Date: 09/10/2023
This is to certify that the annual income of the family of Rahul Kumar is Rs. 190,000 (Rupees only) from all sources.
Family Income verified by Revenue Officer.",income_certificate
"AADHAAR CARD
Priya Soren
UIDAI
Enrolment No: 9537/58662/13164
8345 7609 6472",aadhaar
"This is to certify that Rahul Kumar belongs to the Scheduled Tribe community. Category: Scheduled Tribe (ST). Issued by Sub-Divisional Magistrate, Koraput, dated 16/09/2024.",caste_certificate
"GOVERNMENT OF MADHYA PRADESH
OFFICE OF THE TAHSILDAR, GUMLA
CASTE CERTIFICATE
Certificate Number: REF/OD/2024/1519
Date of Issue: 03/07/2022
This is to certify that Rekha Minz, residing at Gumla, District Gumla, Madhya Pradesh belongs to a community recognized as a Scheduled Tribe (ST) under the Constitution (Scheduled Tribes) Order, 1950.
Issuing Authority: Tahsildar",caste_certificate
Recipe: How to make butter chicken at home in under 30 minutes,unknown
"A screenshot of a to-do list app showing tasks: buy groceries, pay electricity bank of statement, call mom",unknown
"COLLEGE ID
Library Card No: LIB9519
Identity Card issued to Rekha Minz, valid upto 08/06/2024.",college_id
"A screenshot of a to-do list app showing tasks: buy groceries, pay electricity bank of statement, call mom",unknown
Google Maps screenshot showing directions to the nearest university campus food court,unknown
"Bank Statement
Canara Bank, Branch
A/c No: 2004412339164833
IFSC Code: EWAT0627743
Name: Amit Oraon
Saving Bank Account",bank_passbook
Top 10 productivity apps every university student should try in 2027 - TechBlog,unknown
"This is to certify that Deepak Toppo belongs to the Scheduled Tribe community. Category: Scheduled Tribe (ST). Issued by Sub-Divisional Magistrate, Udaipur, dated 01/06/2023.",caste_certificate
Settings > Notifications > Monthly income summary chart preview toggle dark mode,unknown
News headline: Stock market income growth surges as tech university enrolments rise this semester,unknown
Settings > Notifications > Monthly income summary chart preview toggle dark mode,unknown
Error 404 - Page not found. Please check the URL and try again.,unknown
"STATEMENT OF MARKS
Anna University
Controller of Examinations
Roll No: RU/2021/ST/725
Percentage: 71.89%
Year of Passing: 2020",marksheet
"PASSBOOK
State Bank of India
Account held by Suresh Meena. Account number 8122316748907918. IFSC VEAE0694850.",bank_passbook
"TRIBE CERTIFICATE
Ref No: REF/MA/2021/2996
Certified that Shri Vikram Bhil son/daughter of resident of Gumla, Maharashtra, belongs to Scheduled Tribe category as per the Constitution (Scheduled Tribes) Order.
Issued by: Tahsildar, Gumla",caste_certificate
"Government of India
Unique Identification Authority of India
UIDAI
Aadhaar 2067 7513 7183
Mera Aadhaar, Meri Pehchaan
Name: Rahul Kumar",aadhaar
"Blank white image with faint watermark text, mostly illegible pixel noise qwpicture unreadable",unknown
Amazon order confirmation: Your package containing a bank statement organizer folder has shipped,unknown
"This is to certify that Anita Gond belongs to the Scheduled Tribe community. Category: Scheduled Tribe (ST). Issued by Sub-Divisional Magistrate, Gumla, dated 16/01/2020.",caste_certificate
Random forum post: does anyone know how to increase my monthly income working from home,unknown
"A screenshot of a to-do list app showing tasks: buy groceries, pay electricity bank of statement, call mom",unknown
Product review: This laptop has great battery percentage remaining after 10 hours of use,unknown
"STUDENT ID CARD
University of Melbourne
Name: Rahul Kumar
Roll No: 4161
Valid Upto: 28/01/2023",college_id
"This is to certify that Sunita Munda belongs to the Scheduled Tribe community. Category: Scheduled Tribe (ST). Issued by Sub-Divisional Magistrate, Bastar, dated 23/03/2025.",caste_certificate
"GOVERNMENT OFFICE OF THE TAHSILDAR
This is to certify Vikram Bhil's gross income for the financial year is Rs 275,000. Annual income certificate issued as per revenue records.",income_certificate
"Bank Statement
Canara Bank, Branch
A/c No: 9140955551282696
IFSC Code: CSIS0356822
Name: Suresh Meena
Saving Bank Account",bank_passbook
"University of Melbourne
Letter of Acceptance
Dear Applicant, we are pleased to offer you Conditional Offer of admission to PhD in Computer Science, Faculty of Graduate Studies. Tuition fee: approx $40,000 per year. Commencement: September intake.",offer_letter
"AADHAAR CARD
Vikram Bhil
UIDAI
Enrolment No: 7075/78423/43398
2619 5453 9462",aadhaar
"Admission Offer - Indian Institute of Technology Delhi
Programme: Master of Social Work
Country: Canada
We are delighted to extend this offer letter for the upcoming academic year.",offer_letter
YouTube video thumbnail preview of a gaming livestream with subscriber count overlay,unknown
Screenshot of a WhatsApp group chat about weekend plans and cricket scores,unknown
"OFFER LETTER
Imperial College London, United States
This is an Unconditional Offer for admission to Master of Social Work. Please confirm acceptance and pay the tuition fee deposit to secure your seat.",offer_letter
"OFFER LETTER
Oxford University, Australia
This is an Unconditional Offer for admission to Master of Public Policy. Please confirm acceptance and pay the tuition fee deposit to secure your seat.",offer_letter
YouTube video thumbnail preview of a gaming livestream with subscriber count overlay,unknown
Top 10 productivity apps every university student should try in 2025 - TechBlog,unknown
Text overlay from a cooking show: add a pinch of salt and stir the percentage of spices evenly,unknown
"Bank of India
SAVINGS BANK PASSBOOK
Account Number: 7019974316205925
IFSC: WAZS0438974
Branch Code: 1743
Account Holder: Amit Oraon",bank_passbook
"STUDENT ID CARD
University of Toronto
Name: Anita Gond
Roll No: 8964
Valid Upto: 27/01/2021",college_id
Top 10 productivity apps every university student should try in 2027 - TechBlog,unknown
"Canara Bank
SAVINGS BANK PASSBOOK
Account Number: 7900891480066744
IFSC: ESHU0343545
Branch Code: 5871
Account Holder: Kavita Naik",bank_passbook
"OFFER LETTER
University of Toronto, Germany
This is an Unconditional Offer for admission to MSc Renewable Energy. Please confirm acceptance and pay the tuition fee deposit to secure your seat.",offer_letter
"COLLEGE ID
Library Card No: LIB4640
Identity Card issued to Priya Soren, valid upto 18/10/2019.",college_id
"STATEMENT OF MARKS
Harvard University
Controller of Examinations
Roll No: RU/2020/ST/257
Percentage: 56.1%
Year of Passing: 2022",marksheet
"Spam text message: Congratulations! You have won a prize, click here to claim your offer letter now",unknown
Random forum post: does anyone know how to increase my monthly income working from home,unknown
Top 10 productivity apps every university student should try in 2025 - TechBlog,unknown
"STUDENT ID CARD
Harvard University
Name: Suresh Meena
Roll No: 8329
Valid Upto: 28/06/2019",college_id
"State Bank of India
SAVINGS BANK PASSBOOK
Account Number: 4036332012953973
IFSC: PAUL0599967
Branch Code: 2785
Account Holder: Vikram Bhil",bank_passbook
Recipe: How to make butter chicken at home in under 30 minutes,unknown
"GRADE SHEET
Imperial College London
CGPA: 6.97
Semester: 3
Marks obtained: 330/500",marksheet
"GOVERNMENT OF MAHARASHTRA
OFFICE OF THE SUB-DIVISIONAL MAGISTRATE, DAHOD
CASTE CERTIFICATE
Certificate Number: CERT/MA/2019/3223
Date of Issue: 28/02/2022
This is to certify that Priya Soren, residing at Dahod, District Dahod, Maharashtra belongs to a community recognized as a Scheduled Tribe (ST) under the Constitution (Scheduled Tribes) Order, 1950.
Issuing Authority: Sub-Divisional Magistrate",caste_certificate
"Oxford University
Letter of Acceptance
Dear Applicant, we are pleased to offer you Conditional Offer of admission to MSc Renewable Energy, Faculty of Graduate Studies. Tuition fee: approx $40,000 per year. Commencement: September intake.",offer_letter
"PASSBOOK
Bank of India
Account held by Vikram Bhil. Account number 1176452379903566. IFSC LWHZ0188553.",bank_passbook
"GOVERNMENT OFFICE OF THE TAHSILDAR
This is to certify Rahul Kumar's gross income for the financial year is Rs 275,000. Annual income certificate issued as per revenue records.",income_certificate
News headline: Stock market income growth surges as tech university enrolments rise this semester,unknown
"INCOME CERTIFICATE
Certificate No: CERT/AN/2023/1852
Date: 06/07/2024
This is to certify that the annual income of the family of Priya Soren is Rs. 190,000 (Rupees only) from all sources.
Family Income verified by District Collector.",income_certificate
"PASSBOOK
Canara Bank
Account held by Priya Soren. Account number 6477284561325654. IFSC UOWI0815507.",bank_passbook
"Admission Offer - Imperial College London
Programme: PhD in Biotechnology
Country: Canada
We are delighted to extend this offer letter for the upcoming academic year.",offer_letter
"Blank white image with faint watermark text, mostly illegible pixel noise qwpicture unreadable",unknown
"Punjab National Bank
SAVINGS BANK PASSBOOK
Account Number: 3900920879707272
IFSC: TIVL0548317
Branch Code: 1935
Account Holder: Sunita Munda",bank_passbook
"TRIBE CERTIFICATE
Ref No: CERT/CH/2025/5489
Certified that Shri Rahul Kumar son/daughter of resident of Khunti, Chhattisgarh, belongs to Scheduled Tribe category as per the Constitution (Scheduled Tribes) Order.
Issued by: Tahsildar, Khunti",caste_certificate
Settings > Notifications > Monthly income summary chart preview toggle dark mode,unknown
"STATEMENT OF MARKS
Indian Institute of Technology Delhi
Controller of Examinations
Roll No: RU/2023/ST/787
Percentage: 67.4%
Year of Passing: 2022",marksheet
Random forum post: does anyone know how to increase my monthly income working from home,unknown
Product review: This laptop has great battery percentage remaining after 10 hours of use,unknown
Error 404 - Page not found. Please check the URL and try again.,unknown
"A screenshot of a to-do list app showing tasks: buy groceries, pay electricity bank of statement, call mom",unknown
Screenshot of a WhatsApp group chat about weekend plans and cricket scores,unknown
Product review: This laptop has great battery percentage remaining after 10 hours of use,unknown
"Punjab National Bank
SAVINGS BANK PASSBOOK
Account Number: 5600521203233060
IFSC: SYUQ0310449
Branch Code: 2879
Account Holder: Sunita Munda",bank_passbook
"AADHAAR CARD
Vikram Bhil
UIDAI
Enrolment No: 9684/29655/63108
7188 3014 4863",aadhaar
"Government of India
Unique Identification Authority of India
UIDAI
Aadhaar 5873 1573 2967
Mera Aadhaar, Meri Pehchaan
Name: Vikram Bhil",aadhaar
"Admission Offer - University of Melbourne
Programme: Master of Public Policy
Country: United States
We are delighted to extend this offer letter for the upcoming academic year.",offer_letter
Settings > Notifications > Monthly income summary chart preview toggle dark mode,unknown
Recipe: How to make butter chicken at home in under 30 minutes,unknown
Top 10 productivity apps every university student should try in 2027 - TechBlog,unknown
"AADHAAR CARD
Suresh Meena
UIDAI
Enrolment No: 8737/29647/45506
6526 4240 1355",aadhaar
Marksheet issued by National Institute of Technology. Total percentage: 76.92%. Registration No: 779259. Session 2020-2021.,marksheet
"STATEMENT OF MARKS
Jadavpur University
Controller of Examinations
Roll No: RU/2021/ST/129
Percentage: 73.19%
Year of Passing: 2023",marksheet
"Bank Statement
State Bank of India, Branch
A/c No: 6284245855317775
IFSC Code: XKKZ0424348
Name: Priya Soren
Saving Bank Account",bank_passbook
"Spam text message: Congratulations! You have won a prize, click here to claim your offer letter now",unknown
Product review: This laptop has great battery percentage remaining after 10 hours of use,unknown
"PASSBOOK
Punjab National Bank
Account held by Anita Gond. Account number 641972860795091. IFSC YQGP0330906.",bank_passbook
Product review: This laptop has great battery percentage remaining after 10 hours of use,unknown
Settings > Notifications > Monthly income summary chart preview toggle dark mode,unknown
Recipe: How to make butter chicken at home in under 30 minutes,unknown
"COLLEGE ID
Library Card No: LIB6314
Identity Card issued to Rahul Kumar, valid upto 20/06/2025.",college_id
"GRADE SHEET
Indian Institute of Technology Delhi
CGPA: 6.58
Semester: 8
Marks obtained: 312/500",marksheet
Weather forecast for tomorrow: partly cloudy with a chance of rain in the afternoon,unknown
"COLLEGE ID
Library Card No: LIB1095
Identity Card issued to Rekha Minz, valid upto 12/03/2019.",college_id
"COLLEGE ID
Library Card No: LIB9092
Identity Card issued to Rahul Kumar, valid upto 26/11/2023.",college_id
"State Bank of India
SAVINGS BANK PASSBOOK
Account Number: 4017675476017361
IFSC: SMFM0905671
Branch Code: 6431
Account Holder: Suresh Meena",bank_passbook
YouTube video thumbnail preview of a gaming livestream with subscriber count overlay,unknown
"AADHAAR CARD
Sunita Munda
UIDAI
Enrolment No: 4952/47068/43043
5002 9682 3997",aadhaar
"Canara Bank
SAVINGS BANK PASSBOOK
Account Number: 5750339877143025
IFSC: XNME0897376
Branch Code: 8078
Account Holder: Vikram Bhil",bank_passbook
"TRIBE CERTIFICATE
Ref No: CERT/MA/2022/1379
Certified that Shri Amit Oraon son/daughter of resident of Bastar, Telangana, belongs to Scheduled Tribe category as per the Constitution (Scheduled Tribes) Order.
Issued by: Sub-Divisional Magistrate, Bastar",caste_certificate
"Bank Statement
Bank of Baroda, Branch
A/c No: 9458888290321481
IFSC Code: GWHG0224888
Name: Amit Oraon
Saving Bank Account",bank_passbook
"OFFER LETTER
Indian Institute of Technology Delhi, Australia
This is an Unconditional Offer for admission to PhD in Biotechnology. Please confirm acceptance and pay the tuition fee deposit to secure your seat.",offer_letter
"STUDENT ID CARD
University of Melbourne
Name: Rahul Kumar
Roll No: 3554
Valid Upto: 26/05/2021",college_id
Error 404 - Page not found. Please check the URL and try again.,unknown
"OFFER LETTER
University of Melbourne, United Kingdom
This is an Unconditional Offer for admission to Master of Public Policy. Please confirm acceptance and pay the tuition fee deposit to secure your seat.",offer_letter
"INCOME CERTIFICATE
Certificate No: REF/AN/2022/1643
Date: 18/07/2023
This is to certify that the annual income of the family of Kavita Naik is Rs. 120,000 (Rupees only) from all sources.
Family Income verified by Tahsildar.",income_certificate
"Government of India
Unique Identification Authority of India
UIDAI
Aadhaar 3082 6272 4750
Mera Aadhaar, Meri Pehchaan
Name: Rekha Minz",aadhaar
"Admission Offer - National Institute of Technology
Programme: PhD in Computer Science
Country: Canada
We are delighted to extend this offer letter for the upcoming academic year.",offer_letter
Marksheet issued by University of Melbourne. Total percentage: 76.68%. Registration No: 860583. Session 2019-2021.,marksheet
Instagram post: Beautiful sunset at the beach today! #travel #vacation #blessed,unknown
"Certified that the total annual income of Vikram Bhil and family is Rs. 120,000. Issued by Tahsildar on 14/10/2020.",income_certificate
"Bank Statement
Bank of Baroda, Branch
A/c No: 2319173450961015
IFSC Code: OJLM0802750
Name: Suresh Meena
Saving Bank Account",bank_passbook
"This is to certify that Rahul Kumar belongs to the Scheduled Tribe community. Category: Scheduled Tribe (ST). Issued by Sub-Divisional Magistrate, Nashik, dated 23/02/2023.",caste_certificate
Recipe: How to make butter chicken at home in under 30 minutes,unknown
"Certified that the total annual income of Rahul Kumar and family is Rs. 190,000. Issued by District Collector on 04/04/2024.",income_certificate
"Certified that the total annual income of Rekha Minz and family is Rs. 190,000. Issued by Tahsildar on 26/10/2024.",income_certificate
"Certified that the total annual income of Suresh Meena and family is Rs. 190,000. Issued by District Collector on 16/07/2021.",income_certificate
Instagram post: Beautiful sunset at the beach today! #travel #vacation #blessed,unknown
"A screenshot of a to-do list app showing tasks: buy groceries, pay electricity bank of statement, call mom",unknown
"INCOME CERTIFICATE
Certificate No: ST/MA/2023/3419
Date: 28/05/2019
This is to certify that the annual income of the family of Sunita Munda is Rs. 275,000 (Rupees only) from all sources.
Family Income verified by Tahsildar.",income_certificate
"GOVERNMENT OFFICE OF THE DISTRICT COLLECTOR
This is to certify Rahul Kumar's gross income for the financial year is Rs 85,000. Annual income certificate issued as per revenue records.",income_certificate
"Government of India
Unique Identification Authority of India
UIDAI
Aadhaar 3060 2057 1994
Mera Aadhaar, Meri Pehchaan
Name: Vikram Bhil",aadhaar
Screenshot of a WhatsApp group chat about weekend plans and cricket scores,unknown
Weather forecast for tomorrow: partly cloudy with a chance of rain in the afternoon,unknown
Text overlay from a cooking show: add a pinch of salt and stir the percentage of spices evenly,unknown
"COLLEGE ID
Library Card No: LIB2743
Identity Card issued to Amit Oraon, valid upto 27/05/2022.",college_id
"GOVERNMENT OFFICE OF THE REVENUE OFFICER
This is to certify Suresh Meena's gross income for the financial year is Rs 120,000. Annual income certificate issued as per revenue records.",income_certificate
"Union Bank of India
SAVINGS BANK PASSBOOK
Account Number: 3420180657548286
IFSC: WZIJ0812299
Branch Code: 3069
Account Holder: Deepak Toppo",bank_passbook
"Admission Offer - University of Melbourne
Programme: MSc Renewable Energy
Country: Canada
We are delighted to extend this offer letter for the upcoming academic year.",offer_letter
"Group photo caption: Our college id trip to the mountains was unforgettable, best semester ever",unknown
Top 10 productivity apps every university student should try in 2027 - TechBlog,unknown
YouTube video thumbnail preview of a gaming livestream with subscriber count overlay,unknown
"OFFER LETTER
Anna University, United Kingdom
This is an Unconditional Offer for admission to MSc Renewable Energy. Please confirm acceptance and pay the tuition fee deposit to secure your seat.",offer_letter
Weather forecast for tomorrow: partly cloudy with a chance of rain in the afternoon,unknown
"INCOME CERTIFICATE
Certificate No: CERT/AN/2022/1719
Date: 25/03/2021
This is to certify that the annual income of the family of Deepak Toppo is Rs. 120,000 (Rupees only) from all sources.
Family Income verified by District Collector.",income_certificate
Random forum post: does anyone know how to increase my monthly income working from home,unknown
Random forum post: does anyone know how to increase my monthly income working from home,unknown
"This is to certify that Priya Soren belongs to the Scheduled Tribe community. Category: Scheduled Tribe (ST). Issued by Sub-Divisional Magistrate, Ranchi, dated 18/03/2021.",caste_certificate
Amazon order confirmation: Your package containing a bank statement organizer folder has shipped,unknown
"Certified that the total annual income of Vikram Bhil and family is Rs. 120,000. Issued by Tahsildar on 06/10/2021.",income_certificate
"Admission Offer - Indian Institute of Technology Delhi
Programme: Master of Public Policy
Country: United Kingdom
We are delighted to extend this offer letter for the upcoming academic year.",offer_letter
Marksheet issued by Oxford University. Total percentage: 91.29%. Registration No: 137432. Session 2020-2020.,marksheet
"Certified that the total annual income of Vikram Bhil and family is Rs. 275,000. Issued by District Collector on 18/01/2019.",income_certificate
"STUDENT ID CARD
National Institute of Technology
Name: Vikram Bhil
Roll No: 7626
Valid Upto: 13/03/2025",college_id
"COLLEGE ID
Library Card No: LIB4004
Identity Card issued to Suresh Meena, valid upto 19/02/2022.",college_id
"Union Bank of India
SAVINGS BANK PASSBOOK
Account Number: 3401981236150112
IFSC: UFEA0731160
Branch Code: 1646
Account Holder: Amit Oraon",bank_passbook
"Group photo caption: Our college id trip to the mountains was unforgettable, best semester ever",unknown
News headline: Stock market income growth surges as tech university enrolments rise this semester,unknown
"COLLEGE ID
Library Card No: LIB9048
Identity Card issued to Rekha Minz, valid upto 24/02/2022.",college_id
Top 10 productivity apps every university student should try in 2025 - TechBlog,unknown
YouTube video thumbnail preview of a gaming livestream with subscriber count overlay,unknown
Screenshot of a WhatsApp group chat about weekend plans and cricket scores,unknown
"Indian Institute of Technology Delhi
Letter of Acceptance
Dear Applicant, we are pleased to offer you Conditional Offer of admission to Master of Data Science, Faculty of Graduate Studies. Tuition fee: approx $40,000 per year. Commencement: September intake.",offer_letter
"OFFER LETTER
National Institute of Technology, Germany
This is an Unconditional Offer for admission to PhD in Computer Science. Please confirm acceptance and pay the tuition fee deposit to secure your seat.",offer_letter
"COLLEGE ID
Library Card No: LIB6997
Identity Card issued to Rahul Kumar, valid upto 25/06/2023.",college_id
"A screenshot of a to-do list app showing tasks: buy groceries, pay electricity bank of statement, call mom",unknown
Recipe: How to make butter chicken at home in under 30 minutes,unknown
"Certified that the total annual income of Rahul Kumar and family is Rs. 120,000. Issued by Tahsildar on 12/02/2021.",income_certificate
"University of Toronto
Letter of Acceptance
Dear Applicant, we are pleased to offer you Conditional Offer of admission to Master of Social Work, Faculty of Graduate Studies. Tuition fee: approx $40,000 per year. Commencement: September intake.",offer_letter
"Meme template with bold white text on a grey background, no visible document content",unknown
Error 404 - Page not found. Please check the URL and try again.,unknown
Recipe: How to make butter chicken at home in under 30 minutes,unknown
"Spam text message: Congratulations! You have won a prize, click here to claim your offer letter now",unknown
"This is to certify that Deepak Toppo belongs to the Scheduled Tribe community. Category: Scheduled Tribe (ST). Issued by Sub-Divisional Magistrate, Simdega, dated 05/05/2020.",caste_certificate
"Spam text message: Congratulations! You have won a prize, click here to claim your offer letter now",unknown
"Government of India
Unique Identification Authority of India
UIDAI
Aadhaar 1326 6937 8224
Mera Aadhaar, Meri Pehchaan
Name: Rekha Minz",aadhaar
Weather forecast for tomorrow: partly cloudy with a chance of rain in the afternoon,unknown
"TRIBE CERTIFICATE
Ref No: CERT/OD/2025/3634
Certified that Shri Vikram Bhil son/daughter of resident of Simdega, Telangana, belongs to Scheduled Tribe category as per the Constitution (Scheduled Tribes) Order.
Issued by: Tahsildar, Simdega",caste_certificate
"INCOME CERTIFICATE
Certificate No: ST/WE/2020/4768
Date: 03/09/2024
This is to certify that the annual income of the family of Rekha Minz is Rs. 240,000 (Rupees only) from all sources.
Family Income verified by Tahsildar.",income_certificate
"Meme template with bold white text on a grey background, no visible document content",unknown
"Admission Offer - Anna University
Programme: Master of Public Policy
Country: Australia
We are delighted to extend this offer letter for the upcoming academic year.",offer_letter
"Admission Offer - Anna University
Programme: MSc Renewable Energy
Country: Singapore
We are delighted to extend this offer letter for the upcoming academic year.",offer_letter
Instagram post: Beautiful sunset at the beach today! #travel #vacation #blessed,unknown
"Admission Offer - University of Toronto
Programme: Master of Public Policy
Country: Germany
We are delighted to extend this offer letter for the upcoming academic year.",offer_letter
"GRADE SHEET
Oxford University
CGPA: 5.89
Semester: 7
Marks obtained: 279/500",marksheet
"TRIBE CERTIFICATE
Ref No: CERT/WE/2025/5949
Certified that Shri Kavita Naik son/daughter of resident of Koraput, Andhra Pradesh, belongs to Scheduled Tribe category as per the Constitution (Scheduled Tribes) Order.
Issued by: Tehsildar, Koraput",caste_certificate
"Group photo caption: Our college id trip to the mountains was unforgettable, best semester ever",unknown
"STATEMENT OF MARKS
National Institute of Technology
Controller of Examinations
Roll No: RU/2021/ST/387
Percentage: 57.71%
Year of Passing: 2020",marksheet
"Certified that the total annual income of Sunita Munda and family is Rs. 240,000. Issued by District Collector on 06/09/2022.",income_certificate
"STUDENT ID CARD
University of Toronto
Name: Priya Soren
Roll No: 2140
Valid Upto: 17/04/2025",college_id
Text overlay from a cooking show: add a pinch of salt and stir the percentage of spices evenly,unknown
"GOVERNMENT OFFICE OF THE DISTRICT COLLECTOR
This is to certify Deepak Toppo's gross income for the financial year is Rs 120,000. Annual income certificate issued as per revenue records.",income_certificate
"Bank Statement
Canara Bank, Branch
A/c No: 9549220435983364
IFSC Code: MNPS0928446
Name: Sunita Munda
Saving Bank Account",bank_passbook
"STATEMENT OF MARKS
Jadavpur University
Controller of Examinations
Roll No: RU/2023/ST/681
Percentage: 58.22%
Year of Passing: 2021",marksheet
"STATEMENT OF MARKS
Harvard University
Controller of Examinations
Roll No: RU/2022/ST/575
Percentage: 87.68%
Year of Passing: 2023",marksheet
Marksheet issued by National Institute of Technology. Total percentage: 83.26%. Registration No: 423047. Session 2019-2023.,marksheet
"Certified that the total annual income of Deepak Toppo and family is Rs. 275,000. Issued by Revenue Officer on 11/12/2019.",income_certificate
Marksheet issued by Harvard University. Total percentage: 72.15%. Registration No: 404289. Session 2021-2021.,marksheet
"GOVERNMENT OF GUJARAT
OFFICE OF THE TEHSILDAR, KHUNTI
CASTE CERTIFICATE
Certificate Number: CERT/CH/2019/5262
Date of Issue: 13/06/2020
This is to certify that Rahul Kumar, residing at Khunti, District Khunti, Gujarat belongs to a community recognized as a Scheduled Tribe (ST) under the Constitution (Scheduled Tribes) Order, 1950.
Issuing Authority: Tehsildar",caste_certificate
"STATEMENT OF MARKS
University of Toronto
Controller of Examinations
Roll No: RU/2023/ST/464
Percentage: 86.01%
Year of Passing: 2023",marksheet
"GOVERNMENT OFFICE OF THE DISTRICT COLLECTOR
This is to certify Suresh Meena's gross income for the financial year is Rs 145,000. Annual income certificate issued as per revenue records.",income_certificate
Top 10 productivity apps every university student should try in 2027 - TechBlog,unknown
"GOVERNMENT OF WEST BENGAL
OFFICE OF THE TEHSILDAR, NASHIK
CASTE CERTIFICATE
Certificate Number: CERT/AN/2022/8075
Date of Issue: 06/11/2023
This is to certify that Vikram Bhil, residing at Nashik, District Nashik, West Bengal belongs to a community recognized as a Scheduled Tribe (ST) under the Constitution (Scheduled Tribes) Order, 1950.
Issuing Authority: Tehsildar",caste_certificate
Random Wikipedia excerpt about the history of the university of Bologna founded in 1088,unknown
"Government of India
Unique Identification Authority of India
UIDAI
Aadhaar 9978 9289 2102
Mera Aadhaar, Meri Pehchaan
Name: Amit Oraon",aadhaar
"This is to certify that Rekha Minz belongs to the Scheduled Tribe community. Category: Scheduled Tribe (ST). Issued by Sub-Divisional Magistrate, Gumla, dated 09/09/2025.",caste_certificate
Text overlay from a cooking show: add a pinch of salt and stir the percentage of spices evenly,unknown
"Government of India
Unique Identification Authority of India
UIDAI
Aadhaar 4545 7821 9036
Mera Aadhaar, Meri Pehchaan
Name: Rahul Kumar",aadhaar
"Spam text message: Congratulations! You have won a prize, click here to claim your offer letter now",unknown
"Certified that the total annual income of Rahul Kumar and family is Rs. 190,000. Issued by Tahsildar on 26/02/2020.",income_certificate
"STUDENT ID CARD
National Institute of Technology
Name: Suresh Meena
Roll No: 7241
Valid Upto: 24/10/2021",college_id
Error 404 - Page not found. Please check the URL and try again.,unknown
"Government of India
Unique Identification Authority of India
UIDAI
Aadhaar 5228 9977 6416
Mera Aadhaar, Meri Pehchaan
Name: Anita Gond",aadhaar
"OFFER LETTER
Imperial College London, Canada
This is an Unconditional Offer for admission to Master of Social Work. Please confirm acceptance and pay the tuition fee deposit to secure your seat.",offer_letter
"COLLEGE ID
Library Card No: LIB1742
Identity Card issued to Rahul Kumar, valid upto 17/11/2023.",college_id
"Certified that the total annual income of Suresh Meena and family is Rs. 190,000. Issued by Tahsildar on 19/03/2023.",income_certificate
"Meme template with bold white text on a grey background, no visible document content",unknown
Marksheet issued by Indian Institute of Technology Delhi. Total percentage: 93.17%. Registration No: 104502. Session 2024-2024.,marksheet
"Admission Offer - Harvard University
Programme: PhD in Biotechnology
Country: United Kingdom
We are delighted to extend this offer letter for the upcoming academic year.",offer_letter
"Meme template with bold white text on a grey background, no visible document content",unknown
Product review: This laptop has great battery percentage remaining after 10 hours of use,unknown
"Admission Offer - National Institute of Technology
Programme: Master of Public Policy
Country: Singapore
We are delighted to extend this offer letter for the upcoming academic year.",offer_letter
Error 404 - Page not found. Please check the URL and try again.,unknown
Screenshot of a WhatsApp group chat about weekend plans and cricket scores,unknown
Weather forecast for tomorrow: partly cloudy with a chance of rain in the afternoon,unknown
"Harvard University
Letter of Acceptance
Dear Applicant, we are pleased to offer you Conditional Offer of admission to MSc Renewable Energy, Faculty of Graduate Studies. Tuition fee: approx $40,000 per year. Commencement: September intake.",offer_letter
"A screenshot of a to-do list app showing tasks: buy groceries, pay electricity bank of statement, call mom",unknown
"GOVERNMENT OF GUJARAT
OFFICE OF THE TAHSILDAR, DAHOD
CASTE CERTIFICATE
Certificate Number: REF/MA/2019/4978
Date of Issue: 04/12/2025
This is to certify that Vikram Bhil, residing at Dahod, District Dahod, Gujarat belongs to a community recognized as a Scheduled Tribe (ST) under the Constitution (Scheduled Tribes) Order, 1950.
Issuing Authority: Tahsildar",caste_certificate
"OFFER LETTER
Indian Institute of Technology Delhi, United Kingdom
This is an Unconditional Offer for admission to MSc Renewable Energy. Please confirm acceptance and pay the tuition fee deposit to secure your seat.",offer_letter
"GOVERNMENT OFFICE OF THE REVENUE OFFICER
This is to certify Deepak Toppo's gross income for the financial year is Rs 120,000. Annual income certificate issued as per revenue records.",income_certificate
"GRADE SHEET
Imperial College London
CGPA: 6.7
Semester: 2
Marks obtained: 318/500",marksheet
"STUDENT ID CARD
Jadavpur University
Name: Amit Oraon
Roll No: 5238
Valid Upto: 20/09/2023",college_id
"STATEMENT OF MARKS
University of Melbourne
Controller of Examinations
Roll No: RU/2021/ST/763
Percentage: 69.99%
Year of Passing: 2024",marksheet
Google Maps screenshot showing directions to the nearest university campus food court,unknown
Top 10 productivity apps every university student should try in 2025 - TechBlog,unknown
Marksheet issued by Jadavpur University. Total percentage: 58.15%. Registration No: 388586. Session 2021-2020.,marksheet
Recipe: How to make butter chicken at home in under 30 minutes,unknown
"INCOME CERTIFICATE
Certificate No: ST/JH/2025/3126
Date: 06/01/2020
This is to certify that the annual income of the family of Sunita Munda is Rs. 275,000 (Rupees only) from all sources.
Family Income verified by District Collector.",income_certificate
"GRADE SHEET
Imperial College London
CGPA: 7.1
Semester: 8
Marks obtained: 337/500",marksheet
"STATEMENT OF MARKS
Harvard University
Controller of Examinations
Roll No: RU/2022/ST/706
Percentage: 64.62%
Year of Passing: 2020",marksheet
"Oxford University
Letter of Acceptance
Dear Applicant, we are pleased to offer you Conditional Offer of admission to PhD in Biotechnology, Faculty of Graduate Studies. Tuition fee: approx $40,000 per year. Commencement: September intake.",offer_letter
"GOVERNMENT OF WEST BENGAL
OFFICE OF THE TAHSILDAR, RANCHI
CASTE CERTIFICATE
Certificate Number: CERT/CH/2022/4340
Date of Issue: 14/09/2025
This is to certify that Priya Soren, residing at Ranchi, District Ranchi, West Bengal belongs to a community recognized as a Scheduled Tribe (ST) under the Constitution (Scheduled Tribes) Order, 1950.
Issuing Authority: Tahsildar",caste_certificate
Text overlay from a cooking show: add a pinch of salt and stir the percentage of spices evenly,unknown
"STUDENT ID CARD
University of Toronto
Name: Suresh Meena
Roll No: 3200
Valid Upto: 25/06/2023",college_id
"GRADE SHEET
University of Melbourne
CGPA: 8.57
Semester: 4
Marks obtained: 407/500",marksheet
"Government of India
Unique Identification Authority of India
UIDAI
Aadhaar 7584 4240 3468
Mera Aadhaar, Meri Pehchaan
Name: Suresh Meena",aadhaar
"GRADE SHEET
Imperial College London
CGPA: 7.68
Semester: 2
Marks obtained: 364/500",marksheet
"GRADE SHEET
Harvard University
CGPA: 7.71
Semester: 4
Marks obtained: 366/500",marksheet
Amazon order confirmation: Your package containing a bank statement organizer folder has shipped,unknown
"INCOME CERTIFICATE
Certificate No: REF/JH/2022/6047
Date: 10/12/2025
This is to certify that the annual income of the family of Amit Oraon is Rs. 120,000 (Rupees only) from all sources.
Family Income verified by Tahsildar.",income_certificate
"TRIBE CERTIFICATE
Ref No: ST/RA/2020/2698
Certified that Shri Deepak Toppo son/daughter of resident of Ranchi, Gujarat, belongs to Scheduled Tribe category as per the Constitution (Scheduled Tribes) Order.
Issued by: Tahsildar, Ranchi",caste_certificate
Screenshot of a WhatsApp group chat about weekend plans and cricket scores,unknown
Top 10 productivity apps every university student should try in 2026 - TechBlog,unknown
"Admission Offer - Indian Institute of Technology Delhi
Programme: Master of Social Work
Country: Australia
We are delighted to extend this offer letter for the upcoming academic year.",offer_letter
"Certified that the total annual income of Deepak Toppo and family is Rs. 275,000. Issued by District Collector on 02/07/2023.",income_certificate
"COLLEGE ID
Library Card No: LIB4734
Identity Card issued to Rekha Minz, valid upto 02/07/2020.",college_id
Error 404 - Page not found. Please check the URL and try again.,unknown
"Blank white image with faint watermark text, mostly illegible pixel noise qwpicture unreadable",unknown
"COLLEGE ID
Library Card No: LIB9315
Identity Card issued to Kavita Naik, valid upto 26/01/2024.",college_id
"GRADE SHEET
Imperial College London
CGPA: 8.9
Semester: 3
Marks obtained: 422/500",marksheet
Settings > Notifications > Monthly income summary chart preview toggle dark mode,unknown
"STATEMENT OF MARKS
Indian Institute of Technology Delhi
Controller of Examinations
Roll No: RU/2020/ST/582
Percentage: 91.55%
Year of Passing: 2024",marksheet
"GRADE SHEET
Indian Institute of Technology Delhi
CGPA: 6.6
Semester: 6
Marks obtained: 313/500",marksheet
Product review: This laptop has great battery percentage remaining after 10 hours of use,unknown
"COLLEGE ID
Library Card No: LIB9265
Identity Card issued to Sunita Munda, valid upto 18/12/2022.",college_id
"TRIBE CERTIFICATE
Ref No: REF/WE/2023/4203
Certified that Shri Amit Oraon son/daughter of resident of Dhar, Maharashtra, belongs to Scheduled Tribe category as per the Constitution (Scheduled Tribes) Order.
Issued by: Tahsildar, Dhar",caste_certificate
Marksheet issued by Anna University. Total percentage: 91.64%. Registration No: 576467. Session 2023-2023.,marksheet
Recipe: How to make butter chicken at home in under 30 minutes,unknown
"COLLEGE ID
Library Card No: LIB6959
Identity Card issued to Anita Gond, valid upto 26/12/2025.",college_id
Error 404 - Page not found. Please check the URL and try again.,unknown
"STUDENT ID CARD
Harvard University
Name: Deepak Toppo
Roll No: 2113
Valid Upto: 27/12/2023",college_id
"Admission Offer - Jadavpur University
Programme: Master of Data Science
Country: Australia
We are delighted to extend this offer letter for the upcoming academic year.",offer_letter
"GOVERNMENT OFFICE OF THE DISTRICT COLLECTOR
This is to certify Sunita Munda's gross income for the financial year is Rs 85,000. Annual income certificate issued as per revenue records.",income_certificate
"Group photo caption: Our college id trip to the mountains was unforgettable, best semester ever",unknown
Google Maps screenshot showing directions to the nearest university campus food court,unknown
"TRIBE CERTIFICATE
Ref No: ST/CH/2025/2785
Certified that Shri Vikram Bhil son/daughter of resident of Koraput, Rajasthan, belongs to Scheduled Tribe category as per the Constitution (Scheduled Tribes) Order.
Issued by: Tahsildar, Koraput",caste_certificate
"State Bank of India
SAVINGS BANK PASSBOOK
Account Number: 2768662480697747
IFSC: ZZOU0737363
Branch Code: 7404
Account Holder: Suresh Meena",bank_passbook
Random forum post: does anyone know how to increase my monthly income working from home,unknown
Weather forecast for tomorrow: partly cloudy with a chance of rain in the afternoon,unknown
"Government of India
Unique Identification Authority of India
UIDAI
Aadhaar 2796 3536 2258
Mera Aadhaar, Meri Pehchaan
Name: Priya Soren",aadhaar
Random Wikipedia excerpt about the history of the university of Bologna founded in 1088,unknown
"INCOME CERTIFICATE
Certificate No: ST/AN/2023/2925
Date: 03/08/2024
This is to certify that the annual income of the family of Kavita Naik is Rs. 240,000 (Rupees only) from all sources.
Family Income verified by District Collector.",income_certificate
Top 10 productivity apps every university student should try in 2027 - TechBlog,unknown
"PASSBOOK
Bank of Baroda
Account held by Amit Oraon. Account number 6585764847053635. IFSC YRCM0971460.",bank_passbook
"STUDENT ID CARD
Oxford University
Name: Vikram Bhil
Roll No: 2198
Valid Upto: 28/12/2021",college_id
"COLLEGE ID
Library Card No: LIB9947
Identity Card issued to Anita Gond, valid upto 24/08/2025.",college_id
"Government of India
Unique Identification Authority of India
UIDAI
Aadhaar 5086 2857 3402
Mera Aadhaar, Meri Pehchaan
Name: Kavita Naik",aadhaar
Marksheet issued by Harvard University. Total percentage: 90.13%. Registration No: 113406. Session 2024-2023.,marksheet
Instagram post: Beautiful sunset at the beach today! #travel #vacation #blessed,unknown
"Government of India
Unique Identification Authority of India
UIDAI
Aadhaar 2785 7035 4955
Mera Aadhaar, Meri Pehchaan
Name: Deepak Toppo",aadhaar
"COLLEGE ID
Library Card No: LIB3763
Identity Card issued to Rekha Minz, valid upto 11/01/2020.",college_id
"Canara Bank
SAVINGS BANK PASSBOOK
Account Number: 979025629647570
IFSC: CHZC0723210
Branch Code: 2595
Account Holder: Vikram Bhil",bank_passbook
"GRADE SHEET
National Institute of Technology
CGPA: 9.69
Semester: 8
Marks obtained: 460/500",marksheet
"Meme template with bold white text on a grey background, no visible document content",unknown
"This is to certify that Rahul Kumar belongs to the Scheduled Tribe community. Category: Scheduled Tribe (ST). Issued by Sub-Divisional Magistrate, Khunti, dated 12/01/2023.",caste_certificate
"Spam text message: Congratulations! You have won a prize, click here to claim your offer letter now",unknown
"Blank white image with faint watermark text, mostly illegible pixel noise qwpicture unreadable",unknown
Screenshot of a WhatsApp group chat about weekend plans and cricket scores,unknown
Amazon order confirmation: Your package containing a bank statement organizer folder has shipped,unknown
"Certified that the total annual income of Rahul Kumar and family is Rs. 190,000. Issued by Revenue Officer on 05/03/2019.",income_certificate
"A screenshot of a to-do list app showing tasks: buy groceries, pay electricity bank of statement, call mom",unknown
Google Maps screenshot showing directions to the nearest university campus food court,unknown
Marksheet issued by University of Toronto. Total percentage: 78.38%. Registration No: 711033. Session 2019-2024.,marksheet
"Group photo caption: Our college id trip to the mountains was unforgettable, best semester ever",unknown
"TRIBE CERTIFICATE
Ref No: CERT/MA/2021/8218
Certified that Shri Anita Gond son/daughter of resident of Gumla, West Bengal, belongs to Scheduled Tribe category as per the Constitution (Scheduled Tribes) Order.
Issued by: Sub-Divisional Magistrate, Gumla",caste_certificate
Screenshot of a WhatsApp group chat about weekend plans and cricket scores,unknown
"Government of India
Unique Identification Authority of India
UIDAI
Aadhaar 1515 2931 4345
Mera Aadhaar, Meri Pehchaan
Name: Anita Gond",aadhaar
"PASSBOOK
Punjab National Bank
Account held by Sunita Munda. Account number 6397881287510400. IFSC PJQL0761679.",bank_passbook
"GOVERNMENT OFFICE OF THE DISTRICT COLLECTOR
This is to certify Suresh Meena's gross income for the financial year is Rs 275,000. Annual income certificate issued as per revenue records.",income_certificate
Random forum post: does anyone know how to increase my monthly income working from home,unknown
"GRADE SHEET
National Institute of Technology
CGPA: 6.28
Semester: 3
Marks obtained: 298/500",marksheet
"GOVERNMENT OFFICE OF THE DISTRICT COLLECTOR
This is to certify Anita Gond's gross income for the financial year is Rs 120,000. Annual income certificate issued as per revenue records.",income_certificate
"Admission Offer - Indian Institute of Technology Delhi
Programme: PhD in Biotechnology
Country: United States
We are delighted to extend this offer letter for the upcoming academic year.",offer_letter
Product review: This laptop has great battery percentage remaining after 10 hours of use,unknown
"TRIBE CERTIFICATE
Ref No: REF/AN/2022/9976
Certified that Shri Sunita Munda son/daughter of resident of Nashik, Chhattisgarh, belongs to Scheduled Tribe category as per the Constitution (Scheduled Tribes) Order.
Issued by: Tahsildar, Nashik",caste_certificate
"AADHAAR CARD
Anita Gond
UIDAI
Enrolment No: 1391/51228/73861
4255 1262 4531",aadhaar
"Group photo caption: Our college id trip to the mountains was unforgettable, best semester ever",unknown
"PASSBOOK
Bank of Baroda
Account held by Rekha Minz. Account number 3657305706874147. IFSC UEHE0422066.",bank_passbook
"TRIBE CERTIFICATE
Ref No: CERT/TE/2023/4697
Certified that Shri Sunita Munda son/daughter of resident of Dahod, Jharkhand, belongs to Scheduled Tribe category as per the Constitution (Scheduled Tribes) Order.
Issued by: Tehsildar, Dahod",caste_certificate
Marksheet issued by Jadavpur University. Total percentage: 90.37%. Registration No: 380951. Session 2024-2024.,marksheet
"GRADE SHEET
Oxford University
CGPA: 6.27
Semester: 7
Marks obtained: 297/500",marksheet
Marksheet issued by Oxford University. Total percentage: 78.32%. Registration No: 599028. Session 2023-2021.,marksheet
"Admission Offer - Imperial College London
Programme: PhD in Biotechnology
Country: United States
We are delighted to extend this offer letter for the upcoming academic year.",offer_letter
"STATEMENT OF MARKS
Jadavpur University
Controller of Examinations
Roll No: RU/2022/ST/595
Percentage: 61.32%
Year of Passing: 2024",marksheet
"STATEMENT OF MARKS
University of Melbourne
Controller of Examinations
Roll No: RU/2021/ST/957
Percentage: 79.21%
Year of Passing: 2022",marksheet
"This is to certify that Vikram Bhil belongs to the Scheduled Tribe community. Category: Scheduled Tribe (ST). Issued by Sub-Divisional Magistrate, Dhar, dated 17/09/2023.",caste_certificate
Amazon order confirmation: Your package containing a bank statement organizer folder has shipped,unknown
"PASSBOOK
Bank of India
Account held by Suresh Meena. Account number 7708020040083911. IFSC DFJE0521673.",bank_passbook
"COLLEGE ID
Library Card No: LIB1116
Identity Card issued to Vikram Bhil, valid upto 20/02/2019.",college_id
"OFFER LETTER
University of Toronto, Canada
This is an Unconditional Offer for admission to Master of Data Science. Please confirm acceptance and pay the tuition fee deposit to secure your seat.",offer_letter
News headline: Stock market income growth surges as tech university enrolments rise this semester,unknown
Settings > Notifications > Monthly income summary chart preview toggle dark mode,unknown
"Oxford University
Letter of Acceptance
Dear Applicant, we are pleased to offer you Conditional Offer of admission to Master of Social Work, Faculty of Graduate Studies. Tuition fee: approx $40,000 per year. Commencement: September intake.",offer_letter
"Blank white image with faint watermark text, mostly illegible pixel noise qwpicture unreadable",unknown
Marksheet issued by University of Melbourne. Total percentage: 68.91%. Registration No: 223928. Session 2020-2025.,marksheet
"STATEMENT OF MARKS
National Institute of Technology
Controller of Examinations
Roll No: RU/2020/ST/503
Percentage: 56.06%
Year of Passing: 2022",marksheet
"Group photo caption: Our college id trip to the mountains was unforgettable, best semester ever",unknown
"COLLEGE ID
Library Card No: LIB6351
Identity Card issued to Amit Oraon, valid upto 05/10/2021.",college_id
"GOVERNMENT OF ODISHA
OFFICE OF THE SUB-DIVISIONAL MAGISTRATE, NASHIK
CASTE CERTIFICATE
Certificate Number: CERT/JH/2022/3161
Date of Issue: 17/07/2022
This is to certify that Rekha Minz, residing at Nashik, District Nashik, Odisha belongs to a community recognized as a Scheduled Tribe (ST) under the Constitution (Scheduled Tribes) Order, 1950.
Issuing Authority: Sub-Divisional Magistrate",caste_certificate
"STATEMENT OF MARKS
Imperial College London
Controller of Examinations
Roll No: RU/2023/ST/323
Percentage: 77.17%
Year of Passing: 2024",marksheet
"STUDENT ID CARD
University of Toronto
Name: Sunita Munda
Roll No: 7526
Valid Upto: 16/09/2019",college_id
Top 10 productivity apps every university student should try in 2026 - TechBlog,unknown
Error 404 - Page not found. Please check the URL and try again.,unknown
"Admission Offer - Jadavpur University
Programme: MSc Renewable Energy
Country: United States
We are delighted to extend this offer letter for the upcoming academic year.",offer_letter
"COLLEGE ID
Library Card No: LIB6950
Identity Card issued to Suresh Meena, valid upto 16/10/2025.",college_id
"Blank white image with faint watermark text, mostly illegible pixel noise qwpicture unreadable",unknown
Product review: This laptop has great battery percentage remaining after 10 hours of use,unknown
"GOVERNMENT OFFICE OF THE TAHSILDAR
This is to certify Sunita Munda's gross income for the financial year is Rs 275,000. Annual income certificate issued as per revenue records.",income_certificate
"Admission Offer - Imperial College London
Programme: PhD in Computer Science
Country: United States
We are delighted to extend this offer letter for the upcoming academic year.",offer_letter
"COLLEGE ID
Library Card No: LIB4337
Identity Card issued to Deepak Toppo, valid upto 21/04/2023.",college_id
"Bank of Baroda
SAVINGS BANK PASSBOOK
Account Number: 1874608785157474
IFSC: ANQL0418157
Branch Code: 4731
Account Holder: Rahul Kumar",bank_passbook
"INCOME CERTIFICATE
Certificate No: CERT/MA/2022/5950
Date: 22/09/2025
This is to certify that the annual income of the family of Suresh Meena is Rs. 190,000 (Rupees only) from all sources.
Family Income verified by Revenue Officer.",income_certificate
Product review: This laptop has great battery percentage remaining after 10 hours of use,unknown
"COLLEGE ID
Library Card No: LIB6047
Identity Card issued to Vikram Bhil, valid upto 14/02/2022.",college_id
"COLLEGE ID
Library Card No: LIB9753
Identity Card issued to Vikram Bhil, valid upto 08/07/2023.",college_id
"Bank of Baroda
SAVINGS BANK PASSBOOK
Account Number: 7206746842256459
IFSC: HNIM0280638
Branch Code: 2610
Account Holder: Suresh Meena",bank_passbook
YouTube video thumbnail preview of a gaming livestream with subscriber count overlay,unknown
"Imperial College London
Letter of Acceptance
Dear Applicant, we are pleased to offer you Conditional Offer of admission to Master of Public Policy, Faculty of Graduate Studies. Tuition fee: approx $40,000 per year. Commencement: September intake.",offer_letter
"GOVERNMENT OFFICE OF THE REVENUE OFFICER
This is to certify Kavita Naik's gross income for the financial year is Rs 145,000. Annual income certificate issued as per revenue records.",income_certificate
"STUDENT ID CARD
Indian Institute of Technology Delhi
Name: Suresh Meena
Roll No: 5794
Valid Upto: 04/07/2022",college_id
"TRIBE CERTIFICATE
Ref No: CERT/OD/2021/3661
Certified that Shri Deepak Toppo son/daughter of resident of Dahod, Jharkhand, belongs to Scheduled Tribe category as per the Constitution (Scheduled Tribes) Order.
Issued by: Tehsildar, Dahod",caste_certificate
"GOVERNMENT OF WEST BENGAL
OFFICE OF THE SUB-DIVISIONAL MAGISTRATE, DAHOD
CASTE CERTIFICATE
Certificate Number: REF/TE/2021/6179
Date of Issue: 05/08/2019
This is to certify that Rekha Minz, residing at Dahod, District Dahod, West Bengal belongs to a community recognized as a Scheduled Tribe (ST) under the Constitution (Scheduled Tribes) Order, 1950.
Issuing Authority: Sub-Divisional Magistrate",caste_certificate
"STUDENT ID CARD
Indian Institute of Technology Delhi
Name: Deepak Toppo
Roll No: 4765
Valid Upto: 04/08/2022",college_id
Product review: This laptop has great battery percentage remaining after 10 hours of use,unknown
"STUDENT ID CARD
University of Melbourne
Name: Suresh Meena
Roll No: 3523
Valid Upto: 22/08/2019",college_id
"TRIBE CERTIFICATE
Ref No: ST/CH/2025/3712
Certified that Shri Deepak Toppo son/daughter of resident of Udaipur, Andhra Pradesh, belongs to Scheduled Tribe category as per the Constitution (Scheduled Tribes) Order.
Issued by: Tehsildar, Udaipur",caste_certificate
"Blank white image with faint watermark text, mostly illegible pixel noise qwpicture unreadable",unknown
"Government of India
Unique Identification Authority of India
UIDAI
Aadhaar 5970 6913 8598
Mera Aadhaar, Meri Pehchaan
Name: Rahul Kumar",aadhaar
Amazon order confirmation: Your package containing a bank statement organizer folder has shipped,unknown
"A screenshot of a to-do list app showing tasks: buy groceries, pay electricity bank of statement, call mom",unknown
"GOVERNMENT OFFICE OF THE REVENUE OFFICER
This is to certify Vikram Bhil's gross income for the financial year is Rs 190,000. Annual income certificate issued as per revenue records.",income_certificate
News headline: Stock market income growth surges as tech university enrolments rise this semester,unknown
"STUDENT ID CARD
National Institute of Technology
Name: Deepak Toppo
Roll No: 9241
Valid Upto: 27/03/2021",college_id
"Government of India
Unique Identification Authority of India
UIDAI
Aadhaar 1696 8687 6916
Mera Aadhaar, Meri Pehchaan
Name: Suresh Meena",aadhaar
"OFFER LETTER
Oxford University, Singapore
This is an Unconditional Offer for admission to PhD in Computer Science. Please confirm acceptance and pay the tuition fee deposit to secure your seat.",offer_letter
"OFFER LETTER
Oxford University, Germany
This is an Unconditional Offer for admission to PhD in Biotechnology. Please confirm acceptance and pay the tuition fee deposit to secure your seat.",offer_letter
"STATEMENT OF MARKS
National Institute of Technology
Controller of Examinations
Roll No: RU/2024/ST/619
Percentage: 90.37%
Year of Passing: 2021",marksheet
YouTube video thumbnail preview of a gaming livestream with subscriber count overlay,unknown
"Government of India
Unique Identification Authority of India
UIDAI
Aadhaar 6351 4449 4943
Mera Aadhaar, Meri Pehchaan
Name: Kavita Naik",aadhaar
Instagram post: Beautiful sunset at the beach today! #travel #vacation #blessed,unknown
"COLLEGE ID
Library Card No: LIB6371
Identity Card issued to Amit Oraon, valid upto 18/06/2024.",college_id
Recipe: How to make butter chicken at home in under 30 minutes,unknown
"A screenshot of a to-do list app showing tasks: buy groceries, pay electricity bank of statement, call mom",unknown
"INCOME CERTIFICATE
Certificate No: ST/MA/2023/5760
Date: 22/06/2024
This is to certify that the annual income of the family of Deepak Toppo is Rs. 120,000 (Rupees only) from all sources.
Family Income verified by District Collector.",income_certificate
Screenshot of a WhatsApp group chat about weekend plans and cricket scores,unknown
"OFFER LETTER
Anna University, Canada
This is an Unconditional Offer for admission to Master of Social Work. Please confirm acceptance and pay the tuition fee deposit to secure your seat.",offer_letter
"Certified that the total annual income of Rekha Minz and family is Rs. 240,000. Issued by District Collector on 01/04/2025.",income_certificate
"STUDENT ID CARD
National Institute of Technology
Name: Suresh Meena
Roll No: 5507
Valid Upto: 02/08/2020",college_id
"Admission Offer - Oxford University
Programme: Master of Public Policy
Country: United States
We are delighted to extend this offer letter for the upcoming academic year.",offer_letter
"INCOME CERTIFICATE
Certificate No: ST/CH/2020/4157
Date: 05/01/2022
This is to certify that the annual income of the family of Amit Oraon is Rs. 190,000 (Rupees only) from all sources.
Family Income verified by Tahsildar.",income_certificate
"AADHAAR CARD
Anita Gond
UIDAI
Enrolment No: 2139/74547/62502
9931 2018 9596",aadhaar
"PASSBOOK
Punjab National Bank
Account held by Vikram Bhil. Account number 6872533375189472. IFSC VGQL0276638.",bank_passbook
Top 10 productivity apps every university student should try in 2025 - TechBlog,unknown
"Certified that the total annual income of Anita Gond and family is Rs. 145,000. Issued by Revenue Officer on 26/10/2022.",income_certificate
Marksheet issued by Jadavpur University. Total percentage: 59.0%. Registration No: 172988. Session 2023-2020.,marksheet
Instagram post: Beautiful sunset at the beach today! #travel #vacation #blessed,unknown
News headline: Stock market income growth surges as tech university enrolments rise this semester,unknown
"Imperial College London
Letter of Acceptance
Dear Applicant, we are pleased to offer you Conditional Offer of admission to PhD in Biotechnology, Faculty of Graduate Studies. Tuition fee: approx $40,000 per year. Commencement: September intake.",offer_letter
YouTube video thumbnail preview of a gaming livestream with subscriber count overlay,unknown
"State Bank of India
SAVINGS BANK PASSBOOK
Account Number: 2862924025480872
IFSC: XMEI0876043
Branch Code: 5202
Account Holder: Suresh Meena",bank_passbook
"GOVERNMENT OF GUJARAT
OFFICE OF THE SUB-DIVISIONAL MAGISTRATE, DHAR
CASTE CERTIFICATE
Certificate Number: CERT/OD/2024/9791
Date of Issue: 18/10/2020
This is to certify that Deepak Toppo, residing at Dhar, District Dhar, Gujarat belongs to a community recognized as a Scheduled Tribe (ST) under the Constitution (Scheduled Tribes) Order, 1950.
Issuing Authority: Sub-Divisional Magistrate",caste_certificate
Instagram post: Beautiful sunset at the beach today! #travel #vacation #blessed,unknown
"Meme template with bold white text on a grey background, no visible document content",unknown
News headline: Stock market income growth surges as tech university enrolments rise this semester,unknown
"Admission Offer - University of Toronto
Programme: PhD in Computer Science
Country: United States
We are delighted to extend this offer letter for the upcoming academic year.",offer_letter
"STUDENT ID CARD
Oxford University
Name: Amit Oraon
Roll No: 1908
Valid Upto: 11/04/2024",college_id
"A screenshot of a to-do list app showing tasks: buy groceries, pay electricity bank of statement, call mom",unknown
"GOVERNMENT OF TELANGANA
OFFICE OF THE TAHSILDAR, GUMLA
CASTE CERTIFICATE
Certificate Number: ST/JH/2021/9108
Date of Issue: 20/11/2024
This is to certify that Priya Soren, residing at Gumla, District Gumla, Telangana belongs to a community recognized as a Scheduled Tribe (ST) under the Constitution (Scheduled Tribes) Order, 1950.
Issuing Authority: Tahsildar",caste_certificate
YouTube video thumbnail preview of a gaming livestream with subscriber count overlay,unknown
News headline: Stock market income growth surges as tech university enrolments rise this semester,unknown
"Government of India
Unique Identification Authority of India
UIDAI
Aadhaar 4033 2701 1275
Mera Aadhaar, Meri Pehchaan
Name: Kavita Naik",aadhaar
"STUDENT ID CARD
Oxford University
Name: Vikram Bhil
Roll No: 2210
Valid Upto: 07/02/2023",college_id
"GOVERNMENT OFFICE OF THE TAHSILDAR
This is to certify Amit Oraon's gross income for the financial year is Rs 190,000. Annual income certificate issued as per revenue records.",income_certificate
"Admission Offer - National Institute of Technology
Programme: Master of Data Science
Country: United Kingdom
We are delighted to extend this offer letter for the upcoming academic year.",offer_letter
Random forum post: does anyone know how to increase my monthly income working from home,unknown
"Bank Statement
Bank of India, Branch
A/c No: 5028582708699076
IFSC Code: VEAC0408433
Name: Sunita Munda
Saving Bank Account",bank_passbook
"Bank Statement
Bank of Baroda, Branch
A/c No: 217385099087105
IFSC Code: GSTZ0525558
Name: Kavita Naik
Saving Bank Account",bank_passbook
"Group photo caption: Our college id trip to the mountains was unforgettable, best semester ever",unknown
"AADHAAR CARD
Deepak Toppo
UIDAI
Enrolment No: 5180/37605/10074
2085 3677 1613",aadhaar
"A screenshot of a to-do list app showing tasks: buy groceries, pay electricity bank of statement, call mom",unknown
"GOVERNMENT OFFICE OF THE REVENUE OFFICER
This is to certify Anita Gond's gross income for the financial year is Rs 240,000. Annual income certificate issued as per revenue records.",income_certificate
"GOVERNMENT OFFICE OF THE REVENUE OFFICER
This is to certify Sunita Munda's gross income for the financial year is Rs 275,000. Annual income certificate issued as per revenue records.",income_certificate
"Bank Statement
Union Bank of India, Branch
A/c No: 661749514534897
IFSC Code: EHVY0731394
Name: Deepak Toppo
Saving Bank Account",bank_passbook
"GOVERNMENT OFFICE OF THE REVENUE OFFICER
This is to certify Sunita Munda's gross income for the financial year is Rs 275,000. Annual income certificate issued as per revenue records.",income_certificate
Random forum post: does anyone know how to increase my monthly income working from home,unknown
"University of Melbourne
Letter of Acceptance
Dear Applicant, we are pleased to offer you Conditional Offer of admission to Master of Social Work, Faculty of Graduate Studies. Tuition fee: approx $40,000 per year. Commencement: September intake.",offer_letter
"STATEMENT OF MARKS
Indian Institute of Technology Delhi
Controller of Examinations
Roll No: RU/2020/ST/634
Percentage: 93.32%
Year of Passing: 2021",marksheet
"A screenshot of a to-do list app showing tasks: buy groceries, pay electricity bank of statement, call mom",unknown
"STATEMENT OF MARKS
Oxford University
Controller of Examinations
Roll No: RU/2021/ST/224
Percentage: 67.01%
Year of Passing: 2022",marksheet
"STUDENT ID CARD
University of Toronto
Name: Kavita Naik
Roll No: 6546
Valid Upto: 24/03/2025",college_id
"STUDENT ID CARD
Oxford University
Name: Anita Gond
Roll No: 3653
Valid Upto: 16/04/2023",college_id
Text overlay from a cooking show: add a pinch of salt and stir the percentage of spices evenly,unknown
Top 10 productivity apps every university student should try in 2027 - TechBlog,unknown
Weather forecast for tomorrow: partly cloudy with a chance of rain in the afternoon,unknown
"Bank Statement
State Bank of India, Branch
A/c No: 688042732175220
IFSC Code: JPSS0285501
Name: Amit Oraon
Saving Bank Account",bank_passbook
"Bank Statement
State Bank of India, Branch
A/c No: 9116456933538429
IFSC Code: BAQR0584341
Name: Suresh Meena
Saving Bank Account",bank_passbook
"Meme template with bold white text on a grey background, no visible document content",unknown
"AADHAAR CARD
Kavita Naik
UIDAI
Enrolment No: 7226/60907/14716
5428 7146 6499",aadhaar
"Government of India
Unique Identification Authority of India
UIDAI
Aadhaar 5969 3245 6235
Mera Aadhaar, Meri Pehchaan
Name: Priya Soren",aadhaar
Settings > Notifications > Monthly income summary chart preview toggle dark mode,unknown
"Bank Statement
Union Bank of India, Branch
A/c No: 7458939927536732
IFSC Code: KJON0902245
Name: Anita Gond
Saving Bank Account",bank_passbook
"STUDENT ID CARD
Anna University
Name: Anita Gond
Roll No: 3265
Valid Upto: 19/09/2023",college_id
"OFFER LETTER
Imperial College London, Singapore
This is an Unconditional Offer for admission to PhD in Biotechnology. Please confirm acceptance and pay the tuition fee deposit to secure your seat.",offer_letter
"This is to certify that Vikram Bhil belongs to the Scheduled Tribe community. Category: Scheduled Tribe (ST). Issued by Sub-Divisional Magistrate, Nashik, dated 14/12/2021.",caste_certificate
"INCOME CERTIFICATE
Certificate No: ST/MA/2024/7113
Date: 01/09/2025
This is to certify that the annual income of the family of Deepak Toppo is Rs. 275,000 (Rupees only) from all sources.
Family Income verified by Revenue Officer.",income_certificate
Amazon order confirmation: Your package containing a bank statement organizer folder has shipped,unknown
"Spam text message: Congratulations! You have won a prize, click here to claim your offer letter now",unknown
News headline: Stock market income growth surges as tech university enrolments rise this semester,unknown
"GOVERNMENT OFFICE OF THE DISTRICT COLLECTOR
This is to certify Priya Soren's gross income for the financial year is Rs 275,000. Annual income certificate issued as per revenue records.",income_certificate
"Bank Statement
Bank of India, Branch
A/c No: 7004881867570486
IFSC Code: DYUD0460836
Name: Deepak Toppo
Saving Bank Account",bank_passbook
YouTube video thumbnail preview of a gaming livestream with subscriber count overlay,unknown
"TRIBE CERTIFICATE
Ref No: CERT/TE/2024/1797
Certified that Shri Sunita Munda son/daughter of resident of Ranchi, Gujarat, belongs to Scheduled Tribe category as per the Constitution (Scheduled Tribes) Order.
Issued by: Sub-Divisional Magistrate, Ranchi",caste_certificate
"Blank white image with faint watermark text, mostly illegible pixel noise qwpicture unreadable",unknown
"STATEMENT OF MARKS
Harvard University
Controller of Examinations
Roll No: RU/2024/ST/982
Percentage: 74.88%
Year of Passing: 2020",marksheet
Marksheet issued by Oxford University. Total percentage: 76.07%. Registration No: 670123. Session 2021-2022.,marksheet
Text overlay from a cooking show: add a pinch of salt and stir the percentage of spices evenly,unknown
Product review: This laptop has great battery percentage remaining after 10 hours of use,unknown
"PASSBOOK
Bank of Baroda
Account held by Anita Gond. Account number 3787311887224970. IFSC HGVR0652522.",bank_passbook
"COLLEGE ID
Library Card No: LIB6117
Identity Card issued to Sunita Munda, valid upto 11/06/2023.",college_id
"TRIBE CERTIFICATE
Ref No: CERT/WE/2021/9507
Certified that Shri Anita Gond son/daughter of resident of Koraput, Odisha, belongs to Scheduled Tribe category as per the Constitution (Scheduled Tribes) Order.
Issued by: Tahsildar, Koraput",caste_certificate
Text overlay from a cooking show: add a pinch of salt and stir the percentage of spices evenly,unknown
"Spam text message: Congratulations! You have won a prize, click here to claim your offer letter now",unknown
Google Maps screenshot showing directions to the nearest university campus food court,unknown
"COLLEGE ID
Library Card No: LIB2257
Identity Card issued to Sunita Munda, valid upto 09/01/2024.",college_id
Amazon order confirmation: Your package containing a bank statement organizer folder has shipped,unknown
Recipe: How to make butter chicken at home in under 30 minutes,unknown
Amazon order confirmation: Your package containing a bank statement organizer folder has shipped,unknown
"STATEMENT OF MARKS
Harvard University
Controller of Examinations
Roll No: RU/2023/ST/215
Percentage: 76.08%
Year of Passing: 2022",marksheet
YouTube video thumbnail preview of a gaming livestream with subscriber count overlay,unknown
"OFFER LETTER
Harvard University, Germany
This is an Unconditional Offer for admission to MSc Renewable Energy. Please confirm acceptance and pay the tuition fee deposit to secure your seat.",offer_letter
"This is to certify that Sunita Munda belongs to the Scheduled Tribe community. Category: Scheduled Tribe (ST). Issued by Sub-Divisional Magistrate, Dhar, dated 14/06/2025.",caste_certificate
"OFFER LETTER
Jadavpur University, Germany
This is an Unconditional Offer for admission to Master of Data Science. Please confirm acceptance and pay the tuition fee deposit to secure your seat.",offer_letter
Error 404 - Page not found. Please check the URL and try again.,unknown
Settings > Notifications > Monthly income summary chart preview toggle dark mode,unknown
"Certified that the total annual income of Vikram Bhil and family is Rs. 240,000. Issued by Tahsildar on 24/10/2020.",income_certificate
"Bank Statement
Union Bank of India, Branch
A/c No: 9303840985097125
IFSC Code: ZQUU0382468
Name: Priya Soren
Saving Bank Account",bank_passbook
"Admission Offer - National Institute of Technology
Programme: Master of Data Science
Country: Germany
We are delighted to extend this offer letter for the upcoming academic year.",offer_letter
"Certified that the total annual income of Vikram Bhil and family is Rs. 275,000. Issued by Revenue Officer on 28/03/2024.",income_certificate
Screenshot of a WhatsApp group chat about weekend plans and cricket scores,unknown
News headline: Stock market income growth surges as tech university enrolments rise this semester,unknown
News headline: Stock market income growth surges as tech university enrolments rise this semester,unknown
"Punjab National Bank
SAVINGS BANK PASSBOOK
Account Number: 5077281105394315
IFSC: VUKK0708125
Branch Code: 1194
Account Holder: Kavita Naik",bank_passbook
"STATEMENT OF MARKS
Harvard University
Controller of Examinations
Roll No: RU/2022/ST/888
Percentage: 74.85%
Year of Passing: 2020",marksheet
"A screenshot of a to-do list app showing tasks: buy groceries, pay electricity bank of statement, call mom",unknown
Screenshot of a WhatsApp group chat about weekend plans and cricket scores,unknown
Amazon order confirmation: Your package containing a bank statement organizer folder has shipped,unknown
"PASSBOOK
Bank of Baroda
Account held by Rahul Kumar. Account number 5666983330239199. IFSC CIZT0517476.",bank_passbook
"TRIBE CERTIFICATE
Ref No: CERT/AN/2020/1710
Certified that Shri Suresh Meena son/daughter of resident of Udaipur, Odisha, belongs to Scheduled Tribe category as per the Constitution (Scheduled Tribes) Order.
Issued by: Sub-Divisional Magistrate, Udaipur",caste_certificate
"Canara Bank
SAVINGS BANK PASSBOOK
Account Number: 6256489031301744
IFSC: QLLW0139086
Branch Code: 7532
Account Holder: Suresh Meena",bank_passbook
"Group photo caption: Our college id trip to the mountains was unforgettable, best semester ever",unknown
"STUDENT ID CARD
Harvard University
Name: Anita Gond
Roll No: 4026
Valid Upto: 13/11/2022",college_id
Top 10 productivity apps every university student should try in 2027 - TechBlog,unknown
"Certified that the total annual income of Suresh Meena and family is Rs. 190,000. Issued by District Collector on 16/07/2024.",income_certificate
Random Wikipedia excerpt about the history of the university of Bologna founded in 1088,unknown
Text overlay from a cooking show: add a pinch of salt and stir the percentage of spices evenly,unknown
"Bank Statement
State Bank of India, Branch
A/c No: 5493304226499335
IFSC Code: TFJV0248857
Name: Rahul Kumar
Saving Bank Account",bank_passbook
"INCOME CERTIFICATE
Certificate No: REF/JH/2024/2153
Date: 27/05/2019
This is to certify that the annual income of the family of Rahul Kumar is Rs. 145,000 (Rupees only) from all sources.
Family Income verified by District Collector.",income_certificate
Recipe: How to make butter chicken at home in under 30 minutes,unknown
"Admission Offer - Anna University
Programme: Master of Public Policy
Country: United States
We are delighted to extend this offer letter for the upcoming academic year.",offer_letter
"Meme template with bold white text on a grey background, no visible document content",unknown
"University of Melbourne
Letter of Acceptance
Dear Applicant, we are pleased to offer you Conditional Offer of admission to Master of Social Work, Faculty of Graduate Studies. Tuition fee: approx $40,000 per year. Commencement: September intake.",offer_letter
"INCOME CERTIFICATE
Certificate No: ST/JH/2021/1267
Date: 17/03/2021
This is to certify that the annual income of the family of Kavita Naik is Rs. 190,000 (Rupees only) from all sources.
Family Income verified by Revenue Officer.",income_certificate
"GRADE SHEET
Oxford University
CGPA: 6.28
Semester: 4
Marks obtained: 298/500",marksheet
"Government of India
Unique Identification Authority of India
UIDAI
Aadhaar 9481 7742 5563
Mera Aadhaar, Meri Pehchaan
Name: Vikram Bhil",aadhaar
"GRADE SHEET
National Institute of Technology
CGPA: 6.96
Semester: 3
Marks obtained: 330/500",marksheet
"INCOME CERTIFICATE
Certificate No: ST/MA/2025/5920
Date: 03/10/2022
This is to certify that the annual income of the family of Anita Gond is Rs. 120,000 (Rupees only) from all sources.
Family Income verified by District Collector.",income_certificate
Error 404 - Page not found. Please check the URL and try again.,unknown
Text overlay from a cooking show: add a pinch of salt and stir the percentage of spices evenly,unknown
Instagram post: Beautiful sunset at the beach today! #travel #vacation #blessed,unknown
"Meme template with bold white text on a grey background, no visible document content",unknown
"This is to certify that Rahul Kumar belongs to the Scheduled Tribe community. Category: Scheduled Tribe (ST). Issued by Sub-Divisional Magistrate, Simdega, dated 19/06/2023.",caste_certificate
"Admission Offer - National Institute of Technology
Programme: Master of Social Work
Country: Singapore
We are delighted to extend this offer letter for the upcoming academic year.",offer_letter
"Admission Offer - Harvard University
Programme: PhD in Biotechnology
Country: United Kingdom
We are delighted to extend this offer letter for the upcoming academic year.",offer_letter
"AADHAAR CARD
Sunita Munda
UIDAI
Enrolment No: 7039/70940/29348
8318 7259 3571",aadhaar
"University of Melbourne
Letter of Acceptance
Dear Applicant, we are pleased to offer you Conditional Offer of admission to Master of Public Policy, Faculty of Graduate Studies. Tuition fee: approx $40,000 per year. Commencement: September intake.",offer_letter
"GOVERNMENT OFFICE OF THE DISTRICT COLLECTOR
This is to certify Amit Oraon's gross income for the financial year is Rs 120,000. Annual income certificate issued as per revenue records.",income_certificate
"Blank white image with faint watermark text, mostly illegible pixel noise qwpicture unreadable",unknown
"TRIBE CERTIFICATE
Ref No: REF/MA/2020/5139
Certified that Shri Rahul Kumar son/daughter of resident of Nashik, Madhya Pradesh, belongs to Scheduled Tribe category as per the Constitution (Scheduled Tribes) Order.
Issued by: Tahsildar, Nashik",caste_certificate
"GRADE SHEET
National Institute of Technology
CGPA: 8.97
Semester: 1
Marks obtained: 425/500",marksheet
"STUDENT ID CARD
University of Melbourne
Name: Vikram Bhil
Roll No: 9848
Valid Upto: 02/07/2022",college_id
"Group photo caption: Our college id trip to the mountains was unforgettable, best semester ever",unknown
"TRIBE CERTIFICATE
Ref No: REF/JH/2019/9691
Certified that Shri Anita Gond son/daughter of resident of Bastar, Jharkhand, belongs to Scheduled Tribe category as per the Constitution (Scheduled Tribes) Order.
Issued by: Tehsildar, Bastar",caste_certificate
"INCOME CERTIFICATE
Certificate No: CERT/MA/2022/3727
Date: 14/05/2023
This is to certify that the annual income of the family of Vikram Bhil is Rs. 190,000 (Rupees only) from all sources.
Family Income verified by Revenue Officer.",income_certificate
Text overlay from a cooking show: add a pinch of salt and stir the percentage of spices evenly,unknown
News headline: Stock market income growth surges as tech university enrolments rise this semester,unknown
"Government of India
Unique Identification Authority of India
UIDAI
Aadhaar 4201 2262 2103
Mera Aadhaar, Meri Pehchaan
Name: Sunita Munda",aadhaar
"GOVERNMENT OFFICE OF THE DISTRICT COLLECTOR
This is to certify Anita Gond's gross income for the financial year is Rs 120,000. Annual income certificate issued as per revenue records.",income_certificate
"This is to certify that Anita Gond belongs to the Scheduled Tribe community. Category: Scheduled Tribe (ST). Issued by Sub-Divisional Magistrate, Dhar, dated 26/08/2019.",caste_certificate
"Imperial College London
Letter of Acceptance
Dear Applicant, we are pleased to offer you Conditional Offer of admission to Master of Data Science, Faculty of Graduate Studies. Tuition fee: approx $40,000 per year. Commencement: September intake.",offer_letter
Weather forecast for tomorrow: partly cloudy with a chance of rain in the afternoon,unknown
"Certified that the total annual income of Suresh Meena and family is Rs. 240,000. Issued by District Collector on 04/03/2024.",income_certificate
"OFFER LETTER
Harvard University, United States
This is an Unconditional Offer for admission to MSc Renewable Energy. Please confirm acceptance and pay the tuition fee deposit to secure your seat.",offer_letter
Top 10 productivity apps every university student should try in 2025 - TechBlog,unknown
"GRADE SHEET
Harvard University
CGPA: 9.7
Semester: 3
Marks obtained: 460/500",marksheet
Recipe: How to make butter chicken at home in under 30 minutes,unknown
"Indian Institute of Technology Delhi
Letter of Acceptance
Dear Applicant, we are pleased to offer you Conditional Offer of admission to Master of Social Work, Faculty of Graduate Studies. Tuition fee: approx $40,000 per year. Commencement: September intake.",offer_letter
"University of Melbourne
Letter of Acceptance
Dear Applicant, we are pleased to offer you Conditional Offer of admission to MSc Renewable Energy, Faculty of Graduate Studies. Tuition fee: approx $40,000 per year. Commencement: September intake.",offer_letter
Text overlay from a cooking show: add a pinch of salt and stir the percentage of spices evenly,unknown
Weather forecast for tomorrow: partly cloudy with a chance of rain in the afternoon,unknown
Settings > Notifications > Monthly income summary chart preview toggle dark mode,unknown
"Certified that the total annual income of Sunita Munda and family is Rs. 240,000. Issued by Tahsildar on 13/11/2022.",income_certificate
"Blank white image with faint watermark text, mostly illegible pixel noise qwpicture unreadable",unknown
"GOVERNMENT OF TELANGANA
OFFICE OF THE TAHSILDAR, DHAR
CASTE CERTIFICATE
Certificate Number: REF/GU/2021/2887
Date of Issue: 13/01/2021
This is to certify that Rekha Minz, residing at Dhar, District Dhar, Telangana belongs to a community recognized as a Scheduled Tribe (ST) under the Constitution (Scheduled Tribes) Order, 1950.
Issuing Authority: Tahsildar",caste_certificate
Marksheet issued by Anna University. Total percentage: 87.43%. Registration No: 758816. Session 2021-2022.,marksheet
Random forum post: does anyone know how to increase my monthly income working from home,unknown
"COLLEGE ID
Library Card No: LIB6328
Identity Card issued to Vikram Bhil, valid upto 15/02/2021.",college_id
Top 10 productivity apps every university student should try in 2027 - TechBlog,unknown
"INCOME CERTIFICATE
Certificate No: REF/WE/2025/3525
Date: 20/05/2021
This is to certify that the annual income of the family of Deepak Toppo is Rs. 120,000 (Rupees only) from all sources.
Family Income verified by Revenue Officer.",income_certificate
"AADHAAR CARD
Kavita Naik
UIDAI
Enrolment No: 1117/55794/20567
7031 9341 3689",aadhaar
"Spam text message: Congratulations! You have won a prize, click here to claim your offer letter now",unknown
"Admission Offer - Anna University
Programme: Master of Social Work
Country: Singapore
We are delighted to extend this offer letter for the upcoming academic year.",offer_letter
"STUDENT ID CARD
University of Melbourne
Name: Kavita Naik
Roll No: 2079
Valid Upto: 02/06/2023",college_id
Amazon order confirmation: Your package containing a bank statement organizer folder has shipped,unknown
"STATEMENT OF MARKS
University of Melbourne
Controller of Examinations
Roll No: RU/2021/ST/438
Percentage: 89.11%
Year of Passing: 2022",marksheet
"TRIBE CERTIFICATE
Ref No: REF/AN/2020/6697
Certified that Shri Amit Oraon son/daughter of resident of Simdega, Gujarat, belongs to Scheduled Tribe category as per the Constitution (Scheduled Tribes) Order.
Issued by: Tahsildar, Simdega",caste_certificate
Random forum post: does anyone know how to increase my monthly income working from home,unknown
Google Maps screenshot showing directions to the nearest university campus food court,unknown
Screenshot of a WhatsApp group chat about weekend plans and cricket scores,unknown
"Certified that the total annual income of Rekha Minz and family is Rs. 275,000. Issued by Tahsildar on 10/11/2021.",income_certificate
"Bank Statement
Bank of India, Branch
A/c No: 134095450320479
IFSC Code: ZLVP0358830
Name: Deepak Toppo
Saving Bank Account",bank_passbook
"Government of India
Unique Identification Authority of India
UIDAI
Aadhaar 4193 9577 9259
Mera Aadhaar, Meri Pehchaan
Name: Vikram Bhil",aadhaar
"OFFER LETTER
Oxford University, United States
This is an Unconditional Offer for admission to Master of Social Work. Please confirm acceptance and pay the tuition fee deposit to secure your seat.",offer_letter
"Certified that the total annual income of Deepak Toppo and family is Rs. 85,000. Issued by Tahsildar on 12/08/2019.",income_certificate
"INCOME CERTIFICATE
Certificate No: REF/TE/2020/6971
Date: 26/06/2022
This is to certify that the annual income of the family of Rekha Minz is Rs. 145,000 (Rupees only) from all sources.
Family Income verified by District Collector.",income_certificate
"INCOME CERTIFICATE
Certificate No: CERT/GU/2022/7280
Date: 01/01/2023
This is to certify that the annual income of the family of Suresh Meena is Rs. 190,000 (Rupees only) from all sources.
Family Income verified by District Collector.",income_certificate
"Admission Offer - University of Melbourne
Programme: Master of Public Policy
Country: Australia
We are delighted to extend this offer letter for the upcoming academic year.",offer_letter
"STUDENT ID CARD
Harvard University
Name: Sunita Munda
Roll No: 4548
Valid Upto: 24/03/2021",college_id
"OFFER LETTER
Harvard University, United States
This is an Unconditional Offer for admission to PhD in Biotechnology. Please confirm acceptance and pay the tuition fee deposit to secure your seat.",offer_letter
"Government of India
Unique Identification Authority of India
UIDAI
Aadhaar 7426 3593 5972
Mera Aadhaar, Meri Pehchaan
Name: Deepak Toppo",aadhaar
Random Wikipedia excerpt about the history of the university of Bologna founded in 1088,unknown
"STUDENT ID CARD
Harvard University
Name: Anita Gond
Roll No: 7575
Valid Upto: 04/08/2023",college_id
"PASSBOOK
Canara Bank
Account held by Amit Oraon. Account number 8968156651256765. IFSC APSL0316329.",bank_passbook
"Government of India
Unique Identification Authority of India
UIDAI
Aadhaar 5201 1191 7703
Mera Aadhaar, Meri Pehchaan
Name: Sunita Munda",aadhaar
"INCOME CERTIFICATE
Certificate No: ST/JH/2020/5231
Date: 06/09/2022
This is to certify that the annual income of the family of Deepak Toppo is Rs. 240,000 (Rupees only) from all sources.
Family Income verified by Tahsildar.",income_certificate
"Government of India
Unique Identification Authority of India
UIDAI
Aadhaar 5761 1693 4057
Mera Aadhaar, Meri Pehchaan
Name: Suresh Meena",aadhaar
Settings > Notifications > Monthly income summary chart preview toggle dark mode,unknown
"Blank white image with faint watermark text, mostly illegible pixel noise qwpicture unreadable",unknown
"A screenshot of a to-do list app showing tasks: buy groceries, pay electricity bank of statement, call mom",unknown
"Meme template with bold white text on a grey background, no visible document content",unknown
"GOVERNMENT OF MADHYA PRADESH
OFFICE OF THE SUB-DIVISIONAL MAGISTRATE, DHAR
CASTE CERTIFICATE
Certificate Number: REF/MA/2024/6107
Date of Issue: 13/11/2024
This is to certify that Rekha Minz, residing at Dhar, District Dhar, Madhya Pradesh belongs to a community recognized as a Scheduled Tribe (ST) under the Constitution (Scheduled Tribes) Order, 1950.
Issuing Authority: Sub-Divisional Magistrate",caste_certificate
"Government of India
Unique Identification Authority of India
UIDAI
Aadhaar 9584 6608 6276
Mera Aadhaar, Meri Pehchaan
Name: Rahul Kumar",aadhaar
"OFFER LETTER
Oxford University, Germany
This is an Unconditional Offer for admission to PhD in Computer Science. Please confirm acceptance and pay the tuition fee deposit to secure your seat.",offer_letter
Marksheet issued by Indian Institute of Technology Delhi. Total percentage: 62.58%. Registration No: 757776. Session 2019-2023.,marksheet
"State Bank of India
SAVINGS BANK PASSBOOK
Account Number: 7597586584033602
IFSC: RLVF0152072
Branch Code: 9092
Account Holder: Kavita Naik",bank_passbook
"Certified that the total annual income of Sunita Munda and family is Rs. 190,000. Issued by Revenue Officer on 07/12/2024.",income_certificate
"Bank Statement
Union Bank of India, Branch
A/c No: 9938042620491281
IFSC Code: PWMD0109958
Name: Deepak Toppo
Saving Bank Account",bank_passbook
Weather forecast for tomorrow: partly cloudy with a chance of rain in the afternoon,unknown
"COLLEGE ID
Library Card No: LIB8014
Identity Card issued to Suresh Meena, valid upto 02/06/2025.",college_id
Amazon order confirmation: Your package containing a bank statement organizer folder has shipped,unknown
"AADHAAR CARD
Priya Soren
UIDAI
Enrolment No: 5379/13199/97981
5455 4081 4847",aadhaar
"GOVERNMENT OFFICE OF THE DISTRICT COLLECTOR
This is to certify Anita Gond's gross income for the financial year is Rs 145,000. Annual income certificate issued as per revenue records.",income_certificate
"A screenshot of a to-do list app showing tasks: buy groceries, pay electricity bank of statement, call mom",unknown
Recipe: How to make butter chicken at home in under 30 minutes,unknown
Marksheet issued by Anna University. Total percentage: 88.92%. Registration No: 299800. Session 2021-2022.,marksheet
Screenshot of a WhatsApp group chat about weekend plans and cricket scores,unknown
"University of Melbourne
Letter of Acceptance
Dear Applicant, we are pleased to offer you Conditional Offer of admission to PhD in Biotechnology, Faculty of Graduate Studies. Tuition fee: approx $40,000 per year. Commencement: September intake.",offer_letter
Screenshot of a WhatsApp group chat about weekend plans and cricket scores,unknown
Random Wikipedia excerpt about the history of the university of Bologna founded in 1088,unknown
"Spam text message: Congratulations! You have won a prize, click here to claim your offer letter now",unknown
"This is to certify that Suresh Meena belongs to the Scheduled Tribe community. Category: Scheduled Tribe (ST). Issued by Sub-Divisional Magistrate, Simdega, dated 19/06/2019.",caste_certificate
"GOVERNMENT OF MADHYA PRADESH
OFFICE OF THE TAHSILDAR, NASHIK
CASTE CERTIFICATE
Certificate Number: REF/CH/2020/8080
Date of Issue: 13/01/2024
This is to certify that Suresh Meena, residing at Nashik, District Nashik, Madhya Pradesh belongs to a community recognized as a Scheduled Tribe (ST) under the Constitution (Scheduled Tribes) Order, 1950.
Issuing Authority: Tahsildar",caste_certificate
Top 10 productivity apps every university student should try in 2027 - TechBlog,unknown
"Admission Offer - Anna University
Programme: Master of Public Policy
Country: Singapore
We are delighted to extend this offer letter for the upcoming academic year.",offer_letter
Error 404 - Page not found. Please check the URL and try again.,unknown
Google Maps screenshot showing directions to the nearest university campus food court,unknown
"AADHAAR CARD
Rahul Kumar
UIDAI
Enrolment No: 1819/11469/45944
1000 5971 8291",aadhaar
"This is to certify that Rekha Minz belongs to the Scheduled Tribe community. Category: Scheduled Tribe (ST). Issued by Sub-Divisional Magistrate, Dahod, dated 10/09/2024.",caste_certificate
"Blank white image with faint watermark text, mostly illegible pixel noise qwpicture unreadable",unknown
Marksheet issued by Oxford University. Total percentage: 69.41%. Registration No: 905245. Session 2021-2024.,marksheet
Weather forecast for tomorrow: partly cloudy with a chance of rain in the afternoon,unknown
"STATEMENT OF MARKS
National Institute of Technology
Controller of Examinations
Roll No: RU/2020/ST/433
Percentage: 64.43%
Year of Passing: 2021",marksheet
Recipe: How to make butter chicken at home in under 30 minutes,unknown
"STATEMENT OF MARKS
University of Toronto
Controller of Examinations
Roll No: RU/2023/ST/804
Percentage: 72.1%
Year of Passing: 2021",marksheet
"This is to certify that Deepak Toppo belongs to the Scheduled Tribe community. Category: Scheduled Tribe (ST). Issued by Sub-Divisional Magistrate, Nashik, dated 20/08/2021.",caste_certificate
"Meme template with bold white text on a grey background, no visible document content",unknown
"TRIBE CERTIFICATE
Ref No: CERT/TE/2019/3870
Certified that Shri Vikram Bhil son/daughter of resident of Ranchi, Odisha, belongs to Scheduled Tribe category as per the Constitution (Scheduled Tribes) Order.
Issued by: Tehsildar, Ranchi",caste_certificate
News headline: Stock market income growth surges as tech university enrolments rise this semester,unknown
"Group photo caption: Our college id trip to the mountains was unforgettable, best semester ever",unknown
Amazon order confirmation: Your package containing a bank statement organizer folder has shipped,unknown
"COLLEGE ID
Library Card No: LIB8323
Identity Card issued to Deepak Toppo, valid upto 11/02/2022.",college_id
"This is to certify that Kavita Naik belongs to the Scheduled Tribe community. Category: Scheduled Tribe (ST). Issued by Sub-Divisional Magistrate, Ranchi, dated 01/03/2025.",caste_certificate
"AADHAAR CARD
Deepak Toppo
UIDAI
Enrolment No: 9043/70645/88983
5358 2096 8364",aadhaar
Top 10 productivity apps every university student should try in 2027 - TechBlog,unknown
"Meme template with bold white text on a grey background, no visible document content",unknown
"AADHAAR CARD
Sunita Munda
UIDAI
Enrolment No: 3384/94069/15236
7054 5544 7443",aadhaar
"TRIBE CERTIFICATE
Ref No: REF/OD/2020/5708
Certified that Shri Suresh Meena son/daughter of resident of Khunti, Rajasthan, belongs to Scheduled Tribe category as per the Constitution (Scheduled Tribes) Order.
Issued by: Sub-Divisional Magistrate, Khunti",caste_certificate
"GOVERNMENT OFFICE OF THE TAHSILDAR
This is to certify Rahul Kumar's gross income for the financial year is Rs 120,000. Annual income certificate issued as per revenue records.",income_certificate
"Admission Offer - Jadavpur University
Programme: Master of Data Science
Country: Germany
We are delighted to extend this offer letter for the upcoming academic year.",offer_letter
"STATEMENT OF MARKS
University of Melbourne
Controller of Examinations
Roll No: RU/2022/ST/144
Percentage: 74.23%
Year of Passing: 2020",marksheet
Screenshot of a WhatsApp group chat about weekend plans and cricket scores,unknown
"Admission Offer - Indian Institute of Technology Delhi
Programme: MSc Renewable Energy
Country: Canada
We are delighted to extend this offer letter for the upcoming academic year.",offer_letter
"OFFER LETTER
Indian Institute of Technology Delhi, United Kingdom
This is an Unconditional Offer for admission to MSc Renewable Energy. Please confirm acceptance and pay the tuition fee deposit to secure your seat.",offer_letter
"GOVERNMENT OFFICE OF THE TAHSILDAR
This is to certify Priya Soren's gross income for the financial year is Rs 275,000. Annual income certificate issued as per revenue records.",income_certificate
Error 404 - Page not found. Please check the URL and try again.,unknown
"Admission Offer - University of Melbourne
Programme: PhD in Computer Science
Country: Singapore
We are delighted to extend this offer letter for the upcoming academic year.",offer_letter
Screenshot of a WhatsApp group chat about weekend plans and cricket scores,unknown
"This is to certify that Rahul Kumar belongs to the Scheduled Tribe community. Category: Scheduled Tribe (ST). Issued by Sub-Divisional Magistrate, Gumla, dated 23/12/2021.",caste_certificate
"University of Melbourne
Letter of Acceptance
Dear Applicant, we are pleased to offer you Conditional Offer of admission to Master of Data Science, Faculty of Graduate Studies. Tuition fee: approx $40,000 per year. Commencement: September intake.",offer_letter
"Bank of Baroda
SAVINGS BANK PASSBOOK
Account Number: 5346557142089069
IFSC: GAPV0534661
Branch Code: 4149
Account Holder: Suresh Meena",bank_passbook
"AADHAAR CARD
Rahul Kumar
UIDAI
Enrolment No: 1800/10366/96774
5280 5024 7191",aadhaar
"COLLEGE ID
Library Card No: LIB4750
Identity Card issued to Rahul Kumar, valid upto 01/12/2024.",college_id
"This is to certify that Kavita Naik belongs to the Scheduled Tribe community. Category: Scheduled Tribe (ST). Issued by Sub-Divisional Magistrate, Bastar, dated 18/03/2021.",caste_certificate
Text overlay from a cooking show: add a pinch of salt and stir the percentage of spices evenly,unknown
Random Wikipedia excerpt about the history of the university of Bologna founded in 1088,unknown
"TRIBE CERTIFICATE
Ref No: CERT/AN/2022/7812
Certified that Shri Amit Oraon son/daughter of resident of Simdega, Madhya Pradesh, belongs to Scheduled Tribe category as per the Constitution (Scheduled Tribes) Order.
Issued by: Tahsildar, Simdega",caste_certificate
YouTube video thumbnail preview of a gaming livestream with subscriber count overlay,unknown
"Anna University
Letter of Acceptance
Dear Applicant, we are pleased to offer you Conditional Offer of admission to PhD in Computer Science, Faculty of Graduate Studies. Tuition fee: approx $40,000 per year. Commencement: September intake.",offer_letter
"Bank Statement
Bank of India, Branch
A/c No: 6770225212579394
IFSC Code: PWRB0213034
Name: Rekha Minz
Saving Bank Account",bank_passbook
Error 404 - Page not found. Please check the URL and try again.,unknown
Random Wikipedia excerpt about the history of the university of Bologna founded in 1088,unknown
"OFFER LETTER
Imperial College London, United States
This is an Unconditional Offer for admission to PhD in Biotechnology. Please confirm acceptance and pay the tuition fee deposit to secure your seat.",offer_letter
"COLLEGE ID
Library Card No: LIB8255
Identity Card issued to Rekha Minz, valid upto 22/06/2021.",college_id
"Admission Offer - Jadavpur University
Programme: PhD in Computer Science
Country: Australia
We are delighted to extend this offer letter for the upcoming academic year.",offer_letter
Marksheet issued by Indian Institute of Technology Delhi. Total percentage: 71.07%. Registration No: 427617. Session 2021-2021.,marksheet
"Bank Statement
Bank of Baroda, Branch
A/c No: 7010094861266263
IFSC Code: VOXF0857830
Name: Rekha Minz
Saving Bank Account",bank_passbook
Screenshot of a WhatsApp group chat about weekend plans and cricket scores,unknown
Settings > Notifications > Monthly income summary chart preview toggle dark mode,unknown
"STUDENT ID CARD
Oxford University
Name: Rahul Kumar
Roll No: 1059
Valid Upto: 07/12/2025",college_id
"Bank Statement
Bank of Baroda, Branch
A/c No: 1331098003123056
IFSC Code: NSTA0878727
Name: Deepak Toppo
Saving Bank Account",bank_passbook
Google Maps screenshot showing directions to the nearest university campus food court,unknown
"Bank Statement
Bank of India, Branch
A/c No: 5003272523023892
IFSC Code: SVOM0927289
Name: Vikram Bhil
Saving Bank Account",bank_passbook
"OFFER LETTER
Jadavpur University, Australia
This is an Unconditional Offer for admission to Master of Data Science. Please confirm acceptance and pay the tuition fee deposit to secure your seat.",offer_letter
"TRIBE CERTIFICATE
Ref No: CERT/JH/2023/1803
Certified that Shri Sunita Munda son/daughter of resident of Gumla, Gujarat, belongs to Scheduled Tribe category as per the Constitution (Scheduled Tribes) Order.
Issued by: Sub-Divisional Magistrate, Gumla",caste_certificate
"Certified that the total annual income of Anita Gond and family is Rs. 145,000. Issued by District Collector on 05/12/2024.",income_certificate
Google Maps screenshot showing directions to the nearest university campus food court,unknown
"STUDENT ID CARD
University of Melbourne
Name: Kavita Naik
Roll No: 3228
Valid Upto: 24/06/2024",college_id
Screenshot of a WhatsApp group chat about weekend plans and cricket scores,unknown
"GRADE SHEET
Anna University
CGPA: 7.37
Semester: 2
Marks obtained: 350/500",marksheet
Instagram post: Beautiful sunset at the beach today! #travel #vacation #blessed,unknown
"PASSBOOK
Canara Bank
Account held by Kavita Naik. Account number 219800253975778. IFSC VVUN0339464.",bank_passbook
"Group photo caption: Our college id trip to the mountains was unforgettable, best semester ever",unknown
"Bank Statement
Union Bank of India, Branch
A/c No: 1605195322365563
IFSC Code: CKSR0944013
Name: Suresh Meena
Saving Bank Account",bank_passbook
"Government of India
Unique Identification Authority of India
UIDAI
Aadhaar 7096 8659 6692
Mera Aadhaar, Meri Pehchaan
Name: Vikram Bhil",aadhaar
Product review: This laptop has great battery percentage remaining after 10 hours of use,unknown
"This is to certify that Rekha Minz belongs to the Scheduled Tribe community. Category: Scheduled Tribe (ST). Issued by Sub-Divisional Magistrate, Bastar, dated 18/05/2023.",caste_certificate
"GOVERNMENT OFFICE OF THE TAHSILDAR
This is to certify Rahul Kumar's gross income for the financial year is Rs 190,000. Annual income certificate issued as per revenue records.",income_certificate
Top 10 productivity apps every university student should try in 2027 - TechBlog,unknown
Marksheet issued by National Institute of Technology. Total percentage: 76.77%. Registration No: 925954. Session 2024-2020.,marksheet
"GOVERNMENT OFFICE OF THE REVENUE OFFICER
This is to certify Priya Soren's gross income for the financial year is Rs 145,000. Annual income certificate issued as per revenue records.",income_certificate
"GOVERNMENT OF WEST BENGAL
OFFICE OF THE TAHSILDAR, KHUNTI
CASTE CERTIFICATE
Certificate Number: REF/AN/2021/3102
Date of Issue: 27/09/2024
This is to certify that Anita Gond, residing at Khunti, District Khunti, West Bengal belongs to a community recognized as a Scheduled Tribe (ST) under the Constitution (Scheduled Tribes) Order, 1950.
Issuing Authority: Tahsildar",caste_certificate
"TRIBE CERTIFICATE
Ref No: ST/AN/2023/1138
Certified that Shri Sunita Munda son/daughter of resident of Bastar, Rajasthan, belongs to Scheduled Tribe category as per the Constitution (Scheduled Tribes) Order.
Issued by: Tahsildar, Bastar",caste_certificate
"GOVERNMENT OF RAJASTHAN
OFFICE OF THE SUB-DIVISIONAL MAGISTRATE, RANCHI
CASTE CERTIFICATE
Certificate Number: CERT/CH/2025/8612
Date of Issue: 23/08/2024
This is to certify that Amit Oraon, residing at Ranchi, District Ranchi, Rajasthan belongs to a community recognized as a Scheduled Tribe (ST) under the Constitution (Scheduled Tribes) Order, 1950.
Issuing Authority: Sub-Divisional Magistrate",caste_certificate
"AADHAAR CARD
Vikram Bhil
UIDAI
Enrolment No: 1835/66060/92327
9020 2770 8804",aadhaar
"Bank of Baroda
SAVINGS BANK PASSBOOK
Account Number: 7993472186374732
IFSC: TIHQ0897435
Branch Code: 1648
Account Holder: Deepak Toppo",bank_passbook
"AADHAAR CARD
Priya Soren
UIDAI
Enrolment No: 4570/51184/56303
7637 5491 5075",aadhaar
"Government of India
Unique Identification Authority of India
UIDAI
Aadhaar 1023 2877 7644
Mera Aadhaar, Meri Pehchaan
Name: Rekha Minz",aadhaar
Top 10 productivity apps every university student should try in 2025 - TechBlog,unknown
Amazon order confirmation: Your package containing a bank statement organizer folder has shipped,unknown
"STATEMENT OF MARKS
Oxford University
Controller of Examinations
Roll No: RU/2022/ST/441
Percentage: 78.26%
Year of Passing: 2022",marksheet
"Admission Offer - University of Toronto
Programme: Master of Public Policy
Country: Germany
We are delighted to extend this offer letter for the upcoming academic year.",offer_letter
Top 10 productivity apps every university student should try in 2024 - TechBlog,unknown
"PASSBOOK
Bank of Baroda
Account held by Kavita Naik. Account number 2217547444808288. IFSC RXQM0934184.",bank_passbook
"STUDENT ID CARD
Imperial College London
Name: Deepak Toppo
Roll No: 3111
Valid Upto: 10/10/2019",college_id
"Admission Offer - Harvard University
Programme: Master of Public Policy
Country: United States
We are delighted to extend this offer letter for the upcoming academic year.",offer_letter
"OFFER LETTER
Imperial College London, United Kingdom
This is an Unconditional Offer for admission to Master of Data Science. Please confirm acceptance and pay the tuition fee deposit to secure your seat.",offer_letter
"STATEMENT OF MARKS
Indian Institute of Technology Delhi
Controller of Examinations
Roll No: RU/2022/ST/453
Percentage: 70.29%
Year of Passing: 2022",marksheet
"GRADE SHEET
University of Melbourne
CGPA: 7.81
Semester: 6
Marks obtained: 371/500",marksheet
Recipe: How to make butter chicken at home in under 30 minutes,unknown
"Spam text message: Congratulations! You have won a prize, click here to claim your offer letter now",unknown
News headline: Stock market income growth surges as tech university enrolments rise this semester,unknown
"COLLEGE ID
Library Card No: LIB2084
Identity Card issued to Suresh Meena, valid upto 17/01/2023.",college_id
Settings > Notifications > Monthly income summary chart preview toggle dark mode,unknown
Random Wikipedia excerpt about the history of the university of Bologna founded in 1088,unknown
"Certified that the total annual income of Rahul Kumar and family is Rs. 145,000. Issued by Tahsildar on 16/04/2021.",income_certificate
"Government of India
Unique Identification Authority of India
UIDAI
Aadhaar 1977 8075 1703
Mera Aadhaar, Meri Pehchaan
Name: Anita Gond",aadhaar
"Certified that the total annual income of Deepak Toppo and family is Rs. 145,000. Issued by District Collector on 16/01/2021.",income_certificate
Marksheet issued by University of Toronto. Total percentage: 58.7%. Registration No: 560163. Session 2024-2022.,marksheet
"GOVERNMENT OFFICE OF THE TAHSILDAR
This is to certify Suresh Meena's gross income for the financial year is Rs 145,000. Annual income certificate issued as per revenue records.",income_certificate
"PASSBOOK
Bank of Baroda
Account held by Rahul Kumar. Account number 4953093619579449. IFSC QKZS0387492.",bank_passbook
Google Maps screenshot showing directions to the nearest university campus food court,unknown
Amazon order confirmation: Your package containing a bank statement organizer folder has shipped,unknown
"Admission Offer - University of Melbourne
Programme: Master of Social Work
Country: Singapore
We are delighted to extend this offer letter for the upcoming academic year.",offer_letter
"Government of India
Unique Identification Authority of India
UIDAI
Aadhaar 6597 9850 3612
Mera Aadhaar, Meri Pehchaan
Name: Rekha Minz",aadhaar
Marksheet issued by Indian Institute of Technology Delhi. Total percentage: 66.6%. Registration No: 556943. Session 2020-2022.,marksheet
"STUDENT ID CARD
Imperial College London
Name: Amit Oraon
Roll No: 2984
Valid Upto: 02/02/2019",college_id
Random Wikipedia excerpt about the history of the university of Bologna founded in 1088,unknown
Text overlay from a cooking show: add a pinch of salt and stir the percentage of spices evenly,unknown
Text overlay from a cooking show: add a pinch of salt and stir the percentage of spices evenly,unknown
Screenshot of a WhatsApp group chat about weekend plans and cricket scores,unknown
Error 404 - Page not found. Please check the URL and try again.,unknown
"This is to certify that Suresh Meena belongs to the Scheduled Tribe community. Category: Scheduled Tribe (ST). Issued by Sub-Divisional Magistrate, Koraput, dated 11/03/2022.",caste_certificate
Top 10 productivity apps every university student should try in 2024 - TechBlog,unknown
Settings > Notifications > Monthly income summary chart preview toggle dark mode,unknown
Settings > Notifications > Monthly income summary chart preview toggle dark mode,unknown
"GRADE SHEET
Jadavpur University
CGPA: 9.27
Semester: 5
Marks obtained: 440/500",marksheet
"STUDENT ID CARD
Harvard University
Name: Suresh Meena
Roll No: 2768
Valid Upto: 08/04/2022",college_id
"Bank of India
SAVINGS BANK PASSBOOK
Account Number: 7973938420167511
IFSC: UFUP0578417
Branch Code: 1008
Account Holder: Vikram Bhil",bank_passbook
"Government of India
Unique Identification Authority of India
UIDAI
Aadhaar 4956 9831 2369
Mera Aadhaar, Meri Pehchaan
Name: Anita Gond",aadhaar
"Government of India
Unique Identification Authority of India
UIDAI
Aadhaar 7551 7869 6426
Mera Aadhaar, Meri Pehchaan
Name: Vikram Bhil",aadhaar
"GOVERNMENT OF MAHARASHTRA
OFFICE OF THE SUB-DIVISIONAL MAGISTRATE, RANCHI
CASTE CERTIFICATE
Certificate Number: CERT/RA/2019/9313
Date of Issue: 07/03/2024
This is to certify that Suresh Meena, residing at Ranchi, District Ranchi, Maharashtra belongs to a community recognized as a Scheduled Tribe (ST) under the Constitution (Scheduled Tribes) Order, 1950.
Issuing Authority: Sub-Divisional Magistrate",caste_certificate
Settings > Notifications > Monthly income summary chart preview toggle dark mode,unknown
Error 404 - Page not found. Please check the URL and try again.,unknown
Marksheet issued by University of Toronto. Total percentage: 69.26%. Registration No: 223215. Session 2023-2020.,marksheet
"PASSBOOK
Canara Bank
Account held by Deepak Toppo. Account number 5284412682124312. IFSC BVDR0585289.",bank_passbook
Text overlay from a cooking show: add a pinch of salt and stir the percentage of spices evenly,unknown
"Government of India
Unique Identification Authority of India
UIDAI
Aadhaar 6867 8871 7069
Mera Aadhaar, Meri Pehchaan
Name: Kavita Naik",aadhaar
"STUDENT ID CARD
Anna University
Name: Kavita Naik
Roll No: 5323
Valid Upto: 24/05/2025",college_id
"Government of India
Unique Identification Authority of India
UIDAI
Aadhaar 2364 8370 2389
Mera Aadhaar, Meri Pehchaan
Name: Anita Gond",aadhaar
Settings > Notifications > Monthly income summary chart preview toggle dark mode,unknown
Amazon order confirmation: Your package containing a bank statement organizer folder has shipped,unknown
"Government of India
Unique Identification Authority of India
UIDAI
Aadhaar 8355 8093 6529
Mera Aadhaar, Meri Pehchaan
Name: Rahul Kumar",aadhaar
"This is to certify that Sunita Munda belongs to the Scheduled Tribe community. Category: Scheduled Tribe (ST). Issued by Sub-Divisional Magistrate, Gumla, dated 11/05/2020.",caste_certificate
"University of Toronto
Letter of Acceptance
Dear Applicant, we are pleased to offer you Conditional Offer of admission to PhD in Biotechnology, Faculty of Graduate Studies. Tuition fee: approx $40,000 per year. Commencement: September intake.",offer_letter
Random Wikipedia excerpt about the history of the university of Bologna founded in 1088,unknown
"PASSBOOK
Union Bank of India
Account held by Amit Oraon. Account number 212373833285783. IFSC PJAV0900530.",bank_passbook
"Bank Statement
Bank of India, Branch
A/c No: 5090187058883843
IFSC Code: ILFY0547028
Name: Suresh Meena
Saving Bank Account",bank_passbook
Screenshot of a WhatsApp group chat about weekend plans and cricket scores,unknown
"AADHAAR CARD
Amit Oraon
UIDAI
Enrolment No: 9085/24973/20481
8530 6615 7096",aadhaar
"PASSBOOK
Bank of Baroda
Account held by Suresh Meena. Account number 4739127113905383. IFSC PQGJ0656228.",bank_passbook
"Certified that the total annual income of Priya Soren and family is Rs. 190,000. Issued by Tahsildar on 11/02/2022.",income_certificate
"STATEMENT OF MARKS
National Institute of Technology
Controller of Examinations
Roll No: RU/2021/ST/395
Percentage: 89.44%
Year of Passing: 2021",marksheet
"Certified that the total annual income of Suresh Meena and family is Rs. 275,000. Issued by Revenue Officer on 18/01/2024.",income_certificate
"OFFER LETTER
Indian Institute of Technology Delhi, Canada
This is an Unconditional Offer for admission to Master of Social Work. Please confirm acceptance and pay the tuition fee deposit to secure your seat.",offer_letter
"TRIBE CERTIFICATE
Ref No: CERT/OD/2024/2525
Certified that Shri Anita Gond son/daughter of resident of Gumla, Gujarat, belongs to Scheduled Tribe category as per the Constitution (Scheduled Tribes) Order.
Issued by: Tahsildar, Gumla",caste_certificate
Weather forecast for tomorrow: partly cloudy with a chance of rain in the afternoon,unknown
"TRIBE CERTIFICATE
Ref No: ST/TE/2024/6155
Certified that Shri Deepak Toppo son/daughter of resident of Gumla, Rajasthan, belongs to Scheduled Tribe category as per the Constitution (Scheduled Tribes) Order.
Issued by: Tehsildar, Gumla",caste_certificate
"Indian Institute of Technology Delhi
Letter of Acceptance
Dear Applicant, we are pleased to offer you Conditional Offer of admission to Master of Data Science, Faculty of Graduate Studies. Tuition fee: approx $40,000 per year. Commencement: September intake.",offer_letter
"GOVERNMENT OFFICE OF THE REVENUE OFFICER
This is to certify Rekha Minz's gross income for the financial year is Rs 85,000. Annual income certificate issued as per revenue records.",income_certificate
"Spam text message: Congratulations! You have won a prize, click here to claim your offer letter now",unknown
Top 10 productivity apps every university student should try in 2026 - TechBlog,unknown
"GOVERNMENT OF WEST BENGAL
OFFICE OF THE TAHSILDAR, UDAIPUR
CASTE CERTIFICATE
Certificate Number: REF/WE/2022/8272
Date of Issue: 16/03/2019
This is to certify that Deepak Toppo, residing at Udaipur, District Udaipur, West Bengal belongs to a community recognized as a Scheduled Tribe (ST) under the Constitution (Scheduled Tribes) Order, 1950.
Issuing Authority: Tahsildar",caste_certificate
News headline: Stock market income growth surges as tech university enrolments rise this semester,unknown
"Blank white image with faint watermark text, mostly illegible pixel noise qwpicture unreadable",unknown
"Canara Bank
SAVINGS BANK PASSBOOK
Account Number: 7089435761929652
IFSC: TAYB0528645
Branch Code: 6793
Account Holder: Amit Oraon",bank_passbook
"GOVERNMENT OF MAHARASHTRA
OFFICE OF THE TEHSILDAR, SIMDEGA
CASTE CERTIFICATE
Certificate Number: ST/AN/2023/5304
Date of Issue: 24/10/2022
This is to certify that Kavita Naik, residing at Simdega, District Simdega, Maharashtra belongs to a community recognized as a Scheduled Tribe (ST) under the Constitution (Scheduled Tribes) Order, 1950.
Issuing Authority: Tehsildar",caste_certificate
Text overlay from a cooking show: add a pinch of salt and stir the percentage of spices evenly,unknown
Product review: This laptop has great battery percentage remaining after 10 hours of use,unknown
"Blank white image with faint watermark text, mostly illegible pixel noise qwpicture unreadable",unknown
Weather forecast for tomorrow: partly cloudy with a chance of rain in the afternoon,unknown
"Imperial College London
Letter of Acceptance
Dear Applicant, we are pleased to offer you Conditional Offer of admission to Master of Public Policy, Faculty of Graduate Studies. Tuition fee: approx $40,000 per year. Commencement: September intake.",offer_letter
"AADHAAR CARD
Sunita Munda
UIDAI
Enrolment No: 9133/89493/39332
5648 1524 7445",aadhaar
Error 404 - Page not found. Please check the URL and try again.,unknown
"Admission Offer - Indian Institute of Technology Delhi
Programme: Master of Data Science
Country: Germany
We are delighted to extend this offer letter for the upcoming academic year.",offer_letter
"PASSBOOK
Union Bank of India
Account held by Priya Soren. Account number 5883860795067244. IFSC NQFV0471872.",bank_passbook
Error 404 - Page not found. Please check the URL and try again.,unknown
"This is to certify that Priya Soren belongs to the Scheduled Tribe community. Category: Scheduled Tribe (ST). Issued by Sub-Divisional Magistrate, Koraput, dated 01/07/2023.",caste_certificate
"A screenshot of a to-do list app showing tasks: buy groceries, pay electricity bank of statement, call mom",unknown
Error 404 - Page not found. Please check the URL and try again.,unknown
"This is to certify that Amit Oraon belongs to the Scheduled Tribe community. Category: Scheduled Tribe (ST). Issued by Sub-Divisional Magistrate, Bastar, dated 13/05/2024.",caste_certificate
"STATEMENT OF MARKS
Jadavpur University
Controller of Examinations
Roll No: RU/2023/ST/604
Percentage: 84.9%
Year of Passing: 2021",marksheet
"AADHAAR CARD
Sunita Munda
UIDAI
Enrolment No: 3318/62439/91143
5835 3799 9547",aadhaar
"TRIBE CERTIFICATE
Ref No: ST/OD/2022/5554
Certified that Shri Rekha Minz son/daughter of resident of Bastar, Telangana, belongs to Scheduled Tribe category as per the Constitution (Scheduled Tribes) Order.
Issued by: Tehsildar, Bastar",caste_certificate
"A screenshot of a to-do list app showing tasks: buy groceries, pay electricity bank of statement, call mom",unknown
"Government of India
Unique Identification Authority of India
UIDAI
Aadhaar 1740 3939 4208
Mera Aadhaar, Meri Pehchaan
Name: Priya Soren",aadhaar
Weather forecast for tomorrow: partly cloudy with a chance of rain in the afternoon,unknown
Settings > Notifications > Monthly income summary chart preview toggle dark mode,unknown
Screenshot of a WhatsApp group chat about weekend plans and cricket scores,unknown
"INCOME CERTIFICATE
Certificate No: ST/RA/2019/8796
Date: 19/12/2019
This is to certify that the annual income of the family of Vikram Bhil is Rs. 120,000 (Rupees only) from all sources.
Family Income verified by Revenue Officer.",income_certificate
"Meme template with bold white text on a grey background, no visible document content",unknown
"COLLEGE ID
Library Card No: LIB9894
Identity Card issued to Rahul Kumar, valid upto 26/02/2023.",college_id
Random Wikipedia excerpt about the history of the university of Bologna founded in 1088,unknown
"Government of India
Unique Identification Authority of India
UIDAI
Aadhaar 9368 3000 8884
Mera Aadhaar, Meri Pehchaan
Name: Rekha Minz",aadhaar
"Certified that the total annual income of Anita Gond and family is Rs. 85,000. Issued by District Collector on 12/02/2025.",income_certificate
"Certified that the total annual income of Sunita Munda and family is Rs. 275,000. Issued by District Collector on 24/01/2024.",income_certificate
"PASSBOOK
Union Bank of India
Account held by Amit Oraon. Account number 8458197103312302. IFSC IIJA0714926.",bank_passbook
Text overlay from a cooking show: add a pinch of salt and stir the percentage of spices evenly,unknown
News headline: Stock market income growth surges as tech university enrolments rise this semester,unknown
"Admission Offer - Anna University
Programme: Master of Social Work
Country: United Kingdom
We are delighted to extend this offer letter for the upcoming academic year.",offer_letter
"PASSBOOK
Bank of Baroda
Account held by Vikram Bhil. Account number 3204916908060074. IFSC KSFC0727016.",bank_passbook
Product review: This laptop has great battery percentage remaining after 10 hours of use,unknown
"STATEMENT OF MARKS
Jadavpur University
Controller of Examinations
Roll No: RU/2021/ST/310
Percentage: 82.75%
Year of Passing: 2020",marksheet
"GOVERNMENT OFFICE OF THE DISTRICT COLLECTOR
This is to certify Amit Oraon's gross income for the financial year is Rs 145,000. Annual income certificate issued as per revenue records.",income_certificate
"Certified that the total annual income of Priya Soren and family is Rs. 240,000. Issued by Tahsildar on 13/04/2025.",income_certificate
News headline: Stock market income growth surges as tech university enrolments rise this semester,unknown
"STUDENT ID CARD
National Institute of Technology
Name: Vikram Bhil
Roll No: 6397
Valid Upto: 24/10/2022",college_id
Recipe: How to make butter chicken at home in under 30 minutes,unknown
"Meme template with bold white text on a grey background, no visible document content",unknown
"AADHAAR CARD
Sunita Munda
UIDAI
Enrolment No: 2345/20788/11112
3458 9853 8021",aadhaar
Weather forecast for tomorrow: partly cloudy with a chance of rain in the afternoon,unknown
"GRADE SHEET
National Institute of Technology
CGPA: 9.67
Semester: 5
Marks obtained: 459/500",marksheet
"Government of India
Unique Identification Authority of India
UIDAI
Aadhaar 1658 4782 5095
Mera Aadhaar, Meri Pehchaan
Name: Rahul Kumar",aadhaar
Marksheet issued by Indian Institute of Technology Delhi. Total percentage: 60.72%. Registration No: 317877. Session 2021-2023.,marksheet
"GRADE SHEET
Jadavpur University
CGPA: 7.78
Semester: 4
Marks obtained: 369/500",marksheet
"Imperial College London
Letter of Acceptance
Dear Applicant, we are pleased to offer you Conditional Offer of admission to Master of Social Work, Faculty of Graduate Studies. Tuition fee: approx $40,000 per year. Commencement: September intake.",offer_letter
"Certified that the total annual income of Anita Gond and family is Rs. 120,000. Issued by Revenue Officer on 02/12/2025.",income_certificate
"COLLEGE ID
Library Card No: LIB3959
Identity Card issued to Anita Gond, valid upto 15/02/2023.",college_id
Settings > Notifications > Monthly income summary chart preview toggle dark mode,unknown
"Certified that the total annual income of Amit Oraon and family is Rs. 240,000. Issued by Revenue Officer on 22/06/2020.",income_certificate
Settings > Notifications > Monthly income summary chart preview toggle dark mode,unknown
"STUDENT ID CARD
Oxford University
Name: Amit Oraon
Roll No: 5513
Valid Upto: 07/07/2021",college_id
"Admission Offer - Imperial College London
Programme: MSc Renewable Energy
Country: Australia
We are delighted to extend this offer letter for the upcoming academic year.",offer_letter
"TRIBE CERTIFICATE
Ref No: ST/GU/2019/7495
Certified that Shri Amit Oraon son/daughter of resident of Koraput, West Bengal, belongs to Scheduled Tribe category as per the Constitution (Scheduled Tribes) Order.
Issued by: Sub-Divisional Magistrate, Koraput",caste_certificate
"TRIBE CERTIFICATE
Ref No: REF/JH/2022/1307
Certified that Shri Amit Oraon son/daughter of resident of Simdega, Gujarat, belongs to Scheduled Tribe category as per the Constitution (Scheduled Tribes) Order.
Issued by: Sub-Divisional Magistrate, Simdega",caste_certificate
"STATEMENT OF MARKS
Indian Institute of Technology Delhi
Controller of Examinations
Roll No: RU/2024/ST/860
Percentage: 87.99%
Year of Passing: 2020",marksheet
"PASSBOOK
Bank of Baroda
Account held by Suresh Meena. Account number 7007481366992790. IFSC YWDF0553195.",bank_passbook
"GOVERNMENT OF MADHYA PRADESH
OFFICE OF THE SUB-DIVISIONAL MAGISTRATE, KHUNTI
CASTE CERTIFICATE
Certificate Number: REF/RA/2020/1725
Date of Issue: 19/11/2024
This is to certify that Sunita Munda, residing at Khunti, District Khunti, Madhya Pradesh belongs to a community recognized as a Scheduled Tribe (ST) under the Constitution (Scheduled Tribes) Order, 1950.
Issuing Authority: Sub-Divisional Magistrate",caste_certificate
Weather forecast for tomorrow: partly cloudy with a chance of rain in the afternoon,unknown
"AADHAAR CARD
Deepak Toppo
UIDAI
Enrolment No: 3698/39724/99654
6486 9014 2915",aadhaar
News headline: Stock market income growth surges as tech university enrolments rise this semester,unknown
Error 404 - Page not found. Please check the URL and try again.,unknown
"GOVERNMENT OF CHHATTISGARH
OFFICE OF THE TEHSILDAR, SIMDEGA
CASTE CERTIFICATE
Certificate Number: REF/GU/2023/4945
Date of Issue: 16/10/2020
This is to certify that Amit Oraon, residing at Simdega, District Simdega, Chhattisgarh belongs to a community recognized as a Scheduled Tribe (ST) under the Constitution (Scheduled Tribes) Order, 1950.
Issuing Authority: Tehsildar",caste_certificate
"AADHAAR CARD
Amit Oraon
UIDAI
Enrolment No: 8401/48455/31331
1652 5756 6429",aadhaar
Screenshot of a WhatsApp group chat about weekend plans and cricket scores,unknown
"AADHAAR CARD
Kavita Naik
UIDAI
Enrolment No: 4793/16198/47554
6964 2448 7017",aadhaar
"GOVERNMENT OF GUJARAT
OFFICE OF THE SUB-DIVISIONAL MAGISTRATE, DAHOD
CASTE CERTIFICATE
Certificate Number: ST/RA/2021/8501
Date of Issue: 20/03/2025
This is to certify that Suresh Meena, residing at Dahod, District Dahod, Gujarat belongs to a community recognized as a Scheduled Tribe (ST) under the Constitution (Scheduled Tribes) Order, 1950.
Issuing Authority: Sub-Divisional Magistrate",caste_certificate
"Government of India
Unique Identification Authority of India
UIDAI
Aadhaar 7648 5842 7152
Mera Aadhaar, Meri Pehchaan
Name: Deepak Toppo",aadhaar
Amazon order confirmation: Your package containing a bank statement organizer folder has shipped,unknown
"STATEMENT OF MARKS
Oxford University
Controller of Examinations
Roll No: RU/2024/ST/541
Percentage: 68.97%
Year of Passing: 2023",marksheet
"Bank of India
SAVINGS BANK PASSBOOK
Account Number: 9944991266218741
IFSC: NFXL0858183
Branch Code: 4920
Account Holder: Amit Oraon",bank_passbook
"TRIBE CERTIFICATE
Ref No: ST/AN/2020/5494
Certified that Shri Rekha Minz son/daughter of resident of Udaipur, Telangana, belongs to Scheduled Tribe category as per the Constitution (Scheduled Tribes) Order.
Issued by: Tahsildar, Udaipur",caste_certificate
Weather forecast for tomorrow: partly cloudy with a chance of rain in the afternoon,unknown
"Bank Statement
State Bank of India, Branch
A/c No: 6056052278830863
IFSC Code: LBLB0215400
Name: Vikram Bhil
Saving Bank Account",bank_passbook
"GRADE SHEET
Imperial College London
CGPA: 6.91
Semester: 5
Marks obtained: 328/500",marksheet
Marksheet issued by Anna University. Total percentage: 74.94%. Registration No: 844305. Session 2023-2025.,marksheet
"COLLEGE ID
Library Card No: LIB7755
Identity Card issued to Priya Soren, valid upto 05/03/2025.",college_id
"Bank Statement
Bank of India, Branch
A/c No: 8565206288264634
IFSC Code: WIXB0636561
Name: Kavita Naik
Saving Bank Account",bank_passbook
"This is to certify that Anita Gond belongs to the Scheduled Tribe community. Category: Scheduled Tribe (ST). Issued by Sub-Divisional Magistrate, Gumla, dated 03/09/2020.",caste_certificate
"Blank white image with faint watermark text, mostly illegible pixel noise qwpicture unreadable",unknown
Amazon order confirmation: Your package containing a bank statement organizer folder has shipped,unknown
Instagram post: Beautiful sunset at the beach today! #travel #vacation #blessed,unknown
"COLLEGE ID
Library Card No: LIB4282
Identity Card issued to Rekha Minz, valid upto 13/03/2025.",college_id
Amazon order confirmation: Your package containing a bank statement organizer folder has shipped,unknown
"Admission Offer - Oxford University
Programme: Master of Data Science
Country: Germany
We are delighted to extend this offer letter for the upcoming academic year.",offer_letter
Instagram post: Beautiful sunset at the beach today! #travel #vacation #blessed,unknown
"Admission Offer - Harvard University
Programme: Master of Social Work
Country: Singapore
We are delighted to extend this offer letter for the upcoming academic year.",offer_letter
"Government of India
Unique Identification Authority of India
UIDAI
Aadhaar 6306 7480 3916
Mera Aadhaar, Meri Pehchaan
Name: Anita Gond",aadhaar
"Punjab National Bank
SAVINGS BANK PASSBOOK
Account Number: 8987877642739728
IFSC: YDRN0403858
Branch Code: 3664
Account Holder: Vikram Bhil",bank_passbook
News headline: Stock market income growth surges as tech university enrolments rise this semester,unknown
"Indian Institute of Technology Delhi
Letter of Acceptance
Dear Applicant, we are pleased to offer you Conditional Offer of admission to Master of Social Work, Faculty of Graduate Studies. Tuition fee: approx $40,000 per year. Commencement: September intake.",offer_letter
"Bank Statement
Canara Bank, Branch
A/c No: 2888018517199810
IFSC Code: JAUD0582273
Name: Suresh Meena
Saving Bank Account",bank_passbook
"Blank white image with faint watermark text, mostly illegible pixel noise qwpicture unreadable",unknown
Weather forecast for tomorrow: partly cloudy with a chance of rain in the afternoon,unknown
Top 10 productivity apps every university student should try in 2027 - TechBlog,unknown
Random Wikipedia excerpt about the history of the university of Bologna founded in 1088,unknown
"Bank of Baroda
SAVINGS BANK PASSBOOK
Account Number: 9600630617007469
IFSC: PRWA0547861
Branch Code: 1849
Account Holder: Anita Gond",bank_passbook
Screenshot of a WhatsApp group chat about weekend plans and cricket scores,unknown
"This is to certify that Kavita Naik belongs to the Scheduled Tribe community. Category: Scheduled Tribe (ST). Issued by Sub-Divisional Magistrate, Udaipur, dated 25/04/2020.",caste_certificate
"Government of India
Unique Identification Authority of India
UIDAI
Aadhaar 3999 9142 7143
Mera Aadhaar, Meri Pehchaan
Name: Priya Soren",aadhaar
"Bank of Baroda
SAVINGS BANK PASSBOOK
Account Number: 1957275861060457
IFSC: OLXY0753887
Branch Code: 7752
Account Holder: Rahul Kumar",bank_passbook
"STATEMENT OF MARKS
National Institute of Technology
Controller of Examinations
Roll No: RU/2024/ST/596
Percentage: 95.54%
Year of Passing: 2023",marksheet
"Certified that the total annual income of Priya Soren and family is Rs. 240,000. Issued by District Collector on 12/06/2020.",income_certificate
YouTube video thumbnail preview of a gaming livestream with subscriber count overlay,unknown
"TRIBE CERTIFICATE
Ref No: REF/AN/2021/7363
Certified that Shri Priya Soren son/daughter of resident of Udaipur, Jharkhand, belongs to Scheduled Tribe category as per the Constitution (Scheduled Tribes) Order.
Issued by: Tahsildar, Udaipur",caste_certificate
Amazon order confirmation: Your package containing a bank statement organizer folder has shipped,unknown
"COLLEGE ID
Library Card No: LIB7893
Identity Card issued to Rekha Minz, valid upto 19/07/2025.",college_id
"GOVERNMENT OF RAJASTHAN
OFFICE OF THE SUB-DIVISIONAL MAGISTRATE, KHUNTI
CASTE CERTIFICATE
Certificate Number: REF/RA/2019/7523
Date of Issue: 09/04/2019
This is to certify that Anita Gond, residing at Khunti, District Khunti, Rajasthan belongs to a community recognized as a Scheduled Tribe (ST) under the Constitution (Scheduled Tribes) Order, 1950.
Issuing Authority: Sub-Divisional Magistrate",caste_certificate
"OFFER LETTER
Oxford University, United Kingdom
This is an Unconditional Offer for admission to Master of Data Science. Please confirm acceptance and pay the tuition fee deposit to secure your seat.",offer_letter
"STUDENT ID CARD
Oxford University
Name: Priya Soren
Roll No: 4251
Valid Upto: 07/08/2020",college_id
Text overlay from a cooking show: add a pinch of salt and stir the percentage of spices evenly,unknown
"Blank white image with faint watermark text, mostly illegible pixel noise qwpicture unreadable",unknown
"AADHAAR CARD
Suresh Meena
UIDAI
Enrolment No: 4328/81003/90779
1285 3627 2493",aadhaar
Google Maps screenshot showing directions to the nearest university campus food court,unknown
"University of Toronto
Letter of Acceptance
Dear Applicant, we are pleased to offer you Conditional Offer of admission to MSc Renewable Energy, Faculty of Graduate Studies. Tuition fee: approx $40,000 per year. Commencement: September intake.",offer_letter
"GRADE SHEET
Imperial College London
CGPA: 7.03
Semester: 5
Marks obtained: 334/500",marksheet
"Meme template with bold white text on a grey background, no visible document content",unknown
"TRIBE CERTIFICATE
Ref No: ST/MA/2025/8827
Certified that Shri Amit Oraon son/daughter of resident of Nashik, Odisha, belongs to Scheduled Tribe category as per the Constitution (Scheduled Tribes) Order.
Issued by: Tehsildar, Nashik",caste_certificate
"Government of India
Unique Identification Authority of India
UIDAI
Aadhaar 7487 3539 9980
Mera Aadhaar, Meri Pehchaan
Name: Sunita Munda",aadhaar
"GRADE SHEET
Harvard University
CGPA: 7.93
Semester: 4
Marks obtained: 376/500",marksheet
"Government of India
Unique Identification Authority of India
UIDAI
Aadhaar 7403 9034 2761
Mera Aadhaar, Meri Pehchaan
Name: Vikram Bhil",aadhaar
"STUDENT ID CARD
Indian Institute of Technology Delhi
Name: Kavita Naik
Roll No: 3479
Valid Upto: 25/09/2022",college_id
"Meme template with bold white text on a grey background, no visible document content",unknown
"Admission Offer - Harvard University
Programme: Master of Public Policy
Country: United Kingdom
We are delighted to extend this offer letter for the upcoming academic year.",offer_letter
"Bank of Baroda
SAVINGS BANK PASSBOOK
Account Number: 9793942928201203
IFSC: XCJT0236889
Branch Code: 8433
Account Holder: Anita Gond",bank_passbook
YouTube video thumbnail preview of a gaming livestream with subscriber count overlay,unknown
Text overlay from a cooking show: add a pinch of salt and stir the percentage of spices evenly,unknown
Google Maps screenshot showing directions to the nearest university campus food court,unknown
Random forum post: does anyone know how to increase my monthly income working from home,unknown
"Meme template with bold white text on a grey background, no visible document content",unknown
"Government of India
Unique Identification Authority of India
UIDAI
Aadhaar 4215 5012 6320
Mera Aadhaar, Meri Pehchaan
Name: Rahul Kumar",aadhaar
"Admission Offer - Indian Institute of Technology Delhi
Programme: Master of Data Science
Country: Germany
We are delighted to extend this offer letter for the upcoming academic year.",offer_letter
Google Maps screenshot showing directions to the nearest university campus food court,unknown
Error 404 - Page not found. Please check the URL and try again.,unknown
YouTube video thumbnail preview of a gaming livestream with subscriber count overlay,unknown
Weather forecast for tomorrow: partly cloudy with a chance of rain in the afternoon,unknown
Settings > Notifications > Monthly income summary chart preview toggle dark mode,unknown
"GOVERNMENT OFFICE OF THE TAHSILDAR
This is to certify Rahul Kumar's gross income for the financial year is Rs 275,000. Annual income certificate issued as per revenue records.",income_certificate
News headline: Stock market income growth surges as tech university enrolments rise this semester,unknown
"Bank Statement
State Bank of India, Branch
A/c No: 1465829913583837
IFSC Code: JYYM0790318
Name: Sunita Munda
Saving Bank Account",bank_passbook
Random forum post: does anyone know how to increase my monthly income working from home,unknown
Marksheet issued by Jadavpur University. Total percentage: 81.43%. Registration No: 609763. Session 2023-2025.,marksheet
"COLLEGE ID
Library Card No: LIB9020
Identity Card issued to Amit Oraon, valid upto 07/12/2023.",college_id
"GOVERNMENT OF MADHYA PRADESH
OFFICE OF THE SUB-DIVISIONAL MAGISTRATE, KORAPUT
CASTE CERTIFICATE
Certificate Number: CERT/AN/2022/4919
Date of Issue: 09/08/2019
This is to certify that Kavita Naik, residing at Koraput, District Koraput, Madhya Pradesh belongs to a community recognized as a Scheduled Tribe (ST) under the Constitution (Scheduled Tribes) Order, 1950.
Issuing Authority: Sub-Divisional Magistrate",caste_certificate
"INCOME CERTIFICATE
Certificate No: REF/TE/2019/8381
Date: 15/11/2023
This is to certify that the annual income of the family of Sunita Munda is Rs. 85,000 (Rupees only) from all sources.
Family Income verified by Revenue Officer.",income_certificate
Settings > Notifications > Monthly income summary chart preview toggle dark mode,unknown
Random Wikipedia excerpt about the history of the university of Bologna founded in 1088,unknown
"Government of India
Unique Identification Authority of India
UIDAI
Aadhaar 6890 7241 1335
Mera Aadhaar, Meri Pehchaan
Name: Kavita Naik",aadhaar
Screenshot of a WhatsApp group chat about weekend plans and cricket scores,unknown
"GOVERNMENT OFFICE OF THE TAHSILDAR
This is to certify Deepak Toppo's gross income for the financial year is Rs 85,000. Annual income certificate issued as per revenue records.",income_certificate
"OFFER LETTER
Harvard University, United Kingdom
This is an Unconditional Offer for admission to Master of Public Policy. Please confirm acceptance and pay the tuition fee deposit to secure your seat.",offer_letter
Amazon order confirmation: Your package containing a bank statement organizer folder has shipped,unknown
"This is to certify that Rekha Minz belongs to the Scheduled Tribe community. Category: Scheduled Tribe (ST). Issued by Sub-Divisional Magistrate, Bastar, dated 15/07/2024.",caste_certificate
"Admission Offer - Jadavpur University
Programme: PhD in Computer Science
Country: United Kingdom
We are delighted to extend this offer letter for the upcoming academic year.",offer_letter
"COLLEGE ID
Library Card No: LIB9508
Identity Card issued to Sunita Munda, valid upto 04/12/2020.",college_id
"GOVERNMENT OF WEST BENGAL
OFFICE OF THE TAHSILDAR, NASHIK
CASTE CERTIFICATE
Certificate Number: REF/JH/2025/2526
Date of Issue: 24/08/2024
This is to certify that Anita Gond, residing at Nashik, District Nashik, West Bengal belongs to a community recognized as a Scheduled Tribe (ST) under the Constitution (Scheduled Tribes) Order, 1950.
Issuing Authority: Tahsildar",caste_certificate
News headline: Stock market income growth surges as tech university enrolments rise this semester,unknown
"COLLEGE ID
Library Card No: LIB1869
Identity Card issued to Deepak Toppo, valid upto 28/03/2024.",college_id
"Certified that the total annual income of Rekha Minz and family is Rs. 85,000. Issued by Tahsildar on 08/03/2024.",income_certificate
"Certified that the total annual income of Suresh Meena and family is Rs. 145,000. Issued by District Collector on 27/01/2019.",income_certificate
"STATEMENT OF MARKS
Anna University
Controller of Examinations
Roll No: RU/2022/ST/601
Percentage: 59.43%
Year of Passing: 2023",marksheet
Recipe: How to make butter chicken at home in under 30 minutes,unknown
"GRADE SHEET
Harvard University
CGPA: 7.03
Semester: 2
Marks obtained: 333/500",marksheet
"INCOME CERTIFICATE
Certificate No: REF/MA/2025/7920
Date: 26/01/2023
This is to certify that the annual income of the family of Suresh Meena is Rs. 275,000 (Rupees only) from all sources.
Family Income verified by District Collector.",income_certificate
"This is to certify that Priya Soren belongs to the Scheduled Tribe community. Category: Scheduled Tribe (ST). Issued by Sub-Divisional Magistrate, Ranchi, dated 28/01/2025.",caste_certificate
"COLLEGE ID
Library Card No: LIB2499
Identity Card issued to Sunita Munda, valid upto 06/09/2022.",college_id
Marksheet issued by Imperial College London. Total percentage: 67.84%. Registration No: 112542. Session 2022-2020.,marksheet
"GRADE SHEET
Indian Institute of Technology Delhi
CGPA: 9.27
Semester: 3
Marks obtained: 440/500",marksheet
Settings > Notifications > Monthly income summary chart preview toggle dark mode,unknown
"Bank of Baroda
SAVINGS BANK PASSBOOK
Account Number: 4072980100724954
IFSC: MJJX0662484
Branch Code: 5415
Account Holder: Sunita Munda",bank_passbook
"This is to certify that Anita Gond belongs to the Scheduled Tribe community. Category: Scheduled Tribe (ST). Issued by Sub-Divisional Magistrate, Ranchi, dated 28/06/2019.",caste_certificate
"Blank white image with faint watermark text, mostly illegible pixel noise qwpicture unreadable",unknown
Recipe: How to make butter chicken at home in under 30 minutes,unknown
"AADHAAR CARD
Sunita Munda
UIDAI
Enrolment No: 6216/87088/57379
2079 5299 6227",aadhaar
"INCOME CERTIFICATE
Certificate No: REF/CH/2025/2951
Date: 24/04/2022
This is to certify that the annual income of the family of Anita Gond is Rs. 190,000 (Rupees only) from all sources.
Family Income verified by District Collector.",income_certificate
Recipe: How to make butter chicken at home in under 30 minutes,unknown
Instagram post: Beautiful sunset at the beach today! #travel #vacation #blessed,unknown
"COLLEGE ID
Library Card No: LIB2883
Identity Card issued to Deepak Toppo, valid upto 06/09/2024.",college_id
Random forum post: does anyone know how to increase my monthly income working from home,unknown
"OFFER LETTER
Oxford University, Australia
This is an Unconditional Offer for admission to Master of Data Science. Please confirm acceptance and pay the tuition fee deposit to secure your seat.",offer_letter
"STUDENT ID CARD
Harvard University
Name: Rahul Kumar
Roll No: 5176
Valid Upto: 11/12/2024",college_id
Marksheet issued by University of Melbourne. Total percentage: 68.65%. Registration No: 105621. Session 2021-2024.,marksheet
"STATEMENT OF MARKS
Anna University
Controller of Examinations
Roll No: RU/2023/ST/733
Percentage: 81.81%
Year of Passing: 2020",marksheet
"This is to certify that Kavita Naik belongs to the Scheduled Tribe community. Category: Scheduled Tribe (ST). Issued by Sub-Divisional Magistrate, Koraput, dated 06/04/2020.",caste_certificate
Google Maps screenshot showing directions to the nearest university campus food court,unknown
"Meme template with bold white text on a grey background, no visible document content",unknown
"INCOME CERTIFICATE
Certificate No: REF/GU/2025/8912
Date: 17/03/2024
This is to certify that the annual income of the family of Deepak Toppo is Rs. 85,000 (Rupees only) from all sources.
Family Income verified by District Collector.",income_certificate
"STUDENT ID CARD
Harvard University
Name: Kavita Naik
Roll No: 1835
Valid Upto: 17/08/2025",college_id
"STUDENT ID CARD
Oxford University
Name: Anita Gond
Roll No: 7998
Valid Upto: 02/08/2023",college_id
"STUDENT ID CARD
University of Toronto
Name: Rahul Kumar
Roll No: 4854
Valid Upto: 18/05/2021",college_id
"STUDENT ID CARD
Imperial College London
Name: Sunita Munda
Roll No: 9432
Valid Upto: 19/05/2021",college_id
"Union Bank of India
SAVINGS BANK PASSBOOK
Account Number: 4894055428028992
IFSC: VQPL0694691
Branch Code: 6782
Account Holder: Anita Gond",bank_passbook
Settings > Notifications > Monthly income summary chart preview toggle dark mode,unknown
"TRIBE CERTIFICATE
Ref No: REF/MA/2019/3955
Certified that Shri Vikram Bhil son/daughter of resident of Dahod, Madhya Pradesh, belongs to Scheduled Tribe category as per the Constitution (Scheduled Tribes) Order.
Issued by: Tahsildar, Dahod",caste_certificate
"Government of India
Unique Identification Authority of India
UIDAI
Aadhaar 5148 3255 6452
Mera Aadhaar, Meri Pehchaan
Name: Anita Gond",aadhaar
"Admission Offer - Harvard University
Programme: Master of Public Policy
Country: United Kingdom
We are delighted to extend this offer letter for the upcoming academic year.",offer_letter
"AADHAAR CARD
Kavita Naik
UIDAI
Enrolment No: 1261/91508/87374
7844 3769 6983",aadhaar
"GOVERNMENT OFFICE OF THE TAHSILDAR
This is to certify Amit Oraon's gross income for the financial year is Rs 240,000. Annual income certificate issued as per revenue records.",income_certificate
"Certified that the total annual income of Suresh Meena and family is Rs. 85,000. Issued by District Collector on 26/11/2022.",income_certificate
"TRIBE CERTIFICATE
Ref No: CERT/RA/2024/1793
Certified that Shri Suresh Meena son/daughter of resident of Gumla, West Bengal, belongs to Scheduled Tribe category as per the Constitution (Scheduled Tribes) Order.
Issued by: Tahsildar, Gumla",caste_certificate
"GOVERNMENT OFFICE OF THE DISTRICT COLLECTOR
This is to certify Anita Gond's gross income for the financial year is Rs 275,000. Annual income certificate issued as per revenue records.",income_certificate
"INCOME CERTIFICATE
Certificate No: CERT/WE/2023/1448
Date: 16/02/2021
This is to certify that the annual income of the family of Kavita Naik is Rs. 145,000 (Rupees only) from all sources.
Family Income verified by Tahsildar.",income_certificate
"Bank Statement
Bank of India, Branch
A/c No: 1271067791700539
IFSC Code: QHQQ0849149
Name: Anita Gond
Saving Bank Account",bank_passbook
"COLLEGE ID
Library Card No: LIB1286
Identity Card issued to Vikram Bhil, valid upto 27/01/2021.",college_id
"A screenshot of a to-do list app showing tasks: buy groceries, pay electricity bank of statement, call mom",unknown
"Certified that the total annual income of Anita Gond and family is Rs. 275,000. Issued by Revenue Officer on 09/01/2022.",income_certificate
"A screenshot of a to-do list app showing tasks: buy groceries, pay electricity bank of statement, call mom",unknown
Amazon order confirmation: Your package containing a bank statement organizer folder has shipped,unknown
"AADHAAR CARD
Vikram Bhil
UIDAI
Enrolment No: 6569/64005/19751
9699 6960 2230",aadhaar
Marksheet issued by University of Melbourne. Total percentage: 58.82%. Registration No: 960109. Session 2019-2023.,marksheet
Amazon order confirmation: Your package containing a bank statement organizer folder has shipped,unknown
"This is to certify that Rekha Minz belongs to the Scheduled Tribe community. Category: Scheduled Tribe (ST). Issued by Sub-Divisional Magistrate, Gumla, dated 20/12/2025.",caste_certificate
Random Wikipedia excerpt about the history of the university of Bologna founded in 1088,unknown
"Government of India
Unique Identification Authority of India
UIDAI
Aadhaar 1235 2844 2410
Mera Aadhaar, Meri Pehchaan
Name: Priya Soren",aadhaar
Recipe: How to make butter chicken at home in under 30 minutes,unknown
Random forum post: does anyone know how to increase my monthly income working from home,unknown
"A screenshot of a to-do list app showing tasks: buy groceries, pay electricity bank of statement, call mom",unknown
"STUDENT ID CARD
Imperial College London
Name: Anita Gond
Roll No: 5337
Valid Upto: 17/03/2021",college_id
"GOVERNMENT OF CHHATTISGARH
OFFICE OF THE TAHSILDAR, GUMLA
CASTE CERTIFICATE
Certificate Number: REF/WE/2025/4559
Date of Issue: 03/02/2020
This is to certify that Anita Gond, residing at Gumla, District Gumla, Chhattisgarh belongs to a community recognized as a Scheduled Tribe (ST) under the Constitution (Scheduled Tribes) Order, 1950.
Issuing Authority: Tahsildar",caste_certificate
"TRIBE CERTIFICATE
Ref No: CERT/MA/2022/5012
Certified that Shri Rekha Minz son/daughter of resident of Koraput, Madhya Pradesh, belongs to Scheduled Tribe category as per the Constitution (Scheduled Tribes) Order.
Issued by: Sub-Divisional Magistrate, Koraput",caste_certificate
"TRIBE CERTIFICATE
Ref No: REF/WE/2021/6446
Certified that Shri Anita Gond son/daughter of resident of Udaipur, Maharashtra, belongs to Scheduled Tribe category as per the Constitution (Scheduled Tribes) Order.
Issued by: Tehsildar, Udaipur",caste_certificate
"Group photo caption: Our college id trip to the mountains was unforgettable, best semester ever",unknown
Text overlay from a cooking show: add a pinch of salt and stir the percentage of spices evenly,unknown
"Bank of India
SAVINGS BANK PASSBOOK
Account Number: 2653342449584058
IFSC: LCCA0583232
Branch Code: 4064
Account Holder: Vikram Bhil",bank_passbook
"Bank Statement
Canara Bank, Branch
A/c No: 1754721025625080
IFSC Code: UDWO0936116
Name: Sunita Munda
Saving Bank Account",bank_passbook
"Admission Offer - Anna University
Programme: PhD in Biotechnology
Country: Australia
We are delighted to extend this offer letter for the upcoming academic year.",offer_letter
"This is to certify that Vikram Bhil belongs to the Scheduled Tribe community. Category: Scheduled Tribe (ST). Issued by Sub-Divisional Magistrate, Simdega, dated 01/11/2025.",caste_certificate
"This is to certify that Rekha Minz belongs to the Scheduled Tribe community. Category: Scheduled Tribe (ST). Issued by Sub-Divisional Magistrate, Bastar, dated 26/05/2021.",caste_certificate
"AADHAAR CARD
Sunita Munda
UIDAI
Enrolment No: 7934/36855/15234
1981 1161 2825",aadhaar
"Government of India
Unique Identification Authority of India
UIDAI
Aadhaar 7117 2064 3523
Mera Aadhaar, Meri Pehchaan
Name: Rekha Minz",aadhaar
"Spam text message: Congratulations! You have won a prize, click here to claim your offer letter now",unknown
Google Maps screenshot showing directions to the nearest university campus food court,unknown
"Jadavpur University
Letter of Acceptance
Dear Applicant, we are pleased to offer you Conditional Offer of admission to PhD in Biotechnology, Faculty of Graduate Studies. Tuition fee: approx $40,000 per year. Commencement: September intake.",offer_letter
Top 10 productivity apps every university student should try in 2027 - TechBlog,unknown
Instagram post: Beautiful sunset at the beach today! #travel #vacation #blessed,unknown
"A screenshot of a to-do list app showing tasks: buy groceries, pay electricity bank of statement, call mom",unknown
"Jadavpur University
Letter of Acceptance
Dear Applicant, we are pleased to offer you Conditional Offer of admission to Master of Data Science, Faculty of Graduate Studies. Tuition fee: approx $40,000 per year. Commencement: September intake.",offer_letter
"Imperial College London
Letter of Acceptance
Dear Applicant, we are pleased to offer you Conditional Offer of admission to MSc Renewable Energy, Faculty of Graduate Studies. Tuition fee: approx $40,000 per year. Commencement: September intake.",offer_letter
Screenshot of a WhatsApp group chat about weekend plans and cricket scores,unknown
"Admission Offer - University of Toronto
Programme: PhD in Biotechnology
Country: Australia
We are delighted to extend this offer letter for the upcoming academic year.",offer_letter
"A screenshot of a to-do list app showing tasks: buy groceries, pay electricity bank of statement, call mom",unknown
"This is to certify that Sunita Munda belongs to the Scheduled Tribe community. Category: Scheduled Tribe (ST). Issued by Sub-Divisional Magistrate, Khunti, dated 08/09/2022.",caste_certificate
"COLLEGE ID
Library Card No: LIB2690
Identity Card issued to Amit Oraon, valid upto 04/11/2024.",college_id
"GOVERNMENT OFFICE OF THE TAHSILDAR
This is to certify Anita Gond's gross income for the financial year is Rs 85,000. Annual income certificate issued as per revenue records.",income_certificate
Error 404 - Page not found. Please check the URL and try again.,unknown
"Certified that the total annual income of Priya Soren and family is Rs. 85,000. Issued by District Collector on 13/10/2020.",income_certificate
"Blank white image with faint watermark text, mostly illegible pixel noise qwpicture unreadable",unknown
"Punjab National Bank
SAVINGS BANK PASSBOOK
Account Number: 7044775953579225
IFSC: BSHX0835165
Branch Code: 9978
Account Holder: Suresh Meena",bank_passbook
"Imperial College London
Letter of Acceptance
Dear Applicant, we are pleased to offer you Conditional Offer of admission to Master of Public Policy, Faculty of Graduate Studies. Tuition fee: approx $40,000 per year. Commencement: September intake.",offer_letter
"AADHAAR CARD
Suresh Meena
UIDAI
Enrolment No: 9301/93964/47408
4575 7988 5111",aadhaar
"Certified that the total annual income of Priya Soren and family is Rs. 275,000. Issued by Tahsildar on 16/09/2025.",income_certificate
Google Maps screenshot showing directions to the nearest university campus food court,unknown
"COLLEGE ID
Library Card No: LIB5338
Identity Card issued to Rekha Minz, valid upto 14/01/2021.",college_id
"GOVERNMENT OF GUJARAT
OFFICE OF THE TEHSILDAR, UDAIPUR
CASTE CERTIFICATE
Certificate Number: ST/TE/2020/5096
Date of Issue: 02/11/2022
This is to certify that Deepak Toppo, residing at Udaipur, District Udaipur, Gujarat belongs to a community recognized as a Scheduled Tribe (ST) under the Constitution (Scheduled Tribes) Order, 1950.
Issuing Authority: Tehsildar",caste_certificate
"COLLEGE ID
Library Card No: LIB3966
Identity Card issued to Kavita Naik, valid upto 14/08/2024.",college_id
"OFFER LETTER
Imperial College London, Singapore
This is an Unconditional Offer for admission to MSc Renewable Energy. Please confirm acceptance and pay the tuition fee deposit to secure your seat.",offer_letter
"STUDENT ID CARD
Oxford University
Name: Kavita Naik
Roll No: 3876
Valid Upto: 03/08/2024",college_id
"TRIBE CERTIFICATE
Ref No: REF/OD/2022/8457
Certified that Shri Vikram Bhil son/daughter of resident of Khunti, Jharkhand, belongs to Scheduled Tribe category as per the Constitution (Scheduled Tribes) Order.
Issued by: Tahsildar, Khunti",caste_certificate
"State Bank of India
SAVINGS BANK PASSBOOK
Account Number: 7236086639293716
IFSC: CTGP0791770
Branch Code: 1173
Account Holder: Kavita Naik",bank_passbook
"Bank of India
SAVINGS BANK PASSBOOK
Account Number: 4046643537240017
IFSC: NCTY0480160
Branch Code: 4953
Account Holder: Kavita Naik",bank_passbook
"OFFER LETTER
Imperial College London, Canada
This is an Unconditional Offer for admission to PhD in Computer Science. Please confirm acceptance and pay the tuition fee deposit to secure your seat.",offer_letter
Marksheet issued by Oxford University. Total percentage: 71.27%. Registration No: 647312. Session 2024-2024.,marksheet
Product review: This laptop has great battery percentage remaining after 10 hours of use,unknown
"This is to certify that Deepak Toppo belongs to the Scheduled Tribe community. Category: Scheduled Tribe (ST). Issued by Sub-Divisional Magistrate, Khunti, dated 20/09/2021.",caste_certificate
Weather forecast for tomorrow: partly cloudy with a chance of rain in the afternoon,unknown
"Government of India
Unique Identification Authority of India
UIDAI
Aadhaar 4977 9026 9010
Mera Aadhaar, Meri Pehchaan
Name: Vikram Bhil",aadhaar
"PASSBOOK
Bank of Baroda
Account held by Kavita Naik. Account number 7124139652748875. IFSC BTDR0173950.",bank_passbook
"Certified that the total annual income of Rekha Minz and family is Rs. 240,000. Issued by Tahsildar on 03/01/2020.",income_certificate
"COLLEGE ID
Library Card No: LIB5115
Identity Card issued to Deepak Toppo, valid upto 26/09/2024.",college_id
"STUDENT ID CARD
Anna University
Name: Vikram Bhil
Roll No: 7309
Valid Upto: 20/03/2025",college_id
"INCOME CERTIFICATE
Certificate No: ST/WE/2021/6792
Date: 07/10/2021
This is to certify that the annual income of the family of Anita Gond is Rs. 240,000 (Rupees only) from all sources.
Family Income verified by Tahsildar.",income_certificate
"A screenshot of a to-do list app showing tasks: buy groceries, pay electricity bank of statement, call mom",unknown
"STUDENT ID CARD
Anna University
Name: Rekha Minz
Roll No: 7456
Valid Upto: 07/03/2021",college_id
"STUDENT ID CARD
Oxford University
Name: Deepak Toppo
Roll No: 5788
Valid Upto: 08/04/2022",college_id
"STUDENT ID CARD
Oxford University
Name: Vikram Bhil
Roll No: 4257
Valid Upto: 16/05/2024",college_id
Marksheet issued by Indian Institute of Technology Delhi. Total percentage: 76.78%. Registration No: 619344. Session 2020-2020.,marksheet
"A screenshot of a to-do list app showing tasks: buy groceries, pay electricity bank of statement, call mom",unknown
"GRADE SHEET
Anna University
CGPA: 9.08
Semester: 2
Marks obtained: 431/500",marksheet
"A screenshot of a to-do list app showing tasks: buy groceries, pay electricity bank of statement, call mom",unknown
Text overlay from a cooking show: add a pinch of salt and stir the percentage of spices evenly,unknown
"A screenshot of a to-do list app showing tasks: buy groceries, pay electricity bank of statement, call mom",unknown
"PASSBOOK
State Bank of India
Account held by Anita Gond. Account number 6353700772885426. IFSC TORN0479687.",bank_passbook
Amazon order confirmation: Your package containing a bank statement organizer folder has shipped,unknown
Product review: This laptop has great battery percentage remaining after 10 hours of use,unknown
"Certified that the total annual income of Deepak Toppo and family is Rs. 85,000. Issued by District Collector on 09/08/2025.",income_certificate
"GOVERNMENT OFFICE OF THE REVENUE OFFICER
This is to certify Anita Gond's gross income for the financial year is Rs 190,000. Annual income certificate issued as per revenue records.",income_certificate
"Meme template with bold white text on a grey background, no visible document content",unknown
"OFFER LETTER
Anna University, Germany
This is an Unconditional Offer for admission to PhD in Biotechnology. Please confirm acceptance and pay the tuition fee deposit to secure your seat.",offer_letter
"AADHAAR CARD
Sunita Munda
UIDAI
Enrolment No: 1395/31233/21321
4060 4219 8308",aadhaar
Recipe: How to make butter chicken at home in under 30 minutes,unknown
Text overlay from a cooking show: add a pinch of salt and stir the percentage of spices evenly,unknown
"GOVERNMENT OFFICE OF THE DISTRICT COLLECTOR
This is to certify Priya Soren's gross income for the financial year is Rs 190,000. Annual income certificate issued as per revenue records.",income_certificate
Random Wikipedia excerpt about the history of the university of Bologna founded in 1088,unknown
"AADHAAR CARD
Rahul Kumar
UIDAI
Enrolment No: 1691/38704/40495
3500 3255 9201",aadhaar
"AADHAAR CARD
Rekha Minz
UIDAI
Enrolment No: 4998/94603/18479
8409 1358 7371",aadhaar
YouTube video thumbnail preview of a gaming livestream with subscriber count overlay,unknown
"PASSBOOK
State Bank of India
Account held by Amit Oraon. Account number 6606470458505512. IFSC NQIC0533265.",bank_passbook
"Government of India
Unique Identification Authority of India
UIDAI
Aadhaar 8549 6421 2733
Mera Aadhaar, Meri Pehchaan
Name: Rekha Minz",aadhaar
Text overlay from a cooking show: add a pinch of salt and stir the percentage of spices evenly,unknown
YouTube video thumbnail preview of a gaming livestream with subscriber count overlay,unknown
"Certified that the total annual income of Deepak Toppo and family is Rs. 275,000. Issued by District Collector on 16/10/2023.",income_certificate
"Group photo caption: Our college id trip to the mountains was unforgettable, best semester ever",unknown
Recipe: How to make butter chicken at home in under 30 minutes,unknown
"GRADE SHEET
Indian Institute of Technology Delhi
CGPA: 9.2
Semester: 8
Marks obtained: 436/500",marksheet
Amazon order confirmation: Your package containing a bank statement organizer folder has shipped,unknown
Google Maps screenshot showing directions to the nearest university campus food court,unknown
"Bank Statement
Bank of India, Branch
A/c No: 8714381155329175
IFSC Code: JMRO0631607
Name: Deepak Toppo
Saving Bank Account",bank_passbook
"Government of India
Unique Identification Authority of India
UIDAI
Aadhaar 7735 7205 9501
Mera Aadhaar, Meri Pehchaan
Name: Vikram Bhil",aadhaar
"GOVERNMENT OF ANDHRA PRADESH
OFFICE OF THE SUB-DIVISIONAL MAGISTRATE, KHUNTI
CASTE CERTIFICATE
Certificate Number: ST/TE/2023/3526
Date of Issue: 06/11/2023
This is to certify that Deepak Toppo, residing at Khunti, District Khunti, Andhra Pradesh belongs to a community recognized as a Scheduled Tribe (ST) under the Constitution (Scheduled Tribes) Order, 1950.
Issuing Authority: Sub-Divisional Magistrate",caste_certificate
"GOVERNMENT OF GUJARAT
OFFICE OF THE SUB-DIVISIONAL MAGISTRATE, KORAPUT
CASTE CERTIFICATE
Certificate Number: REF/TE/2019/2192
Date of Issue: 07/10/2024
This is to certify that Rahul Kumar, residing at Koraput, District Koraput, Gujarat belongs to a community recognized as a Scheduled Tribe (ST) under the Constitution (Scheduled Tribes) Order, 1950.
Issuing Authority: Sub-Divisional Magistrate",caste_certificate
"AADHAAR CARD
Suresh Meena
UIDAI
Enrolment No: 1569/20071/20992
9272 9137 6364",aadhaar
"AADHAAR CARD
Amit Oraon
UIDAI
Enrolment No: 7054/84098/72065
2034 1290 8324",aadhaar
News headline: Stock market income growth surges as tech university enrolments rise this semester,unknown
"Admission Offer - Jadavpur University
Programme: PhD in Computer Science
Country: Germany
We are delighted to extend this offer letter for the upcoming academic year.",offer_letter
"Meme template with bold white text on a grey background, no visible document content",unknown
"INCOME CERTIFICATE
Certificate No: CERT/MA/2019/4387
Date: 17/06/2022
This is to certify that the annual income of the family of Priya Soren is Rs. 145,000 (Rupees only) from all sources.
Family Income verified by Tahsildar.",income_certificate
"STATEMENT OF MARKS
Imperial College London
Controller of Examinations
Roll No: RU/2024/ST/958
Percentage: 90.01%
Year of Passing: 2024",marksheet
"AADHAAR CARD
Anita Gond
UIDAI
Enrolment No: 9859/29096/52036
6681 7668 3850",aadhaar
"A screenshot of a to-do list app showing tasks: buy groceries, pay electricity bank of statement, call mom",unknown
"GRADE SHEET
Jadavpur University
CGPA: 9.42
Semester: 3
Marks obtained: 447/500",marksheet
Google Maps screenshot showing directions to the nearest university campus food court,unknown
Text overlay from a cooking show: add a pinch of salt and stir the percentage of spices evenly,unknown
Amazon order confirmation: Your package containing a bank statement organizer folder has shipped,unknown
"PASSBOOK
Bank of Baroda
Account held by Suresh Meena. Account number 8055564629443083. IFSC IRDM0434397.",bank_passbook
Top 10 productivity apps every university student should try in 2025 - TechBlog,unknown
"STUDENT ID CARD
Anna University
Name: Rahul Kumar
Roll No: 1525
Valid Upto: 02/05/2022",college_id
"TRIBE CERTIFICATE
Ref No: CERT/AN/2022/2929
Certified that Shri Deepak Toppo son/daughter of resident of Bastar, Gujarat, belongs to Scheduled Tribe category as per the Constitution (Scheduled Tribes) Order.
Issued by: Tahsildar, Bastar",caste_certificate
Weather forecast for tomorrow: partly cloudy with a chance of rain in the afternoon,unknown
"This is to certify that Suresh Meena belongs to the Scheduled Tribe community. Category: Scheduled Tribe (ST). Issued by Sub-Divisional Magistrate, Bastar, dated 27/09/2021.",caste_certificate
"GRADE SHEET
Indian Institute of Technology Delhi
CGPA: 6.54
Semester: 3
Marks obtained: 310/500",marksheet
"GRADE SHEET
National Institute of Technology
CGPA: 6.82
Semester: 4
Marks obtained: 323/500",marksheet
Screenshot of a WhatsApp group chat about weekend plans and cricket scores,unknown
Settings > Notifications > Monthly income summary chart preview toggle dark mode,unknown
Random Wikipedia excerpt about the history of the university of Bologna founded in 1088,unknown
"Blank white image with faint watermark text, mostly illegible pixel noise qwpicture unreadable",unknown
"National Institute of Technology
Letter of Acceptance
Dear Applicant, we are pleased to offer you Conditional Offer of admission to PhD in Computer Science, Faculty of Graduate Studies. Tuition fee: approx $40,000 per year. Commencement: September intake.",offer_letter
"Blank white image with faint watermark text, mostly illegible pixel noise qwpicture unreadable",unknown
Text overlay from a cooking show: add a pinch of salt and stir the percentage of spices evenly,unknown
Screenshot of a WhatsApp group chat about weekend plans and cricket scores,unknown
"Government of India
Unique Identification Authority of India
UIDAI
Aadhaar 3685 6921 2599
Mera Aadhaar, Meri Pehchaan
Name: Vikram Bhil",aadhaar
Screenshot of a WhatsApp group chat about weekend plans and cricket scores,unknown
Screenshot of a WhatsApp group chat about weekend plans and cricket scores,unknown
YouTube video thumbnail preview of a gaming livestream with subscriber count overlay,unknown
Text overlay from a cooking show: add a pinch of salt and stir the percentage of spices evenly,unknown
"GOVERNMENT OF JHARKHAND
OFFICE OF THE TEHSILDAR, UDAIPUR
CASTE CERTIFICATE
Certificate Number: CERT/CH/2019/7504
Date of Issue: 26/08/2020
This is to certify that Priya Soren, residing at Udaipur, District Udaipur, Jharkhand belongs to a community recognized as a Scheduled Tribe (ST) under the Constitution (Scheduled Tribes) Order, 1950.
Issuing Authority: Tehsildar",caste_certificate
"STATEMENT OF MARKS
Anna University
Controller of Examinations
Roll No: RU/2022/ST/239
Percentage: 62.3%
Year of Passing: 2023",marksheet
"TRIBE CERTIFICATE
Ref No: ST/OD/2025/4522
Certified that Shri Rekha Minz son/daughter of resident of Udaipur, Rajasthan, belongs to Scheduled Tribe category as per the Constitution (Scheduled Tribes) Order.
Issued by: Tahsildar, Udaipur",caste_certificate
Settings > Notifications > Monthly income summary chart preview toggle dark mode,unknown
"STATEMENT OF MARKS
Imperial College London
Controller of Examinations
Roll No: RU/2020/ST/527
Percentage: 92.46%
Year of Passing: 2020",marksheet
"STUDENT ID CARD
Imperial College London
Name: Anita Gond
Roll No: 9141
Valid Upto: 27/01/2024",college_id
"A screenshot of a to-do list app showing tasks: buy groceries, pay electricity bank of statement, call mom",unknown
"Admission Offer - Anna University
Programme: Master of Public Policy
Country: Singapore
We are delighted to extend this offer letter for the upcoming academic year.",offer_letter
"INCOME CERTIFICATE
Certificate No: REF/OD/2025/7253
Date: 17/05/2022
This is to certify that the annual income of the family of Sunita Munda is Rs. 120,000 (Rupees only) from all sources.
Family Income verified by Revenue Officer.",income_certificate
"Government of India
Unique Identification Authority of India
UIDAI
Aadhaar 9115 4048 8687
Mera Aadhaar, Meri Pehchaan
Name: Vikram Bhil",aadhaar
"GOVERNMENT OFFICE OF THE REVENUE OFFICER
This is to certify Anita Gond's gross income for the financial year is Rs 275,000. Annual income certificate issued as per revenue records.",income_certificate
"This is to certify that Vikram Bhil belongs to the Scheduled Tribe community. Category: Scheduled Tribe (ST). Issued by Sub-Divisional Magistrate, Koraput, dated 24/08/2021.",caste_certificate
"University of Melbourne
Letter of Acceptance
Dear Applicant, we are pleased to offer you Conditional Offer of admission to MSc Renewable Energy, Faculty of Graduate Studies. Tuition fee: approx $40,000 per year. Commencement: September intake.",offer_letter
"AADHAAR CARD
Anita Gond
UIDAI
Enrolment No: 7054/96681/16422
6999 6081 3789",aadhaar
"Bank of India
SAVINGS BANK PASSBOOK
Account Number: 5956671987903300
IFSC: USOP0898304
Branch Code: 3294
Account Holder: Amit Oraon",bank_passbook
"Certified that the total annual income of Priya Soren and family is Rs. 190,000. Issued by District Collector on 14/06/2025.",income_certificate
Settings > Notifications > Monthly income summary chart preview toggle dark mode,unknown
Settings > Notifications > Monthly income summary chart preview toggle dark mode,unknown
"AADHAAR CARD
Sunita Munda
UIDAI
Enrolment No: 8445/55592/49740
4675 8362 4291",aadhaar
Settings > Notifications > Monthly income summary chart preview toggle dark mode,unknown
"Government of India
Unique Identification Authority of India
UIDAI
Aadhaar 3008 5956 4436
Mera Aadhaar, Meri Pehchaan
Name: Kavita Naik",aadhaar
"This is to certify that Rahul Kumar belongs to the Scheduled Tribe community. Category: Scheduled Tribe (ST). Issued by Sub-Divisional Magistrate, Dahod, dated 03/03/2019.",caste_certificate
"STUDENT ID CARD
Imperial College London
Name: Anita Gond
Roll No: 4983
Valid Upto: 27/11/2022",college_id
"GRADE SHEET
Imperial College London
CGPA: 7.74
Semester: 8
Marks obtained: 367/500",marksheet
"Group photo caption: Our college id trip to the mountains was unforgettable, best semester ever",unknown
"GRADE SHEET
University of Melbourne
CGPA: 9.97
Semester: 2
Marks obtained: 473/500",marksheet
"TRIBE CERTIFICATE
Ref No: CERT/AN/2021/7691
Certified that Shri Priya Soren son/daughter of resident of Bastar, Gujarat, belongs to Scheduled Tribe category as per the Constitution (Scheduled Tribes) Order.
Issued by: Tehsildar, Bastar",caste_certificate
"PASSBOOK
Bank of India
Account held by Rahul Kumar. Account number 4930999587457958. IFSC SCPJ0775908.",bank_passbook
"Bank Statement
Canara Bank, Branch
A/c No: 4068209390946333
IFSC Code: CTSJ0976129
Name: Priya Soren
Saving Bank Account",bank_passbook
Marksheet issued by Jadavpur University. Total percentage: 66.54%. Registration No: 207392. Session 2020-2021.,marksheet
"Imperial College London
Letter of Acceptance
Dear Applicant, we are pleased to offer you Conditional Offer of admission to Master of Social Work, Faculty of Graduate Studies. Tuition fee: approx $40,000 per year. Commencement: September intake.",offer_letter
Top 10 productivity apps every university student should try in 2024 - TechBlog,unknown
"Group photo caption: Our college id trip to the mountains was unforgettable, best semester ever",unknown
Screenshot of a WhatsApp group chat about weekend plans and cricket scores,unknown
"STATEMENT OF MARKS
Oxford University
Controller of Examinations
Roll No: RU/2021/ST/480
Percentage: 75.38%
Year of Passing: 2023",marksheet
"Bank Statement
Punjab National Bank, Branch
A/c No: 6601646042541274
IFSC Code: KIXU0320290
Name: Vikram Bhil
Saving Bank Account",bank_passbook
"Jadavpur University
Letter of Acceptance
Dear Applicant, we are pleased to offer you Conditional Offer of admission to Master of Social Work, Faculty of Graduate Studies. Tuition fee: approx $40,000 per year. Commencement: September intake.",offer_letter
"STUDENT ID CARD
National Institute of Technology
Name: Anita Gond
Roll No: 9363
Valid Upto: 11/02/2022",college_id
Instagram post: Beautiful sunset at the beach today! #travel #vacation #blessed,unknown
Google Maps screenshot showing directions to the nearest university campus food court,unknown
"PASSBOOK
Union Bank of India
Account held by Suresh Meena. Account number 2865258072316712. IFSC YFCL0759443.",bank_passbook
Recipe: How to make butter chicken at home in under 30 minutes,unknown
"Certified that the total annual income of Suresh Meena and family is Rs. 240,000. Issued by Tahsildar on 03/12/2022.",income_certificate
"State Bank of India
SAVINGS BANK PASSBOOK
Account Number: 9690240222374986
IFSC: UAVA0313008
Branch Code: 5617
Account Holder: Rekha Minz",bank_passbook
"PASSBOOK
Union Bank of India
Account held by Suresh Meena. Account number 8372439066689137. IFSC HDMJ0728441.",bank_passbook
"This is to certify that Deepak Toppo belongs to the Scheduled Tribe community. Category: Scheduled Tribe (ST). Issued by Sub-Divisional Magistrate, Bastar, dated 07/04/2021.",caste_certificate
"Bank Statement
Bank of India, Branch
A/c No: 614553826298779
IFSC Code: VGKA0604130
Name: Kavita Naik
Saving Bank Account",bank_passbook
YouTube video thumbnail preview of a gaming livestream with subscriber count overlay,unknown
"Bank Statement
Bank of Baroda, Branch
A/c No: 9075039537914244
IFSC Code: OTGN0320958
Name: Vikram Bhil
Saving Bank Account",bank_passbook
"Government of India
Unique Identification Authority of India
UIDAI
Aadhaar 9743 4060 5024
Mera Aadhaar, Meri Pehchaan
Name: Rahul Kumar",aadhaar
"INCOME CERTIFICATE
Certificate No: CERT/RA/2020/7348
Date: 16/08/2020
This is to certify that the annual income of the family of Amit Oraon is Rs. 240,000 (Rupees only) from all sources.
Family Income verified by District Collector.",income_certificate
Marksheet issued by University of Melbourne. Total percentage: 57.27%. Registration No: 166670. Session 2022-2022.,marksheet
"Blank white image with faint watermark text, mostly illegible pixel noise qwpicture unreadable",unknown
Weather forecast for tomorrow: partly cloudy with a chance of rain in the afternoon,unknown
News headline: Stock market income growth surges as tech university enrolments rise this semester,unknown
"STUDENT ID CARD
University of Toronto
Name: Vikram Bhil
Roll No: 1462
Valid Upto: 26/10/2022",college_id
YouTube video thumbnail preview of a gaming livestream with subscriber count overlay,unknown
"Admission Offer - Indian Institute of Technology Delhi
Programme: PhD in Biotechnology
Country: Germany
We are delighted to extend this offer letter for the upcoming academic year.",offer_letter
Top 10 productivity apps every university student should try in 2027 - TechBlog,unknown
"This is to certify that Rekha Minz belongs to the Scheduled Tribe community. Category: Scheduled Tribe (ST). Issued by Sub-Divisional Magistrate, Dahod, dated 14/04/2024.",caste_certificate
"Certified that the total annual income of Kavita Naik and family is Rs. 275,000. Issued by District Collector on 27/06/2021.",income_certificate
"AADHAAR CARD
Anita Gond
UIDAI
Enrolment No: 5265/61463/25619
5675 8399 1472",aadhaar
"AADHAAR CARD
Rahul Kumar
UIDAI
Enrolment No: 8761/42320/39272
1050 6361 6835",aadhaar
Recipe: How to make butter chicken at home in under 30 minutes,unknown
Google Maps screenshot showing directions to the nearest university campus food court,unknown
"GOVERNMENT OF ANDHRA PRADESH
OFFICE OF THE SUB-DIVISIONAL MAGISTRATE, SIMDEGA
CASTE CERTIFICATE
Certificate Number: CERT/TE/2025/9817
Date of Issue: 25/08/2022
This is to certify that Suresh Meena, residing at Simdega, District Simdega, Andhra Pradesh belongs to a community recognized as a Scheduled Tribe (ST) under the Constitution (Scheduled Tribes) Order, 1950.
Issuing Authority: Sub-Divisional Magistrate",caste_certificate
"GOVERNMENT OFFICE OF THE TAHSILDAR
This is to certify Anita Gond's gross income for the financial year is Rs 275,000. Annual income certificate issued as per revenue records.",income_certificate
Text overlay from a cooking show: add a pinch of salt and stir the percentage of spices evenly,unknown
"Blank white image with faint watermark text, mostly illegible pixel noise qwpicture unreadable",unknown
"GOVERNMENT OFFICE OF THE DISTRICT COLLECTOR
This is to certify Amit Oraon's gross income for the financial year is Rs 120,000. Annual income certificate issued as per revenue records.",income_certificate
"Bank of Baroda
SAVINGS BANK PASSBOOK
Account Number: 6520594892303649
IFSC: GIZS0566624
Branch Code: 7716
Account Holder: Anita Gond",bank_passbook
Error 404 - Page not found. Please check the URL and try again.,unknown
"Union Bank of India
SAVINGS BANK PASSBOOK
Account Number: 9430842339126053
IFSC: XEJD0470453
Branch Code: 1834
Account Holder: Suresh Meena",bank_passbook
Top 10 productivity apps every university student should try in 2026 - TechBlog,unknown
"Government of India
Unique Identification Authority of India
UIDAI
Aadhaar 2590 2070 2404
Mera Aadhaar, Meri Pehchaan
Name: Rahul Kumar",aadhaar
Instagram post: Beautiful sunset at the beach today! #travel #vacation #blessed,unknown
Google Maps screenshot showing directions to the nearest university campus food court,unknown
Marksheet issued by Jadavpur University. Total percentage: 66.04%. Registration No: 139704. Session 2023-2023.,marksheet
"STUDENT ID CARD
University of Toronto
Name: Suresh Meena
Roll No: 7449
Valid Upto: 14/03/2019",college_id
"INCOME CERTIFICATE
Certificate No: REF/MA/2020/8393
Date: 03/01/2021
This is to certify that the annual income of the family of Sunita Munda is Rs. 240,000 (Rupees only) from all sources.
Family Income verified by Revenue Officer.",income_certificate
"Admission Offer - Harvard University
Programme: PhD in Computer Science
Country: Germany
We are delighted to extend this offer letter for the upcoming academic year.",offer_letter
Screenshot of a WhatsApp group chat about weekend plans and cricket scores,unknown
"STATEMENT OF MARKS
National Institute of Technology
Controller of Examinations
Roll No: RU/2022/ST/284
Percentage: 58.84%
Year of Passing: 2021",marksheet
"GRADE SHEET
University of Toronto
CGPA: 7.74
Semester: 4
Marks obtained: 367/500",marksheet
Top 10 productivity apps every university student should try in 2026 - TechBlog,unknown
"Punjab National Bank
SAVINGS BANK PASSBOOK
Account Number: 638245977386084
IFSC: YXWB0106177
Branch Code: 8542
Account Holder: Anita Gond",bank_passbook
"Blank white image with faint watermark text, mostly illegible pixel noise qwpicture unreadable",unknown
Screenshot of a WhatsApp group chat about weekend plans and cricket scores,unknown
Marksheet issued by Anna University. Total percentage: 85.4%. Registration No: 271746. Session 2024-2023.,marksheet
Screenshot of a WhatsApp group chat about weekend plans and cricket scores,unknown
Instagram post: Beautiful sunset at the beach today! #travel #vacation #blessed,unknown
"Bank Statement
Bank of Baroda, Branch
A/c No: 4372860971187778
IFSC Code: TCDT0240012
Name: Suresh Meena
Saving Bank Account",bank_passbook
"Certified that the total annual income of Kavita Naik and family is Rs. 120,000. Issued by District Collector on 27/04/2025.",income_certificate
"GOVERNMENT OFFICE OF THE TAHSILDAR
This is to certify Anita Gond's gross income for the financial year is Rs 85,000. Annual income certificate issued as per revenue records.",income_certificate
"AADHAAR CARD
Rekha Minz
UIDAI
Enrolment No: 8838/93259/90583
1686 9050 1516",aadhaar
"This is to certify that Rahul Kumar belongs to the Scheduled Tribe community. Category: Scheduled Tribe (ST). Issued by Sub-Divisional Magistrate, Khunti, dated 22/12/2019.",caste_certificate
"COLLEGE ID
Library Card No: LIB9497
Identity Card issued to Deepak Toppo, valid upto 17/10/2022.",college_id
Text overlay from a cooking show: add a pinch of salt and stir the percentage of spices evenly,unknown
"AADHAAR CARD
Kavita Naik
UIDAI
Enrolment No: 5552/36510/33660
7846 1629 1151",aadhaar
"COLLEGE ID
Library Card No: LIB8356
Identity Card issued to Amit Oraon, valid upto 24/07/2025.",college_id
Weather forecast for tomorrow: partly cloudy with a chance of rain in the afternoon,unknown
Error 404 - Page not found. Please check the URL and try again.,unknown
Marksheet issued by University of Melbourne. Total percentage: 59.28%. Registration No: 923648. Session 2019-2023.,marksheet
"A screenshot of a to-do list app showing tasks: buy groceries, pay electricity bank of statement, call mom",unknown
"PASSBOOK
State Bank of India
Account held by Suresh Meena. Account number 7659720998363286. IFSC KXGS0456349.",bank_passbook
"OFFER LETTER
Harvard University, Canada
This is an Unconditional Offer for admission to PhD in Biotechnology. Please confirm acceptance and pay the tuition fee deposit to secure your seat.",offer_letter
"This is to certify that Priya Soren belongs to the Scheduled Tribe community. Category: Scheduled Tribe (ST). Issued by Sub-Divisional Magistrate, Dhar, dated 21/02/2023.",caste_certificate
Random Wikipedia excerpt about the history of the university of Bologna founded in 1088,unknown
"Jadavpur University
Letter of Acceptance
Dear Applicant, we are pleased to offer you Conditional Offer of admission to Master of Data Science, Faculty of Graduate Studies. Tuition fee: approx $40,000 per year. Commencement: September intake.",offer_letter
"Meme template with bold white text on a grey background, no visible document content",unknown
"TRIBE CERTIFICATE
Ref No: CERT/CH/2022/4475
Certified that Shri Vikram Bhil son/daughter of resident of Nashik, Madhya Pradesh, belongs to Scheduled Tribe category as per the Constitution (Scheduled Tribes) Order.
Issued by: Tahsildar, Nashik",caste_certificate
"GOVERNMENT OFFICE OF THE DISTRICT COLLECTOR
This is to certify Kavita Naik's gross income for the financial year is Rs 190,000. Annual income certificate issued as per revenue records.",income_certificate
Random Wikipedia excerpt about the history of the university of Bologna founded in 1088,unknown
Marksheet issued by University of Toronto. Total percentage: 61.96%. Registration No: 194002. Session 2021-2025.,marksheet
"AADHAAR CARD
Deepak Toppo
UIDAI
Enrolment No: 7617/78819/71160
9514 6798 7638",aadhaar
"GRADE SHEET
Imperial College London
CGPA: 7.98
Semester: 6
Marks obtained: 379/500",marksheet
Weather forecast for tomorrow: partly cloudy with a chance of rain in the afternoon,unknown
Product review: This laptop has great battery percentage remaining after 10 hours of use,unknown
News headline: Stock market income growth surges as tech university enrolments rise this semester,unknown
"GOVERNMENT OFFICE OF THE REVENUE OFFICER
This is to certify Deepak Toppo's gross income for the financial year is Rs 240,000. Annual income certificate issued as per revenue records.",income_certificate
"PASSBOOK
State Bank of India
Account held by Rekha Minz. Account number 4399599886387360. IFSC ZRXZ0653764.",bank_passbook
"STATEMENT OF MARKS
Imperial College London
Controller of Examinations
Roll No: RU/2024/ST/742
Percentage: 90.87%
Year of Passing: 2020",marksheet
"STUDENT ID CARD
University of Toronto
Name: Vikram Bhil
Roll No: 4673
Valid Upto: 01/04/2021",college_id
Marksheet issued by University of Toronto. Total percentage: 57.18%. Registration No: 621682. Session 2020-2021.,marksheet
"Government of India
Unique Identification Authority of India
UIDAI
Aadhaar 2170 7916 9957
Mera Aadhaar, Meri Pehchaan
Name: Sunita Munda",aadhaar
"GRADE SHEET
Jadavpur University
CGPA: 9.48
Semester: 8
Marks obtained: 450/500",marksheet
"GOVERNMENT OF ANDHRA PRADESH
OFFICE OF THE TAHSILDAR, GUMLA
CASTE CERTIFICATE
Certificate Number: REF/RA/2022/2391
Date of Issue: 19/02/2023
This is to certify that Rahul Kumar, residing at Gumla, District Gumla, Andhra Pradesh belongs to a community recognized as a Scheduled Tribe (ST) under the Constitution (Scheduled Tribes) Order, 1950.
Issuing Authority: Tahsildar",caste_certificate
"Bank Statement
Canara Bank, Branch
A/c No: 5922278536441611
IFSC Code: OMOI0435169
Name: Anita Gond
Saving Bank Account",bank_passbook
Weather forecast for tomorrow: partly cloudy with a chance of rain in the afternoon,unknown
"OFFER LETTER
Indian Institute of Technology Delhi, Germany
This is an Unconditional Offer for admission to Master of Public Policy. Please confirm acceptance and pay the tuition fee deposit to secure your seat.",offer_letter
Instagram post: Beautiful sunset at the beach today! #travel #vacation #blessed,unknown
"A screenshot of a to-do list app showing tasks: buy groceries, pay electricity bank of statement, call mom",unknown
"PASSBOOK
Punjab National Bank
Account held by Priya Soren. Account number 5272527105741557. IFSC WGXI0667719.",bank_passbook
"GOVERNMENT OFFICE OF THE REVENUE OFFICER
This is to certify Sunita Munda's gross income for the financial year is Rs 275,000. Annual income certificate issued as per revenue records.",income_certificate
"STATEMENT OF MARKS
University of Toronto
Controller of Examinations
Roll No: RU/2023/ST/853
Percentage: 55.59%
Year of Passing: 2021",marksheet
"GOVERNMENT OF JHARKHAND
OFFICE OF THE TEHSILDAR, DHAR
CASTE CERTIFICATE
Certificate Number: CERT/JH/2022/5345
Date of Issue: 26/08/2021
This is to certify that Priya Soren, residing at Dhar, District Dhar, Jharkhand belongs to a community recognized as a Scheduled Tribe (ST) under the Constitution (Scheduled Tribes) Order, 1950.
Issuing Authority: Tehsildar",caste_certificate
"INCOME CERTIFICATE
Certificate No: ST/TE/2024/8794
Date: 15/07/2022
This is to certify that the annual income of the family of Rekha Minz is Rs. 120,000 (Rupees only) from all sources.
Family Income verified by Revenue Officer.",income_certificate
"Meme template with bold white text on a grey background, no visible document content",unknown
Recipe: How to make butter chicken at home in under 30 minutes,unknown
"Blank white image with faint watermark text, mostly illegible pixel noise qwpicture unreadable",unknown
"Government of India
Unique Identification Authority of India
UIDAI
Aadhaar 4944 9692 1114
Mera Aadhaar, Meri Pehchaan
Name: Vikram Bhil",aadhaar
Settings > Notifications > Monthly income summary chart preview toggle dark mode,unknown
"STUDENT ID CARD
Jadavpur University
Name: Suresh Meena
Roll No: 5108
Valid Upto: 17/05/2024",college_id
"GOVERNMENT OFFICE OF THE DISTRICT COLLECTOR
This is to certify Kavita Naik's gross income for the financial year is Rs 240,000. Annual income certificate issued as per revenue records.",income_certificate
"TRIBE CERTIFICATE
Ref No: ST/RA/2025/3417
Certified that Shri Rahul Kumar son/daughter of resident of Bastar, Madhya Pradesh, belongs to Scheduled Tribe category as per the Constitution (Scheduled Tribes) Order.
Issued by: Tehsildar, Bastar",caste_certificate
"GOVERNMENT OFFICE OF THE DISTRICT COLLECTOR
This is to certify Rahul Kumar's gross income for the financial year is Rs 275,000. Annual income certificate issued as per revenue records.",income_certificate
"Indian Institute of Technology Delhi
Letter of Acceptance
Dear Applicant, we are pleased to offer you Conditional Offer of admission to Master of Public Policy, Faculty of Graduate Studies. Tuition fee: approx $40,000 per year. Commencement: September intake.",offer_letter
"A screenshot of a to-do list app showing tasks: buy groceries, pay electricity bank of statement, call mom",unknown
"STATEMENT OF MARKS
University of Melbourne
Controller of Examinations
Roll No: RU/2023/ST/323
Percentage: 83.42%
Year of Passing: 2021",marksheet
Recipe: How to make butter chicken at home in under 30 minutes,unknown
Settings > Notifications > Monthly income summary chart preview toggle dark mode,unknown
News headline: Stock market income growth surges as tech university enrolments rise this semester,unknown
"Bank Statement
Punjab National Bank, Branch
A/c No: 634031475738608
IFSC Code: OBQX0699252
Name: Suresh Meena
Saving Bank Account",bank_passbook
"Admission Offer - University of Melbourne
Programme: MSc Renewable Energy
Country: United Kingdom
We are delighted to extend this offer letter for the upcoming academic year.",offer_letter
"GOVERNMENT OFFICE OF THE TAHSILDAR
This is to certify Amit Oraon's gross income for the financial year is Rs 145,000. Annual income certificate issued as per revenue records.",income_certificate
"AADHAAR CARD
Rahul Kumar
UIDAI
Enrolment No: 1423/29631/56312
6125 7210 2886",aadhaar
"Imperial College London
Letter of Acceptance
Dear Applicant, we are pleased to offer you Conditional Offer of admission to MSc Renewable Energy, Faculty of Graduate Studies. Tuition fee: approx $40,000 per year. Commencement: September intake.",offer_letter
Top 10 productivity apps every university student should try in 2027 - TechBlog,unknown
"COLLEGE ID
Library Card No: LIB4414
Identity Card issued to Deepak Toppo, valid upto 01/11/2020.",college_id
"AADHAAR CARD
Kavita Naik
UIDAI
Enrolment No: 4613/67426/27496
1280 4840 8961",aadhaar
Google Maps screenshot showing directions to the nearest university campus food court,unknown
"TRIBE CERTIFICATE
Ref No: ST/GU/2025/6992
Certified that Shri Amit Oraon son/daughter of resident of Koraput, West Bengal, belongs to Scheduled Tribe category as per the Constitution (Scheduled Tribes) Order.
Issued by: Tahsildar, Koraput",caste_certificate
"GOVERNMENT OF ANDHRA PRADESH
OFFICE OF THE TAHSILDAR, BASTAR
CASTE CERTIFICATE
Certificate Number: CERT/OD/2025/8692
Date of Issue: 25/06/2020
This is to certify that Vikram Bhil, residing at Bastar, District Bastar, Andhra Pradesh belongs to a community recognized as a Scheduled Tribe (ST) under the Constitution (Scheduled Tribes) Order, 1950.
Issuing Authority: Tahsildar",caste_certificate
YouTube video thumbnail preview of a gaming livestream with subscriber count overlay,unknown
Amazon order confirmation: Your package containing a bank statement organizer folder has shipped,unknown
"COLLEGE ID
Library Card No: LIB5714
Identity Card issued to Anita Gond, valid upto 17/05/2022.",college_id
Product review: This laptop has great battery percentage remaining after 10 hours of use,unknown
"TRIBE CERTIFICATE
Ref No: REF/GU/2025/8007
Certified that Shri Vikram Bhil son/daughter of resident of Simdega, Jharkhand, belongs to Scheduled Tribe category as per the Constitution (Scheduled Tribes) Order.
Issued by: Sub-Divisional Magistrate, Simdega",caste_certificate
Marksheet issued by Imperial College London. Total percentage: 55.64%. Registration No: 288128. Session 2019-2025.,marksheet
Marksheet issued by Indian Institute of Technology Delhi. Total percentage: 68.29%. Registration No: 977057. Session 2020-2020.,marksheet
Google Maps screenshot showing directions to the nearest university campus food court,unknown
"Jadavpur University
Letter of Acceptance
Dear Applicant, we are pleased to offer you Conditional Offer of admission to Master of Data Science, Faculty of Graduate Studies. Tuition fee: approx $40,000 per year. Commencement: September intake.",offer_letter
Error 404 - Page not found. Please check the URL and try again.,unknown
"Bank of India
SAVINGS BANK PASSBOOK
Account Number: 3271691324732502
IFSC: JYUA0313990
Branch Code: 6014
Account Holder: Suresh Meena",bank_passbook
"GOVERNMENT OFFICE OF THE TAHSILDAR
This is to certify Rahul Kumar's gross income for the financial year is Rs 190,000. Annual income certificate issued as per revenue records.",income_certificate
Marksheet issued by Indian Institute of Technology Delhi. Total percentage: 73.45%. Registration No: 134455. Session 2020-2024.,marksheet
Marksheet issued by University of Melbourne. Total percentage: 93.25%. Registration No: 510339. Session 2023-2020.,marksheet
Top 10 productivity apps every university student should try in 2026 - TechBlog,unknown
"TRIBE CERTIFICATE
Ref No: REF/RA/2022/1319
Certified that Shri Vikram Bhil son/daughter of resident of Udaipur, Telangana, belongs to Scheduled Tribe category as per the Constitution (Scheduled Tribes) Order.
Issued by: Tehsildar, Udaipur",caste_certificate
"OFFER LETTER
Imperial College London, Australia
This is an Unconditional Offer for admission to PhD in Biotechnology. Please confirm acceptance and pay the tuition fee deposit to secure your seat.",offer_letter
"Admission Offer - Oxford University
Programme: Master of Public Policy
Country: Canada
We are delighted to extend this offer letter for the upcoming academic year.",offer_letter
"STUDENT ID CARD
University of Toronto
Name: Deepak Toppo
Roll No: 1081
Valid Upto: 26/09/2022",college_id
Random Wikipedia excerpt about the history of the university of Bologna founded in 1088,unknown
"OFFER LETTER
Anna University, Singapore
This is an Unconditional Offer for admission to Master of Data Science. Please confirm acceptance and pay the tuition fee deposit to secure your seat.",offer_letter
"Group photo caption: Our college id trip to the mountains was unforgettable, best semester ever",unknown
YouTube video thumbnail preview of a gaming livestream with subscriber count overlay,unknown
"Certified that the total annual income of Vikram Bhil and family is Rs. 190,000. Issued by Tahsildar on 22/04/2025.",income_certificate
"TRIBE CERTIFICATE
Ref No: CERT/AN/2025/1018
Certified that Shri Vikram Bhil son/daughter of resident of Dhar, Andhra Pradesh, belongs to Scheduled Tribe category as per the Constitution (Scheduled Tribes) Order.
Issued by: Tehsildar, Dhar",caste_certificate
"Bank of Baroda
SAVINGS BANK PASSBOOK
Account Number: 8503853197978732
IFSC: HPLG0615151
Branch Code: 6956
Account Holder: Anita Gond",bank_passbook
"Certified that the total annual income of Anita Gond and family is Rs. 190,000. Issued by Revenue Officer on 18/03/2023.",income_certificate
"State Bank of India
SAVINGS BANK PASSBOOK
Account Number: 2125574015914416
IFSC: XZJF0557729
Branch Code: 1949
Account Holder: Priya Soren",bank_passbook
"Union Bank of India
SAVINGS BANK PASSBOOK
Account Number: 566571397326351
IFSC: DIJZ0729138
Branch Code: 9953
Account Holder: Rahul Kumar",bank_passbook
"STATEMENT OF MARKS
Imperial College London
Controller of Examinations
Roll No: RU/2022/ST/928
Percentage: 78.49%
Year of Passing: 2024",marksheet
"PASSBOOK
Canara Bank
Account held by Suresh Meena. Account number 1418911396373742. IFSC IQHK0292864.",bank_passbook
"Certified that the total annual income of Rahul Kumar and family is Rs. 275,000. Issued by Tahsildar on 17/02/2024.",income_certificate
News headline: Stock market income growth surges as tech university enrolments rise this semester,unknown
Recipe: How to make butter chicken at home in under 30 minutes,unknown
"Government of India
Unique Identification Authority of India
UIDAI
Aadhaar 8920 2096 4715
Mera Aadhaar, Meri Pehchaan
Name: Kavita Naik",aadhaar
"COLLEGE ID
Library Card No: LIB8481
Identity Card issued to Suresh Meena, valid upto 20/09/2019.",college_id
Random Wikipedia excerpt about the history of the university of Bologna founded in 1088,unknown
Weather forecast for tomorrow: partly cloudy with a chance of rain in the afternoon,unknown
Settings > Notifications > Monthly income summary chart preview toggle dark mode,unknown
"Admission Offer - University of Toronto
Programme: Master of Social Work
Country: Australia
We are delighted to extend this offer letter for the upcoming academic year.",offer_letter
"This is to certify that Rekha Minz belongs to the Scheduled Tribe community. Category: Scheduled Tribe (ST). Issued by Sub-Divisional Magistrate, Koraput, dated 14/01/2020.",caste_certificate
"GOVERNMENT OFFICE OF THE REVENUE OFFICER
This is to certify Kavita Naik's gross income for the financial year is Rs 120,000. Annual income certificate issued as per revenue records.",income_certificate
"Spam text message: Congratulations! You have won a prize, click here to claim your offer letter now",unknown
"Admission Offer - Indian Institute of Technology Delhi
Programme: PhD in Biotechnology
Country: Canada
We are delighted to extend this offer letter for the upcoming academic year.",offer_letter
"Indian Institute of Technology Delhi
Letter of Acceptance
Dear Applicant, we are pleased to offer you Conditional Offer of admission to PhD in Biotechnology, Faculty of Graduate Studies. Tuition fee: approx $40,000 per year. Commencement: September intake.",offer_letter
"GOVERNMENT OFFICE OF THE DISTRICT COLLECTOR
This is to certify Kavita Naik's gross income for the financial year is Rs 85,000. Annual income certificate issued as per revenue records.",income_certificate
Settings > Notifications > Monthly income summary chart preview toggle dark mode,unknown
"Bank Statement
Punjab National Bank, Branch
A/c No: 6892109070766536
IFSC Code: KBFE0552025
Name: Deepak Toppo
Saving Bank Account",bank_passbook
"Meme template with bold white text on a grey background, no visible document content",unknown
Marksheet issued by Imperial College London. Total percentage: 56.45%. Registration No: 164401. Session 2024-2023.,marksheet
"Admission Offer - Imperial College London
Programme: Master of Data Science
Country: United Kingdom
We are delighted to extend this offer letter for the upcoming academic year.",offer_letter
"Group photo caption: Our college id trip to the mountains was unforgettable, best semester ever",unknown
"Admission Offer - Imperial College London
Programme: PhD in Biotechnology
Country: Singapore
We are delighted to extend this offer letter for the upcoming academic year.",offer_letter
"OFFER LETTER
Anna University, United States
This is an Unconditional Offer for admission to PhD in Computer Science. Please confirm acceptance and pay the tuition fee deposit to secure your seat.",offer_letter
Text overlay from a cooking show: add a pinch of salt and stir the percentage of spices evenly,unknown
"TRIBE CERTIFICATE
Ref No: CERT/TE/2024/9199
Certified that Shri Sunita Munda son/daughter of resident of Koraput, Madhya Pradesh, belongs to Scheduled Tribe category as per the Constitution (Scheduled Tribes) Order.
Issued by: Sub-Divisional Magistrate, Koraput",caste_certificate
"GRADE SHEET
Imperial College London
CGPA: 7.41
Semester: 2
Marks obtained: 352/500",marksheet
"COLLEGE ID
Library Card No: LIB8366
Identity Card issued to Rahul Kumar, valid upto 16/12/2023.",college_id
"Blank white image with faint watermark text, mostly illegible pixel noise qwpicture unreadable",unknown
"GRADE SHEET
Oxford University
CGPA: 8.99
Semester: 4
Marks obtained: 427/500",marksheet
"AADHAAR CARD
Priya Soren
UIDAI
Enrolment No: 3289/38902/93394
2464 9486 3421",aadhaar
"National Institute of Technology
Letter of Acceptance
Dear Applicant, we are pleased to offer you Conditional Offer of admission to MSc Renewable Energy, Faculty of Graduate Studies. Tuition fee: approx $40,000 per year. Commencement: September intake.",offer_letter
"This is to certify that Deepak Toppo belongs to the Scheduled Tribe community. Category: Scheduled Tribe (ST). Issued by Sub-Divisional Magistrate, Koraput, dated 18/01/2025.",caste_certificate
"Bank Statement
Union Bank of India, Branch
A/c No: 5598990910616798
IFSC Code: BQAL0125190
Name: Rekha Minz
Saving Bank Account",bank_passbook
Recipe: How to make butter chicken at home in under 30 minutes,unknown
Text overlay from a cooking show: add a pinch of salt and stir the percentage of spices evenly,unknown
Marksheet issued by Oxford University. Total percentage: 73.87%. Registration No: 445429. Session 2019-2025.,marksheet
"Government of India
Unique Identification Authority of India
UIDAI
Aadhaar 1062 8093 4818
Mera Aadhaar, Meri Pehchaan
Name: Priya Soren",aadhaar
"Oxford University
Letter of Acceptance
Dear Applicant, we are pleased to offer you Conditional Offer of admission to Master of Data Science, Faculty of Graduate Studies. Tuition fee: approx $40,000 per year. Commencement: September intake.",offer_letter
Weather forecast for tomorrow: partly cloudy with a chance of rain in the afternoon,unknown
"TRIBE CERTIFICATE
Ref No: ST/MA/2020/4116
Certified that Shri Suresh Meena son/daughter of resident of Nashik, Jharkhand, belongs to Scheduled Tribe category as per the Constitution (Scheduled Tribes) Order.
Issued by: Sub-Divisional Magistrate, Nashik",caste_certificate
YouTube video thumbnail preview of a gaming livestream with subscriber count overlay,unknown
"GOVERNMENT OF JHARKHAND
OFFICE OF THE TEHSILDAR, KHUNTI
CASTE CERTIFICATE
Certificate Number: CERT/GU/2022/8609
Date of Issue: 07/06/2023
This is to certify that Kavita Naik, residing at Khunti, District Khunti, Jharkhand belongs to a community recognized as a Scheduled Tribe (ST) under the Constitution (Scheduled Tribes) Order, 1950.
Issuing Authority: Tehsildar",caste_certificate
"AADHAAR CARD
Deepak Toppo
UIDAI
Enrolment No: 4897/17781/66324
4457 7364 4153",aadhaar
"A screenshot of a to-do list app showing tasks: buy groceries, pay electricity bank of statement, call mom",unknown
Marksheet issued by Anna University. Total percentage: 85.86%. Registration No: 792759. Session 2022-2025.,marksheet
"Admission Offer - Harvard University
Programme: Master of Social Work
Country: Australia
We are delighted to extend this offer letter for the upcoming academic year.",offer_letter
"GOVERNMENT OFFICE OF THE DISTRICT COLLECTOR
This is to certify Kavita Naik's gross income for the financial year is Rs 145,000. Annual income certificate issued as per revenue records.",income_certificate
Marksheet issued by Oxford University. Total percentage: 83.11%. Registration No: 302458. Session 2019-2020.,marksheet
"AADHAAR CARD
Sunita Munda
UIDAI
Enrolment No: 9113/28920/19464
6022 4962 7653",aadhaar
"University of Melbourne
Letter of Acceptance
Dear Applicant, we are pleased to offer you Conditional Offer of admission to MSc Renewable Energy, Faculty of Graduate Studies. Tuition fee: approx $40,000 per year. Commencement: September intake.",offer_letter
"AADHAAR CARD
Priya Soren
UIDAI
Enrolment No: 8607/30087/22923
9883 9287 6947",aadhaar
"STUDENT ID CARD
Anna University
Name: Amit Oraon
Roll No: 5295
Valid Upto: 04/10/2019",college_id
"PASSBOOK
Canara Bank
Account held by Suresh Meena. Account number 421697469481564. IFSC THTZ0493514.",bank_passbook
"OFFER LETTER
Indian Institute of Technology Delhi, Canada
This is an Unconditional Offer for admission to Master of Data Science. Please confirm acceptance and pay the tuition fee deposit to secure your seat.",offer_letter
Google Maps screenshot showing directions to the nearest university campus food court,unknown
Marksheet issued by Harvard University. Total percentage: 80.09%. Registration No: 607157. Session 2024-2025.,marksheet
"TRIBE CERTIFICATE
Ref No: CERT/MA/2025/7502
Certified that Shri Suresh Meena son/daughter of resident of Simdega, Odisha, belongs to Scheduled Tribe category as per the Constitution (Scheduled Tribes) Order.
Issued by: Tehsildar, Simdega",caste_certificate
"Bank of Baroda
SAVINGS BANK PASSBOOK
Account Number: 9589055668589872
IFSC: FSVV0772149
Branch Code: 2684
Account Holder: Suresh Meena",bank_passbook
"Certified that the total annual income of Deepak Toppo and family is Rs. 120,000. Issued by District Collector on 08/08/2021.",income_certificate
Amazon order confirmation: Your package containing a bank statement organizer folder has shipped,unknown
Settings > Notifications > Monthly income summary chart preview toggle dark mode,unknown
"OFFER LETTER
Jadavpur University, Germany
This is an Unconditional Offer for admission to PhD in Computer Science. Please confirm acceptance and pay the tuition fee deposit to secure your seat.",offer_letter
"INCOME CERTIFICATE
Certificate No: ST/GU/2020/3502
Date: 14/05/2023
This is to certify that the annual income of the family of Rekha Minz is Rs. 275,000 (Rupees only) from all sources.
Family Income verified by District Collector.",income_certificate
Recipe: How to make butter chicken at home in under 30 minutes,unknown
"A screenshot of a to-do list app showing tasks: buy groceries, pay electricity bank of statement, call mom",unknown
Screenshot of a WhatsApp group chat about weekend plans and cricket scores,unknown
"Blank white image with faint watermark text, mostly illegible pixel noise qwpicture unreadable",unknown
"COLLEGE ID
Library Card No: LIB2645
Identity Card issued to Sunita Munda, valid upto 10/01/2025.",college_id
"Imperial College London
Letter of Acceptance
Dear Applicant, we are pleased to offer you Conditional Offer of admission to MSc Renewable Energy, Faculty of Graduate Studies. Tuition fee: approx $40,000 per year. Commencement: September intake.",offer_letter
"GOVERNMENT OF ODISHA
OFFICE OF THE TAHSILDAR, RANCHI
CASTE CERTIFICATE
Certificate Number: CERT/CH/2022/9233
Date of Issue: 23/05/2024
This is to certify that Priya Soren, residing at Ranchi, District Ranchi, Odisha belongs to a community recognized as a Scheduled Tribe (ST) under the Constitution (Scheduled Tribes) Order, 1950.
Issuing Authority: Tahsildar",caste_certificate
"OFFER LETTER
Indian Institute of Technology Delhi, Germany
This is an Unconditional Offer for admission to Master of Data Science. Please confirm acceptance and pay the tuition fee deposit to secure your seat.",offer_letter
"INCOME CERTIFICATE
Certificate No: REF/CH/2021/2111
Date: 18/09/2024
This is to certify that the annual income of the family of Suresh Meena is Rs. 275,000 (Rupees only) from all sources.
Family Income verified by Tahsildar.",income_certificate
"State Bank of India
SAVINGS BANK PASSBOOK
Account Number: 780877555633179
IFSC: PENP0812437
Branch Code: 7967
Account Holder: Amit Oraon",bank_passbook
"COLLEGE ID
Library Card No: LIB8591
Identity Card issued to Suresh Meena, valid upto 19/11/2025.",college_id
Text overlay from a cooking show: add a pinch of salt and stir the percentage of spices evenly,unknown
"GRADE SHEET
Harvard University
CGPA: 7.24
Semester: 3
Marks obtained: 343/500",marksheet
"GOVERNMENT OFFICE OF THE REVENUE OFFICER
This is to certify Amit Oraon's gross income for the financial year is Rs 145,000. Annual income certificate issued as per revenue records.",income_certificate
Error 404 - Page not found. Please check the URL and try again.,unknown
Settings > Notifications > Monthly income summary chart preview toggle dark mode,unknown
Recipe: How to make butter chicken at home in under 30 minutes,unknown
"GOVERNMENT OF WEST BENGAL
OFFICE OF THE TAHSILDAR, DAHOD
CASTE CERTIFICATE
Certificate Number: CERT/MA/2025/9394
Date of Issue: 04/06/2022
This is to certify that Kavita Naik, residing at Dahod, District Dahod, West Bengal belongs to a community recognized as a Scheduled Tribe (ST) under the Constitution (Scheduled Tribes) Order, 1950.
Issuing Authority: Tahsildar",caste_certificate
"GOVERNMENT OFFICE OF THE DISTRICT COLLECTOR
This is to certify Priya Soren's gross income for the financial year is Rs 120,000. Annual income certificate issued as per revenue records.",income_certificate
News headline: Stock market income growth surges as tech university enrolments rise this semester,unknown
"Bank Statement
Bank of Baroda, Branch
A/c No: 7262931400540618
IFSC Code: KRBF0898273
Name: Deepak Toppo
Saving Bank Account",bank_passbook
Top 10 productivity apps every university student should try in 2025 - TechBlog,unknown
"TRIBE CERTIFICATE
Ref No: CERT/RA/2019/8483
Certified that Shri Rahul Kumar son/daughter of resident of Simdega, Madhya Pradesh, belongs to Scheduled Tribe category as per the Constitution (Scheduled Tribes) Order.
Issued by: Sub-Divisional Magistrate, Simdega",caste_certificate
Product review: This laptop has great battery percentage remaining after 10 hours of use,unknown
"PASSBOOK
Bank of Baroda
Account held by Anita Gond. Account number 2006198057477232. IFSC RKNQ0278169.",bank_passbook
Text overlay from a cooking show: add a pinch of salt and stir the percentage of spices evenly,unknown
"Meme template with bold white text on a grey background, no visible document content",unknown
"Bank Statement
Union Bank of India, Branch
A/c No: 3197423193988035
IFSC Code: NVLQ0663703
Name: Sunita Munda
Saving Bank Account",bank_passbook
"COLLEGE ID
Library Card No: LIB8189
Identity Card issued to Rahul Kumar, valid upto 06/10/2020.",college_id
Product review: This laptop has great battery percentage remaining after 10 hours of use,unknown
"AADHAAR CARD
Deepak Toppo
UIDAI
Enrolment No: 7918/18773/18542
2429 5305 6859",aadhaar
"TRIBE CERTIFICATE
Ref No: REF/JH/2024/2336
Certified that Shri Anita Gond son/daughter of resident of Simdega, Rajasthan, belongs to Scheduled Tribe category as per the Constitution (Scheduled Tribes) Order.
Issued by: Tahsildar, Simdega",caste_certificate
"Admission Offer - Harvard University
Programme: PhD in Computer Science
Country: United Kingdom
We are delighted to extend this offer letter for the upcoming academic year.",offer_letter
"COLLEGE ID
Library Card No: LIB3958
Identity Card issued to Rahul Kumar, valid upto 28/11/2025.",college_id
"GRADE SHEET
Indian Institute of Technology Delhi
CGPA: 5.84
Semester: 1
Marks obtained: 277/500",marksheet
Google Maps screenshot showing directions to the nearest university campus food court,unknown
"OFFER LETTER
National Institute of Technology, Canada
This is an Unconditional Offer for admission to Master of Social Work. Please confirm acceptance and pay the tuition fee deposit to secure your seat.",offer_letter
"GRADE SHEET
Anna University
CGPA: 9.71
Semester: 2
Marks obtained: 461/500",marksheet
Instagram post: Beautiful sunset at the beach today! #travel #vacation #blessed,unknown
"STUDENT ID CARD
Indian Institute of Technology Delhi
Name: Priya Soren
Roll No: 3795
Valid Upto: 27/12/2020",college_id
"INCOME CERTIFICATE
Certificate No: ST/WE/2021/5327
Date: 15/01/2019
This is to certify that the annual income of the family of Sunita Munda is Rs. 275,000 (Rupees only) from all sources.
Family Income verified by Revenue Officer.",income_certificate
"GRADE SHEET
Indian Institute of Technology Delhi
CGPA: 7.84
Semester: 6
Marks obtained: 372/500",marksheet
"PASSBOOK
Bank of India
Account held by Vikram Bhil. Account number 3068556680337093. IFSC YPDI0255190.",bank_passbook
"AADHAAR CARD
Anita Gond
UIDAI
Enrolment No: 8044/12691/78835
7034 9904 2742",aadhaar
Recipe: How to make butter chicken at home in under 30 minutes,unknown
"Blank white image with faint watermark text, mostly illegible pixel noise qwpicture unreadable",unknown
"Canara Bank
SAVINGS BANK PASSBOOK
Account Number: 5173636425787518
IFSC: USNB0193519
Branch Code: 6031
Account Holder: Rekha Minz",bank_passbook
News headline: Stock market income growth surges as tech university enrolments rise this semester,unknown
Marksheet issued by University of Melbourne. Total percentage: 57.99%. Registration No: 119676. Session 2022-2021.,marksheet
"GOVERNMENT OF CHHATTISGARH
OFFICE OF THE TAHSILDAR, KHUNTI
CASTE CERTIFICATE
Certificate Number: ST/OD/2024/3546
Date of Issue: 09/05/2023
This is to certify that Vikram Bhil, residing at Khunti, District Khunti, Chhattisgarh belongs to a community recognized as a Scheduled Tribe (ST) under the Constitution (Scheduled Tribes) Order, 1950.
Issuing Authority: Tahsildar",caste_certificate
Recipe: How to make butter chicken at home in under 30 minutes,unknown
"AADHAAR CARD
Suresh Meena
UIDAI
Enrolment No: 4620/41722/70228
3713 3843 4610",aadhaar
Amazon order confirmation: Your package containing a bank statement organizer folder has shipped,unknown
Marksheet issued by Oxford University. Total percentage: 79.76%. Registration No: 487728. Session 2020-2022.,marksheet
"Government of India
Unique Identification Authority of India
UIDAI
Aadhaar 5920 3182 7401
Mera Aadhaar, Meri Pehchaan
Name: Rahul Kumar",aadhaar
"Certified that the total annual income of Deepak Toppo and family is Rs. 275,000. Issued by Revenue Officer on 06/08/2023.",income_certificate
"GOVERNMENT OFFICE OF THE TAHSILDAR
This is to certify Amit Oraon's gross income for the financial year is Rs 120,000. Annual income certificate issued as per revenue records.",income_certificate
Amazon order confirmation: Your package containing a bank statement organizer folder has shipped,unknown
"STUDENT ID CARD
Indian Institute of Technology Delhi
Name: Rahul Kumar
Roll No: 4878
Valid Upto: 05/01/2019",college_id
"Meme template with bold white text on a grey background, no visible document content",unknown
"OFFER LETTER
Indian Institute of Technology Delhi, Canada
This is an Unconditional Offer for admission to PhD in Computer Science. Please confirm acceptance and pay the tuition fee deposit to secure your seat.",offer_letter
"COLLEGE ID
Library Card No: LIB7136
Identity Card issued to Vikram Bhil, valid upto 09/03/2023.",college_id
"GOVERNMENT OFFICE OF THE DISTRICT COLLECTOR
This is to certify Amit Oraon's gross income for the financial year is Rs 145,000. Annual income certificate issued as per revenue records.",income_certificate
"Certified that the total annual income of Anita Gond and family is Rs. 120,000. Issued by District Collector on 28/06/2022.",income_certificate
"STATEMENT OF MARKS
Anna University
Controller of Examinations
Roll No: RU/2021/ST/669
Percentage: 86.31%
Year of Passing: 2023",marksheet
"STUDENT ID CARD
Jadavpur University
Name: Rahul Kumar
Roll No: 3594
Valid Upto: 05/01/2025",college_id
"Blank white image with faint watermark text, mostly illegible pixel noise qwpicture unreadable",unknown
"Blank white image with faint watermark text, mostly illegible pixel noise qwpicture unreadable",unknown
"This is to certify that Anita Gond belongs to the Scheduled Tribe community. Category: Scheduled Tribe (ST). Issued by Sub-Divisional Magistrate, Udaipur, dated 26/07/2025.",caste_certificate
"COLLEGE ID
Library Card No: LIB5330
Identity Card issued to Anita Gond, valid upto 09/03/2019.",college_id
"Bank Statement
Bank of Baroda, Branch
A/c No: 8592033587263257
IFSC Code: PWHD0585602
Name: Sunita Munda
Saving Bank Account",bank_passbook
"STUDENT ID CARD
Indian Institute of Technology Delhi
Name: Kavita Naik
Roll No: 3383
Valid Upto: 04/05/2019",college_id
"A screenshot of a to-do list app showing tasks: buy groceries, pay electricity bank of statement, call mom",unknown
"GOVERNMENT OF GUJARAT
OFFICE OF THE SUB-DIVISIONAL MAGISTRATE, UDAIPUR
CASTE CERTIFICATE
Certificate Number: CERT/OD/2023/6590
Date of Issue: 01/07/2025
This is to certify that Anita Gond, residing at Udaipur, District Udaipur, Gujarat belongs to a community recognized as a Scheduled Tribe (ST) under the Constitution (Scheduled Tribes) Order, 1950.
Issuing Authority: Sub-Divisional Magistrate",caste_certificate
News headline: Stock market income growth surges as tech university enrolments rise this semester,unknown
Settings > Notifications > Monthly income summary chart preview toggle dark mode,unknown
"PASSBOOK
Canara Bank
Account held by Amit Oraon. Account number 2997332436825858. IFSC XXZY0308102.",bank_passbook
"COLLEGE ID
Library Card No: LIB4189
Identity Card issued to Suresh Meena, valid upto 14/09/2020.",college_id
"GRADE SHEET
University of Toronto
CGPA: 6.43
Semester: 2
Marks obtained: 305/500",marksheet
"STUDENT ID CARD
Jadavpur University
Name: Vikram Bhil
Roll No: 1664
Valid Upto: 28/01/2025",college_id
Recipe: How to make butter chicken at home in under 30 minutes,unknown
"AADHAAR CARD
Rekha Minz
UIDAI
Enrolment No: 4757/85454/46394
1001 7997 6717",aadhaar
"TRIBE CERTIFICATE
Ref No: ST/RA/2019/8939
Certified that Shri Amit Oraon son/daughter of resident of Udaipur, Chhattisgarh, belongs to Scheduled Tribe category as per the Constitution (Scheduled Tribes) Order.
Issued by: Tahsildar, Udaipur",caste_certificate
"OFFER LETTER
University of Melbourne, Germany
This is an Unconditional Offer for admission to Master of Public Policy. Please confirm acceptance and pay the tuition fee deposit to secure your seat.",offer_letter
News headline: Stock market income growth surges as tech university enrolments rise this semester,unknown
Product review: This laptop has great battery percentage remaining after 10 hours of use,unknown
"GRADE SHEET
Jadavpur University
CGPA: 7.08
Semester: 1
Marks obtained: 336/500",marksheet
"GOVERNMENT OFFICE OF THE REVENUE OFFICER
This is to certify Rekha Minz's gross income for the financial year is Rs 240,000. Annual income certificate issued as per revenue records.",income_certificate
YouTube video thumbnail preview of a gaming livestream with subscriber count overlay,unknown
"OFFER LETTER
Anna University, Australia
This is an Unconditional Offer for admission to PhD in Computer Science. Please confirm acceptance and pay the tuition fee deposit to secure your seat.",offer_letter
"University of Toronto
Letter of Acceptance
Dear Applicant, we are pleased to offer you Conditional Offer of admission to PhD in Computer Science, Faculty of Graduate Studies. Tuition fee: approx $40,000 per year. Commencement: September intake.",offer_letter
"A screenshot of a to-do list app showing tasks: buy groceries, pay electricity bank of statement, call mom",unknown
"Government of India
Unique Identification Authority of India
UIDAI
Aadhaar 9385 7646 4352
Mera Aadhaar, Meri Pehchaan
Name: Amit Oraon",aadhaar
"INCOME CERTIFICATE
Certificate No: ST/TE/2025/5178
Date: 01/06/2022
This is to certify that the annual income of the family of Deepak Toppo is Rs. 120,000 (Rupees only) from all sources.
Family Income verified by Revenue Officer.",income_certificate
"STATEMENT OF MARKS
Indian Institute of Technology Delhi
Controller of Examinations
Roll No: RU/2023/ST/825
Percentage: 83.16%
Year of Passing: 2023",marksheet
"Admission Offer - Jadavpur University
Programme: Master of Social Work
Country: Australia
We are delighted to extend this offer letter for the upcoming academic year.",offer_letter
"This is to certify that Amit Oraon belongs to the Scheduled Tribe community. Category: Scheduled Tribe (ST). Issued by Sub-Divisional Magistrate, Ranchi, dated 25/06/2024.",caste_certificate
Weather forecast for tomorrow: partly cloudy with a chance of rain in the afternoon,unknown
"PASSBOOK
State Bank of India
Account held by Suresh Meena. Account number 9837425129303661. IFSC UPFF0300444.",bank_passbook
"Bank of Baroda
SAVINGS BANK PASSBOOK
Account Number: 8740493838211883
IFSC: RCBT0107577
Branch Code: 1685
Account Holder: Sunita Munda",bank_passbook
Random forum post: does anyone know how to increase my monthly income working from home,unknown
Random Wikipedia excerpt about the history of the university of Bologna founded in 1088,unknown
"Certified that the total annual income of Suresh Meena and family is Rs. 190,000. Issued by Tahsildar on 16/05/2021.",income_certificate
Weather forecast for tomorrow: partly cloudy with a chance of rain in the afternoon,unknown
"Government of India
Unique Identification Authority of India
UIDAI
Aadhaar 3807 7136 1575
Mera Aadhaar, Meri Pehchaan
Name: Deepak Toppo",aadhaar
"Government of India
Unique Identification Authority of India
UIDAI
Aadhaar 5952 3992 4660
Mera Aadhaar, Meri Pehchaan
Name: Anita Gond",aadhaar
"COLLEGE ID
Library Card No: LIB1359
Identity Card issued to Amit Oraon, valid upto 12/05/2025.",college_id
"Spam text message: Congratulations! You have won a prize, click here to claim your offer letter now",unknown
"A screenshot of a to-do list app showing tasks: buy groceries, pay electricity bank of statement, call mom",unknown
Instagram post: Beautiful sunset at the beach today! #travel #vacation #blessed,unknown
"COLLEGE ID
Library Card No: LIB9871
Identity Card issued to Amit Oraon, valid upto 08/10/2025.",college_id
"AADHAAR CARD
Vikram Bhil
UIDAI
Enrolment No: 1852/27942/19010
2545 1065 2750",aadhaar
YouTube video thumbnail preview of a gaming livestream with subscriber count overlay,unknown
"STUDENT ID CARD
Anna University
Name: Sunita Munda
Roll No: 5493
Valid Upto: 27/08/2024",college_id
"TRIBE CERTIFICATE
Ref No: CERT/GU/2024/6419
Certified that Shri Rahul Kumar son/daughter of resident of Khunti, Maharashtra, belongs to Scheduled Tribe category as per the Constitution (Scheduled Tribes) Order.
Issued by: Tehsildar, Khunti",caste_certificate
Amazon order confirmation: Your package containing a bank statement organizer folder has shipped,unknown
Random forum post: does anyone know how to increase my monthly income working from home,unknown
"GOVERNMENT OF JHARKHAND
OFFICE OF THE TAHSILDAR, UDAIPUR
CASTE CERTIFICATE
Certificate Number: REF/AN/2020/8041
Date of Issue: 05/01/2021
This is to certify that Amit Oraon, residing at Udaipur, District Udaipur, Jharkhand belongs to a community recognized as a Scheduled Tribe (ST) under the Constitution (Scheduled Tribes) Order, 1950.
Issuing Authority: Tahsildar",caste_certificate
"Government of India
Unique Identification Authority of India
UIDAI
Aadhaar 2622 3824 7354
Mera Aadhaar, Meri Pehchaan
Name: Deepak Toppo",aadhaar
"Admission Offer - Imperial College London
Programme: Master of Social Work
Country: United Kingdom
We are delighted to extend this offer letter for the upcoming academic year.",offer_letter
Amazon order confirmation: Your package containing a bank statement organizer folder has shipped,unknown
"GRADE SHEET
National Institute of Technology
CGPA: 8.58
Semester: 3
Marks obtained: 407/500",marksheet
"TRIBE CERTIFICATE
Ref No: ST/TE/2022/5441
Certified that Shri Sunita Munda son/daughter of resident of Nashik, Gujarat, belongs to Scheduled Tribe category as per the Constitution (Scheduled Tribes) Order.
Issued by: Sub-Divisional Magistrate, Nashik",caste_certificate
"A screenshot of a to-do list app showing tasks: buy groceries, pay electricity bank of statement, call mom",unknown
Text overlay from a cooking show: add a pinch of salt and stir the percentage of spices evenly,unknown
"Bank Statement
Union Bank of India, Branch
A/c No: 3241086380797635
IFSC Code: WADG0681517
Name: Kavita Naik
Saving Bank Account",bank_passbook
"Government of India
Unique Identification Authority of India
UIDAI
Aadhaar 1267 9220 6016
Mera Aadhaar, Meri Pehchaan
Name: Rekha Minz",aadhaar
News headline: Stock market income growth surges as tech university enrolments rise this semester,unknown
"Group photo caption: Our college id trip to the mountains was unforgettable, best semester ever",unknown
Error 404 - Page not found. Please check the URL and try again.,unknown
Instagram post: Beautiful sunset at the beach today! #travel #vacation #blessed,unknown
"INCOME CERTIFICATE
Certificate No: CERT/JH/2022/2435
Date: 10/11/2024
This is to certify that the annual income of the family of Kavita Naik is Rs. 85,000 (Rupees only) from all sources.
Family Income verified by Tahsildar.",income_certificate
Screenshot of a WhatsApp group chat about weekend plans and cricket scores,unknown
Instagram post: Beautiful sunset at the beach today! #travel #vacation #blessed,unknown
"Union Bank of India
SAVINGS BANK PASSBOOK
Account Number: 8808884354542910
IFSC: FCMR0168024
Branch Code: 3743
Account Holder: Deepak Toppo",bank_passbook
Recipe: How to make butter chicken at home in under 30 minutes,unknown
Settings > Notifications > Monthly income summary chart preview toggle dark mode,unknown
"Bank of Baroda
SAVINGS BANK PASSBOOK
Account Number: 58099179661630
IFSC: IODM0976720
Branch Code: 2410
Account Holder: Rekha Minz",bank_passbook
"Canara Bank
SAVINGS BANK PASSBOOK
Account Number: 4744466463604575
IFSC: DIJD0503953
Branch Code: 2697
Account Holder: Vikram Bhil",bank_passbook
"GOVERNMENT OFFICE OF THE DISTRICT COLLECTOR
This is to certify Suresh Meena's gross income for the financial year is Rs 275,000. Annual income certificate issued as per revenue records.",income_certificate
"TRIBE CERTIFICATE
Ref No: ST/TE/2023/3236
Certified that Shri Vikram Bhil son/daughter of resident of Udaipur, Maharashtra, belongs to Scheduled Tribe category as per the Constitution (Scheduled Tribes) Order.
Issued by: Tahsildar, Udaipur",caste_certificate
"Government of India
Unique Identification Authority of India
UIDAI
Aadhaar 5286 5237 3907
Mera Aadhaar, Meri Pehchaan
Name: Deepak Toppo",aadhaar
"GRADE SHEET
University of Toronto
CGPA: 7.63
Semester: 6
Marks obtained: 362/500",marksheet
Text overlay from a cooking show: add a pinch of salt and stir the percentage of spices evenly,unknown
"Certified that the total annual income of Kavita Naik and family is Rs. 275,000. Issued by District Collector on 10/06/2022.",income_certificate
"GOVERNMENT OF ODISHA
OFFICE OF THE SUB-DIVISIONAL MAGISTRATE, DHAR
CASTE CERTIFICATE
Certificate Number: REF/MA/2023/9537
Date of Issue: 06/11/2022
This is to certify that Suresh Meena, residing at Dhar, District Dhar, Odisha belongs to a community recognized as a Scheduled Tribe (ST) under the Constitution (Scheduled Tribes) Order, 1950.
Issuing Authority: Sub-Divisional Magistrate",caste_certificate
"GOVERNMENT OF TELANGANA
OFFICE OF THE TAHSILDAR, DAHOD
CASTE CERTIFICATE
Certificate Number: ST/JH/2019/4239
Date of Issue: 21/08/2025
This is to certify that Sunita Munda, residing at Dahod, District Dahod, Telangana belongs to a community recognized as a Scheduled Tribe (ST) under the Constitution (Scheduled Tribes) Order, 1950.
Issuing Authority: Tahsildar",caste_certificate
Top 10 productivity apps every university student should try in 2024 - TechBlog,unknown
"Oxford University
Letter of Acceptance
Dear Applicant, we are pleased to offer you Conditional Offer of admission to Master of Public Policy, Faculty of Graduate Studies. Tuition fee: approx $40,000 per year. Commencement: September intake.",offer_letter
"Bank Statement
Bank of India, Branch
A/c No: 6167689793683885
IFSC Code: TGUL0126648
Name: Deepak Toppo
Saving Bank Account",bank_passbook
"GOVERNMENT OFFICE OF THE TAHSILDAR
This is to certify Anita Gond's gross income for the financial year is Rs 275,000. Annual income certificate issued as per revenue records.",income_certificate
Random forum post: does anyone know how to increase my monthly income working from home,unknown
Error 404 - Page not found. Please check the URL and try again.,unknown
"PASSBOOK
Bank of Baroda
Account held by Sunita Munda. Account number 7168613218657911. IFSC UBHA0762233.",bank_passbook
"Meme template with bold white text on a grey background, no visible document content",unknown
"INCOME CERTIFICATE
Certificate No: REF/AN/2024/4314
Date: 28/03/2021
This is to certify that the annual income of the family of Priya Soren is Rs. 120,000 (Rupees only) from all sources.
Family Income verified by District Collector.",income_certificate
Random forum post: does anyone know how to increase my monthly income working from home,unknown
Recipe: How to make butter chicken at home in under 30 minutes,unknown
Marksheet issued by University of Melbourne. Total percentage: 74.67%. Registration No: 576935. Session 2022-2021.,marksheet
"Meme template with bold white text on a grey background, no visible document content",unknown
"This is to certify that Vikram Bhil belongs to the Scheduled Tribe community. Category: Scheduled Tribe (ST). Issued by Sub-Divisional Magistrate, Simdega, dated 06/06/2020.",caste_certificate
"Group photo caption: Our college id trip to the mountains was unforgettable, best semester ever",unknown
"Admission Offer - Anna University
Programme: PhD in Computer Science
Country: Singapore
We are delighted to extend this offer letter for the upcoming academic year.",offer_letter
Settings > Notifications > Monthly income summary chart preview toggle dark mode,unknown
"GRADE SHEET
National Institute of Technology
CGPA: 6.34
Semester: 3
Marks obtained: 301/500",marksheet
Text overlay from a cooking show: add a pinch of salt and stir the percentage of spices evenly,unknown
Top 10 productivity apps every university student should try in 2027 - TechBlog,unknown
Amazon order confirmation: Your package containing a bank statement organizer folder has shipped,unknown
"AADHAAR CARD
Kavita Naik
UIDAI
Enrolment No: 9521/32729/25363
5775 5047 4370",aadhaar
"STUDENT ID CARD
Jadavpur University
Name: Rekha Minz
Roll No: 6375
Valid Upto: 24/05/2019",college_id
Instagram post: Beautiful sunset at the beach today! #travel #vacation #blessed,unknown
Google Maps screenshot showing directions to the nearest university campus food court,unknown
"TRIBE CERTIFICATE
Ref No: CERT/AN/2025/1006
Certified that Shri Deepak Toppo son/daughter of resident of Simdega, Madhya Pradesh, belongs to Scheduled Tribe category as per the Constitution (Scheduled Tribes) Order.
Issued by: Tahsildar, Simdega",caste_certificate
"State Bank of India
SAVINGS BANK PASSBOOK
Account Number: 9492623975359881
IFSC: PSTS0346617
Branch Code: 6926
Account Holder: Rahul Kumar",bank_passbook
"GOVERNMENT OF CHHATTISGARH
OFFICE OF THE TAHSILDAR, KORAPUT
CASTE CERTIFICATE
Certificate Number: REF/CH/2024/7383
Date of Issue: 11/06/2019
This is to certify that Sunita Munda, residing at Koraput, District Koraput, Chhattisgarh belongs to a community recognized as a Scheduled Tribe (ST) under the Constitution (Scheduled Tribes) Order, 1950.
Issuing Authority: Tahsildar",caste_certificate
News headline: Stock market income growth surges as tech university enrolments rise this semester,unknown
"State Bank of India
SAVINGS BANK PASSBOOK
Account Number: 1396566923929130
IFSC: HNRK0445356
Branch Code: 2457
Account Holder: Anita Gond",bank_passbook
Error 404 - Page not found. Please check the URL and try again.,unknown
"A screenshot of a to-do list app showing tasks: buy groceries, pay electricity bank of statement, call mom",unknown
"Government of India
Unique Identification Authority of India
UIDAI
Aadhaar 8360 5336 5919
Mera Aadhaar, Meri Pehchaan
Name: Rahul Kumar",aadhaar
"Government of India
Unique Identification Authority of India
UIDAI
Aadhaar 7678 5875 3598
Mera Aadhaar, Meri Pehchaan
Name: Rahul Kumar",aadhaar
"GOVERNMENT OFFICE OF THE TAHSILDAR
This is to certify Deepak Toppo's gross income for the financial year is Rs 145,000. Annual income certificate issued as per revenue records.",income_certificate
Instagram post: Beautiful sunset at the beach today! #travel #vacation #blessed,unknown
"Union Bank of India
SAVINGS BANK PASSBOOK
Account Number: 8570139245187756
IFSC: NCVF0465263
Branch Code: 4669
Account Holder: Kavita Naik",bank_passbook
"STATEMENT OF MARKS
University of Melbourne
Controller of Examinations
Roll No: RU/2023/ST/684
Percentage: 95.42%
Year of Passing: 2023",marksheet
Random forum post: does anyone know how to increase my monthly income working from home,unknown
Settings > Notifications > Monthly income summary chart preview toggle dark mode,unknown
Weather forecast for tomorrow: partly cloudy with a chance of rain in the afternoon,unknown
Product review: This laptop has great battery percentage remaining after 10 hours of use,unknown
"Government of India
Unique Identification Authority of India
UIDAI
Aadhaar 9730 4532 8357
Mera Aadhaar, Meri Pehchaan
Name: Suresh Meena",aadhaar
Google Maps screenshot showing directions to the nearest university campus food court,unknown
"STUDENT ID CARD
Imperial College London
Name: Kavita Naik
Roll No: 9122
Valid Upto: 18/10/2021",college_id
Weather forecast for tomorrow: partly cloudy with a chance of rain in the afternoon,unknown
"COLLEGE ID
Library Card No: LIB2094
Identity Card issued to Vikram Bhil, valid upto 01/07/2023.",college_id
News headline: Stock market income growth surges as tech university enrolments rise this semester,unknown
"AADHAAR CARD
Amit Oraon
UIDAI
Enrolment No: 7802/25524/79770
7712 3593 8693",aadhaar
"COLLEGE ID
Library Card No: LIB7322
Identity Card issued to Deepak Toppo, valid upto 02/08/2023.",college_id
Error 404 - Page not found. Please check the URL and try again.,unknown
"Government of India
Unique Identification Authority of India
UIDAI
Aadhaar 5541 5656 8041
Mera Aadhaar, Meri Pehchaan
Name: Priya Soren",aadhaar
"COLLEGE ID
Library Card No: LIB9520
Identity Card issued to Rekha Minz, valid upto 04/08/2023.",college_id
"State Bank of India
SAVINGS BANK PASSBOOK
Account Number: 317942098385060
IFSC: PPJQ0343715
Branch Code: 9248
Account Holder: Rekha Minz",bank_passbook
"TRIBE CERTIFICATE
Ref No: ST/AN/2019/2130
Certified that Shri Suresh Meena son/daughter of resident of Koraput, Jharkhand, belongs to Scheduled Tribe category as per the Constitution (Scheduled Tribes) Order.
Issued by: Sub-Divisional Magistrate, Koraput",caste_certificate
"Certified that the total annual income of Anita Gond and family is Rs. 190,000. Issued by Revenue Officer on 28/06/2024.",income_certificate
"Certified that the total annual income of Kavita Naik and family is Rs. 190,000. Issued by Tahsildar on 26/06/2022.",income_certificate
"TRIBE CERTIFICATE
Ref No: REF/TE/2023/7934
Certified that Shri Kavita Naik son/daughter of resident of Nashik, Telangana, belongs to Scheduled Tribe category as per the Constitution (Scheduled Tribes) Order.
Issued by: Tehsildar, Nashik",caste_certificate
"Government of India
Unique Identification Authority of India
UIDAI
Aadhaar 9576 7679 3734
Mera Aadhaar, Meri Pehchaan
Name: Deepak Toppo",aadhaar
Text overlay from a cooking show: add a pinch of salt and stir the percentage of spices evenly,unknown
"GOVERNMENT OFFICE OF THE DISTRICT COLLECTOR
This is to certify Sunita Munda's gross income for the financial year is Rs 275,000. Annual income certificate issued as per revenue records.",income_certificate
"COLLEGE ID
Library Card No: LIB3265
Identity Card issued to Priya Soren, valid upto 11/05/2022.",college_id
"PASSBOOK
Union Bank of India
Account held by Vikram Bhil. Account number 8129702191759342. IFSC XZDI0290498.",bank_passbook
"Group photo caption: Our college id trip to the mountains was unforgettable, best semester ever",unknown
"Certified that the total annual income of Deepak Toppo and family is Rs. 120,000. Issued by Revenue Officer on 24/05/2024.",income_certificate
Error 404 - Page not found. Please check the URL and try again.,unknown
Screenshot of a WhatsApp group chat about weekend plans and cricket scores,unknown
Random forum post: does anyone know how to increase my monthly income working from home,unknown
"Government of India
Unique Identification Authority of India
UIDAI
Aadhaar 7223 6527 4954
Mera Aadhaar, Meri Pehchaan
Name: Rekha Minz",aadhaar
"COLLEGE ID
Library Card No: LIB3854
Identity Card issued to Anita Gond, valid upto 14/03/2020.",college_id
"AADHAAR CARD
Deepak Toppo
UIDAI
Enrolment No: 3423/88688/97574
9847 8811 5705",aadhaar
"OFFER LETTER
Oxford University, United Kingdom
This is an Unconditional Offer for admission to PhD in Biotechnology. Please confirm acceptance and pay the tuition fee deposit to secure your seat.",offer_letter
"Bank Statement
Bank of India, Branch
A/c No: 9876096730846258
IFSC Code: TODW0936979
Name: Rahul Kumar
Saving Bank Account",bank_passbook
Instagram post: Beautiful sunset at the beach today! #travel #vacation #blessed,unknown
News headline: Stock market income growth surges as tech university enrolments rise this semester,unknown
"Spam text message: Congratulations! You have won a prize, click here to claim your offer letter now",unknown
Amazon order confirmation: Your package containing a bank statement organizer folder has shipped,unknown
Error 404 - Page not found. Please check the URL and try again.,unknown
Error 404 - Page not found. Please check the URL and try again.,unknown
"AADHAAR CARD
Suresh Meena
UIDAI
Enrolment No: 6363/70015/61216
3707 9055 8867",aadhaar
"INCOME CERTIFICATE
Certificate No: CERT/GU/2023/1076
Date: 09/03/2022
This is to certify that the annual income of the family of Priya Soren is Rs. 120,000 (Rupees only) from all sources.
Family Income verified by District Collector.",income_certificate
"PASSBOOK
Bank of India
Account held by Deepak Toppo. Account number 1202364260174235. IFSC SSFM0898868.",bank_passbook
"OFFER LETTER
National Institute of Technology, Australia
This is an Unconditional Offer for admission to Master of Data Science. Please confirm acceptance and pay the tuition fee deposit to secure your seat.",offer_letter
"Government of India
Unique Identification Authority of India
UIDAI
Aadhaar 7338 6130 2956
Mera Aadhaar, Meri Pehchaan
Name: Amit Oraon",aadhaar
"Bank Statement
Punjab National Bank, Branch
A/c No: 4938632258258531
IFSC Code: SDBO0932978
Name: Priya Soren
Saving Bank Account",bank_passbook
"COLLEGE ID
Library Card No: LIB7469
Identity Card issued to Priya Soren, valid upto 14/06/2020.",college_id
"AADHAAR CARD
Vikram Bhil
UIDAI
Enrolment No: 9799/65789/48463
1637 2746 1899",aadhaar
"STUDENT ID CARD
Oxford University
Name: Anita Gond
Roll No: 3933
Valid Upto: 08/09/2022",college_id
Settings > Notifications > Monthly income summary chart preview toggle dark mode,unknown
News headline: Stock market income growth surges as tech university enrolments rise this semester,unknown
Settings > Notifications > Monthly income summary chart preview toggle dark mode,unknown
"COLLEGE ID
Library Card No: LIB7876
Identity Card issued to Sunita Munda, valid upto 13/09/2025.",college_id
"AADHAAR CARD
Suresh Meena
UIDAI
Enrolment No: 5713/45305/42640
3042 7884 5177",aadhaar
"STATEMENT OF MARKS
National Institute of Technology
Controller of Examinations
Roll No: RU/2023/ST/453
Percentage: 70.6%
Year of Passing: 2022",marksheet
Random Wikipedia excerpt about the history of the university of Bologna founded in 1088,unknown
Random Wikipedia excerpt about the history of the university of Bologna founded in 1088,unknown
"State Bank of India
SAVINGS BANK PASSBOOK
Account Number: 9413569564810813
IFSC: HFGT0600466
Branch Code: 8606
Account Holder: Sunita Munda",bank_passbook
Top 10 productivity apps every university student should try in 2026 - TechBlog,unknown
"STUDENT ID CARD
Indian Institute of Technology Delhi
Name: Anita Gond
Roll No: 3822
Valid Upto: 09/05/2021",college_id
"GRADE SHEET
National Institute of Technology
CGPA: 8.39
Semester: 7
Marks obtained: 398/500",marksheet
"OFFER LETTER
Imperial College London, United States
This is an Unconditional Offer for admission to PhD in Biotechnology. Please confirm acceptance and pay the tuition fee deposit to secure your seat.",offer_letter
"STATEMENT OF MARKS
Anna University
Controller of Examinations
Roll No: RU/2022/ST/655
Percentage: 75.1%
Year of Passing: 2022",marksheet
"COLLEGE ID
Library Card No: LIB3033
Identity Card issued to Rahul Kumar, valid upto 04/11/2021.",college_id
"GOVERNMENT OFFICE OF THE DISTRICT COLLECTOR
This is to certify Rahul Kumar's gross income for the financial year is Rs 275,000. Annual income certificate issued as per revenue records.",income_certificate
"GRADE SHEET
Harvard University
CGPA: 8.33
Semester: 1
Marks obtained: 395/500",marksheet
"A screenshot of a to-do list app showing tasks: buy groceries, pay electricity bank of statement, call mom",unknown
"GRADE SHEET
University of Toronto
CGPA: 7.76
Semester: 4
Marks obtained: 368/500",marksheet
Product review: This laptop has great battery percentage remaining after 10 hours of use,unknown
Top 10 productivity apps every university student should try in 2026 - TechBlog,unknown
"Admission Offer - Oxford University
Programme: PhD in Biotechnology
Country: United States
We are delighted to extend this offer letter for the upcoming academic year.",offer_letter
"AADHAAR CARD
Kavita Naik
UIDAI
Enrolment No: 7333/95646/66804
2279 5816 6812",aadhaar
"AADHAAR CARD
Rekha Minz
UIDAI
Enrolment No: 5916/98784/61592
3449 2818 4229",aadhaar
"This is to certify that Suresh Meena belongs to the Scheduled Tribe community. Category: Scheduled Tribe (ST). Issued by Sub-Divisional Magistrate, Khunti, dated 23/09/2023.",caste_certificate
"STUDENT ID CARD
Oxford University
Name: Anita Gond
Roll No: 1996
Valid Upto: 15/02/2020",college_id
Settings > Notifications > Monthly income summary chart preview toggle dark mode,unknown
Weather forecast for tomorrow: partly cloudy with a chance of rain in the afternoon,unknown
Recipe: How to make butter chicken at home in under 30 minutes,unknown
"COLLEGE ID
Library Card No: LIB9222
Identity Card issued to Rahul Kumar, valid upto 26/10/2021.",college_id
"COLLEGE ID
Library Card No: LIB7001
Identity Card issued to Deepak Toppo, valid upto 24/12/2020.",college_id
"Meme template with bold white text on a grey background, no visible document content",unknown
Text overlay from a cooking show: add a pinch of salt and stir the percentage of spices evenly,unknown
"GRADE SHEET
Oxford University
CGPA: 9.51
Semester: 7
Marks obtained: 451/500",marksheet
Product review: This laptop has great battery percentage remaining after 10 hours of use,unknown
"PASSBOOK
Bank of Baroda
Account held by Priya Soren. Account number 7282955094524618. IFSC BBZM0984580.",bank_passbook
"TRIBE CERTIFICATE
Ref No: REF/CH/2024/2591
Certified that Shri Priya Soren son/daughter of resident of Dahod, Rajasthan, belongs to Scheduled Tribe category as per the Constitution (Scheduled Tribes) Order.
Issued by: Tehsildar, Dahod",caste_certificate
"Bank Statement
Punjab National Bank, Branch
A/c No: 2072025775744687
IFSC Code: WZGV0308050
Name: Kavita Naik
Saving Bank Account",bank_passbook
Amazon order confirmation: Your package containing a bank statement organizer folder has shipped,unknown
"COLLEGE ID
Library Card No: LIB3745
Identity Card issued to Amit Oraon, valid upto 16/12/2021.",college_id
"This is to certify that Priya Soren belongs to the Scheduled Tribe community. Category: Scheduled Tribe (ST). Issued by Sub-Divisional Magistrate, Koraput, dated 20/09/2020.",caste_certificate
Random Wikipedia excerpt about the history of the university of Bologna founded in 1088,unknown
"This is to certify that Deepak Toppo belongs to the Scheduled Tribe community. Category: Scheduled Tribe (ST). Issued by Sub-Divisional Magistrate, Gumla, dated 21/11/2022.",caste_certificate
"GOVERNMENT OF ANDHRA PRADESH
OFFICE OF THE TEHSILDAR, NASHIK
CASTE CERTIFICATE
Certificate Number: REF/OD/2019/6067
Date of Issue: 13/12/2024
This is to certify that Anita Gond, residing at Nashik, District Nashik, Andhra Pradesh belongs to a community recognized as a Scheduled Tribe (ST) under the Constitution (Scheduled Tribes) Order, 1950.
Issuing Authority: Tehsildar",caste_certificate
"GOVERNMENT OF GUJARAT
OFFICE OF THE SUB-DIVISIONAL MAGISTRATE, DAHOD
CASTE CERTIFICATE
Certificate Number: CERT/WE/2019/7270
Date of Issue: 22/07/2020
This is to certify that Amit Oraon, residing at Dahod, District Dahod, Gujarat belongs to a community recognized as a Scheduled Tribe (ST) under the Constitution (Scheduled Tribes) Order, 1950.
Issuing Authority: Sub-Divisional Magistrate",caste_certificate
"COLLEGE ID
Library Card No: LIB2644
Identity Card issued to Vikram Bhil, valid upto 10/05/2025.",college_id
"PASSBOOK
Bank of India
Account held by Kavita Naik. Account number 5799227176977078. IFSC DYAG0682753.",bank_passbook
Weather forecast for tomorrow: partly cloudy with a chance of rain in the afternoon,unknown
Random forum post: does anyone know how to increase my monthly income working from home,unknown
"PASSBOOK
Bank of Baroda
Account held by Priya Soren. Account number 3196318030537379. IFSC BPOC0299244.",bank_passbook
News headline: Stock market income growth surges as tech university enrolments rise this semester,unknown
Top 10 productivity apps every university student should try in 2024 - TechBlog,unknown
"OFFER LETTER
University of Melbourne, Singapore
This is an Unconditional Offer for admission to PhD in Computer Science. Please confirm acceptance and pay the tuition fee deposit to secure your seat.",offer_letter
"Bank of India
SAVINGS BANK PASSBOOK
Account Number: 164527224351889
IFSC: JWCU0254775
Branch Code: 7169
Account Holder: Suresh Meena",bank_passbook
"AADHAAR CARD
Anita Gond
UIDAI
Enrolment No: 4380/68598/28924
3408 3019 7041",aadhaar
"INCOME CERTIFICATE
Certificate No: ST/RA/2022/6885
Date: 25/04/2020
This is to certify that the annual income of the family of Anita Gond is Rs. 275,000 (Rupees only) from all sources.
Family Income verified by Revenue Officer.",income_certificate
Text overlay from a cooking show: add a pinch of salt and stir the percentage of spices evenly,unknown
Product review: This laptop has great battery percentage remaining after 10 hours of use,unknown
Text overlay from a cooking show: add a pinch of salt and stir the percentage of spices evenly,unknown
"Meme template with bold white text on a grey background, no visible document content",unknown
Top 10 productivity apps every university student should try in 2027 - TechBlog,unknown
"GOVERNMENT OFFICE OF THE TAHSILDAR
This is to certify Kavita Naik's gross income for the financial year is Rs 275,000. Annual income certificate issued as per revenue records.",income_certificate
Screenshot of a WhatsApp group chat about weekend plans and cricket scores,unknown
Instagram post: Beautiful sunset at the beach today! #travel #vacation #blessed,unknown
"Government of India
Unique Identification Authority of India
UIDAI
Aadhaar 6291 7349 7484
Mera Aadhaar, Meri Pehchaan
Name: Rahul Kumar",aadhaar
"AADHAAR CARD
Suresh Meena
UIDAI
Enrolment No: 7335/68479/37969
4804 2644 2343",aadhaar
"Admission Offer - University of Toronto
Programme: Master of Public Policy
Country: United States
We are delighted to extend this offer letter for the upcoming academic year.",offer_letter
"Spam text message: Congratulations! You have won a prize, click here to claim your offer letter now",unknown
Top 10 productivity apps every university student should try in 2026 - TechBlog,unknown
YouTube video thumbnail preview of a gaming livestream with subscriber count overlay,unknown
"INCOME CERTIFICATE
Certificate No: REF/AN/2025/4401
Date: 02/03/2020
This is to certify that the annual income of the family of Priya Soren is Rs. 145,000 (Rupees only) from all sources.
Family Income verified by District Collector.",income_certificate
Recipe: How to make butter chicken at home in under 30 minutes,unknown
"TRIBE CERTIFICATE
Ref No: ST/JH/2025/1201
Certified that Shri Rekha Minz son/daughter of resident of Simdega, Rajasthan, belongs to Scheduled Tribe category as per the Constitution (Scheduled Tribes) Order.
Issued by: Tehsildar, Simdega",caste_certificate
News headline: Stock market income growth surges as tech university enrolments rise this semester,unknown
"Bank of India
SAVINGS BANK PASSBOOK
Account Number: 4487605623716323
IFSC: RKLL0471197
Branch Code: 8678
Account Holder: Deepak Toppo",bank_passbook
"STUDENT ID CARD
Oxford University
Name: Amit Oraon
Roll No: 8113
Valid Upto: 11/01/2023",college_id
"A screenshot of a to-do list app showing tasks: buy groceries, pay electricity bank of statement, call mom",unknown
Amazon order confirmation: Your package containing a bank statement organizer folder has shipped,unknown
Settings > Notifications > Monthly income summary chart preview toggle dark mode,unknown
"AADHAAR CARD
Amit Oraon
UIDAI
Enrolment No: 2857/69151/54240
2989 9199 9758",aadhaar
Recipe: How to make butter chicken at home in under 30 minutes,unknown
Marksheet issued by Indian Institute of Technology Delhi. Total percentage: 73.91%. Registration No: 645209. Session 2021-2025.,marksheet
"National Institute of Technology
Letter of Acceptance
Dear Applicant, we are pleased to offer you Conditional Offer of admission to Master of Data Science, Faculty of Graduate Studies. Tuition fee: approx $40,000 per year. Commencement: September intake.",offer_letter
"Government of India
Unique Identification Authority of India
UIDAI
Aadhaar 9765 2189 2681
Mera Aadhaar, Meri Pehchaan
Name: Deepak Toppo",aadhaar
"INCOME CERTIFICATE
Certificate No: REF/JH/2024/9148
Date: 10/05/2022
This is to certify that the annual income of the family of Anita Gond is Rs. 120,000 (Rupees only) from all sources.
Family Income verified by District Collector.",income_certificate
YouTube video thumbnail preview of a gaming livestream with subscriber count overlay,unknown
"OFFER LETTER
Oxford University, Australia
This is an Unconditional Offer for admission to Master of Public Policy. Please confirm acceptance and pay the tuition fee deposit to secure your seat.",offer_letter
Weather forecast for tomorrow: partly cloudy with a chance of rain in the afternoon,unknown
"AADHAAR CARD
Kavita Naik
UIDAI
Enrolment No: 5131/81268/22065
2359 5020 2540",aadhaar
"GOVERNMENT OF ANDHRA PRADESH
OFFICE OF THE TEHSILDAR, RANCHI
CASTE CERTIFICATE
Certificate Number: CERT/MA/2024/2124
Date of Issue: 25/11/2019
This is to certify that Kavita Naik, residing at Ranchi, District Ranchi, Andhra Pradesh belongs to a community recognized as a Scheduled Tribe (ST) under the Constitution (Scheduled Tribes) Order, 1950.
Issuing Authority: Tehsildar",caste_certificate
"Admission Offer - Indian Institute of Technology Delhi
Programme: Master of Social Work
Country: Canada
We are delighted to extend this offer letter for the upcoming academic year.",offer_letter
"Group photo caption: Our college id trip to the mountains was unforgettable, best semester ever",unknown
YouTube video thumbnail preview of a gaming livestream with subscriber count overlay,unknown
"OFFER LETTER
National Institute of Technology, Germany
This is an Unconditional Offer for admission to Master of Data Science. Please confirm acceptance and pay the tuition fee deposit to secure your seat.",offer_letter
"COLLEGE ID
Library Card No: LIB1406
Identity Card issued to Rahul Kumar, valid upto 19/07/2020.",college_id
"INCOME CERTIFICATE
Certificate No: CERT/TE/2024/8178
Date: 06/10/2022
This is to certify that the annual income of the family of Sunita Munda is Rs. 240,000 (Rupees only) from all sources.
Family Income verified by Revenue Officer.",income_certificate
"OFFER LETTER
Harvard University, Canada
This is an Unconditional Offer for admission to Master of Public Policy. Please confirm acceptance and pay the tuition fee deposit to secure your seat.",offer_letter
YouTube video thumbnail preview of a gaming livestream with subscriber count overlay,unknown
Random forum post: does anyone know how to increase my monthly income working from home,unknown
Weather forecast for tomorrow: partly cloudy with a chance of rain in the afternoon,unknown
"GOVERNMENT OF ANDHRA PRADESH
OFFICE OF THE SUB-DIVISIONAL MAGISTRATE, DHAR
CASTE CERTIFICATE
Certificate Number: ST/GU/2020/5177
Date of Issue: 07/06/2024
This is to certify that Suresh Meena, residing at Dhar, District Dhar, Andhra Pradesh belongs to a community recognized as a Scheduled Tribe (ST) under the Constitution (Scheduled Tribes) Order, 1950.
Issuing Authority: Sub-Divisional Magistrate",caste_certificate
"Spam text message: Congratulations! You have won a prize, click here to claim your offer letter now",unknown
"OFFER LETTER
Imperial College London, United Kingdom
This is an Unconditional Offer for admission to Master of Public Policy. Please confirm acceptance and pay the tuition fee deposit to secure your seat.",offer_letter
"Punjab National Bank
SAVINGS BANK PASSBOOK
Account Number: 5102868713427558
IFSC: UNYO0190181
Branch Code: 5434
Account Holder: Amit Oraon",bank_passbook
"Indian Institute of Technology Delhi
Letter of Acceptance
Dear Applicant, we are pleased to offer you Conditional Offer of admission to Master of Data Science, Faculty of Graduate Studies. Tuition fee: approx $40,000 per year. Commencement: September intake.",offer_letter
"GOVERNMENT OFFICE OF THE DISTRICT COLLECTOR
This is to certify Deepak Toppo's gross income for the financial year is Rs 240,000. Annual income certificate issued as per revenue records.",income_certificate
"GOVERNMENT OFFICE OF THE REVENUE OFFICER
This is to certify Anita Gond's gross income for the financial year is Rs 145,000. Annual income certificate issued as per revenue records.",income_certificate
Instagram post: Beautiful sunset at the beach today! #travel #vacation #blessed,unknown
"PASSBOOK
State Bank of India
Account held by Vikram Bhil. Account number 3434318568305441. IFSC SZZT0875758.",bank_passbook
"Blank white image with faint watermark text, mostly illegible pixel noise qwpicture unreadable",unknown
"University of Melbourne
Letter of Acceptance
Dear Applicant, we are pleased to offer you Conditional Offer of admission to Master of Public Policy, Faculty of Graduate Studies. Tuition fee: approx $40,000 per year. Commencement: September intake.",offer_letter
"PASSBOOK
Bank of Baroda
Account held by Rekha Minz. Account number 2992672930870457. IFSC CCDB0131107.",bank_passbook
"GOVERNMENT OF ANDHRA PRADESH
OFFICE OF THE TEHSILDAR, UDAIPUR
CASTE CERTIFICATE
Certificate Number: CERT/MA/2022/3007
Date of Issue: 09/08/2020
This is to certify that Anita Gond, residing at Udaipur, District Udaipur, Andhra Pradesh belongs to a community recognized as a Scheduled Tribe (ST) under the Constitution (Scheduled Tribes) Order, 1950.
Issuing Authority: Tehsildar",caste_certificate
Text overlay from a cooking show: add a pinch of salt and stir the percentage of spices evenly,unknown
Google Maps screenshot showing directions to the nearest university campus food court,unknown
"Bank of Baroda
SAVINGS BANK PASSBOOK
Account Number: 2111940500575853
IFSC: ZSJA0545339
Branch Code: 7089
Account Holder: Rahul Kumar",bank_passbook
"COLLEGE ID
Library Card No: LIB2382
Identity Card issued to Amit Oraon, valid upto 06/04/2024.",college_id
"This is to certify that Kavita Naik belongs to the Scheduled Tribe community. Category: Scheduled Tribe (ST). Issued by Sub-Divisional Magistrate, Gumla, dated 08/05/2020.",caste_certificate
"Spam text message: Congratulations! You have won a prize, click here to claim your offer letter now",unknown
"Government of India
Unique Identification Authority of India
UIDAI
Aadhaar 8610 6594 5972
Mera Aadhaar, Meri Pehchaan
Name: Deepak Toppo",aadhaar
"Bank Statement
Canara Bank, Branch
A/c No: 3578350832217848
IFSC Code: FJVC0283602
Name: Deepak Toppo
Saving Bank Account",bank_passbook
"Admission Offer - University of Melbourne
Programme: Master of Social Work
Country: United Kingdom
We are delighted to extend this offer letter for the upcoming academic year.",offer_letter
News headline: Stock market income growth surges as tech university enrolments rise this semester,unknown
"Government of India
Unique Identification Authority of India
UIDAI
Aadhaar 8137 7650 8080
Mera Aadhaar, Meri Pehchaan
Name: Amit Oraon",aadhaar
"COLLEGE ID
Library Card No: LIB3264
Identity Card issued to Amit Oraon, valid upto 25/02/2022.",college_id
Marksheet issued by Anna University. Total percentage: 76.19%. Registration No: 595401. Session 2024-2025.,marksheet
YouTube video thumbnail preview of a gaming livestream with subscriber count overlay,unknown
"STATEMENT OF MARKS
University of Melbourne
Controller of Examinations
Roll No: RU/2020/ST/803
Percentage: 67.75%
Year of Passing: 2024",marksheet
"AADHAAR CARD
Amit Oraon
UIDAI
Enrolment No: 1692/18791/59469
3226 1009 5705",aadhaar
Weather forecast for tomorrow: partly cloudy with a chance of rain in the afternoon,unknown
"Government of India
Unique Identification Authority of India
UIDAI
Aadhaar 1663 8855 2110
Mera Aadhaar, Meri Pehchaan
Name: Anita Gond",aadhaar
Marksheet issued by National Institute of Technology. Total percentage: 61.7%. Registration No: 151081. Session 2021-2022.,marksheet
"STUDENT ID CARD
Jadavpur University
Name: Deepak Toppo
Roll No: 4819
Valid Upto: 19/08/2023",college_id
"OFFER LETTER
Harvard University, Germany
This is an Unconditional Offer for admission to Master of Social Work. Please confirm acceptance and pay the tuition fee deposit to secure your seat.",offer_letter
"COLLEGE ID
Library Card No: LIB1515
Identity Card issued to Suresh Meena, valid upto 09/05/2024.",college_id
"Bank Statement
State Bank of India, Branch
A/c No: 6942452806361955
IFSC Code: DRFW0503433
Name: Sunita Munda
Saving Bank Account",bank_passbook
Instagram post: Beautiful sunset at the beach today! #travel #vacation #blessed,unknown
"AADHAAR CARD
Rekha Minz
UIDAI
Enrolment No: 6169/86473/68538
8783 6547 3870",aadhaar
Weather forecast for tomorrow: partly cloudy with a chance of rain in the afternoon,unknown
Text overlay from a cooking show: add a pinch of salt and stir the percentage of spices evenly,unknown
Instagram post: Beautiful sunset at the beach today! #travel #vacation #blessed,unknown
"Bank of Baroda
SAVINGS BANK PASSBOOK
Account Number: 9060233278392226
IFSC: LHBE0857962
Branch Code: 8859
Account Holder: Rekha Minz",bank_passbook
"INCOME CERTIFICATE
Certificate No: CERT/JH/2020/1813
Date: 18/01/2020
This is to certify that the annual income of the family of Rekha Minz is Rs. 120,000 (Rupees only) from all sources.
Family Income verified by Revenue Officer.",income_certificate
"Government of India
Unique Identification Authority of India
UIDAI
Aadhaar 5530 6103 9868
Mera Aadhaar, Meri Pehchaan
Name: Sunita Munda",aadhaar
"STUDENT ID CARD
Indian Institute of Technology Delhi
Name: Vikram Bhil
Roll No: 3651
Valid Upto: 01/05/2021",college_id
"Meme template with bold white text on a grey background, no visible document content",unknown
"This is to certify that Deepak Toppo belongs to the Scheduled Tribe community. Category: Scheduled Tribe (ST). Issued by Sub-Divisional Magistrate, Udaipur, dated 12/11/2024.",caste_certificate
"STUDENT ID CARD
Jadavpur University
Name: Rahul Kumar
Roll No: 7530
Valid Upto: 21/03/2024",college_id
"GOVERNMENT OFFICE OF THE TAHSILDAR
This is to certify Anita Gond's gross income for the financial year is Rs 275,000. Annual income certificate issued as per revenue records.",income_certificate
"Certified that the total annual income of Deepak Toppo and family is Rs. 240,000. Issued by District Collector on 07/05/2025.",income_certificate
Random forum post: does anyone know how to increase my monthly income working from home,unknown
"GOVERNMENT OFFICE OF THE DISTRICT COLLECTOR
This is to certify Kavita Naik's gross income for the financial year is Rs 190,000. Annual income certificate issued as per revenue records.",income_certificate
"STUDENT ID CARD
Jadavpur University
Name: Anita Gond
Roll No: 2080
Valid Upto: 16/10/2023",college_id
Settings > Notifications > Monthly income summary chart preview toggle dark mode,unknown
"STUDENT ID CARD
Indian Institute of Technology Delhi
Name: Vikram Bhil
Roll No: 2531
Valid Upto: 26/09/2022",college_id
YouTube video thumbnail preview of a gaming livestream with subscriber count overlay,unknown
"GRADE SHEET
Oxford University
CGPA: 8.98
Semester: 2
Marks obtained: 426/500",marksheet
Google Maps screenshot showing directions to the nearest university campus food court,unknown
"Certified that the total annual income of Rekha Minz and family is Rs. 120,000. Issued by District Collector on 02/05/2020.",income_certificate
Weather forecast for tomorrow: partly cloudy with a chance of rain in the afternoon,unknown
"GRADE SHEET
Jadavpur University
CGPA: 7.91
Semester: 5
Marks obtained: 375/500",marksheet
"STUDENT ID CARD
Harvard University
Name: Anita Gond
Roll No: 9426
Valid Upto: 12/03/2020",college_id
"Imperial College London
Letter of Acceptance
Dear Applicant, we are pleased to offer you Conditional Offer of admission to PhD in Computer Science, Faculty of Graduate Studies. Tuition fee: approx $40,000 per year. Commencement: September intake.",offer_letter
"Government of India
Unique Identification Authority of India
UIDAI
Aadhaar 1338 2629 3127
Mera Aadhaar, Meri Pehchaan
Name: Vikram Bhil",aadhaar
"Admission Offer - Anna University
Programme: MSc Renewable Energy
Country: Germany
We are delighted to extend this offer letter for the upcoming academic year.",offer_letter
Settings > Notifications > Monthly income summary chart preview toggle dark mode,unknown
"STUDENT ID CARD
Indian Institute of Technology Delhi
Name: Deepak Toppo
Roll No: 3336
Valid Upto: 20/04/2023",college_id
"Government of India
Unique Identification Authority of India
UIDAI
Aadhaar 6162 3001 7467
Mera Aadhaar, Meri Pehchaan
Name: Priya Soren",aadhaar
"AADHAAR CARD
Vikram Bhil
UIDAI
Enrolment No: 4912/36822/38329
4423 6817 4183",aadhaar
"STUDENT ID CARD
University of Toronto
Name: Vikram Bhil
Roll No: 4871
Valid Upto: 13/11/2019",college_id
"PASSBOOK
Canara Bank
Account held by Priya Soren. Account number 5019339277682874. IFSC DFVT0128678.",bank_passbook
Recipe: How to make butter chicken at home in under 30 minutes,unknown
Screenshot of a WhatsApp group chat about weekend plans and cricket scores,unknown
Marksheet issued by Anna University. Total percentage: 70.67%. Registration No: 964119. Session 2021-2025.,marksheet
Product review: This laptop has great battery percentage remaining after 10 hours of use,unknown
"Group photo caption: Our college id trip to the mountains was unforgettable, best semester ever",unknown
Marksheet issued by Anna University. Total percentage: 86.05%. Registration No: 931578. Session 2024-2024.,marksheet
Random Wikipedia excerpt about the history of the university of Bologna founded in 1088,unknown
Weather forecast for tomorrow: partly cloudy with a chance of rain in the afternoon,unknown
"INCOME CERTIFICATE
Certificate No: CERT/GU/2024/3732
Date: 04/03/2024
This is to certify that the annual income of the family of Vikram Bhil is Rs. 275,000 (Rupees only) from all sources.
Family Income verified by Revenue Officer.",income_certificate
"INCOME CERTIFICATE
Certificate No: CERT/RA/2022/5256
Date: 05/05/2019
This is to certify that the annual income of the family of Priya Soren is Rs. 190,000 (Rupees only) from all sources.
Family Income verified by Tahsildar.",income_certificate
"OFFER LETTER
Jadavpur University, Australia
This is an Unconditional Offer for admission to MSc Renewable Energy. Please confirm acceptance and pay the tuition fee deposit to secure your seat.",offer_letter
Marksheet issued by Imperial College London. Total percentage: 68.76%. Registration No: 276214. Session 2024-2022.,marksheet
Product review: This laptop has great battery percentage remaining after 10 hours of use,unknown
"State Bank of India
SAVINGS BANK PASSBOOK
Account Number: 8888637093627328
IFSC: GIID0437057
Branch Code: 7660
Account Holder: Rahul Kumar",bank_passbook
"TRIBE CERTIFICATE
Ref No: CERT/MA/2019/2588
Certified that Shri Priya Soren son/daughter of resident of Koraput, West Bengal, belongs to Scheduled Tribe category as per the Constitution (Scheduled Tribes) Order.
Issued by: Tehsildar, Koraput",caste_certificate
"Certified that the total annual income of Sunita Munda and family is Rs. 120,000. Issued by Revenue Officer on 20/10/2022.",income_certificate
"OFFER LETTER
Jadavpur University, United Kingdom
This is an Unconditional Offer for admission to PhD in Biotechnology. Please confirm acceptance and pay the tuition fee deposit to secure your seat.",offer_letter
"INCOME CERTIFICATE
Certificate No: CERT/JH/2019/7367
Date: 22/05/2024
This is to certify that the annual income of the family of Rekha Minz is Rs. 85,000 (Rupees only) from all sources.
Family Income verified by Revenue Officer.",income_certificate
"PASSBOOK
Punjab National Bank
Account held by Priya Soren. Account number 7669088224092442. IFSC RKUN0441919.",bank_passbook
"STUDENT ID CARD
University of Melbourne
Name: Sunita Munda
Roll No: 2462
Valid Upto: 04/02/2022",college_id
"STUDENT ID CARD
Indian Institute of Technology Delhi
Name: Sunita Munda
Roll No: 8431
Valid Upto: 16/12/2019",college_id
"Government of India
Unique Identification Authority of India
UIDAI
Aadhaar 5309 8829 2094
Mera Aadhaar, Meri Pehchaan
Name: Amit Oraon",aadhaar
"STATEMENT OF MARKS
National Institute of Technology
Controller of Examinations
Roll No: RU/2021/ST/481
Percentage: 95.1%
Year of Passing: 2023",marksheet
"INCOME CERTIFICATE
Certificate No: ST/AN/2025/9263
Date: 22/07/2025
This is to certify that the annual income of the family of Amit Oraon is Rs. 85,000 (Rupees only) from all sources.
Family Income verified by Tahsildar.",income_certificate
Screenshot of a WhatsApp group chat about weekend plans and cricket scores,unknown
"GOVERNMENT OF CHHATTISGARH
OFFICE OF THE SUB-DIVISIONAL MAGISTRATE, KORAPUT
CASTE CERTIFICATE
Certificate Number: ST/GU/2025/1634
Date of Issue: 28/08/2020
This is to certify that Priya Soren, residing at Koraput, District Koraput, Chhattisgarh belongs to a community recognized as a Scheduled Tribe (ST) under the Constitution (Scheduled Tribes) Order, 1950.
Issuing Authority: Sub-Divisional Magistrate",caste_certificate
"AADHAAR CARD
Vikram Bhil
UIDAI
Enrolment No: 4268/92424/62684
6847 2574 7224",aadhaar
"State Bank of India
SAVINGS BANK PASSBOOK
Account Number: 2320550933376336
IFSC: OQCG0889649
Branch Code: 1573
Account Holder: Sunita Munda",bank_passbook
YouTube video thumbnail preview of a gaming livestream with subscriber count overlay,unknown
"Bank of Baroda
SAVINGS BANK PASSBOOK
Account Number: 9394534095325939
IFSC: JYTK0158716
Branch Code: 4586
Account Holder: Suresh Meena",bank_passbook
"INCOME CERTIFICATE
Certificate No: CERT/WE/2023/5193
Date: 02/06/2020
This is to certify that the annual income of the family of Rahul Kumar is Rs. 275,000 (Rupees only) from all sources.
Family Income verified by District Collector.",income_certificate
Product review: This laptop has great battery percentage remaining after 10 hours of use,unknown
"STUDENT ID CARD
Harvard University
Name: Amit Oraon
Roll No: 6412
Valid Upto: 19/02/2021",college_id
"Blank white image with faint watermark text, mostly illegible pixel noise qwpicture unreadable",unknown
"Bank Statement
Punjab National Bank, Branch
A/c No: 2501544660115345
IFSC Code: ADNY0887941
Name: Priya Soren
Saving Bank Account",bank_passbook
"A screenshot of a to-do list app showing tasks: buy groceries, pay electricity bank of statement, call mom",unknown
"STUDENT ID CARD
University of Melbourne
Name: Rekha Minz
Roll No: 1778
Valid Upto: 17/06/2023",college_id
"AADHAAR CARD
Amit Oraon
UIDAI
Enrolment No: 5047/92174/64199
6926 4692 5300",aadhaar
Random Wikipedia excerpt about the history of the university of Bologna founded in 1088,unknown
"AADHAAR CARD
Sunita Munda
UIDAI
Enrolment No: 8910/75677/36438
4458 3421 6447",aadhaar
Product review: This laptop has great battery percentage remaining after 10 hours of use,unknown
Top 10 productivity apps every university student should try in 2024 - TechBlog,unknown
"AADHAAR CARD
Rekha Minz
UIDAI
Enrolment No: 9528/83585/25269
3224 8756 9099",aadhaar
Recipe: How to make butter chicken at home in under 30 minutes,unknown
"Bank Statement
Canara Bank, Branch
A/c No: 7895019261486491
IFSC Code: GOTG0656822
Name: Vikram Bhil
Saving Bank Account",bank_passbook
"This is to certify that Sunita Munda belongs to the Scheduled Tribe community. Category: Scheduled Tribe (ST). Issued by Sub-Divisional Magistrate, Udaipur, dated 05/11/2021.",caste_certificate
Weather forecast for tomorrow: partly cloudy with a chance of rain in the afternoon,unknown
"Government of India
Unique Identification Authority of India
UIDAI
Aadhaar 4798 2511 1854
Mera Aadhaar, Meri Pehchaan
Name: Rekha Minz",aadhaar
"PASSBOOK
Union Bank of India
Account held by Amit Oraon. Account number 7960907128054187. IFSC BPLC0158500.",bank_passbook
"Bank Statement
State Bank of India, Branch
A/c No: 7855404234621011
IFSC Code: NKFE0820431
Name: Vikram Bhil
Saving Bank Account",bank_passbook
"STUDENT ID CARD
University of Toronto
Name: Deepak Toppo
Roll No: 1704
Valid Upto: 27/02/2022",college_id
"GOVERNMENT OF WEST BENGAL
OFFICE OF THE TAHSILDAR, DHAR
CASTE CERTIFICATE
Certificate Number: ST/CH/2024/1090
Date of Issue: 25/02/2025
This is to certify that Priya Soren, residing at Dhar, District Dhar, West Bengal belongs to a community recognized as a Scheduled Tribe (ST) under the Constitution (Scheduled Tribes) Order, 1950.
Issuing Authority: Tahsildar",caste_certificate
"GRADE SHEET
Anna University
CGPA: 7.85
Semester: 4
Marks obtained: 373/500",marksheet
"OFFER LETTER
National Institute of Technology, United States
This is an Unconditional Offer for admission to Master of Social Work. Please confirm acceptance and pay the tuition fee deposit to secure your seat.",offer_letter
"OFFER LETTER
Imperial College London, Canada
This is an Unconditional Offer for admission to Master of Data Science. Please confirm acceptance and pay the tuition fee deposit to secure your seat.",offer_letter
"OFFER LETTER
Jadavpur University, United Kingdom
This is an Unconditional Offer for admission to Master of Data Science. Please confirm acceptance and pay the tuition fee deposit to secure your seat.",offer_letter
Google Maps screenshot showing directions to the nearest university campus food court,unknown
"Government of India
Unique Identification Authority of India
UIDAI
Aadhaar 7800 2776 8120
Mera Aadhaar, Meri Pehchaan
Name: Priya Soren",aadhaar
"STATEMENT OF MARKS
National Institute of Technology
Controller of Examinations
Roll No: RU/2023/ST/366
Percentage: 78.56%
Year of Passing: 2022",marksheet
News headline: Stock market income growth surges as tech university enrolments rise this semester,unknown
Random forum post: does anyone know how to increase my monthly income working from home,unknown
"COLLEGE ID
Library Card No: LIB4507
Identity Card issued to Suresh Meena, valid upto 06/02/2024.",college_id
"Blank white image with faint watermark text, mostly illegible pixel noise qwpicture unreadable",unknown
"GRADE SHEET
Indian Institute of Technology Delhi
CGPA: 9.45
Semester: 1
Marks obtained: 448/500",marksheet
"STATEMENT OF MARKS
Harvard University
Controller of Examinations
Roll No: RU/2020/ST/911
Percentage: 75.06%
Year of Passing: 2024",marksheet
"STATEMENT OF MARKS
University of Toronto
Controller of Examinations
Roll No: RU/2022/ST/198
Percentage: 66.13%
Year of Passing: 2024",marksheet
Text overlay from a cooking show: add a pinch of salt and stir the percentage of spices evenly,unknown
"This is to certify that Anita Gond belongs to the Scheduled Tribe community. Category: Scheduled Tribe (ST). Issued by Sub-Divisional Magistrate, Koraput, dated 18/11/2019.",caste_certificate
"Government of India
Unique Identification Authority of India
UIDAI
Aadhaar 2512 3488 1841
Mera Aadhaar, Meri Pehchaan
Name: Rahul Kumar",aadhaar
"OFFER LETTER
Jadavpur University, United Kingdom
This is an Unconditional Offer for admission to Master of Public Policy. Please confirm acceptance and pay the tuition fee deposit to secure your seat.",offer_letter
"COLLEGE ID
Library Card No: LIB3900
Identity Card issued to Amit Oraon, valid upto 05/10/2022.",college_id
YouTube video thumbnail preview of a gaming livestream with subscriber count overlay,unknown
"Spam text message: Congratulations! You have won a prize, click here to claim your offer letter now",unknown
"STUDENT ID CARD
National Institute of Technology
Name: Rahul Kumar
Roll No: 9724
Valid Upto: 06/08/2022",college_id
"Government of India
Unique Identification Authority of India
UIDAI
Aadhaar 7874 1401 3284
Mera Aadhaar, Meri Pehchaan
Name: Anita Gond",aadhaar
Recipe: How to make butter chicken at home in under 30 minutes,unknown
YouTube video thumbnail preview of a gaming livestream with subscriber count overlay,unknown
"This is to certify that Sunita Munda belongs to the Scheduled Tribe community. Category: Scheduled Tribe (ST). Issued by Sub-Divisional Magistrate, Koraput, dated 16/02/2022.",caste_certificate
"STATEMENT OF MARKS
Imperial College London
Controller of Examinations
Roll No: RU/2021/ST/402
Percentage: 86.17%
Year of Passing: 2024",marksheet
"PASSBOOK
Union Bank of India
Account held by Amit Oraon. Account number 9849888138251327. IFSC EAVL0703943.",bank_passbook
"Government of India
Unique Identification Authority of India
UIDAI
Aadhaar 7919 6157 4014
Mera Aadhaar, Meri Pehchaan
Name: Rahul Kumar",aadhaar
"Government of India
Unique Identification Authority of India
UIDAI
Aadhaar 7452 3211 3736
Mera Aadhaar, Meri Pehchaan
Name: Rahul Kumar",aadhaar
"AADHAAR CARD
Amit Oraon
UIDAI
Enrolment No: 6672/44286/82401
4160 9008 5614",aadhaar
"Bank Statement
State Bank of India, Branch
A/c No: 8902842920899009
IFSC Code: LSKU0449663
Name: Amit Oraon
Saving Bank Account",bank_passbook
"GOVERNMENT OF WEST BENGAL
OFFICE OF THE TEHSILDAR, UDAIPUR
CASTE CERTIFICATE
Certificate Number: ST/RA/2025/2975
Date of Issue: 28/07/2024
This is to certify that Priya Soren, residing at Udaipur, District Udaipur, West Bengal belongs to a community recognized as a Scheduled Tribe (ST) under the Constitution (Scheduled Tribes) Order, 1950.
Issuing Authority: Tehsildar",caste_certificate
Marksheet issued by Oxford University. Total percentage: 57.33%. Registration No: 842470. Session 2019-2020.,marksheet
"STUDENT ID CARD
Jadavpur University
Name: Amit Oraon
Roll No: 7191
Valid Upto: 18/12/2023",college_id
Recipe: How to make butter chicken at home in under 30 minutes,unknown
"Anna University
Letter of Acceptance
Dear Applicant, we are pleased to offer you Conditional Offer of admission to MSc Renewable Energy, Faculty of Graduate Studies. Tuition fee: approx $40,000 per year. Commencement: September intake.",offer_letter
Marksheet issued by Oxford University. Total percentage: 55.63%. Registration No: 316612. Session 2023-2022.,marksheet
"This is to certify that Vikram Bhil belongs to the Scheduled Tribe community. Category: Scheduled Tribe (ST). Issued by Sub-Divisional Magistrate, Bastar, dated 25/09/2021.",caste_certificate
"This is to certify that Kavita Naik belongs to the Scheduled Tribe community. Category: Scheduled Tribe (ST). Issued by Sub-Divisional Magistrate, Dahod, dated 17/08/2023.",caste_certificate
News headline: Stock market income growth surges as tech university enrolments rise this semester,unknown
"OFFER LETTER
University of Melbourne, United States
This is an Unconditional Offer for admission to PhD in Computer Science. Please confirm acceptance and pay the tuition fee deposit to secure your seat.",offer_letter
News headline: Stock market income growth surges as tech university enrolments rise this semester,unknown
"Blank white image with faint watermark text, mostly illegible pixel noise qwpicture unreadable",unknown
Amazon order confirmation: Your package containing a bank statement organizer folder has shipped,unknown
"This is to certify that Kavita Naik belongs to the Scheduled Tribe community. Category: Scheduled Tribe (ST). Issued by Sub-Divisional Magistrate, Ranchi, dated 03/03/2021.",caste_certificate
Instagram post: Beautiful sunset at the beach today! #travel #vacation #blessed,unknown
Settings > Notifications > Monthly income summary chart preview toggle dark mode,unknown
"TRIBE CERTIFICATE
Ref No: ST/MA/2021/3848
Certified that Shri Rekha Minz son/daughter of resident of Ranchi, Madhya Pradesh, belongs to Scheduled Tribe category as per the Constitution (Scheduled Tribes) Order.
Issued by: Tahsildar, Ranchi",caste_certificate
"Meme template with bold white text on a grey background, no visible document content",unknown
Error 404 - Page not found. Please check the URL and try again.,unknown
"AADHAAR CARD
Sunita Munda
UIDAI
Enrolment No: 3601/22108/90668
1820 5102 2298",aadhaar
Top 10 productivity apps every university student should try in 2025 - TechBlog,unknown
"Meme template with bold white text on a grey background, no visible document content",unknown
"Admission Offer - Oxford University
Programme: Master of Social Work
Country: Australia
We are delighted to extend this offer letter for the upcoming academic year.",offer_letter
"Bank Statement
Bank of Baroda, Branch
A/c No: 1895635112262656
IFSC Code: GGSH0844971
Name: Kavita Naik
Saving Bank Account",bank_passbook
Weather forecast for tomorrow: partly cloudy with a chance of rain in the afternoon,unknown
"GOVERNMENT OFFICE OF THE DISTRICT COLLECTOR
This is to certify Priya Soren's gross income for the financial year is Rs 190,000. Annual income certificate issued as per revenue records.",income_certificate
Instagram post: Beautiful sunset at the beach today! #travel #vacation #blessed,unknown
Recipe: How to make butter chicken at home in under 30 minutes,unknown
"COLLEGE ID
Library Card No: LIB2931
Identity Card issued to Vikram Bhil, valid upto 26/02/2025.",college_id
"TRIBE CERTIFICATE
Ref No: ST/MA/2020/9837
Certified that Shri Kavita Naik son/daughter of resident of Ranchi, Telangana, belongs to Scheduled Tribe category as per the Constitution (Scheduled Tribes) Order.
Issued by: Tahsildar, Ranchi",caste_certificate
"Harvard University
Letter of Acceptance
Dear Applicant, we are pleased to offer you Conditional Offer of admission to PhD in Biotechnology, Faculty of Graduate Studies. Tuition fee: approx $40,000 per year. Commencement: September intake.",offer_letter
"COLLEGE ID
Library Card No: LIB2371
Identity Card issued to Priya Soren, valid upto 12/11/2024.",college_id
"INCOME CERTIFICATE
Certificate No: CERT/MA/2022/9331
Date: 23/02/2021
This is to certify that the annual income of the family of Rahul Kumar is Rs. 275,000 (Rupees only) from all sources.
Family Income verified by Revenue Officer.",income_certificate
News headline: Stock market income growth surges as tech university enrolments rise this semester,unknown
Recipe: How to make butter chicken at home in under 30 minutes,unknown
"COLLEGE ID
Library Card No: LIB5049
Identity Card issued to Rahul Kumar, valid upto 19/06/2021.",college_id
"GOVERNMENT OF MAHARASHTRA
OFFICE OF THE TAHSILDAR, BASTAR
CASTE CERTIFICATE
Certificate Number: REF/MA/2025/9428
Date of Issue: 22/02/2020
This is to certify that Amit Oraon, residing at Bastar, District Bastar, Maharashtra belongs to a community recognized as a Scheduled Tribe (ST) under the Constitution (Scheduled Tribes) Order, 1950.
Issuing Authority: Tahsildar",caste_certificate
"OFFER LETTER
Anna University, Australia
This is an Unconditional Offer for admission to Master of Data Science. Please confirm acceptance and pay the tuition fee deposit to secure your seat.",offer_letter
"Meme template with bold white text on a grey background, no visible document content",unknown
"This is to certify that Sunita Munda belongs to the Scheduled Tribe community. Category: Scheduled Tribe (ST). Issued by Sub-Divisional Magistrate, Bastar, dated 16/02/2020.",caste_certificate
"TRIBE CERTIFICATE
Ref No: REF/MA/2024/8438
Certified that Shri Sunita Munda son/daughter of resident of Simdega, Jharkhand, belongs to Scheduled Tribe category as per the Constitution (Scheduled Tribes) Order.
Issued by: Tahsildar, Simdega",caste_certificate
"STUDENT ID CARD
Indian Institute of Technology Delhi
Name: Sunita Munda
Roll No: 1183
Valid Upto: 18/02/2025",college_id
Instagram post: Beautiful sunset at the beach today! #travel #vacation #blessed,unknown
"GRADE SHEET
University of Melbourne
CGPA: 8.11
Semester: 7
Marks obtained: 385/500",marksheet
"This is to certify that Rahul Kumar belongs to the Scheduled Tribe community. Category: Scheduled Tribe (ST). Issued by Sub-Divisional Magistrate, Dahod, dated 21/03/2022.",caste_certificate
"PASSBOOK
Punjab National Bank
Account held by Vikram Bhil. Account number 3822219945546936. IFSC NCHP0946648.",bank_passbook
YouTube video thumbnail preview of a gaming livestream with subscriber count overlay,unknown
"STUDENT ID CARD
University of Melbourne
Name: Amit Oraon
Roll No: 3486
Valid Upto: 04/04/2020",college_id
News headline: Stock market income growth surges as tech university enrolments rise this semester,unknown
"Certified that the total annual income of Amit Oraon and family is Rs. 275,000. Issued by District Collector on 17/12/2022.",income_certificate
"Punjab National Bank
SAVINGS BANK PASSBOOK
Account Number: 7857242294922704
IFSC: OYZZ0291482
Branch Code: 7513
Account Holder: Deepak Toppo",bank_passbook
"A screenshot of a to-do list app showing tasks: buy groceries, pay electricity bank of statement, call mom",unknown
"PASSBOOK
Canara Bank
Account held by Kavita Naik. Account number 1850872975827388. IFSC ABAC0438542.",bank_passbook
Error 404 - Page not found. Please check the URL and try again.,unknown
"Group photo caption: Our college id trip to the mountains was unforgettable, best semester ever",unknown
"AADHAAR CARD
Priya Soren
UIDAI
Enrolment No: 1232/99795/66295
2305 6386 5023",aadhaar
Amazon order confirmation: Your package containing a bank statement organizer folder has shipped,unknown
"COLLEGE ID
Library Card No: LIB2508
Identity Card issued to Kavita Naik, valid upto 24/11/2025.",college_id
"TRIBE CERTIFICATE
Ref No: CERT/AN/2019/6315
Certified that Shri Sunita Munda son/daughter of resident of Simdega, Gujarat, belongs to Scheduled Tribe category as per the Constitution (Scheduled Tribes) Order.
Issued by: Tahsildar, Simdega",caste_certificate
"Admission Offer - Imperial College London
Programme: MSc Renewable Energy
Country: Singapore
We are delighted to extend this offer letter for the upcoming academic year.",offer_letter
"Group photo caption: Our college id trip to the mountains was unforgettable, best semester ever",unknown
Product review: This laptop has great battery percentage remaining after 10 hours of use,unknown
Recipe: How to make butter chicken at home in under 30 minutes,unknown
"TRIBE CERTIFICATE
Ref No: ST/WE/2023/3045
Certified that Shri Anita Gond son/daughter of resident of Khunti, Odisha, belongs to Scheduled Tribe category as per the Constitution (Scheduled Tribes) Order.
Issued by: Tahsildar, Khunti",caste_certificate
"PASSBOOK
Bank of Baroda
Account held by Suresh Meena. Account number 3498914394962112. IFSC TYUT0465511.",bank_passbook
"Certified that the total annual income of Suresh Meena and family is Rs. 145,000. Issued by Tahsildar on 06/08/2025.",income_certificate
Settings > Notifications > Monthly income summary chart preview toggle dark mode,unknown
"STUDENT ID CARD
Jadavpur University
Name: Vikram Bhil
Roll No: 3485
Valid Upto: 03/08/2019",college_id
"Bank Statement
Bank of Baroda, Branch
A/c No: 15198982567896
IFSC Code: RFEH0293560
Name: Priya Soren
Saving Bank Account",bank_passbook
Random Wikipedia excerpt about the history of the university of Bologna founded in 1088,unknown
"AADHAAR CARD
Rahul Kumar
UIDAI
Enrolment No: 9021/51755/31873
1852 4912 6023",aadhaar
"University of Toronto
Letter of Acceptance
Dear Applicant, we are pleased to offer you Conditional Offer of admission to Master of Public Policy, Faculty of Graduate Studies. Tuition fee: approx $40,000 per year. Commencement: September intake.",offer_letter
Screenshot of a WhatsApp group chat about weekend plans and cricket scores,unknown
"GOVERNMENT OF GUJARAT
OFFICE OF THE SUB-DIVISIONAL MAGISTRATE, UDAIPUR
CASTE CERTIFICATE
Certificate Number: REF/CH/2022/2622
Date of Issue: 27/08/2023
This is to certify that Anita Gond, residing at Udaipur, District Udaipur, Gujarat belongs to a community recognized as a Scheduled Tribe (ST) under the Constitution (Scheduled Tribes) Order, 1950.
Issuing Authority: Sub-Divisional Magistrate",caste_certificate
"INCOME CERTIFICATE
Certificate No: CERT/OD/2021/1449
Date: 13/01/2020
This is to certify that the annual income of the family of Anita Gond is Rs. 120,000 (Rupees only) from all sources.
Family Income verified by Revenue Officer.",income_certificate
Screenshot of a WhatsApp group chat about weekend plans and cricket scores,unknown
YouTube video thumbnail preview of a gaming livestream with subscriber count overlay,unknown
Settings > Notifications > Monthly income summary chart preview toggle dark mode,unknown
Top 10 productivity apps every university student should try in 2024 - TechBlog,unknown
"This is to certify that Rekha Minz belongs to the Scheduled Tribe community. Category: Scheduled Tribe (ST). Issued by Sub-Divisional Magistrate, Nashik, dated 01/09/2025.",caste_certificate
Instagram post: Beautiful sunset at the beach today! #travel #vacation #blessed,unknown
"GRADE SHEET
National Institute of Technology
CGPA: 6.07
Semester: 2
Marks obtained: 288/500",marksheet
Screenshot of a WhatsApp group chat about weekend plans and cricket scores,unknown
"OFFER LETTER
Imperial College London, Canada
This is an Unconditional Offer for admission to Master of Social Work. Please confirm acceptance and pay the tuition fee deposit to secure your seat.",offer_letter
"GOVERNMENT OF CHHATTISGARH
OFFICE OF THE TEHSILDAR, KHUNTI
CASTE CERTIFICATE
Certificate Number: CERT/RA/2025/6555
Date of Issue: 18/06/2025
This is to certify that Rekha Minz, residing at Khunti, District Khunti, Chhattisgarh belongs to a community recognized as a Scheduled Tribe (ST) under the Constitution (Scheduled Tribes) Order, 1950.
Issuing Authority: Tehsildar",caste_certificate
"STATEMENT OF MARKS
Anna University
Controller of Examinations
Roll No: RU/2021/ST/290
Percentage: 70.77%
Year of Passing: 2023",marksheet
"Admission Offer - Harvard University
Programme: Master of Social Work
Country: Canada
We are delighted to extend this offer letter for the upcoming academic year.",offer_letter
"COLLEGE ID
Library Card No: LIB7520
Identity Card issued to Sunita Munda, valid upto 15/07/2019.",college_id
Amazon order confirmation: Your package containing a bank statement organizer folder has shipped,unknown
Random forum post: does anyone know how to increase my monthly income working from home,unknown
"Blank white image with faint watermark text, mostly illegible pixel noise qwpicture unreadable",unknown
"Admission Offer - University of Toronto
Programme: Master of Public Policy
Country: Australia
We are delighted to extend this offer letter for the upcoming academic year.",offer_letter
"GOVERNMENT OF TELANGANA
OFFICE OF THE TEHSILDAR, KHUNTI
CASTE CERTIFICATE
Certificate Number: CERT/MA/2025/7043
Date of Issue: 06/10/2023
This is to certify that Kavita Naik, residing at Khunti, District Khunti, Telangana belongs to a community recognized as a Scheduled Tribe (ST) under the Constitution (Scheduled Tribes) Order, 1950.
Issuing Authority: Tehsildar",caste_certificate
"Government of India
Unique Identification Authority of India
UIDAI
Aadhaar 8853 7465 3215
Mera Aadhaar, Meri Pehchaan
Name: Rahul Kumar",aadhaar
"AADHAAR CARD
Anita Gond
UIDAI
Enrolment No: 4922/84188/35069
6710 6019 4143",aadhaar
"PASSBOOK
Punjab National Bank
Account held by Sunita Munda. Account number 31153531621600. IFSC ZNAK0128996.",bank_passbook
"GOVERNMENT OF CHHATTISGARH
OFFICE OF THE TEHSILDAR, RANCHI
CASTE CERTIFICATE
Certificate Number: ST/RA/2021/7272
Date of Issue: 19/01/2023
This is to certify that Kavita Naik, residing at Ranchi, District Ranchi, Chhattisgarh belongs to a community recognized as a Scheduled Tribe (ST) under the Constitution (Scheduled Tribes) Order, 1950.
Issuing Authority: Tehsildar",caste_certificate
Product review: This laptop has great battery percentage remaining after 10 hours of use,unknown
"AADHAAR CARD
Rekha Minz
UIDAI
Enrolment No: 7228/13018/80944
5451 4360 9053",aadhaar
"Blank white image with faint watermark text, mostly illegible pixel noise qwpicture unreadable",unknown
"INCOME CERTIFICATE
Certificate No: ST/TE/2025/5146
Date: 01/08/2022
This is to certify that the annual income of the family of Sunita Munda is Rs. 120,000 (Rupees only) from all sources.
Family Income verified by Tahsildar.",income_certificate
"Group photo caption: Our college id trip to the mountains was unforgettable, best semester ever",unknown
Recipe: How to make butter chicken at home in under 30 minutes,unknown
"Group photo caption: Our college id trip to the mountains was unforgettable, best semester ever",unknown
"Admission Offer - Anna University
Programme: Master of Public Policy
Country: Germany
We are delighted to extend this offer letter for the upcoming academic year.",offer_letter
"A screenshot of a to-do list app showing tasks: buy groceries, pay electricity bank of statement, call mom",unknown
"Spam text message: Congratulations! You have won a prize, click here to claim your offer letter now",unknown
Product review: This laptop has great battery percentage remaining after 10 hours of use,unknown
"AADHAAR CARD
Amit Oraon
UIDAI
Enrolment No: 4954/88509/78322
5712 9145 2229",aadhaar
"Bank Statement
Bank of Baroda, Branch
A/c No: 1313473248462033
IFSC Code: UOPV0946712
Name: Rahul Kumar
Saving Bank Account",bank_passbook
Text overlay from a cooking show: add a pinch of salt and stir the percentage of spices evenly,unknown
Amazon order confirmation: Your package containing a bank statement organizer folder has shipped,unknown
"STATEMENT OF MARKS
Jadavpur University
Controller of Examinations
Roll No: RU/2022/ST/123
Percentage: 86.41%
Year of Passing: 2024",marksheet
"AADHAAR CARD
Vikram Bhil
UIDAI
Enrolment No: 6451/51936/85926
4919 8890 8132",aadhaar
"A screenshot of a to-do list app showing tasks: buy groceries, pay electricity bank of statement, call mom",unknown
"Anna University
Letter of Acceptance
Dear Applicant, we are pleased to offer you Conditional Offer of admission to Master of Social Work, Faculty of Graduate Studies. Tuition fee: approx $40,000 per year. Commencement: September intake.",offer_letter
Weather forecast for tomorrow: partly cloudy with a chance of rain in the afternoon,unknown
"Certified that the total annual income of Priya Soren and family is Rs. 240,000. Issued by Revenue Officer on 03/04/2024.",income_certificate
"Government of India
Unique Identification Authority of India
UIDAI
Aadhaar 7832 5032 4431
Mera Aadhaar, Meri Pehchaan
Name: Anita Gond",aadhaar
Settings > Notifications > Monthly income summary chart preview toggle dark mode,unknown
"Government of India
Unique Identification Authority of India
UIDAI
Aadhaar 4428 9879 2582
Mera Aadhaar, Meri Pehchaan
Name: Priya Soren",aadhaar
Error 404 - Page not found. Please check the URL and try again.,unknown
"STUDENT ID CARD
Jadavpur University
Name: Rahul Kumar
Roll No: 9468
Valid Upto: 04/12/2024",college_id
YouTube video thumbnail preview of a gaming livestream with subscriber count overlay,unknown
"Bank Statement
Bank of Baroda, Branch
A/c No: 6341522377173071
IFSC Code: TKPI0480816
Name: Sunita Munda
Saving Bank Account",bank_passbook
Product review: This laptop has great battery percentage remaining after 10 hours of use,unknown
"AADHAAR CARD
Anita Gond
UIDAI
Enrolment No: 1280/97107/58829
6549 7808 1121",aadhaar
Amazon order confirmation: Your package containing a bank statement organizer folder has shipped,unknown
YouTube video thumbnail preview of a gaming livestream with subscriber count overlay,unknown
"TRIBE CERTIFICATE
Ref No: ST/OD/2025/4872
Certified that Shri Amit Oraon son/daughter of resident of Koraput, West Bengal, belongs to Scheduled Tribe category as per the Constitution (Scheduled Tribes) Order.
Issued by: Tehsildar, Koraput",caste_certificate
Random forum post: does anyone know how to increase my monthly income working from home,unknown
"TRIBE CERTIFICATE
Ref No: CERT/MA/2021/2965
Certified that Shri Priya Soren son/daughter of resident of Dhar, Telangana, belongs to Scheduled Tribe category as per the Constitution (Scheduled Tribes) Order.
Issued by: Tehsildar, Dhar",caste_certificate
"Meme template with bold white text on a grey background, no visible document content",unknown
Recipe: How to make butter chicken at home in under 30 minutes,unknown
YouTube video thumbnail preview of a gaming livestream with subscriber count overlay,unknown
Recipe: How to make butter chicken at home in under 30 minutes,unknown
"GOVERNMENT OFFICE OF THE DISTRICT COLLECTOR
This is to certify Rekha Minz's gross income for the financial year is Rs 240,000. Annual income certificate issued as per revenue records.",income_certificate
"AADHAAR CARD
Rahul Kumar
UIDAI
Enrolment No: 8045/16260/19975
5483 9769 9954",aadhaar
Instagram post: Beautiful sunset at the beach today! #travel #vacation #blessed,unknown
Recipe: How to make butter chicken at home in under 30 minutes,unknown
Marksheet issued by National Institute of Technology. Total percentage: 62.06%. Registration No: 234966. Session 2024-2021.,marksheet
Error 404 - Page not found. Please check the URL and try again.,unknown
"Bank Statement
Canara Bank, Branch
A/c No: 3908401231181452
IFSC Code: SOYS0922215
Name: Rekha Minz
Saving Bank Account",bank_passbook
Weather forecast for tomorrow: partly cloudy with a chance of rain in the afternoon,unknown
"TRIBE CERTIFICATE
Ref No: ST/TE/2020/2234
Certified that Shri Priya Soren son/daughter of resident of Bastar, Rajasthan, belongs to Scheduled Tribe category as per the Constitution (Scheduled Tribes) Order.
Issued by: Sub-Divisional Magistrate, Bastar",caste_certificate
Google Maps screenshot showing directions to the nearest university campus food court,unknown
"STATEMENT OF MARKS
Imperial College London
Controller of Examinations
Roll No: RU/2022/ST/286
Percentage: 84.18%
Year of Passing: 2021",marksheet
"Government of India
Unique Identification Authority of India
UIDAI
Aadhaar 6684 6350 5668
Mera Aadhaar, Meri Pehchaan
Name: Anita Gond",aadhaar
YouTube video thumbnail preview of a gaming livestream with subscriber count overlay,unknown
"TRIBE CERTIFICATE
Ref No: CERT/AN/2024/9947
Certified that Shri Suresh Meena son/daughter of resident of Dahod, Jharkhand, belongs to Scheduled Tribe category as per the Constitution (Scheduled Tribes) Order.
Issued by: Sub-Divisional Magistrate, Dahod",caste_certificate
Random forum post: does anyone know how to increase my monthly income working from home,unknown
"Government of India
Unique Identification Authority of India
UIDAI
Aadhaar 4239 5313 3357
Mera Aadhaar, Meri Pehchaan
Name: Deepak Toppo",aadhaar
"Punjab National Bank
SAVINGS BANK PASSBOOK
Account Number: 4031746790351864
IFSC: YTPQ0495323
Branch Code: 7252
Account Holder: Deepak Toppo",bank_passbook
"COLLEGE ID
Library Card No: LIB3378
Identity Card issued to Deepak Toppo, valid upto 26/06/2023.",college_id
"COLLEGE ID
Library Card No: LIB2478
Identity Card issued to Deepak Toppo, valid upto 27/11/2024.",college_id
"OFFER LETTER
Imperial College London, United Kingdom
This is an Unconditional Offer for admission to Master of Public Policy. Please confirm acceptance and pay the tuition fee deposit to secure your seat.",offer_letter
Error 404 - Page not found. Please check the URL and try again.,unknown
"Blank white image with faint watermark text, mostly illegible pixel noise qwpicture unreadable",unknown
"Government of India
Unique Identification Authority of India
UIDAI
Aadhaar 6052 5912 7666
Mera Aadhaar, Meri Pehchaan
Name: Rahul Kumar",aadhaar
"Admission Offer - Anna University
Programme: MSc Renewable Energy
Country: United Kingdom
We are delighted to extend this offer letter for the upcoming academic year.",offer_letter
Error 404 - Page not found. Please check the URL and try again.,unknown
"COLLEGE ID
Library Card No: LIB7010
Identity Card issued to Rahul Kumar, valid upto 25/06/2020.",college_id
"GRADE SHEET
Harvard University
CGPA: 5.89
Semester: 2
Marks obtained: 279/500",marksheet
"Certified that the total annual income of Anita Gond and family is Rs. 120,000. Issued by Tahsildar on 02/10/2025.",income_certificate
Text overlay from a cooking show: add a pinch of salt and stir the percentage of spices evenly,unknown
"COLLEGE ID
Library Card No: LIB8657
Identity Card issued to Sunita Munda, valid upto 09/01/2019.",college_id
"Harvard University
Letter of Acceptance
Dear Applicant, we are pleased to offer you Conditional Offer of admission to Master of Social Work, Faculty of Graduate Studies. Tuition fee: approx $40,000 per year. Commencement: September intake.",offer_letter
"A screenshot of a to-do list app showing tasks: buy groceries, pay electricity bank of statement, call mom",unknown
Product review: This laptop has great battery percentage remaining after 10 hours of use,unknown
Random forum post: does anyone know how to increase my monthly income working from home,unknown
"COLLEGE ID
Library Card No: LIB9230
Identity Card issued to Deepak Toppo, valid upto 22/05/2025.",college_id
Recipe: How to make butter chicken at home in under 30 minutes,unknown
Settings > Notifications > Monthly income summary chart preview toggle dark mode,unknown
"STATEMENT OF MARKS
Jadavpur University
Controller of Examinations
Roll No: RU/2023/ST/511
Percentage: 67.85%
Year of Passing: 2022",marksheet
