ocr_text_similarity,income_discrepancy_ratio,marks_discrepancy,duplicate_cert_count,duplicate_bank_count,fuzzy_name_match_score,certificate_tamper_flag,is_fraud,risk_label
0.924,1.02,1.5,1,1,0.99,0,0,Normal
0.43,3.71,28.9,3,3,0.54,1,1,High_Risk
0.921,1.02,1.5,1,1,0.95,0,0,Normal
0.906,0.95,0.0,1,1,0.97,0,0,Normal
0.9,1.0,0.5,1,1,0.94,0,0,Normal
0.951,1.04,1.1,1,1,0.95,0,0,Normal
0.346,4.53,18.8,4,2,0.51,1,1,High_Risk
0.9,1.0,0.1,1,1,0.94,0,0,Normal
0.583,2.12,15.8,4,3,0.54,1,1,Suspicious
0.989,1.03,1.9,1,1,0.93,0,0,Normal
0.864,1.04,0.8,1,1,0.98,0,0,Normal
0.962,0.99,1.5,1,1,0.96,0,0,Normal
0.968,0.96,0.5,1,1,0.94,0,0,Normal
0.866,0.99,1.7,1,1,0.94,0,0,Normal
0.89,1.01,1.7,1,1,0.93,0,0,Normal
0.912,0.96,1.3,1,1,0.95,0,0,Normal
0.948,0.99,1.6,1,1,0.9,0,0,Normal
0.937,0.98,1.9,1,1,0.95,0,0,Normal
0.883,0.99,1.1,1,1,0.97,0,0,Normal
0.39,4.65,11.1,3,3,0.37,1,1,High_Risk
0.889,1.02,0.8,1,1,0.96,0,0,Normal
0.937,0.96,0.7,1,1,0.98,0,0,Normal
0.916,0.99,2.0,1,1,0.92,0,0,Normal
0.914,1.01,0.4,1,1,0.95,0,0,Normal
0.851,1.01,0.4,1,1,0.96,0,0,Normal
0.899,1.03,0.0,1,1,0.96,0,0,Normal
0.884,0.99,0.4,1,1,0.97,0,0,Normal
0.306,2.57,26.4,4,2,0.63,1,1,High_Risk
0.38,2.47,31.6,2,4,0.61,1,1,Suspicious
0.863,0.97,1.5,1,1,0.99,0,0,Normal
0.474,3.53,31.4,2,4,0.47,0,1,Suspicious
0.915,1.02,1.8,1,1,0.98,0,0,Normal
0.892,0.98,0.9,1,1,0.95,0,0,Normal
0.951,1.02,0.0,1,1,0.95,0,0,Normal
0.929,0.97,1.9,1,1,0.97,0,0,Normal
0.855,1.04,0.9,1,1,0.94,0,0,Normal
0.954,1.02,0.2,1,1,0.91,0,0,Normal
0.868,1.02,0.4,1,1,0.96,0,0,Normal
0.973,1.02,0.7,1,1,0.93,0,0,Normal
0.923,1.02,1.6,1,1,0.91,0,0,Normal
0.648,3.2,29.7,2,4,0.47,1,1,Suspicious
0.894,1.02,0.3,1,1,0.97,0,0,Normal
0.304,2.22,24.9,2,4,0.53,1,1,High_Risk
0.934,1.02,0.9,1,1,0.91,0,0,Normal
0.894,0.95,0.6,1,1,0.94,0,0,Normal
0.89,1.01,0.1,1,1,0.98,0,0,Normal
0.872,0.95,0.6,1,1,0.92,0,0,Normal
0.349,3.39,19.1,3,4,0.38,0,1,High_Risk
0.889,0.99,0.0,1,1,1.0,0,0,Normal
0.909,0.96,1.2,1,1,1.0,0,0,Normal
0.888,0.97,1.9,1,1,0.92,0,0,Normal
0.901,1.04,0.1,1,1,0.93,0,0,Normal
0.933,1.04,1.1,1,1,0.97,0,0,Normal
0.923,1.0,0.6,1,1,0.93,0,0,Normal
0.929,1.04,1.5,1,1,0.95,0,0,Normal
0.896,1.03,1.6,1,1,0.94,0,0,Normal
0.886,0.97,2.0,1,1,0.94,0,0,Normal
0.267,4.19,25.0,4,2,0.45,0,1,High_Risk
0.507,4.1,15.0,2,3,0.33,1,1,High_Risk
0.366,2.02,28.8,4,3,0.4,1,1,High_Risk
0.867,0.98,0.3,1,1,0.92,0,0,Normal
0.957,1.03,1.7,1,1,0.98,0,0,Normal
0.871,0.96,0.1,1,1,0.93,0,0,Normal
0.956,0.97,0.1,1,1,0.9,0,0,Normal
0.978,1.03,0.3,1,1,0.98,0,0,Normal
0.384,4.54,25.6,3,2,0.62,1,1,High_Risk
0.977,0.98,1.6,1,1,0.94,0,0,Normal
0.983,0.97,0.5,1,1,0.9,0,0,Normal
0.89,0.95,1.4,1,1,0.98,0,0,Normal
0.856,1.0,0.6,1,1,0.91,0,0,Normal
0.982,0.96,1.7,1,1,0.92,0,0,Normal
0.96,0.96,0.9,1,1,0.93,0,0,Normal
0.89,1.05,1.5,1,1,0.99,0,0,Normal
0.912,0.99,0.9,1,1,0.95,0,0,Normal
0.913,1.02,0.6,1,1,0.94,0,0,Normal
0.972,1.05,1.2,1,1,0.92,0,0,Normal
0.501,2.79,12.6,3,3,0.6,0,1,Suspicious
0.855,1.04,0.6,1,1,0.93,0,0,Normal
0.924,1.0,0.6,1,1,0.94,0,0,Normal
0.496,2.92,17.2,2,3,0.63,0,1,High_Risk
0.315,1.83,34.0,2,2,0.6,1,1,High_Risk
0.903,0.98,0.4,1,1,0.91,0,0,Normal
0.981,1.01,0.8,1,1,0.97,0,0,Normal
0.421,2.99,19.1,3,2,0.66,1,1,High_Risk
0.893,1.02,0.8,1,1,0.92,0,0,Normal
0.986,1.02,0.2,1,1,0.91,0,0,Normal
0.898,1.02,1.6,1,1,0.96,0,0,Normal
0.964,1.04,0.7,1,1,0.92,0,0,Normal
0.459,4.87,20.8,2,4,0.66,1,1,High_Risk
0.932,1.01,1.0,1,1,0.99,0,0,Normal
0.973,1.03,0.6,1,1,0.96,0,0,Normal
0.869,1.02,1.8,1,1,0.97,0,0,Normal
0.947,0.97,0.7,1,1,0.93,0,0,Normal
0.283,2.98,11.1,2,4,0.7,0,1,High_Risk
0.919,1.03,1.5,1,1,0.94,0,0,Normal
0.922,0.99,0.4,1,1,0.96,0,0,Normal
0.885,1.01,0.2,1,1,1.0,0,0,Normal
0.888,0.96,1.1,1,1,0.98,0,0,Normal
0.858,0.99,1.5,1,1,0.97,0,0,Normal
0.962,0.97,0.9,1,1,0.93,0,0,Normal
0.888,0.95,1.8,1,1,0.93,0,0,Normal
0.947,1.03,1.0,1,1,0.98,0,0,Normal
0.972,1.03,0.1,1,1,0.98,0,0,Normal
0.911,1.02,1.7,1,1,0.91,0,0,Normal
0.923,0.98,0.2,1,1,0.98,0,0,Normal
0.212,2.73,13.5,5,2,0.42,1,1,Suspicious
0.865,1.01,0.9,1,1,0.91,0,0,Normal
0.873,0.99,1.2,1,1,0.99,0,0,Normal
0.982,0.99,1.5,1,1,0.9,0,0,Normal
0.415,2.49,23.9,4,2,0.33,0,1,High_Risk
0.925,1.02,1.5,1,1,1.0,0,0,Normal
0.467,4.57,34.2,4,3,0.47,1,1,Suspicious
0.918,1.03,1.0,1,1,0.9,0,0,Normal
0.88,1.01,0.6,1,1,0.94,0,0,Normal
0.916,1.01,1.5,1,1,0.94,0,0,Normal
0.917,0.98,0.0,1,1,0.99,0,0,Normal
0.937,1.01,0.7,1,1,0.93,0,0,Normal
0.251,3.0,22.3,2,2,0.56,1,1,Suspicious
0.919,1.02,0.9,1,1,0.98,0,0,Normal
0.585,1.82,24.3,2,2,0.32,1,1,High_Risk
0.229,3.53,27.0,5,3,0.38,1,1,High_Risk
0.894,1.01,0.1,1,1,0.97,0,0,Normal
0.238,4.1,32.4,5,3,0.65,1,1,High_Risk
0.854,0.97,0.9,1,1,0.96,0,0,Normal
0.912,0.97,0.0,1,1,0.91,0,0,Normal
0.892,1.04,1.7,1,1,0.98,0,0,Normal
0.858,0.97,1.2,1,1,0.92,0,0,Normal
0.893,1.01,1.5,1,1,0.9,0,0,Normal
0.95,0.98,1.7,1,1,0.92,0,0,Normal
0.945,1.01,1.7,1,1,0.92,0,0,Normal
0.881,1.0,1.9,1,1,0.96,0,0,Normal
0.974,0.99,1.1,1,1,0.98,0,0,Normal
0.859,0.99,1.1,1,1,0.94,0,0,Normal
0.872,0.98,0.5,1,1,0.91,0,0,Normal
0.947,1.01,1.2,1,1,0.98,0,0,Normal
0.984,0.95,0.4,1,1,0.94,0,0,Normal
0.87,0.99,0.4,1,1,0.95,0,0,Normal
0.927,1.02,1.6,1,1,0.92,0,0,Normal
0.989,1.01,1.2,1,1,0.93,0,0,Normal
0.953,1.02,1.1,1,1,0.93,0,0,Normal
0.946,1.01,0.2,1,1,0.95,0,0,Normal
0.873,1.02,0.4,1,1,0.91,0,0,Normal
0.962,0.96,1.0,1,1,0.99,0,0,Normal
0.958,0.99,0.1,1,1,0.96,0,0,Normal
0.9,0.98,0.2,1,1,0.98,0,0,Normal
0.972,0.99,0.7,1,1,0.97,0,0,Normal
0.557,3.17,30.5,2,2,0.67,1,1,High_Risk
0.455,4.84,27.0,2,3,0.61,1,1,High_Risk
0.91,1.03,0.3,1,1,0.92,0,0,Normal
0.892,1.03,1.7,1,1,0.95,0,0,Normal
0.943,0.98,0.9,1,1,0.9,0,0,Normal
0.877,1.03,0.2,1,1,0.96,0,0,Normal
0.981,0.99,0.4,1,1,0.97,0,0,Normal
0.981,0.99,0.5,1,1,0.92,0,0,Normal
0.974,1.0,1.0,1,1,0.95,0,0,Normal
0.429,2.93,26.5,5,3,0.31,1,1,High_Risk
0.911,1.03,1.4,1,1,0.93,0,0,Normal
0.311,3.94,12.9,5,2,0.57,1,1,Suspicious
0.935,1.01,1.6,1,1,0.92,0,0,Normal
0.964,1.0,0.4,1,1,0.96,0,0,Normal
0.962,1.04,0.7,1,1,0.92,0,0,Normal
0.881,1.02,0.7,1,1,0.97,0,0,Normal
0.942,1.02,0.9,1,1,0.9,0,0,Normal
0.866,1.0,1.9,1,1,0.99,0,0,Normal
0.61,3.86,24.9,3,3,0.62,0,1,High_Risk
0.933,0.98,0.2,1,1,1.0,0,0,Normal
0.949,1.01,1.5,1,1,0.93,0,0,Normal
0.949,1.05,2.0,1,1,0.92,0,0,Normal
0.916,1.02,1.6,1,1,0.97,0,0,Normal
0.975,0.97,1.3,1,1,0.94,0,0,Normal
0.868,0.99,1.5,1,1,0.91,0,0,Normal
0.943,1.0,1.4,1,1,0.92,0,0,Normal
0.854,1.05,0.6,1,1,0.91,0,0,Normal
0.879,1.03,0.5,1,1,0.94,0,0,Normal
0.941,1.0,1.3,1,1,0.92,0,0,Normal
0.889,1.0,1.9,1,1,0.9,0,0,Normal
0.985,0.98,1.3,1,1,0.97,0,0,Normal
0.904,1.04,0.8,1,1,0.93,0,0,Normal
0.93,0.95,0.4,1,1,0.99,0,0,Normal
0.877,1.02,1.5,1,1,0.98,0,0,Normal
0.95,0.98,0.1,1,1,0.98,0,0,Normal
0.938,1.05,0.5,1,1,0.98,0,0,Normal
0.95,1.0,0.8,1,1,0.99,0,0,Normal
0.874,0.96,0.5,1,1,0.95,0,0,Normal
0.982,0.97,1.0,1,1,0.92,0,0,Normal
0.984,0.98,1.6,1,1,0.9,0,0,Normal
0.865,1.01,2.0,1,1,0.99,0,0,Normal
0.951,0.98,0.1,1,1,0.93,0,0,Normal
0.939,0.99,0.2,1,1,0.94,0,0,Normal
0.971,1.04,0.7,1,1,0.93,0,0,Normal
0.232,3.31,25.6,2,2,0.48,1,1,High_Risk
0.608,4.73,20.3,3,4,0.36,0,1,Suspicious
0.947,1.0,1.3,1,1,0.94,0,0,Normal
0.91,0.98,0.2,1,1,0.98,0,0,Normal
0.948,1.04,0.4,1,1,0.95,0,0,Normal
0.877,0.99,0.6,1,1,0.93,0,0,Normal
0.944,0.97,0.9,1,1,0.91,0,0,Normal
0.923,0.98,0.7,1,1,0.99,0,0,Normal
0.878,1.02,1.4,1,1,0.91,0,0,Normal
0.897,1.01,1.6,1,1,1.0,0,0,Normal
0.957,0.97,1.5,1,1,0.97,0,0,Normal
0.272,2.68,17.1,3,2,0.34,0,1,High_Risk
0.981,0.95,0.5,1,1,0.9,0,0,Normal
0.883,0.98,0.5,1,1,0.96,0,0,Normal
0.987,1.01,0.2,1,1,0.92,0,0,Normal
0.918,1.01,1.0,1,1,0.97,0,0,Normal
0.986,0.97,1.3,1,1,0.93,0,0,Normal
0.962,0.97,1.3,1,1,0.95,0,0,Normal
0.931,1.04,1.2,1,1,0.92,0,0,Normal
0.95,1.04,1.1,1,1,1.0,0,0,Normal
0.389,3.96,27.7,4,3,0.37,0,1,High_Risk
0.904,0.95,1.2,1,1,0.96,0,0,Normal
0.973,1.05,1.2,1,1,0.95,0,0,Normal
0.909,1.02,1.3,1,1,0.93,0,0,Normal
0.854,0.99,0.7,1,1,0.98,0,0,Normal
0.911,1.05,1.7,1,1,0.98,0,0,Normal
0.902,1.04,1.1,1,1,0.95,0,0,Normal
0.54,4.59,19.9,2,2,0.51,1,1,Suspicious
0.934,0.99,1.6,1,1,0.94,0,0,Normal
0.983,0.98,0.4,1,1,0.94,0,0,Normal
0.982,1.03,0.1,1,1,0.92,0,0,Normal
0.982,1.0,1.3,1,1,0.9,0,0,Normal
0.961,1.03,1.4,1,1,0.99,0,0,Normal
0.552,1.88,24.7,3,2,0.59,0,1,High_Risk
0.205,4.39,19.3,5,3,0.69,1,1,Suspicious
0.982,1.02,1.5,1,1,0.93,0,0,Normal
0.896,0.95,1.1,1,1,0.92,0,0,Normal
0.976,1.03,0.3,1,1,0.93,0,0,Normal
0.946,1.03,1.0,1,1,0.92,0,0,Normal
0.956,0.97,0.4,1,1,0.94,0,0,Normal
0.94,0.99,0.6,1,1,0.95,0,0,Normal
0.969,1.05,1.5,1,1,0.91,0,0,Normal
0.94,1.03,0.5,1,1,0.98,0,0,Normal
0.93,1.05,0.9,1,1,0.99,0,0,Normal
0.86,0.98,1.4,1,1,0.99,0,0,Normal
0.977,1.04,0.9,1,1,0.96,0,0,Normal
0.514,4.84,25.0,3,4,0.39,1,1,Suspicious
0.333,2.57,24.1,3,2,0.39,1,1,High_Risk
0.888,0.96,0.9,1,1,0.99,0,0,Normal
0.989,1.05,0.9,1,1,0.98,0,0,Normal
0.928,0.95,0.0,1,1,0.98,0,0,Normal
0.392,3.28,13.1,4,3,0.51,0,1,High_Risk
0.896,1.02,0.6,1,1,0.94,0,0,Normal
0.973,1.02,0.0,1,1,0.98,0,0,Normal
0.863,1.03,0.6,1,1,0.99,0,0,Normal
0.885,1.02,0.4,1,1,0.92,0,0,Normal
0.851,1.03,1.4,1,1,0.99,0,0,Normal
0.97,0.98,1.0,1,1,0.95,0,0,Normal
0.896,1.03,0.8,1,1,0.95,0,0,Normal
0.984,0.95,0.5,1,1,0.92,0,0,Normal
0.91,1.05,1.8,1,1,0.98,0,0,Normal
0.854,0.98,1.3,1,1,0.98,0,0,Normal
0.907,0.97,1.6,1,1,0.9,0,0,Normal
0.953,0.97,1.3,1,1,1.0,0,0,Normal
0.878,0.96,1.2,1,1,0.96,0,0,Normal
0.865,1.0,1.1,1,1,0.91,0,0,Normal
0.856,1.03,0.0,1,1,0.98,0,0,Normal
0.876,1.03,1.7,1,1,0.92,0,0,Normal
0.896,1.02,1.0,1,1,0.95,0,0,Normal
0.932,1.03,1.0,1,1,0.95,0,0,Normal
0.955,1.01,1.1,1,1,0.96,0,0,Normal
0.915,0.95,0.0,1,1,0.98,0,0,Normal
0.974,0.96,1.0,1,1,0.93,0,0,Normal
0.248,3.08,11.0,2,3,0.38,1,1,High_Risk
0.322,4.33,26.8,3,4,0.43,1,1,High_Risk
0.971,0.96,1.4,1,1,0.93,0,0,Normal
0.86,1.04,1.6,1,1,0.98,0,0,Normal
0.976,1.0,2.0,1,1,0.95,0,0,Normal
0.911,1.0,0.6,1,1,0.91,0,0,Normal
0.96,0.97,0.2,1,1,0.98,0,0,Normal
0.939,0.99,0.6,1,1,0.99,0,0,Normal
0.888,1.04,0.4,1,1,0.9,0,0,Normal
0.902,0.97,0.7,1,1,0.91,0,0,Normal
0.434,1.99,29.5,4,3,0.4,1,1,High_Risk
0.914,1.0,1.5,1,1,1.0,0,0,Normal
0.896,1.01,0.7,1,1,0.96,0,0,Normal
0.945,0.98,1.8,1,1,0.91,0,0,Normal
0.883,1.04,1.1,1,1,0.93,0,0,Normal
0.978,1.0,0.9,1,1,0.93,0,0,Normal
0.905,0.98,1.5,1,1,0.98,0,0,Normal
0.924,0.99,0.0,1,1,0.91,0,0,Normal
0.89,1.0,1.6,1,1,0.92,0,0,Normal
0.986,1.02,2.0,1,1,0.96,0,0,Normal
0.985,0.98,1.9,1,1,1.0,0,0,Normal
0.918,1.0,0.6,1,1,0.97,0,0,Normal
0.905,1.01,1.4,1,1,0.98,0,0,Normal
0.928,1.0,0.5,1,1,0.94,0,0,Normal
0.884,1.01,1.8,1,1,0.92,0,0,Normal
0.451,3.76,12.1,3,4,0.46,1,1,Suspicious
0.951,0.96,1.7,1,1,1.0,0,0,Normal
0.868,0.97,0.1,1,1,0.97,0,0,Normal
0.98,1.0,1.9,1,1,0.9,0,0,Normal
0.893,0.96,0.6,1,1,0.9,0,0,Normal
0.94,1.03,0.2,1,1,0.9,0,0,Normal
0.894,0.99,1.5,1,1,0.96,0,0,Normal
0.962,1.03,0.6,1,1,0.93,0,0,Normal
0.975,0.98,1.1,1,1,0.98,0,0,Normal
0.975,1.0,0.5,1,1,0.98,0,0,Normal
0.932,0.95,1.7,1,1,0.95,0,0,Normal
0.856,0.98,0.0,1,1,0.97,0,0,Normal
0.99,1.04,0.5,1,1,0.96,0,0,Normal
0.934,1.03,0.9,1,1,0.97,0,0,Normal
0.927,1.01,1.3,1,1,0.97,0,0,Normal
0.456,2.04,18.0,5,3,0.65,0,1,High_Risk
0.893,0.95,0.3,1,1,0.92,0,0,Normal
0.91,1.04,1.5,1,1,0.96,0,0,Normal
0.971,1.0,1.9,1,1,0.96,0,0,Normal
0.873,1.0,1.9,1,1,0.98,0,0,Normal
0.948,1.03,0.3,1,1,0.97,0,0,Normal
0.909,1.05,0.6,1,1,0.96,0,0,Normal
0.91,1.04,1.0,1,1,0.98,0,0,Normal
0.873,0.97,1.8,1,1,0.96,0,0,Normal
0.912,1.03,1.1,1,1,0.96,0,0,Normal
0.884,1.02,2.0,1,1,0.92,0,0,Normal
0.864,1.04,0.6,1,1,0.96,0,0,Normal
0.984,1.02,1.3,1,1,0.92,0,0,Normal
0.97,0.95,0.1,1,1,0.98,0,0,Normal
0.407,3.85,23.3,3,4,0.34,0,1,Suspicious
0.881,0.95,1.2,1,1,0.92,0,0,Normal
0.956,0.96,0.4,1,1,0.94,0,0,Normal
0.348,2.77,25.4,5,2,0.61,1,1,Suspicious
0.899,1.02,0.7,1,1,0.9,0,0,Normal
0.936,1.05,0.4,1,1,0.93,0,0,Normal
0.93,0.97,0.6,1,1,0.94,0,0,Normal
0.986,1.04,1.9,1,1,0.93,0,0,Normal
0.854,0.98,0.8,1,1,0.97,0,0,Normal
0.918,0.99,1.8,1,1,0.93,0,0,Normal
0.914,1.05,0.1,1,1,0.96,0,0,Normal
0.892,0.99,0.6,1,1,0.99,0,0,Normal
0.471,4.54,19.0,5,4,0.53,1,1,High_Risk
0.901,1.0,1.3,1,1,0.91,0,0,Normal
0.88,0.99,0.2,1,1,0.98,0,0,Normal
0.605,2.7,18.3,5,4,0.41,1,1,Suspicious
0.933,0.96,1.5,1,1,0.96,0,0,Normal
0.86,1.03,0.1,1,1,0.97,0,0,Normal
0.298,2.54,22.8,3,2,0.46,1,1,High_Risk
0.909,1.04,0.3,1,1,0.96,0,0,Normal
0.949,1.01,0.2,1,1,0.95,0,0,Normal
0.92,0.96,0.3,1,1,0.94,0,0,Normal
0.886,1.0,1.2,1,1,0.91,0,0,Normal
0.876,1.04,1.5,1,1,0.95,0,0,Normal
0.959,1.0,1.7,1,1,0.96,0,0,Normal
0.961,1.01,0.8,1,1,0.92,0,0,Normal
0.948,1.03,1.2,1,1,0.97,0,0,Normal
0.952,1.04,1.3,1,1,0.91,0,0,Normal
0.966,0.99,2.0,1,1,0.92,0,0,Normal
0.96,1.04,1.3,1,1,0.98,0,0,Normal
0.944,1.05,1.3,1,1,0.92,0,0,Normal
0.864,1.0,0.9,1,1,0.93,0,0,Normal
0.567,2.16,24.8,2,4,0.65,0,1,High_Risk
0.967,0.98,0.4,1,1,0.95,0,0,Normal
0.41,4.97,32.8,4,3,0.59,1,1,Suspicious
0.922,1.04,0.3,1,1,0.92,0,0,Normal
0.884,1.0,1.3,1,1,0.98,0,0,Normal
0.893,1.04,1.7,1,1,0.93,0,0,Normal
0.927,1.03,1.5,1,1,0.98,0,0,Normal
0.891,1.0,1.2,1,1,0.97,0,0,Normal
0.856,1.0,1.2,1,1,0.96,0,0,Normal
0.48,3.92,31.4,2,3,0.33,1,1,Suspicious
0.944,1.05,1.7,1,1,0.96,0,0,Normal
0.248,2.57,24.5,5,3,0.66,1,1,Suspicious
0.349,4.27,32.7,5,3,0.51,1,1,High_Risk
0.958,0.99,1.9,1,1,0.93,0,0,Normal
0.916,0.96,0.6,1,1,0.95,0,0,Normal
0.924,1.01,0.9,1,1,0.91,0,0,Normal
0.929,0.96,0.7,1,1,0.98,0,0,Normal
0.911,0.98,1.6,1,1,0.95,0,0,Normal
0.965,0.98,1.4,1,1,0.93,0,0,Normal
0.989,0.97,0.0,1,1,0.91,0,0,Normal
0.867,0.96,0.5,1,1,0.96,0,0,Normal
0.891,0.98,0.9,1,1,0.99,0,0,Normal
0.851,0.98,1.6,1,1,0.99,0,0,Normal
0.953,1.0,1.2,1,1,0.96,0,0,Normal
0.434,2.15,24.0,3,4,0.34,0,1,Suspicious
0.952,1.04,0.0,1,1,0.92,0,0,Normal
0.876,1.0,1.8,1,1,0.91,0,0,Normal
0.906,0.96,0.9,1,1,0.93,0,0,Normal
0.968,1.02,1.8,1,1,0.98,0,0,Normal
0.94,0.98,0.4,1,1,0.94,0,0,Normal
0.967,0.97,0.3,1,1,0.92,0,0,Normal
0.412,2.89,19.8,3,4,0.6,1,1,High_Risk
0.926,1.02,1.6,1,1,0.91,0,0,Normal
0.935,0.97,1.9,1,1,0.94,0,0,Normal
0.506,3.24,30.7,2,3,0.43,1,1,Suspicious
0.983,1.02,0.5,1,1,0.9,0,0,Normal
0.885,1.05,0.8,1,1,0.91,0,0,Normal
0.988,1.02,0.7,1,1,0.96,0,0,Normal
0.371,2.25,19.8,5,4,0.49,1,1,High_Risk
0.929,0.97,0.4,1,1,0.96,0,0,Normal
0.915,1.04,0.6,1,1,0.92,0,0,Normal
0.949,1.0,0.1,1,1,0.98,0,0,Normal
0.924,1.01,1.4,1,1,0.98,0,0,Normal
0.871,0.98,0.7,1,1,0.93,0,0,Normal
0.338,4.69,15.2,3,2,0.45,1,1,High_Risk
0.979,1.05,0.4,1,1,0.95,0,0,Normal
0.851,1.04,1.9,1,1,0.93,0,0,Normal
0.873,1.03,0.4,1,1,0.93,0,0,Normal
0.959,0.97,0.6,1,1,0.94,0,0,Normal
0.926,1.04,1.8,1,1,0.92,0,0,Normal
0.982,0.98,0.8,1,1,0.94,0,0,Normal
0.854,1.02,1.2,1,1,0.97,0,0,Normal
0.893,0.97,0.2,1,1,0.98,0,0,Normal
0.869,1.02,0.0,1,1,0.98,0,0,Normal
0.95,0.97,0.2,1,1,0.9,0,0,Normal
0.921,0.99,0.8,1,1,1.0,0,0,Normal
0.904,0.99,1.7,1,1,0.92,0,0,Normal
0.915,1.0,1.8,1,1,0.98,0,0,Normal
0.871,0.96,1.4,1,1,0.9,0,0,Normal
0.909,0.99,0.7,1,1,0.95,0,0,Normal
0.972,1.04,1.2,1,1,0.99,0,0,Normal
0.934,1.05,1.9,1,1,0.95,0,0,Normal
0.953,1.01,0.4,1,1,0.9,0,0,Normal
0.981,1.0,1.5,1,1,0.94,0,0,Normal
0.905,0.96,0.8,1,1,0.96,0,0,Normal
0.887,0.98,1.7,1,1,0.95,0,0,Normal
0.927,0.96,1.0,1,1,0.99,0,0,Normal
0.873,0.98,0.9,1,1,0.97,0,0,Normal
0.945,0.99,1.7,1,1,0.93,0,0,Normal
0.898,1.02,0.7,1,1,0.95,0,0,Normal
0.983,0.95,0.8,1,1,0.99,0,0,Normal
0.979,0.98,1.5,1,1,1.0,0,0,Normal
0.922,0.99,1.7,1,1,0.91,0,0,Normal
0.46,4.25,28.3,4,4,0.63,1,1,Suspicious
0.915,1.04,0.6,1,1,0.99,0,0,Normal
0.976,0.98,0.1,1,1,0.99,0,0,Normal
0.926,1.01,0.1,1,1,0.95,0,0,Normal
0.875,1.02,0.0,1,1,0.97,0,0,Normal
0.487,2.07,26.9,4,4,0.55,1,1,High_Risk
0.946,0.96,1.5,1,1,0.93,0,0,Normal
0.953,0.96,1.3,1,1,0.95,0,0,Normal
0.928,0.99,1.0,1,1,0.91,0,0,Normal
0.854,1.0,1.3,1,1,0.94,0,0,Normal
0.955,1.0,0.5,1,1,0.93,0,0,Normal
0.308,3.91,24.9,4,2,0.44,0,1,High_Risk
0.942,1.05,0.5,1,1,1.0,0,0,Normal
0.851,0.97,1.8,1,1,0.99,0,0,Normal
0.9,0.96,0.5,1,1,0.98,0,0,Normal
0.922,1.02,0.0,1,1,0.9,0,0,Normal
0.912,0.99,2.0,1,1,0.92,0,0,Normal
0.905,0.99,0.4,1,1,0.95,0,0,Normal
0.544,2.6,30.3,4,2,0.64,1,1,High_Risk
0.861,1.02,0.7,1,1,1.0,0,0,Normal
0.934,1.03,2.0,1,1,0.93,0,0,Normal
0.942,1.04,1.3,1,1,0.97,0,0,Normal
0.918,1.04,1.6,1,1,0.99,0,0,Normal
0.897,1.02,0.3,1,1,0.93,0,0,Normal
0.299,4.44,17.2,3,2,0.59,1,1,High_Risk
0.892,1.0,0.8,1,1,0.95,0,0,Normal
0.982,0.97,0.1,1,1,0.97,0,0,Normal
0.893,0.99,1.0,1,1,0.94,0,0,Normal
0.863,1.05,0.3,1,1,1.0,0,0,Normal
0.917,0.99,0.5,1,1,0.95,0,0,Normal
0.871,1.03,0.2,1,1,0.9,0,0,Normal
0.965,1.01,1.3,1,1,0.91,0,0,Normal
0.981,1.01,1.3,1,1,0.99,0,0,Normal
0.95,1.04,1.9,1,1,0.95,0,0,Normal
0.865,1.03,0.2,1,1,0.91,0,0,Normal
0.914,1.03,0.1,1,1,0.92,0,0,Normal
0.875,1.04,0.0,1,1,0.99,0,0,Normal
0.399,4.9,17.0,4,3,0.36,0,1,High_Risk
0.946,1.04,1.8,1,1,0.92,0,0,Normal
0.891,1.0,0.9,1,1,0.98,0,0,Normal
0.862,1.03,1.8,1,1,0.91,0,0,Normal
0.914,0.98,0.5,1,1,0.96,0,0,Normal
0.43,4.7,24.1,5,2,0.67,1,1,High_Risk
0.984,0.95,0.4,1,1,0.92,0,0,Normal
0.961,1.04,0.8,1,1,1.0,0,0,Normal
0.908,0.98,0.6,1,1,0.96,0,0,Normal
0.948,1.02,0.5,1,1,0.94,0,0,Normal
0.239,2.85,20.8,4,2,0.46,1,1,High_Risk
0.9,1.01,1.4,1,1,0.97,0,0,Normal
0.25,2.5,29.2,4,3,0.64,0,1,High_Risk
0.904,1.04,0.5,1,1,0.99,0,0,Normal
0.957,0.96,0.2,1,1,0.94,0,0,Normal
0.868,0.99,1.8,1,1,0.96,0,0,Normal
0.884,1.05,1.3,1,1,0.93,0,0,Normal
0.9,0.98,0.5,1,1,0.95,0,0,Normal
0.937,1.0,0.1,1,1,1.0,0,0,Normal
0.987,1.01,0.2,1,1,0.97,0,0,Normal
0.971,0.96,1.9,1,1,0.94,0,0,Normal
0.933,1.04,0.3,1,1,1.0,0,0,Normal
0.983,1.04,0.9,1,1,0.92,0,0,Normal
0.875,0.98,0.7,1,1,0.95,0,0,Normal
0.962,1.01,1.3,1,1,0.94,0,0,Normal
0.977,0.96,0.8,1,1,0.99,0,0,Normal
0.907,1.03,0.3,1,1,0.99,0,0,Normal
0.918,1.01,0.2,1,1,0.93,0,0,Normal
0.88,0.97,1.8,1,1,0.93,0,0,Normal
0.928,0.98,1.1,1,1,0.96,0,0,Normal
0.548,4.34,24.7,2,3,0.51,1,1,Suspicious
0.408,3.99,18.1,3,3,0.33,1,1,High_Risk
0.937,0.96,1.0,1,1,0.93,0,0,Normal
0.873,0.98,1.9,1,1,0.95,0,0,Normal
0.852,0.96,1.5,1,1,0.9,0,0,Normal
0.934,1.04,0.1,1,1,0.92,0,0,Normal
0.961,0.97,1.9,1,1,0.97,0,0,Normal
0.956,1.05,1.5,1,1,0.92,0,0,Normal
0.904,0.98,1.0,1,1,0.9,0,0,Normal
0.967,1.03,1.7,1,1,0.92,0,0,Normal
0.927,1.0,0.7,1,1,0.91,0,0,Normal
0.909,0.98,1.4,1,1,0.94,0,0,Normal
0.989,1.03,0.5,1,1,0.93,0,0,Normal
0.944,0.96,0.5,1,1,0.9,0,0,Normal
0.874,1.04,0.3,1,1,0.94,0,0,Normal
0.943,1.0,0.8,1,1,0.95,0,0,Normal
0.958,0.98,1.8,1,1,0.93,0,0,Normal
0.474,3.53,23.3,3,2,0.56,1,1,Suspicious
0.924,1.03,1.8,1,1,0.98,0,0,Normal
0.963,0.98,1.2,1,1,0.97,0,0,Normal
0.954,1.04,1.4,1,1,0.97,0,0,Normal
0.928,1.01,1.3,1,1,0.92,0,0,Normal
0.94,0.95,1.9,1,1,0.98,0,0,Normal
0.398,4.38,13.3,4,3,0.33,1,1,Suspicious
0.969,1.04,0.8,1,1,0.92,0,0,Normal
0.372,2.39,27.6,2,2,0.43,1,1,High_Risk
0.916,0.98,0.7,1,1,0.93,0,0,Normal
0.87,1.02,0.1,1,1,0.93,0,0,Normal
0.899,1.01,0.7,1,1,0.91,0,0,Normal
0.882,1.01,0.5,1,1,0.94,0,0,Normal
0.212,4.99,11.9,2,4,0.46,1,1,Suspicious
0.425,4.44,24.6,2,2,0.33,0,1,High_Risk
0.644,1.9,19.9,4,4,0.44,1,1,High_Risk
0.343,2.87,30.7,4,3,0.64,1,1,Suspicious
0.938,0.98,1.8,1,1,0.95,0,0,Normal
0.896,1.0,1.4,1,1,0.94,0,0,Normal
0.971,0.95,0.4,1,1,0.95,0,0,Normal
0.9,1.0,1.8,1,1,0.92,0,0,Normal
0.988,1.02,1.3,1,1,0.92,0,0,Normal
0.89,1.02,0.1,1,1,0.99,0,0,Normal
0.927,0.96,1.1,1,1,0.94,0,0,Normal
0.929,0.95,0.6,1,1,0.98,0,0,Normal
0.875,0.97,1.7,1,1,0.99,0,0,Normal
0.972,1.0,1.1,1,1,0.93,0,0,Normal
0.93,1.05,0.5,1,1,0.93,0,0,Normal
0.873,0.95,1.0,1,1,0.94,0,0,Normal
0.91,0.99,1.0,1,1,0.97,0,0,Normal
0.947,0.99,1.6,1,1,0.92,0,0,Normal
0.941,0.98,1.9,1,1,0.96,0,0,Normal
0.889,0.95,1.5,1,1,0.98,0,0,Normal
0.919,1.04,0.5,1,1,0.98,0,0,Normal
0.877,0.97,1.7,1,1,0.98,0,0,Normal
0.862,0.98,1.1,1,1,0.95,0,0,Normal
0.962,1.01,0.2,1,1,0.98,0,0,Normal
0.885,1.0,0.6,1,1,0.96,0,0,Normal
0.886,1.01,0.9,1,1,0.95,0,0,Normal
0.97,0.99,1.8,1,1,0.99,0,0,Normal
0.981,0.99,0.2,1,1,1.0,0,0,Normal
0.923,0.99,0.2,1,1,0.95,0,0,Normal
0.949,1.0,1.5,1,1,0.96,0,0,Normal
0.933,1.01,0.7,1,1,0.98,0,0,Normal
0.895,1.04,1.6,1,1,0.97,0,0,Normal
0.894,1.02,1.5,1,1,0.95,0,0,Normal
0.874,0.95,1.3,1,1,0.94,0,0,Normal
0.506,4.33,18.2,3,3,0.54,1,1,High_Risk
0.923,1.02,0.8,1,1,0.95,0,0,Normal
0.934,1.02,0.1,1,1,0.99,0,0,Normal
0.948,1.02,1.0,1,1,0.98,0,0,Normal
0.873,1.02,0.3,1,1,0.98,0,0,Normal
0.644,4.56,19.9,5,2,0.31,1,1,Suspicious
0.933,1.02,1.3,1,1,0.93,0,0,Normal
0.262,2.78,24.7,4,4,0.58,1,1,High_Risk
0.634,2.65,24.0,5,2,0.39,1,1,High_Risk
0.922,0.97,1.1,1,1,1.0,0,0,Normal
0.913,1.05,1.1,1,1,0.97,0,0,Normal
0.96,0.97,0.1,1,1,0.99,0,0,Normal
0.894,1.03,1.5,1,1,0.94,0,0,Normal
0.613,4.4,17.7,4,2,0.54,1,1,High_Risk
0.859,0.96,1.6,1,1,0.99,0,0,Normal
0.63,4.31,13.6,2,2,0.62,0,1,High_Risk
0.925,0.97,0.5,1,1,0.92,0,0,Normal
0.976,1.01,1.5,1,1,0.97,0,0,Normal
0.96,0.95,0.8,1,1,0.94,0,0,Normal
0.864,0.96,0.6,1,1,0.9,0,0,Normal
0.534,4.48,21.8,3,2,0.47,0,1,High_Risk
0.561,2.54,22.4,2,4,0.3,1,1,Suspicious
0.919,0.99,0.9,1,1,0.97,0,0,Normal
0.875,1.02,1.1,1,1,0.97,0,0,Normal
0.253,2.16,22.7,4,2,0.49,1,1,Suspicious
0.937,1.0,0.2,1,1,0.94,0,0,Normal
0.865,1.01,1.7,1,1,0.99,0,0,Normal
0.968,0.97,0.5,1,1,0.9,0,0,Normal
0.971,0.95,0.5,1,1,0.97,0,0,Normal
0.862,0.96,1.4,1,1,0.91,0,0,Normal
0.926,1.05,1.8,1,1,0.91,0,0,Normal
0.876,0.99,0.4,1,1,0.95,0,0,Normal
0.88,0.98,0.3,1,1,0.98,0,0,Normal
0.297,3.49,17.8,2,2,0.58,1,1,High_Risk
0.96,0.96,1.0,1,1,0.93,0,0,Normal
0.442,4.73,20.2,2,4,0.67,0,1,High_Risk
0.218,3.35,12.9,2,3,0.51,0,1,High_Risk
0.985,1.02,0.9,1,1,0.92,0,0,Normal
0.87,0.99,0.6,1,1,1.0,0,0,Normal
0.928,0.95,0.0,1,1,0.91,0,0,Normal
0.954,0.98,1.2,1,1,0.94,0,0,Normal
0.895,1.0,0.9,1,1,0.97,0,0,Normal
0.413,2.92,12.9,4,3,0.38,1,1,High_Risk
0.888,0.97,1.1,1,1,0.97,0,0,Normal
0.874,1.01,0.9,1,1,0.96,0,0,Normal
0.956,0.96,1.2,1,1,0.92,0,0,Normal
0.31,2.11,32.9,3,3,0.57,1,1,Suspicious
0.939,1.05,0.1,1,1,0.96,0,0,Normal
0.852,0.99,0.7,1,1,0.91,0,0,Normal
0.918,0.99,2.0,1,1,0.93,0,0,Normal
0.86,1.03,1.5,1,1,0.99,0,0,Normal
0.221,2.31,18.0,2,2,0.52,1,1,High_Risk
0.56,3.77,25.1,2,2,0.68,1,1,High_Risk
0.926,1.0,1.1,1,1,0.97,0,0,Normal
0.611,4.64,18.1,2,2,0.41,0,1,High_Risk
0.945,1.03,1.2,1,1,0.96,0,0,Normal
0.985,0.99,0.4,1,1,0.99,0,0,Normal
0.435,2.33,25.7,5,2,0.65,1,1,High_Risk
0.989,1.04,0.7,1,1,0.94,0,0,Normal
0.437,3.15,11.2,2,2,0.67,1,1,Suspicious
0.937,0.99,0.4,1,1,0.98,0,0,Normal
0.908,1.03,0.2,1,1,0.92,0,0,Normal
0.615,4.63,25.4,5,2,0.52,1,1,High_Risk
0.972,1.0,1.1,1,1,0.96,0,0,Normal
0.34,2.48,20.7,5,2,0.53,0,1,High_Risk
0.959,1.01,0.8,1,1,0.98,0,0,Normal
0.853,1.04,1.6,1,1,0.95,0,0,Normal
0.955,0.99,1.8,1,1,0.9,0,0,Normal
0.874,0.99,0.5,1,1,0.99,0,0,Normal
0.306,1.97,33.8,5,3,0.45,0,1,High_Risk
0.897,0.98,1.9,1,1,0.93,0,0,Normal
0.913,1.03,0.4,1,1,0.94,0,0,Normal
0.977,1.02,1.7,1,1,0.97,0,0,Normal
0.351,4.14,10.1,4,3,0.52,1,1,High_Risk
0.906,1.03,1.9,1,1,0.96,0,0,Normal
0.989,1.02,1.7,1,1,0.98,0,0,Normal
0.868,1.04,1.9,1,1,0.95,0,0,Normal
0.898,0.97,1.1,1,1,0.95,0,0,Normal
0.938,1.01,1.8,1,1,0.94,0,0,Normal
0.924,1.03,1.3,1,1,0.94,0,0,Normal
0.856,0.98,0.3,1,1,0.95,0,0,Normal
0.88,1.0,1.5,1,1,0.92,0,0,Normal
0.974,1.04,1.3,1,1,0.91,0,0,Normal
0.987,1.05,2.0,1,1,0.96,0,0,Normal
0.872,1.01,0.0,1,1,0.91,0,0,Normal
0.864,0.99,2.0,1,1,0.91,0,0,Normal
0.989,1.01,1.8,1,1,0.91,0,0,Normal
0.879,0.95,1.0,1,1,0.96,0,0,Normal
0.427,2.93,20.3,4,2,0.45,1,1,High_Risk
0.89,0.97,1.8,1,1,0.99,0,0,Normal
0.977,0.97,0.3,1,1,0.91,0,0,Normal
0.883,1.01,1.3,1,1,0.99,0,0,Normal
0.981,0.98,1.9,1,1,0.93,0,0,Normal
0.878,0.97,1.0,1,1,0.96,0,0,Normal
0.872,0.99,0.3,1,1,0.99,0,0,Normal
0.955,1.02,1.1,1,1,1.0,0,0,Normal
0.921,0.96,0.8,1,1,0.95,0,0,Normal
0.987,0.97,0.4,1,1,0.98,0,0,Normal
0.919,1.03,1.5,1,1,0.94,0,0,Normal
0.99,0.96,0.5,1,1,0.92,0,0,Normal
0.478,4.43,16.2,3,2,0.32,0,1,Suspicious
0.892,1.01,0.6,1,1,0.94,0,0,Normal
0.944,1.01,1.4,1,1,0.98,0,0,Normal
0.338,4.5,11.4,5,4,0.43,0,1,High_Risk
0.859,0.96,1.9,1,1,0.91,0,0,Normal
0.985,1.04,1.4,1,1,0.97,0,0,Normal
0.881,0.95,0.1,1,1,1.0,0,0,Normal
0.892,1.05,1.6,1,1,0.98,0,0,Normal
0.989,1.03,1.6,1,1,0.93,0,0,Normal
0.918,0.98,0.1,1,1,0.93,0,0,Normal
0.953,0.99,1.7,1,1,0.98,0,0,Normal
0.912,0.96,1.4,1,1,0.94,0,0,Normal
0.971,0.96,1.9,1,1,0.99,0,0,Normal
0.966,0.98,0.2,1,1,0.92,0,0,Normal
0.887,1.05,0.7,1,1,0.96,0,0,Normal
0.85,0.95,0.7,1,1,0.96,0,0,Normal
0.887,0.96,2.0,1,1,0.91,0,0,Normal
0.987,1.05,0.2,1,1,0.98,0,0,Normal
0.971,0.97,1.4,1,1,0.93,0,0,Normal
0.926,0.95,0.5,1,1,0.91,0,0,Normal
0.86,0.98,1.3,1,1,0.91,0,0,Normal
0.857,0.99,0.2,1,1,0.93,0,0,Normal
0.913,1.03,1.1,1,1,0.95,0,0,Normal
0.989,1.0,0.7,1,1,0.91,0,0,Normal
0.851,1.04,1.5,1,1,0.9,0,0,Normal
0.871,0.99,1.0,1,1,0.9,0,0,Normal
0.919,1.03,0.2,1,1,0.99,0,0,Normal
0.888,1.04,1.5,1,1,0.93,0,0,Normal
0.885,0.98,1.9,1,1,0.91,0,0,Normal
0.944,0.96,0.4,1,1,0.95,0,0,Normal
0.888,0.98,0.2,1,1,0.97,0,0,Normal
0.523,4.02,34.4,3,2,0.49,1,1,High_Risk
0.373,2.36,18.6,5,2,0.59,0,1,High_Risk
0.869,1.01,1.6,1,1,0.97,0,0,Normal
0.54,3.38,27.6,5,2,0.49,1,1,High_Risk
0.956,0.99,1.3,1,1,0.93,0,0,Normal
0.92,0.97,0.4,1,1,0.99,0,0,Normal
0.989,0.99,1.5,1,1,0.98,0,0,Normal
0.927,1.03,0.7,1,1,0.96,0,0,Normal
0.971,0.99,0.4,1,1,0.9,0,0,Normal
0.882,0.96,0.3,1,1,0.96,0,0,Normal
0.329,2.68,28.8,2,3,0.49,1,1,Suspicious
0.322,4.65,14.0,5,2,0.47,0,1,High_Risk
0.85,0.95,0.7,1,1,1.0,0,0,Normal
0.923,1.03,0.1,1,1,0.92,0,0,Normal
0.257,3.59,21.4,2,3,0.54,1,1,High_Risk
0.637,2.0,14.6,2,4,0.33,1,1,High_Risk
0.928,1.04,0.0,1,1,0.97,0,0,Normal
0.967,0.96,0.5,1,1,0.94,0,0,Normal
0.955,1.0,0.3,1,1,1.0,0,0,Normal
0.395,4.28,14.9,4,3,0.49,1,1,High_Risk
0.36,3.98,18.3,4,3,0.5,0,1,Suspicious
0.883,1.0,1.3,1,1,1.0,0,0,Normal
0.911,0.97,0.5,1,1,0.96,0,0,Normal
0.888,1.04,1.5,1,1,0.97,0,0,Normal
0.932,0.97,0.8,1,1,0.92,0,0,Normal
0.363,4.06,11.8,3,3,0.32,1,1,Suspicious
0.899,1.04,0.7,1,1,0.94,0,0,Normal
0.897,1.01,0.1,1,1,0.92,0,0,Normal
0.92,0.97,0.9,1,1,0.92,0,0,Normal
0.967,1.04,0.2,1,1,0.94,0,0,Normal
0.898,0.98,1.7,1,1,0.98,0,0,Normal
0.553,3.18,15.2,3,2,0.66,1,1,High_Risk
0.509,3.21,28.4,4,2,0.68,0,1,High_Risk
0.989,1.0,0.7,1,1,0.95,0,0,Normal
0.221,2.07,28.9,3,4,0.56,1,1,Suspicious
0.942,1.0,1.6,1,1,0.94,0,0,Normal
0.977,1.02,1.7,1,1,0.96,0,0,Normal
0.638,4.23,21.5,5,2,0.62,1,1,High_Risk
0.916,1.02,0.6,1,1,0.98,0,0,Normal
0.93,0.99,1.6,1,1,0.92,0,0,Normal
0.881,0.96,0.7,1,1,0.92,0,0,Normal
0.853,1.05,1.7,1,1,0.99,0,0,Normal
0.955,1.02,0.9,1,1,0.97,0,0,Normal
0.874,0.99,1.7,1,1,0.99,0,0,Normal
0.972,1.04,1.6,1,1,0.95,0,0,Normal
0.905,1.02,0.5,1,1,0.92,0,0,Normal
0.898,1.03,1.4,1,1,0.93,0,0,Normal
0.888,1.0,1.2,1,1,1.0,0,0,Normal
0.967,1.03,1.0,1,1,0.92,0,0,Normal
0.971,1.02,1.2,1,1,0.96,0,0,Normal
0.855,1.0,0.8,1,1,0.99,0,0,Normal
0.613,4.18,22.1,5,4,0.4,0,1,High_Risk
0.928,1.02,1.5,1,1,1.0,0,0,Normal
0.503,3.45,33.0,2,3,0.45,0,1,Suspicious
0.615,2.68,17.7,4,2,0.47,0,1,High_Risk
0.913,0.97,0.7,1,1,0.97,0,0,Normal
0.916,0.96,1.6,1,1,0.99,0,0,Normal
0.918,1.0,0.8,1,1,0.99,0,0,Normal
0.963,0.97,0.9,1,1,0.98,0,0,Normal
0.93,1.04,0.1,1,1,0.94,0,0,Normal
0.871,1.0,1.8,1,1,0.99,0,0,Normal
0.895,0.98,1.2,1,1,0.97,0,0,Normal
0.91,0.96,1.0,1,1,1.0,0,0,Normal
0.925,1.02,1.0,1,1,0.9,0,0,Normal
0.85,1.0,0.3,1,1,0.98,0,0,Normal
0.924,1.01,0.7,1,1,0.91,0,0,Normal
0.86,1.04,0.5,1,1,0.93,0,0,Normal
0.901,1.01,1.1,1,1,0.97,0,0,Normal
0.985,1.03,1.4,1,1,0.98,0,0,Normal
0.875,0.97,1.7,1,1,0.9,0,0,Normal
0.968,1.03,0.4,1,1,0.93,0,0,Normal
0.881,0.97,1.5,1,1,0.93,0,0,Normal
0.295,4.03,34.7,3,2,0.66,1,1,Suspicious
0.932,0.96,0.5,1,1,0.91,0,0,Normal
0.869,0.98,1.8,1,1,0.96,0,0,Normal
0.907,1.01,0.7,1,1,0.9,0,0,Normal
0.467,3.34,29.6,4,3,0.4,0,1,Suspicious
0.883,1.02,0.3,1,1,0.98,0,0,Normal
0.96,1.02,2.0,1,1,0.99,0,0,Normal
0.934,1.0,0.5,1,1,0.98,0,0,Normal
0.853,1.04,0.8,1,1,0.95,0,0,Normal
0.887,1.02,0.5,1,1,0.92,0,0,Normal
0.856,1.03,1.5,1,1,0.92,0,0,Normal
0.971,1.02,1.8,1,1,0.9,0,0,Normal
0.855,0.96,1.5,1,1,0.93,0,0,Normal
0.886,1.02,0.9,1,1,0.95,0,0,Normal
0.934,0.96,1.9,1,1,1.0,0,0,Normal
0.887,1.01,1.6,1,1,0.99,0,0,Normal
0.98,0.99,0.3,1,1,0.91,0,0,Normal
0.966,0.97,0.2,1,1,0.97,0,0,Normal
0.977,0.99,0.4,1,1,0.93,0,0,Normal
0.878,1.03,1.7,1,1,0.91,0,0,Normal
0.859,1.02,0.6,1,1,0.99,0,0,Normal
0.909,0.98,0.2,1,1,0.91,0,0,Normal
0.928,0.97,0.1,1,1,0.99,0,0,Normal
0.88,1.02,1.6,1,1,0.97,0,0,Normal
0.987,1.02,0.9,1,1,0.98,0,0,Normal
0.87,1.01,0.6,1,1,1.0,0,0,Normal
0.876,0.96,1.5,1,1,0.94,0,0,Normal
0.205,3.71,14.9,4,2,0.6,1,1,High_Risk
0.947,0.97,1.2,1,1,1.0,0,0,Normal
0.951,0.97,1.4,1,1,0.98,0,0,Normal
0.463,4.85,29.5,4,4,0.62,1,1,High_Risk
0.939,1.04,0.6,1,1,0.92,0,0,Normal
0.905,0.99,0.6,1,1,0.9,0,0,Normal
0.981,0.96,1.1,1,1,0.91,0,0,Normal
0.974,1.0,0.7,1,1,0.96,0,0,Normal
0.897,1.02,0.0,1,1,0.96,0,0,Normal
0.927,1.01,1.5,1,1,0.97,0,0,Normal
0.875,1.0,0.9,1,1,0.91,0,0,Normal
0.898,0.99,0.1,1,1,0.99,0,0,Normal
0.557,2.18,16.4,4,2,0.64,1,1,High_Risk
0.85,1.01,0.3,1,1,0.98,0,0,Normal
0.859,0.99,0.5,1,1,0.97,0,0,Normal
0.899,0.97,0.5,1,1,0.91,0,0,Normal
0.866,1.01,0.1,1,1,0.91,0,0,Normal
0.206,3.49,20.0,2,2,0.46,1,1,High_Risk
0.889,1.0,1.3,1,1,0.97,0,0,Normal
0.935,0.97,0.8,1,1,0.96,0,0,Normal
0.347,3.43,12.7,4,2,0.37,0,1,High_Risk
0.928,1.03,2.0,1,1,0.98,0,0,Normal
0.924,0.96,0.9,1,1,0.93,0,0,Normal
0.953,1.01,0.2,1,1,0.93,0,0,Normal
0.887,1.02,0.9,1,1,0.93,0,0,Normal
0.981,0.96,1.6,1,1,0.98,0,0,Normal
0.879,0.99,0.3,1,1,1.0,0,0,Normal
0.943,1.01,1.8,1,1,0.99,0,0,Normal
0.883,1.0,1.7,1,1,0.9,0,0,Normal
0.858,1.05,1.3,1,1,1.0,0,0,Normal
0.62,2.3,30.7,2,2,0.46,0,1,High_Risk
0.877,1.02,0.9,1,1,0.91,0,0,Normal
0.967,1.02,0.8,1,1,0.91,0,0,Normal
0.919,0.99,0.7,1,1,0.92,0,0,Normal
0.959,0.97,1.4,1,1,0.95,0,0,Normal
0.617,1.93,26.0,5,3,0.41,0,1,Suspicious
0.885,1.02,1.8,1,1,0.92,0,0,Normal
0.959,1.01,0.8,1,1,0.97,0,0,Normal
0.98,1.04,0.0,1,1,0.98,0,0,Normal
0.897,1.0,0.0,1,1,0.99,0,0,Normal
0.938,1.0,0.5,1,1,0.98,0,0,Normal
0.876,1.05,1.2,1,1,0.91,0,0,Normal
0.534,4.73,17.8,5,3,0.43,1,1,High_Risk
0.967,0.99,1.2,1,1,0.96,0,0,Normal
0.904,0.99,1.1,1,1,0.97,0,0,Normal
0.88,1.04,0.0,1,1,0.99,0,0,Normal
0.984,1.02,1.6,1,1,0.98,0,0,Normal
0.303,3.95,32.9,5,3,0.53,1,1,High_Risk
0.534,2.11,32.1,2,3,0.43,1,1,High_Risk
0.97,0.98,1.0,1,1,1.0,0,0,Normal
0.927,0.98,1.2,1,1,0.92,0,0,Normal
0.886,1.04,0.0,1,1,0.93,0,0,Normal
0.911,1.01,1.7,1,1,0.94,0,0,Normal
0.312,1.96,26.5,2,2,0.68,0,1,High_Risk
0.964,1.04,1.3,1,1,0.95,0,0,Normal
0.976,1.0,0.5,1,1,0.93,0,0,Normal
0.984,0.95,1.1,1,1,0.96,0,0,Normal
0.896,1.03,1.5,1,1,0.94,0,0,Normal
0.881,1.05,0.9,1,1,0.98,0,0,Normal
0.883,1.04,1.1,1,1,0.98,0,0,Normal
0.863,1.01,0.4,1,1,0.91,0,0,Normal
0.353,4.59,27.9,2,3,0.39,0,1,Suspicious
0.911,0.98,1.1,1,1,0.96,0,0,Normal
0.878,1.0,0.8,1,1,0.91,0,0,Normal
0.962,1.03,0.8,1,1,0.93,0,0,Normal
0.867,0.97,2.0,1,1,0.93,0,0,Normal
0.973,0.98,1.4,1,1,0.97,0,0,Normal
0.523,3.36,29.8,4,3,0.46,1,1,High_Risk
0.858,1.0,1.6,1,1,0.93,0,0,Normal
0.861,1.01,0.8,1,1,0.93,0,0,Normal
0.85,0.98,1.2,1,1,0.9,0,0,Normal
0.907,1.04,0.4,1,1,0.99,0,0,Normal
0.956,0.98,0.1,1,1,0.98,0,0,Normal
0.92,0.99,1.6,1,1,0.95,0,0,Normal
0.978,1.05,0.7,1,1,0.99,0,0,Normal
0.877,0.98,0.9,1,1,0.96,0,0,Normal
0.939,0.95,1.4,1,1,0.91,0,0,Normal
0.36,3.8,12.8,5,3,0.38,0,1,High_Risk
0.914,0.96,1.5,1,1,0.93,0,0,Normal
0.305,3.79,15.1,4,3,0.51,1,1,Suspicious
0.884,1.01,0.5,1,1,0.9,0,0,Normal
0.919,0.97,0.4,1,1,0.95,0,0,Normal
0.989,1.02,1.8,1,1,0.99,0,0,Normal
0.96,1.03,0.9,1,1,0.99,0,0,Normal
0.933,1.04,0.4,1,1,0.92,0,0,Normal
0.903,1.01,0.0,1,1,0.97,0,0,Normal
0.913,0.98,1.6,1,1,0.97,0,0,Normal
0.926,1.03,0.4,1,1,0.91,0,0,Normal
0.974,0.96,0.3,1,1,0.98,0,0,Normal
0.486,4.16,21.3,5,3,0.45,1,1,Suspicious
0.961,1.04,1.2,1,1,0.97,0,0,Normal
0.982,0.95,1.9,1,1,0.93,0,0,Normal
0.901,1.0,0.4,1,1,0.9,0,0,Normal
0.897,0.99,1.4,1,1,0.97,0,0,Normal
0.867,1.01,0.6,1,1,0.97,0,0,Normal
0.321,2.34,15.8,3,2,0.49,0,1,High_Risk
0.869,1.03,0.6,1,1,0.98,0,0,Normal
0.94,0.98,0.8,1,1,0.95,0,0,Normal
0.912,1.01,0.4,1,1,0.91,0,0,Normal
0.892,1.02,1.9,1,1,0.98,0,0,Normal
0.928,1.04,1.7,1,1,0.98,0,0,Normal
0.901,1.01,0.5,1,1,0.97,0,0,Normal
0.952,0.98,0.7,1,1,1.0,0,0,Normal
0.863,1.04,1.8,1,1,0.93,0,0,Normal
0.865,0.98,0.1,1,1,0.93,0,0,Normal
0.928,1.03,1.4,1,1,0.91,0,0,Normal
0.956,0.99,1.9,1,1,0.92,0,0,Normal
0.958,1.05,1.3,1,1,0.96,0,0,Normal
0.867,1.0,0.9,1,1,0.99,0,0,Normal
0.939,0.96,0.3,1,1,0.92,0,0,Normal
0.963,0.96,1.4,1,1,0.93,0,0,Normal
0.99,0.95,0.9,1,1,1.0,0,0,Normal
0.876,0.99,0.9,1,1,0.97,0,0,Normal
0.273,4.53,15.8,2,4,0.34,0,1,High_Risk
0.892,0.98,1.7,1,1,0.98,0,0,Normal
0.97,1.03,0.3,1,1,0.93,0,0,Normal
0.868,0.98,1.5,1,1,0.98,0,0,Normal
0.87,1.04,0.1,1,1,0.93,0,0,Normal
0.954,1.01,1.2,1,1,0.95,0,0,Normal
0.366,2.75,16.4,4,2,0.5,1,1,Suspicious
0.949,0.96,0.7,1,1,0.97,0,0,Normal
0.306,4.91,11.3,5,4,0.45,1,1,High_Risk
0.391,2.84,34.6,4,2,0.62,0,1,Suspicious
0.593,4.19,29.5,3,3,0.39,0,1,High_Risk
0.897,1.03,1.2,1,1,0.93,0,0,Normal
0.884,0.98,1.7,1,1,0.97,0,0,Normal
0.977,0.97,0.1,1,1,0.94,0,0,Normal
0.978,1.0,1.6,1,1,0.97,0,0,Normal
0.898,0.96,1.6,1,1,0.98,0,0,Normal
0.885,1.03,0.2,1,1,0.94,0,0,Normal
0.916,0.99,0.5,1,1,0.98,0,0,Normal
0.873,0.96,0.4,1,1,0.99,0,0,Normal
0.87,0.97,1.9,1,1,0.95,0,0,Normal
0.978,0.97,1.3,1,1,0.94,0,0,Normal
0.95,0.96,0.0,1,1,0.99,0,0,Normal
0.959,0.96,1.5,1,1,0.99,0,0,Normal
0.879,1.05,1.5,1,1,0.96,0,0,Normal
0.861,1.01,1.7,1,1,0.98,0,0,Normal
0.912,1.0,0.1,1,1,0.94,0,0,Normal
0.552,2.41,21.2,2,3,0.38,1,1,Suspicious
0.866,0.97,0.7,1,1,0.96,0,0,Normal
0.966,0.98,0.7,1,1,0.91,0,0,Normal
0.877,1.05,0.8,1,1,0.98,0,0,Normal
0.951,0.98,1.8,1,1,0.92,0,0,Normal
0.956,0.96,0.8,1,1,0.98,0,0,Normal
0.983,1.02,0.7,1,1,0.91,0,0,Normal
0.907,0.98,1.1,1,1,0.93,0,0,Normal
0.987,0.98,1.3,1,1,0.96,0,0,Normal
0.865,0.98,1.5,1,1,0.91,0,0,Normal
0.895,1.04,1.6,1,1,0.99,0,0,Normal
0.912,1.03,1.7,1,1,0.97,0,0,Normal
0.877,0.97,0.6,1,1,0.94,0,0,Normal
0.917,1.02,1.6,1,1,0.93,0,0,Normal
0.888,1.0,1.6,1,1,0.93,0,0,Normal
0.964,0.96,1.7,1,1,0.91,0,0,Normal
0.334,3.36,15.3,4,2,0.62,1,1,High_Risk
0.879,0.95,0.2,1,1,0.99,0,0,Normal
0.877,1.03,0.5,1,1,0.98,0,0,Normal
0.85,0.98,1.6,1,1,0.96,0,0,Normal
0.989,1.03,1.8,1,1,0.92,0,0,Normal
0.858,1.04,1.0,1,1,0.92,0,0,Normal
0.857,1.02,0.4,1,1,0.97,0,0,Normal
0.986,0.97,1.1,1,1,0.99,0,0,Normal
0.864,0.95,1.6,1,1,0.97,0,0,Normal
0.431,3.59,31.9,5,2,0.42,0,1,High_Risk
0.931,0.99,0.3,1,1,0.94,0,0,Normal
0.924,0.96,1.2,1,1,0.93,0,0,Normal
0.576,3.58,25.2,2,3,0.47,1,1,Suspicious
0.931,1.04,1.7,1,1,0.93,0,0,Normal
0.948,1.01,1.6,1,1,0.92,0,0,Normal
0.944,1.01,0.6,1,1,0.94,0,0,Normal
0.855,0.96,1.7,1,1,0.93,0,0,Normal
0.943,0.99,0.1,1,1,0.95,0,0,Normal
0.971,0.99,1.1,1,1,0.99,0,0,Normal
0.866,1.0,0.0,1,1,0.98,0,0,Normal
0.314,4.71,20.4,4,3,0.67,0,1,High_Risk
0.972,1.0,0.8,1,1,0.94,0,0,Normal
0.901,1.02,1.1,1,1,0.97,0,0,Normal
0.93,1.02,0.2,1,1,0.97,0,0,Normal
0.976,1.02,1.8,1,1,0.99,0,0,Normal
0.871,0.99,0.2,1,1,0.96,0,0,Normal
0.957,1.03,0.6,1,1,0.94,0,0,Normal
0.368,3.36,28.0,5,4,0.42,0,1,High_Risk
0.402,3.12,32.1,5,2,0.34,0,1,Suspicious
0.942,1.02,1.7,1,1,0.9,0,0,Normal
0.883,1.0,1.4,1,1,0.97,0,0,Normal
0.96,0.97,0.8,1,1,1.0,0,0,Normal
0.879,1.01,0.6,1,1,0.95,0,0,Normal
0.211,1.89,33.2,4,3,0.37,1,1,Suspicious
0.437,2.68,30.5,5,4,0.52,1,1,Suspicious
0.966,0.98,1.6,1,1,0.99,0,0,Normal
0.917,0.98,0.5,1,1,0.98,0,0,Normal
0.898,0.98,2.0,1,1,0.99,0,0,Normal
0.952,1.01,1.2,1,1,0.99,0,0,Normal
0.91,1.04,2.0,1,1,0.94,0,0,Normal
0.984,1.03,0.5,1,1,0.94,0,0,Normal
0.931,0.96,0.8,1,1,0.96,0,0,Normal
0.898,1.0,1.6,1,1,0.99,0,0,Normal
0.919,1.04,0.2,1,1,0.95,0,0,Normal
0.91,1.04,0.7,1,1,0.98,0,0,Normal
0.21,3.65,15.7,4,4,0.57,0,1,High_Risk
0.891,1.0,0.4,1,1,0.98,0,0,Normal
0.961,1.03,0.9,1,1,0.95,0,0,Normal
0.862,0.95,1.9,1,1,0.93,0,0,Normal
0.881,1.03,0.1,1,1,0.91,0,0,Normal
0.856,0.99,0.1,1,1,1.0,0,0,Normal
0.887,0.99,2.0,1,1,0.95,0,0,Normal
0.91,0.97,1.2,1,1,0.95,0,0,Normal
0.29,4.76,34.3,3,4,0.31,1,1,High_Risk
0.926,1.03,1.7,1,1,0.95,0,0,Normal
0.964,1.01,0.1,1,1,0.93,0,0,Normal
0.862,0.98,1.7,1,1,0.93,0,0,Normal
0.438,3.61,14.4,4,3,0.64,1,1,Suspicious
0.984,1.02,1.2,1,1,0.97,0,0,Normal
0.875,0.97,0.9,1,1,0.99,0,0,Normal
0.432,4.39,10.7,2,2,0.47,0,1,High_Risk
0.348,4.98,17.4,5,3,0.48,1,1,Suspicious
0.922,0.97,0.8,1,1,0.93,0,0,Normal
0.851,1.0,0.8,1,1,0.91,0,0,Normal
0.982,1.05,0.1,1,1,0.94,0,0,Normal
0.969,0.97,0.9,1,1,0.97,0,0,Normal
0.988,0.99,0.1,1,1,0.97,0,0,Normal
0.856,0.95,0.6,1,1,0.91,0,0,Normal
0.62,3.54,30.6,2,3,0.5,1,1,High_Risk
0.891,0.98,1.3,1,1,0.97,0,0,Normal
0.909,1.0,1.2,1,1,0.99,0,0,Normal
0.983,1.03,0.4,1,1,0.92,0,0,Normal
0.853,0.96,0.7,1,1,0.99,0,0,Normal
0.962,0.98,1.9,1,1,0.93,0,0,Normal
0.942,1.04,0.3,1,1,0.95,0,0,Normal
0.953,1.03,1.5,1,1,0.94,0,0,Normal
0.853,1.01,0.8,1,1,0.91,0,0,Normal
0.978,1.01,0.9,1,1,0.96,0,0,Normal
0.964,1.05,0.9,1,1,0.94,0,0,Normal
0.866,0.98,0.2,1,1,0.96,0,0,Normal
0.507,4.9,12.6,5,4,0.41,0,1,High_Risk
0.913,0.99,0.9,1,1,0.92,0,0,Normal
0.87,1.04,1.6,1,1,0.95,0,0,Normal
0.882,0.97,1.1,1,1,0.94,0,0,Normal
0.905,0.98,1.5,1,1,0.97,0,0,Normal
0.871,0.96,1.2,1,1,0.94,0,0,Normal
0.862,1.0,0.9,1,1,0.93,0,0,Normal
0.895,1.03,0.4,1,1,0.96,0,0,Normal
0.978,1.0,1.0,1,1,0.95,0,0,Normal
0.911,0.97,1.8,1,1,0.91,0,0,Normal
0.951,1.02,0.5,1,1,0.93,0,0,Normal
0.928,1.04,0.8,1,1,0.94,0,0,Normal
0.503,2.08,32.6,2,2,0.37,0,1,Suspicious
0.899,1.02,1.8,1,1,0.98,0,0,Normal
0.92,1.0,0.2,1,1,0.91,0,0,Normal
0.868,1.0,0.4,1,1,0.95,0,0,Normal
0.897,0.97,1.3,1,1,0.99,0,0,Normal
0.974,1.04,1.9,1,1,0.9,0,0,Normal
0.933,0.95,1.0,1,1,0.96,0,0,Normal
0.881,1.02,0.7,1,1,0.94,0,0,Normal
0.577,3.61,13.1,3,3,0.62,0,1,High_Risk
0.972,1.01,0.2,1,1,0.91,0,0,Normal
0.88,0.95,1.6,1,1,0.9,0,0,Normal
0.877,0.96,0.0,1,1,0.94,0,0,Normal
0.919,1.04,1.8,1,1,0.95,0,0,Normal
0.979,1.02,1.3,1,1,0.98,0,0,Normal
0.905,1.04,0.7,1,1,0.93,0,0,Normal
0.966,1.01,1.1,1,1,0.92,0,0,Normal
0.203,2.26,31.7,4,4,0.65,1,1,Suspicious
0.938,1.01,1.4,1,1,0.98,0,0,Normal
0.979,1.0,0.6,1,1,0.93,0,0,Normal
0.985,0.95,1.2,1,1,0.94,0,0,Normal
0.928,1.01,0.8,1,1,0.97,0,0,Normal
0.95,1.01,0.1,1,1,0.92,0,0,Normal
0.938,0.96,0.7,1,1,0.93,0,0,Normal
0.952,0.96,0.7,1,1,0.91,0,0,Normal
0.871,0.99,0.9,1,1,0.97,0,0,Normal
0.902,1.04,1.8,1,1,0.97,0,0,Normal
0.901,1.0,0.3,1,1,0.96,0,0,Normal
0.854,0.96,1.4,1,1,0.95,0,0,Normal
0.885,0.99,1.5,1,1,0.96,0,0,Normal
0.966,1.05,1.1,1,1,0.91,0,0,Normal
0.97,0.96,1.5,1,1,0.97,0,0,Normal
0.9,1.01,0.7,1,1,0.94,0,0,Normal
0.867,0.98,0.4,1,1,0.99,0,0,Normal
0.966,1.04,1.7,1,1,0.91,0,0,Normal
0.856,1.01,0.9,1,1,0.99,0,0,Normal
0.98,1.05,0.4,1,1,0.95,0,0,Normal
0.911,0.98,1.4,1,1,0.98,0,0,Normal
0.924,1.02,1.7,1,1,0.95,0,0,Normal
0.897,1.0,0.1,1,1,0.93,0,0,Normal
0.327,2.85,34.8,3,2,0.48,0,1,High_Risk
0.981,1.05,0.3,1,1,0.91,0,0,Normal
0.96,0.98,1.5,1,1,0.9,0,0,Normal
0.859,1.02,0.7,1,1,0.96,0,0,Normal
0.892,1.04,0.5,1,1,0.96,0,0,Normal
0.887,0.96,0.1,1,1,0.96,0,0,Normal
0.99,0.96,1.4,1,1,0.92,0,0,Normal
0.966,1.0,1.6,1,1,0.91,0,0,Normal
0.544,4.65,29.8,5,4,0.63,1,1,Suspicious
0.973,0.97,0.4,1,1,1.0,0,0,Normal
0.948,1.03,1.6,1,1,0.92,0,0,Normal
0.912,1.03,1.8,1,1,0.92,0,0,Normal
0.898,0.97,0.3,1,1,0.95,0,0,Normal
0.9,0.98,0.9,1,1,0.91,0,0,Normal
0.42,2.76,18.9,4,4,0.65,0,1,High_Risk
0.894,1.01,0.7,1,1,0.9,0,0,Normal
0.946,0.97,1.5,1,1,0.96,0,0,Normal
0.905,0.98,1.3,1,1,0.91,0,0,Normal
0.988,1.02,1.9,1,1,0.95,0,0,Normal
0.927,0.99,0.1,1,1,0.98,0,0,Normal
0.91,1.02,1.1,1,1,0.97,0,0,Normal
0.951,0.99,0.1,1,1,0.98,0,0,Normal
0.92,1.0,1.6,1,1,0.98,0,0,Normal
0.865,0.99,0.3,1,1,0.95,0,0,Normal
0.922,1.03,1.4,1,1,0.95,0,0,Normal
0.873,0.99,0.6,1,1,1.0,0,0,Normal
0.516,3.49,18.1,2,2,0.37,1,1,High_Risk
0.868,0.99,1.1,1,1,0.93,0,0,Normal
0.271,3.25,27.4,4,2,0.52,1,1,High_Risk
0.905,1.03,0.6,1,1,0.98,0,0,Normal
0.918,1.05,1.6,1,1,0.9,0,0,Normal
0.87,1.0,1.4,1,1,0.99,0,0,Normal
0.945,0.95,0.2,1,1,0.98,0,0,Normal
0.906,0.98,1.8,1,1,0.97,0,0,Normal
0.233,1.91,16.3,2,2,0.42,1,1,Suspicious
0.965,0.96,0.9,1,1,0.98,0,0,Normal
0.632,2.23,33.7,2,2,0.5,1,1,High_Risk
0.923,0.98,0.5,1,1,0.96,0,0,Normal
0.898,0.97,1.9,1,1,0.94,0,0,Normal
0.888,1.02,1.5,1,1,0.97,0,0,Normal
0.972,0.98,0.4,1,1,1.0,0,0,Normal
0.98,1.03,1.1,1,1,0.97,0,0,Normal
0.253,4.75,25.3,4,4,0.36,1,1,High_Risk
0.9,0.99,1.6,1,1,0.99,0,0,Normal
0.865,1.03,1.4,1,1,0.95,0,0,Normal
0.413,3.21,30.7,2,2,0.31,1,1,High_Risk
0.235,3.55,17.3,3,4,0.3,1,1,Suspicious
0.375,1.98,10.6,3,2,0.33,0,1,Suspicious
0.855,0.98,0.7,1,1,0.9,0,0,Normal
0.941,1.01,1.0,1,1,0.91,0,0,Normal
0.982,0.99,1.9,1,1,0.97,0,0,Normal
0.982,0.98,1.4,1,1,0.94,0,0,Normal
0.887,1.04,0.5,1,1,0.98,0,0,Normal
0.98,1.02,0.4,1,1,0.99,0,0,Normal
0.883,1.0,1.6,1,1,0.99,0,0,Normal
0.963,1.03,1.7,1,1,0.99,0,0,Normal
0.988,1.03,0.6,1,1,0.99,0,0,Normal
0.911,0.99,1.6,1,1,0.9,0,0,Normal
0.906,0.97,0.8,1,1,0.91,0,0,Normal
0.99,0.97,1.0,1,1,0.95,0,0,Normal
0.883,1.02,1.8,1,1,0.95,0,0,Normal
0.296,4.56,33.9,5,2,0.46,1,1,High_Risk
0.949,0.98,1.8,1,1,0.99,0,0,Normal
0.414,2.63,24.9,3,2,0.64,1,1,Suspicious
0.987,1.04,2.0,1,1,0.96,0,0,Normal
0.467,4.17,15.8,2,2,0.53,0,1,High_Risk
0.888,1.01,0.3,1,1,0.98,0,0,Normal
0.963,1.01,1.6,1,1,0.91,0,0,Normal
0.909,0.97,1.8,1,1,0.91,0,0,Normal
0.947,1.0,1.7,1,1,0.98,0,0,Normal
0.956,0.97,1.5,1,1,0.94,0,0,Normal
0.891,1.01,1.7,1,1,0.97,0,0,Normal
0.989,0.97,1.0,1,1,0.96,0,0,Normal
0.89,0.97,0.9,1,1,0.94,0,0,Normal
0.863,1.05,0.3,1,1,0.9,0,0,Normal
0.901,1.03,1.3,1,1,0.91,0,0,Normal
0.519,4.0,23.2,4,3,0.59,1,1,High_Risk
0.983,1.04,0.7,1,1,0.94,0,0,Normal
0.954,0.99,0.8,1,1,0.98,0,0,Normal
0.958,0.98,0.5,1,1,0.9,0,0,Normal
0.861,0.97,0.8,1,1,0.98,0,0,Normal
0.867,0.99,0.1,1,1,0.98,0,0,Normal
0.949,0.97,1.9,1,1,0.95,0,0,Normal
0.958,1.04,0.1,1,1,0.9,0,0,Normal
0.934,0.95,0.4,1,1,0.99,0,0,Normal
0.94,0.99,1.4,1,1,0.93,0,0,Normal
0.98,1.03,1.6,1,1,0.94,0,0,Normal
0.879,1.05,0.7,1,1,0.97,0,0,Normal
0.866,1.03,1.1,1,1,0.9,0,0,Normal
0.904,1.0,1.5,1,1,0.93,0,0,Normal
0.917,1.02,1.3,1,1,0.98,0,0,Normal
0.884,1.04,0.5,1,1,0.9,0,0,Normal
0.878,0.99,0.8,1,1,1.0,0,0,Normal
0.916,1.02,1.6,1,1,0.92,0,0,Normal
0.852,1.0,1.2,1,1,0.92,0,0,Normal
0.934,0.96,0.1,1,1,0.93,0,0,Normal
0.533,2.74,31.1,5,2,0.45,1,1,High_Risk
0.962,1.0,0.6,1,1,0.92,0,0,Normal
0.854,1.01,0.0,1,1,0.95,0,0,Normal
0.929,1.0,0.1,1,1,0.97,0,0,Normal
0.925,1.01,1.2,1,1,0.96,0,0,Normal
0.873,0.96,1.5,1,1,0.96,0,0,Normal
0.908,0.95,1.9,1,1,0.91,0,0,Normal
0.56,2.82,12.9,5,4,0.67,1,1,High_Risk
0.905,1.0,0.3,1,1,0.91,0,0,Normal
0.889,0.98,1.7,1,1,0.96,0,0,Normal
0.858,0.98,1.1,1,1,0.93,0,0,Normal
0.961,0.96,0.2,1,1,0.95,0,0,Normal
0.883,1.03,1.7,1,1,1.0,0,0,Normal
0.86,0.97,0.8,1,1,0.91,0,0,Normal
0.911,1.03,1.6,1,1,0.93,0,0,Normal
0.236,3.71,21.3,3,2,0.63,1,1,Suspicious
0.881,1.03,0.1,1,1,0.96,0,0,Normal
0.935,1.05,1.9,1,1,0.96,0,0,Normal
0.968,0.98,1.2,1,1,0.99,0,0,Normal
0.502,4.22,29.3,3,4,0.7,1,1,Suspicious
0.9,0.99,0.4,1,1,0.98,0,0,Normal
0.928,0.95,0.0,1,1,0.93,0,0,Normal
0.912,1.03,1.6,1,1,0.93,0,0,Normal
0.631,2.81,13.3,3,4,0.57,0,1,Suspicious
0.851,1.03,1.5,1,1,1.0,0,0,Normal
0.442,3.59,26.9,4,2,0.4,0,1,High_Risk
0.857,0.95,0.3,1,1,0.98,0,0,Normal
0.884,0.95,1.0,1,1,0.93,0,0,Normal
0.855,1.01,0.7,1,1,0.98,0,0,Normal
0.879,1.03,0.2,1,1,1.0,0,0,Normal
0.231,2.14,19.6,5,2,0.37,0,1,High_Risk
0.99,1.0,1.3,1,1,0.96,0,0,Normal
0.922,0.96,1.9,1,1,0.91,0,0,Normal
0.989,1.0,0.6,1,1,0.94,0,0,Normal
0.892,0.98,0.8,1,1,0.95,0,0,Normal
0.885,0.96,0.3,1,1,0.97,0,0,Normal
0.881,0.98,1.4,1,1,0.99,0,0,Normal
0.932,1.04,1.1,1,1,0.96,0,0,Normal
0.913,0.98,1.1,1,1,0.95,0,0,Normal
0.264,2.95,28.3,3,2,0.47,0,1,High_Risk
0.924,1.05,1.9,1,1,0.91,0,0,Normal
0.936,1.0,1.9,1,1,0.93,0,0,Normal
0.983,1.01,0.6,1,1,0.99,0,0,Normal
0.864,1.0,1.6,1,1,0.92,0,0,Normal
0.875,1.05,0.0,1,1,0.94,0,0,Normal
0.988,1.04,0.3,1,1,0.98,0,0,Normal
0.977,1.03,0.9,1,1,0.95,0,0,Normal
0.898,0.97,0.2,1,1,0.99,0,0,Normal
0.905,0.97,0.5,1,1,0.94,0,0,Normal
0.937,0.98,0.3,1,1,0.95,0,0,Normal
0.927,0.99,0.1,1,1,0.93,0,0,Normal
0.867,0.97,0.6,1,1,0.91,0,0,Normal
0.871,0.95,0.6,1,1,0.9,0,0,Normal
0.862,0.98,1.2,1,1,0.91,0,0,Normal
0.261,2.09,12.3,5,3,0.4,1,1,High_Risk
0.975,0.95,0.2,1,1,1.0,0,0,Normal
0.921,0.96,1.1,1,1,0.98,0,0,Normal
0.345,2.37,32.4,5,2,0.47,1,1,High_Risk
0.953,1.0,1.2,1,1,0.92,0,0,Normal
0.964,1.01,0.6,1,1,0.98,0,0,Normal
0.248,4.45,17.0,5,2,0.44,0,1,High_Risk
0.985,1.0,1.4,1,1,1.0,0,0,Normal
0.861,0.98,0.1,1,1,0.97,0,0,Normal
0.918,1.03,2.0,1,1,0.91,0,0,Normal
0.867,1.01,0.6,1,1,0.98,0,0,Normal
0.873,0.96,1.7,1,1,0.97,0,0,Normal
0.942,0.97,1.2,1,1,0.96,0,0,Normal
0.332,3.78,27.6,3,2,0.34,1,1,High_Risk
0.617,2.15,17.2,3,3,0.65,1,1,High_Risk
0.909,1.0,0.7,1,1,0.93,0,0,Normal
0.96,0.95,0.9,1,1,0.98,0,0,Normal
0.974,0.97,0.7,1,1,0.94,0,0,Normal
0.972,0.96,0.8,1,1,0.9,0,0,Normal
0.563,4.82,16.5,4,2,0.58,0,1,High_Risk
0.919,1.0,0.8,1,1,0.96,0,0,Normal
0.33,3.84,10.8,3,4,0.36,1,1,Suspicious
0.91,1.04,1.1,1,1,0.99,0,0,Normal
0.987,0.95,0.5,1,1,0.96,0,0,Normal
0.98,0.99,1.3,1,1,0.92,0,0,Normal
0.928,0.99,0.4,1,1,0.9,0,0,Normal
0.959,0.96,1.4,1,1,0.94,0,0,Normal
0.958,1.03,1.6,1,1,0.93,0,0,Normal
0.917,1.03,1.0,1,1,0.96,0,0,Normal
0.983,0.97,1.7,1,1,0.96,0,0,Normal
0.629,2.71,18.8,3,2,0.54,0,1,High_Risk
0.852,0.96,0.7,1,1,0.91,0,0,Normal
0.96,1.0,1.9,1,1,0.96,0,0,Normal
0.889,0.95,1.4,1,1,0.94,0,0,Normal
0.888,0.99,0.2,1,1,1.0,0,0,Normal
0.393,3.29,31.7,4,4,0.49,0,1,High_Risk
0.936,1.0,1.1,1,1,0.91,0,0,Normal
0.903,1.03,0.6,1,1,0.95,0,0,Normal
0.894,1.04,1.2,1,1,0.98,0,0,Normal
0.855,1.01,0.8,1,1,0.95,0,0,Normal
0.978,1.03,0.1,1,1,0.93,0,0,Normal
0.975,0.95,0.2,1,1,0.93,0,0,Normal
0.98,1.01,0.8,1,1,0.91,0,0,Normal
0.936,0.95,1.1,1,1,0.99,0,0,Normal
0.914,1.0,1.7,1,1,0.93,0,0,Normal
0.913,0.97,1.5,1,1,0.99,0,0,Normal
0.901,0.97,1.8,1,1,0.91,0,0,Normal
0.971,1.0,0.4,1,1,0.98,0,0,Normal
0.957,0.97,0.2,1,1,0.91,0,0,Normal
0.628,1.82,13.9,2,3,0.38,1,1,High_Risk
0.868,1.03,1.3,1,1,0.98,0,0,Normal
0.915,0.98,1.2,1,1,1.0,0,0,Normal
0.587,4.5,34.0,2,3,0.53,1,1,High_Risk
0.946,1.05,0.7,1,1,0.97,0,0,Normal
0.901,1.01,1.0,1,1,0.92,0,0,Normal
0.902,1.01,0.5,1,1,0.98,0,0,Normal
0.972,1.02,0.7,1,1,0.95,0,0,Normal
0.966,1.02,1.6,1,1,0.99,0,0,Normal
0.919,1.01,0.6,1,1,0.99,0,0,Normal
0.908,1.0,0.9,1,1,0.99,0,0,Normal
0.856,0.95,0.2,1,1,0.95,0,0,Normal
0.917,1.05,1.2,1,1,0.95,0,0,Normal
0.929,0.95,0.7,1,1,0.99,0,0,Normal
0.9,1.04,0.1,1,1,0.96,0,0,Normal
0.958,0.96,1.2,1,1,0.97,0,0,Normal
0.924,0.98,1.1,1,1,0.98,0,0,Normal
0.859,0.97,1.1,1,1,0.92,0,0,Normal
0.852,0.99,1.7,1,1,0.92,0,0,Normal
0.605,2.8,14.2,5,2,0.41,1,1,High_Risk
0.88,1.01,0.6,1,1,0.94,0,0,Normal
0.968,1.04,1.6,1,1,0.9,0,0,Normal
0.906,0.97,1.8,1,1,0.96,0,0,Normal
0.94,1.01,0.4,1,1,0.97,0,0,Normal
0.896,0.97,1.7,1,1,0.95,0,0,Normal
0.974,0.98,0.8,1,1,0.93,0,0,Normal
0.869,1.0,0.7,1,1,0.96,0,0,Normal
0.37,2.46,19.9,3,2,0.47,0,1,High_Risk
0.975,0.97,1.4,1,1,0.99,0,0,Normal
0.857,1.04,0.9,1,1,0.98,0,0,Normal
0.903,0.98,1.3,1,1,0.92,0,0,Normal
0.975,0.96,2.0,1,1,0.99,0,0,Normal
0.906,0.98,2.0,1,1,0.99,0,0,Normal
0.886,1.01,1.9,1,1,0.93,0,0,Normal
0.957,0.96,0.9,1,1,1.0,0,0,Normal
0.909,0.96,0.3,1,1,0.92,0,0,Normal
0.871,1.03,0.1,1,1,0.92,0,0,Normal
0.429,3.91,32.4,2,4,0.41,1,1,Suspicious
0.899,1.0,0.9,1,1,0.91,0,0,Normal
0.961,0.98,0.3,1,1,0.99,0,0,Normal
0.877,1.05,0.4,1,1,0.98,0,0,Normal
0.925,1.02,1.4,1,1,0.94,0,0,Normal
0.943,0.98,1.5,1,1,0.96,0,0,Normal
0.62,4.09,20.9,4,3,0.65,1,1,High_Risk
0.917,0.96,0.5,1,1,0.9,0,0,Normal
0.903,1.05,1.5,1,1,0.96,0,0,Normal
0.947,1.04,0.9,1,1,0.96,0,0,Normal
0.883,1.03,0.8,1,1,0.97,0,0,Normal
0.868,1.02,1.5,1,1,0.98,0,0,Normal
0.866,1.04,0.3,1,1,0.92,0,0,Normal
0.288,4.72,13.8,4,4,0.68,1,1,Suspicious
0.975,1.04,0.9,1,1,0.91,0,0,Normal
0.918,1.03,1.5,1,1,0.94,0,0,Normal
0.87,0.95,0.4,1,1,0.92,0,0,Normal
0.883,1.0,0.8,1,1,0.94,0,0,Normal
0.949,0.98,0.9,1,1,0.95,0,0,Normal
0.875,0.99,0.7,1,1,0.98,0,0,Normal
0.918,1.04,1.6,1,1,0.92,0,0,Normal
0.875,0.97,1.6,1,1,0.97,0,0,Normal
0.928,0.97,1.7,1,1,0.93,0,0,Normal
0.973,1.04,0.6,1,1,0.95,0,0,Normal
0.925,1.03,1.6,1,1,0.99,0,0,Normal
0.932,1.01,0.8,1,1,0.92,0,0,Normal
0.858,1.0,0.8,1,1,1.0,0,0,Normal
0.876,1.02,1.9,1,1,1.0,0,0,Normal
0.915,1.02,1.2,1,1,0.93,0,0,Normal
0.976,0.95,0.6,1,1,0.91,0,0,Normal
0.952,1.0,1.0,1,1,0.9,0,0,Normal
0.876,0.95,1.0,1,1,0.92,0,0,Normal
0.987,1.02,0.1,1,1,0.96,0,0,Normal
0.972,0.99,1.2,1,1,0.9,0,0,Normal
0.857,1.01,0.4,1,1,0.95,0,0,Normal
0.94,0.98,1.7,1,1,0.99,0,0,Normal
0.925,0.96,0.1,1,1,0.99,0,0,Normal
0.864,1.03,0.2,1,1,0.97,0,0,Normal
0.919,0.99,0.8,1,1,0.99,0,0,Normal
0.873,0.99,0.8,1,1,0.94,0,0,Normal
0.951,1.01,0.3,1,1,0.99,0,0,Normal
0.87,0.99,1.3,1,1,0.99,0,0,Normal
0.968,0.96,0.8,1,1,0.97,0,0,Normal
0.882,0.97,0.2,1,1,0.99,0,0,Normal
0.867,0.97,1.3,1,1,0.96,0,0,Normal
0.945,0.98,0.6,1,1,0.92,0,0,Normal
0.861,0.96,0.3,1,1,0.98,0,0,Normal
0.968,0.97,0.0,1,1,0.93,0,0,Normal
0.864,1.01,1.3,1,1,0.97,0,0,Normal
0.925,1.0,0.3,1,1,1.0,0,0,Normal
0.876,1.0,1.1,1,1,0.92,0,0,Normal
0.898,1.02,1.2,1,1,0.95,0,0,Normal
0.976,0.97,1.2,1,1,0.98,0,0,Normal
0.935,0.99,1.2,1,1,0.92,0,0,Normal
0.968,0.95,0.7,1,1,0.95,0,0,Normal
0.937,0.97,1.0,1,1,0.9,0,0,Normal
0.9,0.96,0.7,1,1,0.92,0,0,Normal
0.928,0.95,1.0,1,1,0.9,0,0,Normal
0.887,0.95,1.8,1,1,0.92,0,0,Normal
0.983,0.99,0.3,1,1,0.99,0,0,Normal
0.958,1.04,2.0,1,1,0.91,0,0,Normal
0.969,1.0,0.9,1,1,0.99,0,0,Normal
0.875,0.96,0.8,1,1,0.95,0,0,Normal
0.874,1.0,1.0,1,1,1.0,0,0,Normal
0.93,1.0,1.5,1,1,0.94,0,0,Normal
0.884,1.01,1.3,1,1,0.99,0,0,Normal
0.853,0.99,2.0,1,1,0.91,0,0,Normal
0.936,1.05,0.5,1,1,0.93,0,0,Normal
0.876,0.95,0.8,1,1,0.94,0,0,Normal
0.931,1.01,1.1,1,1,0.98,0,0,Normal
0.494,1.89,17.7,2,3,0.34,1,1,High_Risk
0.857,0.99,0.6,1,1,0.91,0,0,Normal
0.917,1.01,1.7,1,1,0.99,0,0,Normal
0.87,0.99,0.6,1,1,0.97,0,0,Normal
0.876,1.03,0.1,1,1,0.96,0,0,Normal
0.967,1.05,1.1,1,1,0.95,0,0,Normal
0.911,0.96,0.0,1,1,0.94,0,0,Normal
0.874,0.99,0.7,1,1,0.98,0,0,Normal
0.922,1.02,0.4,1,1,0.99,0,0,Normal
0.579,2.38,15.9,3,4,0.46,0,1,High_Risk
0.906,1.02,0.1,1,1,0.96,0,0,Normal
0.932,0.97,0.0,1,1,0.92,0,0,Normal
0.938,1.05,0.8,1,1,0.96,0,0,Normal
0.97,1.02,1.8,1,1,0.98,0,0,Normal
0.889,0.98,0.2,1,1,0.99,0,0,Normal
0.276,4.1,19.9,3,2,0.65,0,1,High_Risk
0.949,0.95,0.8,1,1,0.94,0,0,Normal
0.863,0.97,0.9,1,1,0.96,0,0,Normal
0.982,1.04,0.1,1,1,0.97,0,0,Normal
0.887,1.04,0.8,1,1,0.97,0,0,Normal
0.2,4.65,19.5,4,4,0.35,1,1,High_Risk
0.894,0.99,0.1,1,1,0.95,0,0,Normal
0.966,0.99,1.8,1,1,0.98,0,0,Normal
0.974,1.03,1.2,1,1,0.94,0,0,Normal
0.873,1.02,1.6,1,1,0.91,0,0,Normal
0.322,4.71,22.0,3,4,0.64,1,1,High_Risk
0.951,1.03,1.1,1,1,0.92,0,0,Normal
0.982,0.98,0.7,1,1,0.94,0,0,Normal
0.902,0.97,1.4,1,1,0.98,0,0,Normal
0.972,0.99,0.2,1,1,1.0,0,0,Normal
0.87,1.03,1.5,1,1,0.98,0,0,Normal
0.972,1.03,1.9,1,1,0.91,0,0,Normal
0.89,1.05,1.3,1,1,0.97,0,0,Normal
0.928,0.98,0.5,1,1,0.9,0,0,Normal
0.963,1.01,1.0,1,1,0.98,0,0,Normal
0.911,1.0,0.1,1,1,0.91,0,0,Normal
0.987,1.01,0.3,1,1,0.96,0,0,Normal
0.863,0.95,0.4,1,1,0.99,0,0,Normal
0.969,0.99,0.5,1,1,0.98,0,0,Normal
0.943,0.97,0.7,1,1,0.95,0,0,Normal
0.894,1.02,1.0,1,1,0.93,0,0,Normal
0.881,1.01,1.5,1,1,0.92,0,0,Normal
0.581,4.23,29.0,5,3,0.4,1,1,High_Risk
0.883,1.03,0.8,1,1,0.97,0,0,Normal
0.956,1.02,1.9,1,1,0.98,0,0,Normal
0.956,0.98,1.9,1,1,0.92,0,0,Normal
0.945,1.04,1.3,1,1,0.93,0,0,Normal
0.927,0.98,0.2,1,1,0.95,0,0,Normal
0.241,2.39,20.2,4,4,0.69,0,1,High_Risk
0.952,1.0,0.9,1,1,0.99,0,0,Normal
0.893,0.95,1.4,1,1,0.91,0,0,Normal
0.887,1.02,0.8,1,1,0.91,0,0,Normal
0.945,0.99,0.7,1,1,0.91,0,0,Normal
0.868,0.95,0.0,1,1,0.97,0,0,Normal
0.97,1.03,0.7,1,1,0.97,0,0,Normal
0.247,3.96,30.3,3,3,0.59,0,1,High_Risk
0.881,0.96,1.8,1,1,0.94,0,0,Normal
0.946,1.04,0.2,1,1,0.96,0,0,Normal
0.916,0.96,0.1,1,1,0.92,0,0,Normal
0.645,3.08,11.0,5,4,0.49,1,1,Suspicious
0.989,0.96,2.0,1,1,0.93,0,0,Normal
0.97,0.97,1.3,1,1,0.96,0,0,Normal
0.274,3.25,13.4,4,2,0.34,1,1,High_Risk
0.919,1.04,0.5,1,1,0.96,0,0,Normal
0.862,1.05,1.1,1,1,0.91,0,0,Normal
0.868,1.03,0.5,1,1,0.99,0,0,Normal
0.938,1.01,1.2,1,1,1.0,0,0,Normal
0.897,1.01,0.2,1,1,0.96,0,0,Normal
0.988,1.05,0.0,1,1,0.99,0,0,Normal
0.861,0.96,1.4,1,1,0.97,0,0,Normal
0.966,1.04,0.1,1,1,0.97,0,0,Normal
0.914,0.98,1.6,1,1,0.94,0,0,Normal
0.864,1.04,0.2,1,1,0.92,0,0,Normal
0.897,0.97,0.7,1,1,0.93,0,0,Normal
0.983,1.05,0.9,1,1,0.97,0,0,Normal
0.966,0.97,0.1,1,1,0.91,0,0,Normal
0.853,0.98,0.2,1,1,0.99,0,0,Normal
0.878,1.02,1.8,1,1,0.98,0,0,Normal
0.929,1.02,1.2,1,1,0.96,0,0,Normal
0.928,1.03,1.7,1,1,0.91,0,0,Normal
0.915,1.04,1.5,1,1,0.92,0,0,Normal
0.591,3.76,18.1,3,4,0.69,1,1,High_Risk
0.945,0.99,1.1,1,1,0.98,0,0,Normal
0.986,0.96,0.7,1,1,0.97,0,0,Normal
0.905,1.03,1.5,1,1,0.94,0,0,Normal
0.957,0.99,0.5,1,1,1.0,0,0,Normal
0.914,1.01,1.5,1,1,0.93,0,0,Normal
0.505,4.16,10.9,5,3,0.61,1,1,Suspicious
0.613,2.14,19.2,2,3,0.57,0,1,High_Risk
0.973,0.99,0.5,1,1,0.95,0,0,Normal
0.887,0.98,1.2,1,1,0.92,0,0,Normal
0.874,0.99,0.8,1,1,0.94,0,0,Normal
0.897,1.04,0.2,1,1,0.92,0,0,Normal
0.866,1.02,1.1,1,1,0.99,0,0,Normal
0.214,2.7,15.8,4,2,0.65,1,1,Suspicious
0.51,3.52,24.3,2,4,0.42,1,1,Suspicious
0.426,4.75,25.5,5,3,0.44,0,1,High_Risk
0.86,1.02,1.2,1,1,0.95,0,0,Normal
0.913,1.01,0.1,1,1,0.94,0,0,Normal
0.468,2.1,11.2,3,3,0.44,1,1,High_Risk
0.966,1.0,1.1,1,1,0.92,0,0,Normal
0.958,0.98,0.3,1,1,0.97,0,0,Normal
0.989,0.99,0.6,1,1,0.9,0,0,Normal
0.904,0.99,0.4,1,1,0.95,0,0,Normal
0.943,0.99,0.2,1,1,0.96,0,0,Normal
0.972,1.04,0.5,1,1,0.94,0,0,Normal
0.972,1.0,1.7,1,1,0.94,0,0,Normal
0.877,0.97,0.5,1,1,0.98,0,0,Normal
0.446,4.49,27.7,5,4,0.3,1,1,High_Risk
0.456,1.8,19.0,5,3,0.49,1,1,High_Risk
0.962,1.0,0.1,1,1,0.93,0,0,Normal
0.962,0.98,0.4,1,1,0.91,0,0,Normal
0.878,1.02,1.5,1,1,0.91,0,0,Normal
0.964,1.02,1.0,1,1,0.94,0,0,Normal
0.97,0.95,0.4,1,1,0.93,0,0,Normal
0.92,0.99,0.2,1,1,0.91,0,0,Normal
0.872,0.96,0.3,1,1,0.98,0,0,Normal
0.864,1.04,0.6,1,1,0.91,0,0,Normal
0.889,0.98,0.9,1,1,0.92,0,0,Normal
0.858,0.98,1.9,1,1,0.92,0,0,Normal
0.963,0.99,1.2,1,1,0.93,0,0,Normal
0.903,0.97,0.0,1,1,0.93,0,0,Normal
0.89,0.98,0.1,1,1,0.97,0,0,Normal
0.851,0.99,0.1,1,1,0.96,0,0,Normal
0.869,0.99,0.8,1,1,0.97,0,0,Normal
0.854,1.03,1.9,1,1,0.91,0,0,Normal
0.937,1.01,1.4,1,1,0.93,0,0,Normal
0.283,4.26,20.4,5,2,0.49,1,1,High_Risk
0.857,0.96,1.7,1,1,0.97,0,0,Normal
0.883,1.05,1.1,1,1,0.97,0,0,Normal
0.882,0.96,1.0,1,1,0.94,0,0,Normal
0.99,0.99,1.0,1,1,0.99,0,0,Normal
0.319,3.22,16.3,2,2,0.68,0,1,High_Risk
0.417,4.52,27.9,4,4,0.62,1,1,High_Risk
0.934,1.04,0.8,1,1,0.92,0,0,Normal
0.983,0.99,1.8,1,1,0.92,0,0,Normal
0.988,0.98,1.3,1,1,0.94,0,0,Normal
0.966,0.95,0.0,1,1,0.94,0,0,Normal
0.925,0.96,1.9,1,1,0.95,0,0,Normal
0.98,0.99,0.7,1,1,0.93,0,0,Normal
0.975,1.01,0.5,1,1,1.0,0,0,Normal
0.928,1.03,0.2,1,1,0.98,0,0,Normal
0.916,0.98,0.3,1,1,0.93,0,0,Normal
0.927,1.0,1.5,1,1,0.93,0,0,Normal
0.916,0.98,1.4,1,1,0.92,0,0,Normal
0.329,4.63,21.4,5,4,0.53,1,1,Suspicious
0.984,1.05,0.3,1,1,0.96,0,0,Normal
0.969,1.03,1.8,1,1,0.91,0,0,Normal
0.984,0.97,0.1,1,1,0.93,0,0,Normal
0.896,1.01,0.4,1,1,0.97,0,0,Normal
0.976,0.98,1.2,1,1,0.91,0,0,Normal
0.9,0.96,1.5,1,1,0.94,0,0,Normal
0.468,4.23,25.4,5,3,0.43,1,1,High_Risk
0.906,1.05,1.7,1,1,0.92,0,0,Normal
0.935,0.96,1.2,1,1,0.97,0,0,Normal
0.946,1.01,0.2,1,1,0.93,0,0,Normal
0.939,1.03,1.8,1,1,0.93,0,0,Normal
0.486,4.22,22.6,3,2,0.47,1,1,High_Risk
0.91,0.96,0.2,1,1,0.98,0,0,Normal
0.261,3.24,32.4,2,2,0.48,1,1,High_Risk
0.878,1.04,1.5,1,1,0.92,0,0,Normal
0.942,0.97,0.9,1,1,0.9,0,0,Normal
0.915,1.0,1.9,1,1,0.94,0,0,Normal
0.869,1.01,0.6,1,1,0.91,0,0,Normal
0.603,3.66,28.8,2,3,0.33,1,1,High_Risk
0.888,0.97,1.8,1,1,0.99,0,0,Normal
0.93,1.0,1.0,1,1,1.0,0,0,Normal
0.894,1.02,1.3,1,1,0.97,0,0,Normal
0.987,1.0,1.6,1,1,0.98,0,0,Normal
0.873,0.98,0.5,1,1,0.93,0,0,Normal
0.947,0.98,0.5,1,1,0.97,0,0,Normal
0.85,1.02,0.5,1,1,0.94,0,0,Normal
0.866,1.0,0.9,1,1,0.99,0,0,Normal
0.915,0.97,1.1,1,1,0.95,0,0,Normal
0.956,0.98,1.1,1,1,0.94,0,0,Normal
0.949,0.97,1.8,1,1,0.95,0,0,Normal
0.96,1.03,1.2,1,1,0.99,0,0,Normal
0.922,1.04,1.1,1,1,0.99,0,0,Normal
0.873,0.98,1.5,1,1,0.93,0,0,Normal
0.855,1.03,0.8,1,1,1.0,0,0,Normal
0.645,3.54,30.2,5,3,0.54,0,1,High_Risk
0.409,3.22,13.9,4,2,0.51,0,1,High_Risk
0.971,1.04,1.9,1,1,0.94,0,0,Normal
0.883,1.04,1.1,1,1,0.99,0,0,Normal
0.86,0.98,0.1,1,1,0.91,0,0,Normal
0.483,3.15,29.2,4,2,0.44,1,1,Suspicious
0.854,1.01,0.8,1,1,0.98,0,0,Normal
0.867,1.04,1.4,1,1,0.99,0,0,Normal
0.949,1.05,1.1,1,1,0.93,0,0,Normal
0.912,0.96,0.9,1,1,0.98,0,0,Normal
0.894,0.99,0.8,1,1,0.97,0,0,Normal
0.941,1.01,1.0,1,1,1.0,0,0,Normal
0.931,1.02,1.2,1,1,0.92,0,0,Normal
0.949,0.95,1.1,1,1,0.95,0,0,Normal
0.953,0.98,1.4,1,1,0.92,0,0,Normal
0.25,4.63,15.5,2,4,0.45,1,1,High_Risk
0.317,3.54,24.5,2,2,0.62,1,1,High_Risk
0.938,0.99,1.2,1,1,0.93,0,0,Normal
0.546,1.99,25.0,3,2,0.41,1,1,Suspicious
0.96,1.01,0.1,1,1,0.91,0,0,Normal
0.932,1.04,1.9,1,1,0.9,0,0,Normal
0.9,1.02,0.2,1,1,0.96,0,0,Normal
0.901,1.05,0.6,1,1,0.95,0,0,Normal
0.947,1.02,1.3,1,1,0.96,0,0,Normal
0.897,0.95,1.0,1,1,0.99,0,0,Normal
0.931,1.01,1.2,1,1,0.94,0,0,Normal
0.914,0.98,1.7,1,1,0.93,0,0,Normal
0.921,1.01,0.2,1,1,0.99,0,0,Normal
0.975,0.99,1.3,1,1,0.9,0,0,Normal
0.891,1.02,1.1,1,1,0.95,0,0,Normal
0.217,2.04,15.0,2,4,0.58,1,1,High_Risk
0.897,1.04,1.8,1,1,0.91,0,0,Normal
0.91,0.96,1.0,1,1,0.96,0,0,Normal
0.402,3.54,20.1,5,2,0.41,1,1,High_Risk
0.971,1.03,1.2,1,1,0.98,0,0,Normal
0.879,1.01,1.6,1,1,0.91,0,0,Normal
0.967,1.04,1.2,1,1,0.96,0,0,Normal
0.975,0.96,1.4,1,1,0.96,0,0,Normal
0.943,1.03,1.0,1,1,0.95,0,0,Normal
0.907,1.03,1.2,1,1,0.95,0,0,Normal
0.861,1.0,1.8,1,1,0.97,0,0,Normal
0.897,1.03,0.6,1,1,0.93,0,0,Normal
0.921,0.97,0.6,1,1,0.99,0,0,Normal
0.893,1.0,0.0,1,1,0.91,0,0,Normal
0.948,0.95,0.9,1,1,0.94,0,0,Normal
0.939,0.96,0.3,1,1,0.94,0,0,Normal
0.471,3.48,10.6,2,4,0.63,0,1,High_Risk
0.899,0.98,0.4,1,1,0.92,0,0,Normal
0.881,1.02,2.0,1,1,0.94,0,0,Normal
0.988,0.96,2.0,1,1,0.96,0,0,Normal
0.946,1.04,0.6,1,1,0.96,0,0,Normal
0.872,1.02,1.4,1,1,0.93,0,0,Normal
0.923,1.0,0.7,1,1,0.93,0,0,Normal
0.901,1.02,1.8,1,1,0.92,0,0,Normal
0.961,1.04,0.3,1,1,0.94,0,0,Normal
0.86,1.04,1.6,1,1,0.93,0,0,Normal
0.901,1.02,1.0,1,1,0.95,0,0,Normal
0.864,0.96,1.5,1,1,0.93,0,0,Normal
0.918,1.01,0.8,1,1,0.95,0,0,Normal
0.878,0.97,1.9,1,1,0.96,0,0,Normal
0.511,2.67,33.8,3,2,0.67,1,1,High_Risk
0.238,2.8,10.8,3,4,0.35,1,1,High_Risk
0.612,3.71,24.0,5,3,0.34,1,1,Suspicious
0.524,4.21,33.5,4,2,0.36,0,1,Suspicious
0.889,0.96,0.1,1,1,0.92,0,0,Normal
0.912,1.04,0.4,1,1,0.93,0,0,Normal
0.967,1.0,1.0,1,1,0.96,0,0,Normal
0.899,1.02,1.9,1,1,0.98,0,0,Normal
0.537,2.63,31.4,3,4,0.63,1,1,High_Risk
0.922,1.05,1.0,1,1,0.98,0,0,Normal
0.917,0.99,0.0,1,1,0.98,0,0,Normal
0.981,0.97,0.6,1,1,0.99,0,0,Normal
0.857,0.96,0.2,1,1,0.97,0,0,Normal
0.887,0.96,0.8,1,1,0.95,0,0,Normal
0.865,1.04,0.2,1,1,1.0,0,0,Normal
0.856,1.02,1.7,1,1,0.95,0,0,Normal
0.263,3.94,30.6,3,4,0.66,0,1,Suspicious
0.952,0.96,0.5,1,1,0.99,0,0,Normal
0.935,1.03,0.7,1,1,0.92,0,0,Normal
0.879,1.04,0.1,1,1,0.93,0,0,Normal
0.881,0.96,0.0,1,1,1.0,0,0,Normal
0.947,1.04,1.3,1,1,0.99,0,0,Normal
0.897,1.05,0.4,1,1,0.93,0,0,Normal
0.865,1.01,0.1,1,1,0.91,0,0,Normal
0.963,1.04,0.2,1,1,0.96,0,0,Normal
0.87,1.03,0.7,1,1,0.97,0,0,Normal
0.961,0.96,0.5,1,1,1.0,0,0,Normal
0.918,0.97,0.1,1,1,0.97,0,0,Normal
0.858,0.99,0.4,1,1,0.91,0,0,Normal
0.904,0.95,0.7,1,1,0.96,0,0,Normal
0.868,1.01,0.1,1,1,0.95,0,0,Normal
0.573,3.24,33.0,4,2,0.31,0,1,High_Risk
0.86,1.04,1.5,1,1,0.98,0,0,Normal
0.92,1.03,1.6,1,1,0.95,0,0,Normal
0.952,0.96,0.8,1,1,0.94,0,0,Normal
0.893,1.05,1.9,1,1,0.92,0,0,Normal
0.965,1.02,0.2,1,1,1.0,0,0,Normal
0.952,1.05,1.4,1,1,0.91,0,0,Normal
0.934,1.01,0.8,1,1,0.97,0,0,Normal
0.936,0.98,1.2,1,1,0.92,0,0,Normal
0.334,2.17,15.4,4,4,0.54,0,1,Suspicious
0.885,1.02,0.1,1,1,0.94,0,0,Normal
0.857,1.04,0.8,1,1,0.92,0,0,Normal
0.894,1.03,1.6,1,1,0.98,0,0,Normal
0.953,0.99,0.4,1,1,0.91,0,0,Normal
0.933,0.98,1.2,1,1,0.97,0,0,Normal
0.885,1.01,0.5,1,1,0.96,0,0,Normal
0.96,1.03,0.7,1,1,0.93,0,0,Normal
0.946,1.02,1.7,1,1,0.9,0,0,Normal
0.943,1.02,0.4,1,1,0.92,0,0,Normal
0.884,1.04,1.7,1,1,0.92,0,0,Normal
0.931,1.03,0.9,1,1,0.93,0,0,Normal
0.861,1.05,0.5,1,1,0.96,0,0,Normal
0.873,1.02,1.9,1,1,0.99,0,0,Normal
0.503,2.96,22.0,3,3,0.62,0,1,High_Risk
0.975,1.05,1.0,1,1,0.94,0,0,Normal
0.57,2.72,34.2,4,2,0.63,1,1,High_Risk
0.923,1.05,0.8,1,1,0.91,0,0,Normal
0.924,0.97,1.9,1,1,0.93,0,0,Normal
0.985,1.0,1.1,1,1,0.93,0,0,Normal
0.915,0.98,1.2,1,1,0.94,0,0,Normal
0.462,4.21,22.8,3,4,0.38,1,1,Suspicious
0.587,4.6,23.3,4,4,0.62,1,1,High_Risk
0.524,3.83,23.3,3,3,0.31,1,1,Suspicious
0.488,2.7,25.2,4,4,0.5,0,1,High_Risk
0.967,0.96,1.5,1,1,0.91,0,0,Normal
0.935,0.98,1.1,1,1,0.94,0,0,Normal
0.983,1.04,1.5,1,1,0.97,0,0,Normal
0.564,4.99,29.6,3,2,0.55,0,1,High_Risk
0.334,4.25,19.6,5,2,0.68,1,1,High_Risk
0.861,1.03,2.0,1,1,0.97,0,0,Normal
0.959,0.97,0.3,1,1,0.91,0,0,Normal
0.987,1.0,1.0,1,1,0.92,0,0,Normal
0.958,1.04,0.6,1,1,0.96,0,0,Normal
0.964,1.05,0.8,1,1,0.95,0,0,Normal
0.86,1.02,0.4,1,1,0.98,0,0,Normal
0.887,1.02,1.2,1,1,0.99,0,0,Normal
0.873,1.04,1.9,1,1,0.97,0,0,Normal
0.966,1.05,0.6,1,1,0.95,0,0,Normal
0.925,0.99,0.3,1,1,0.96,0,0,Normal
0.879,0.95,1.3,1,1,0.94,0,0,Normal
0.858,0.98,0.8,1,1,0.94,0,0,Normal
0.323,3.78,15.0,3,2,0.52,1,1,High_Risk
0.972,0.95,1.9,1,1,0.95,0,0,Normal
0.9,1.03,0.7,1,1,0.97,0,0,Normal
0.641,3.53,14.8,2,3,0.67,1,1,High_Risk
0.388,2.18,25.0,3,3,0.39,1,1,High_Risk
0.99,0.98,1.1,1,1,0.96,0,0,Normal
0.954,0.99,1.6,1,1,0.96,0,0,Normal
0.88,0.95,1.7,1,1,0.92,0,0,Normal
0.598,4.25,19.4,2,4,0.45,0,1,High_Risk
0.866,0.97,1.6,1,1,0.99,0,0,Normal
0.917,1.03,0.3,1,1,0.99,0,0,Normal
0.873,1.0,0.1,1,1,0.97,0,0,Normal
0.983,1.05,0.2,1,1,1.0,0,0,Normal
0.348,4.94,32.4,5,2,0.39,1,1,High_Risk
0.864,1.03,1.1,1,1,0.96,0,0,Normal
0.485,3.22,26.0,5,4,0.61,0,1,High_Risk
0.876,0.95,0.8,1,1,0.92,0,0,Normal
0.987,0.96,1.8,1,1,0.99,0,0,Normal
0.934,1.02,1.6,1,1,0.99,0,0,Normal
0.438,2.44,15.0,3,3,0.67,0,1,Suspicious
0.972,0.99,0.6,1,1,0.96,0,0,Normal
0.879,0.97,0.2,1,1,0.97,0,0,Normal
0.897,1.02,1.5,1,1,0.96,0,0,Normal
0.408,3.56,34.1,2,2,0.39,0,1,Suspicious
0.91,0.97,0.5,1,1,0.93,0,0,Normal
0.92,1.03,0.1,1,1,0.93,0,0,Normal
0.971,0.98,0.4,1,1,0.91,0,0,Normal
0.34,2.36,28.8,5,4,0.46,1,1,High_Risk
0.959,1.01,0.3,1,1,0.94,0,0,Normal
0.863,0.97,2.0,1,1,0.96,0,0,Normal
0.899,0.99,0.3,1,1,0.97,0,0,Normal
0.944,0.98,1.1,1,1,0.97,0,0,Normal
0.894,0.98,0.1,1,1,0.96,0,0,Normal
0.894,1.03,0.9,1,1,1.0,0,0,Normal
0.876,0.97,1.5,1,1,0.92,0,0,Normal
0.954,1.0,1.8,1,1,0.91,0,0,Normal
0.923,1.03,1.5,1,1,0.96,0,0,Normal
0.935,0.95,1.2,1,1,0.96,0,0,Normal
0.434,3.56,20.4,5,3,0.31,1,1,High_Risk
0.851,0.98,1.7,1,1,0.96,0,0,Normal
0.889,1.04,1.7,1,1,0.96,0,0,Normal
0.937,0.97,1.9,1,1,0.93,0,0,Normal
0.908,0.98,0.1,1,1,0.92,0,0,Normal
0.964,0.98,0.6,1,1,0.96,0,0,Normal
0.914,1.05,0.1,1,1,0.96,0,0,Normal
0.972,1.03,1.5,1,1,0.97,0,0,Normal
0.883,1.02,0.1,1,1,0.94,0,0,Normal
0.544,2.72,11.7,5,3,0.39,1,1,High_Risk
0.942,1.04,1.1,1,1,0.99,0,0,Normal
0.879,0.98,0.9,1,1,0.91,0,0,Normal
0.926,1.02,1.1,1,1,0.92,0,0,Normal
0.937,0.97,0.6,1,1,0.99,0,0,Normal
0.921,1.04,1.6,1,1,0.96,0,0,Normal
0.872,0.95,1.7,1,1,0.91,0,0,Normal
0.879,0.98,0.4,1,1,0.93,0,0,Normal
0.855,0.99,1.6,1,1,0.91,0,0,Normal
0.261,2.47,21.6,2,3,0.42,0,1,Suspicious
0.853,0.99,0.6,1,1,0.9,0,0,Normal
0.856,1.0,1.2,1,1,0.98,0,0,Normal
0.93,0.95,1.9,1,1,0.94,0,0,Normal
0.894,1.02,1.0,1,1,0.98,0,0,Normal
0.91,0.98,0.7,1,1,0.93,0,0,Normal
0.873,1.04,0.2,1,1,0.94,0,0,Normal
0.335,4.24,19.6,4,3,0.49,0,1,Suspicious
0.965,0.96,0.9,1,1,0.95,0,0,Normal
0.91,1.03,1.2,1,1,0.94,0,0,Normal
0.886,0.99,0.1,1,1,0.93,0,0,Normal
0.927,1.04,0.4,1,1,0.96,0,0,Normal
0.941,1.01,0.5,1,1,0.97,0,0,Normal
0.876,1.03,0.3,1,1,0.9,0,0,Normal
0.97,1.03,1.0,1,1,0.92,0,0,Normal
0.914,1.02,1.0,1,1,0.99,0,0,Normal
0.347,3.42,18.5,2,4,0.46,0,1,High_Risk
0.855,1.05,0.2,1,1,0.9,0,0,Normal
0.876,1.0,0.3,1,1,0.95,0,0,Normal
0.64,2.44,29.9,5,3,0.66,1,1,High_Risk
0.894,1.02,0.3,1,1,0.93,0,0,Normal
0.885,0.97,0.5,1,1,0.94,0,0,Normal
0.914,1.02,0.0,1,1,0.93,0,0,Normal
0.626,2.15,18.6,3,3,0.54,1,1,High_Risk
0.85,0.96,1.7,1,1,0.9,0,0,Normal
0.559,2.37,22.0,3,2,0.42,1,1,High_Risk
0.941,0.98,0.4,1,1,0.95,0,0,Normal
0.308,3.27,20.4,4,3,0.5,1,1,High_Risk
0.855,1.02,1.5,1,1,0.96,0,0,Normal
0.358,3.46,17.0,2,2,0.37,0,1,High_Risk
0.358,2.37,23.5,4,2,0.65,1,1,Suspicious
0.858,0.98,0.4,1,1,0.9,0,0,Normal
0.937,1.01,1.5,1,1,0.93,0,0,Normal
0.342,3.04,29.8,5,3,0.59,0,1,High_Risk
0.924,0.96,1.1,1,1,0.97,0,0,Normal
0.918,0.97,1.7,1,1,0.94,0,0,Normal
0.88,1.03,1.6,1,1,0.96,0,0,Normal
0.438,2.86,31.8,4,2,0.34,0,1,High_Risk
0.892,1.04,1.8,1,1,0.96,0,0,Normal
0.535,3.39,29.4,4,4,0.57,1,1,High_Risk
0.986,1.01,1.2,1,1,0.95,0,0,Normal
0.859,1.03,1.9,1,1,1.0,0,0,Normal
0.579,3.28,32.6,4,2,0.64,1,1,High_Risk
0.926,1.04,1.0,1,1,0.98,0,0,Normal
0.955,1.04,1.1,1,1,0.98,0,0,Normal
0.944,0.95,1.6,1,1,0.99,0,0,Normal
0.94,1.02,1.0,1,1,0.95,0,0,Normal
0.986,0.98,1.2,1,1,0.96,0,0,Normal
0.863,1.03,1.0,1,1,0.97,0,0,Normal
0.905,1.0,1.0,1,1,0.92,0,0,Normal
0.52,2.88,23.2,4,3,0.42,1,1,High_Risk
0.855,1.0,0.7,1,1,0.9,0,0,Normal
0.855,1.01,1.7,1,1,0.9,0,0,Normal
0.268,3.72,25.1,4,3,0.69,0,1,Suspicious
0.285,2.58,27.1,2,3,0.6,1,1,Suspicious
0.863,0.95,1.0,1,1,0.92,0,0,Normal
0.927,0.98,0.1,1,1,0.93,0,0,Normal
0.978,1.03,0.7,1,1,0.95,0,0,Normal
0.935,0.96,1.5,1,1,1.0,0,0,Normal
0.85,1.03,1.5,1,1,0.91,0,0,Normal
0.424,3.12,16.0,3,3,0.63,1,1,High_Risk
0.981,1.0,0.9,1,1,0.95,0,0,Normal
0.989,1.02,1.9,1,1,0.95,0,0,Normal
0.954,0.96,1.3,1,1,0.96,0,0,Normal
0.966,1.02,1.0,1,1,0.98,0,0,Normal
0.936,0.96,1.5,1,1,0.94,0,0,Normal
0.884,0.97,0.4,1,1,0.99,0,0,Normal
0.949,1.04,1.1,1,1,0.98,0,0,Normal
0.927,0.99,0.1,1,1,0.94,0,0,Normal
0.868,1.0,0.7,1,1,0.98,0,0,Normal
0.889,1.03,0.5,1,1,0.98,0,0,Normal
0.958,0.99,1.4,1,1,0.98,0,0,Normal
0.947,1.0,0.3,1,1,0.94,0,0,Normal
0.862,1.01,1.8,1,1,0.96,0,0,Normal
0.923,1.04,0.1,1,1,0.96,0,0,Normal
0.902,1.04,0.1,1,1,0.97,0,0,Normal
0.943,0.98,1.1,1,1,0.98,0,0,Normal
0.897,1.0,0.5,1,1,0.98,0,0,Normal
0.887,1.02,0.8,1,1,0.92,0,0,Normal
0.98,1.04,1.8,1,1,0.96,0,0,Normal
0.927,0.96,0.1,1,1,0.96,0,0,Normal
0.982,1.02,0.3,1,1,0.98,0,0,Normal
0.91,1.03,0.2,1,1,0.98,0,0,Normal
0.891,1.0,0.2,1,1,0.91,0,0,Normal
0.926,0.97,1.4,1,1,0.95,0,0,Normal
0.989,0.97,0.7,1,1,0.94,0,0,Normal
0.966,0.97,1.5,1,1,0.96,0,0,Normal
0.912,1.01,0.8,1,1,0.94,0,0,Normal
0.613,3.92,31.2,4,4,0.64,0,1,High_Risk
0.966,0.97,0.3,1,1,0.91,0,0,Normal
0.987,0.97,0.4,1,1,0.93,0,0,Normal
0.965,1.03,0.0,1,1,0.92,0,0,Normal
0.883,0.98,1.3,1,1,0.93,0,0,Normal
0.435,3.93,20.7,2,4,0.45,0,1,Suspicious
0.966,0.97,1.6,1,1,0.96,0,0,Normal
0.962,0.97,1.3,1,1,0.93,0,0,Normal
0.919,0.97,0.9,1,1,0.92,0,0,Normal
0.488,4.35,25.1,5,3,0.31,0,1,High_Risk
0.291,4.56,17.3,3,2,0.44,1,1,High_Risk
0.973,0.95,0.0,1,1,0.95,0,0,Normal
0.867,0.99,0.3,1,1,0.99,0,0,Normal
0.985,1.02,0.7,1,1,0.99,0,0,Normal
0.524,4.07,21.4,3,3,0.39,0,1,Suspicious
0.97,0.98,0.1,1,1,0.95,0,0,Normal
0.979,1.03,1.3,1,1,0.95,0,0,Normal
0.865,0.97,1.1,1,1,0.93,0,0,Normal
0.901,1.01,1.6,1,1,0.99,0,0,Normal
0.972,1.01,0.8,1,1,0.98,0,0,Normal
0.879,0.97,0.1,1,1,0.94,0,0,Normal
0.319,2.51,21.7,4,2,0.6,1,1,High_Risk
0.983,0.95,0.4,1,1,0.97,0,0,Normal
0.928,1.03,0.9,1,1,0.96,0,0,Normal
0.288,2.31,16.2,5,3,0.31,1,1,High_Risk
0.863,1.04,0.0,1,1,0.9,0,0,Normal
0.565,2.46,22.2,4,4,0.3,1,1,Suspicious
0.592,4.83,18.7,3,4,0.48,1,1,High_Risk
0.954,0.98,1.1,1,1,0.95,0,0,Normal
0.878,1.0,1.7,1,1,0.98,0,0,Normal
0.876,1.02,0.2,1,1,0.91,0,0,Normal
0.245,4.57,21.5,4,2,0.35,1,1,High_Risk
0.986,0.95,0.9,1,1,1.0,0,0,Normal
0.925,1.01,1.8,1,1,0.91,0,0,Normal
0.865,1.05,1.0,1,1,0.95,0,0,Normal
0.891,1.02,1.2,1,1,0.96,0,0,Normal
0.986,0.99,0.1,1,1,0.99,0,0,Normal
0.902,1.01,0.8,1,1,0.94,0,0,Normal
0.875,1.01,0.5,1,1,1.0,0,0,Normal
0.892,1.04,1.2,1,1,0.99,0,0,Normal
0.973,0.96,1.5,1,1,0.91,0,0,Normal
0.95,1.01,1.5,1,1,0.98,0,0,Normal
0.932,1.03,0.6,1,1,0.96,0,0,Normal
0.641,4.66,31.7,3,2,0.59,1,1,High_Risk
0.92,1.0,1.0,1,1,0.96,0,0,Normal
0.953,0.99,1.4,1,1,0.96,0,0,Normal
0.927,0.99,1.0,1,1,0.92,0,0,Normal
0.974,0.95,1.7,1,1,0.93,0,0,Normal
0.99,0.96,1.1,1,1,0.91,0,0,Normal
0.935,0.97,1.2,1,1,0.92,0,0,Normal
0.934,0.99,0.1,1,1,0.97,0,0,Normal
0.904,1.01,0.2,1,1,0.99,0,0,Normal
0.93,0.98,1.3,1,1,0.95,0,0,Normal
0.896,1.0,1.8,1,1,0.99,0,0,Normal
0.938,0.95,1.0,1,1,0.93,0,0,Normal
0.905,1.02,1.0,1,1,0.99,0,0,Normal
0.58,2.4,21.4,3,3,0.55,1,1,Suspicious
0.981,1.01,0.1,1,1,0.91,0,0,Normal
0.912,0.96,0.3,1,1,0.91,0,0,Normal
0.888,1.03,0.1,1,1,0.96,0,0,Normal
0.872,0.96,0.2,1,1,0.99,0,0,Normal
0.914,0.96,1.1,1,1,0.96,0,0,Normal
0.96,0.99,0.1,1,1,0.97,0,0,Normal
0.862,0.99,1.9,1,1,1.0,0,0,Normal
0.981,1.03,1.3,1,1,0.98,0,0,Normal
0.934,1.02,1.7,1,1,0.96,0,0,Normal
0.98,1.02,0.2,1,1,0.91,0,0,Normal
0.9,0.96,0.9,1,1,0.93,0,0,Normal
0.95,1.01,0.4,1,1,0.99,0,0,Normal
0.941,1.0,0.4,1,1,0.96,0,0,Normal
0.983,1.01,1.9,1,1,0.95,0,0,Normal
0.614,2.16,28.5,3,4,0.45,1,1,High_Risk
0.887,1.04,0.6,1,1,0.97,0,0,Normal
0.865,0.96,1.3,1,1,0.97,0,0,Normal
0.94,0.98,1.6,1,1,0.99,0,0,Normal
0.894,1.02,0.5,1,1,0.93,0,0,Normal
0.574,4.06,34.9,5,2,0.38,1,1,High_Risk
0.489,2.15,13.6,3,3,0.39,0,1,High_Risk
0.9,0.98,1.0,1,1,0.99,0,0,Normal
0.938,0.95,0.5,1,1,0.96,0,0,Normal
0.864,0.99,0.4,1,1,0.91,0,0,Normal
0.874,1.02,0.2,1,1,1.0,0,0,Normal
0.93,1.01,1.5,1,1,0.93,0,0,Normal
0.943,1.03,1.4,1,1,0.91,0,0,Normal
0.854,1.05,1.4,1,1,0.98,0,0,Normal
0.887,1.03,0.6,1,1,0.99,0,0,Normal
0.487,3.98,24.0,5,2,0.33,0,1,High_Risk
0.907,0.97,1.5,1,1,0.93,0,0,Normal
0.928,1.05,1.7,1,1,0.9,0,0,Normal
0.42,4.93,27.1,4,3,0.59,1,1,High_Risk
0.899,1.04,1.3,1,1,0.98,0,0,Normal
0.876,1.02,1.5,1,1,0.9,0,0,Normal
0.912,0.96,1.4,1,1,0.98,0,0,Normal
0.862,1.02,1.2,1,1,0.92,0,0,Normal
0.975,1.03,1.7,1,1,0.97,0,0,Normal
0.63,2.59,32.0,5,4,0.33,1,1,High_Risk
0.908,1.03,1.6,1,1,0.94,0,0,Normal
0.949,0.97,1.9,1,1,1.0,0,0,Normal
0.863,0.96,1.0,1,1,0.92,0,0,Normal
0.927,1.03,1.3,1,1,0.94,0,0,Normal
0.877,0.98,0.6,1,1,0.96,0,0,Normal
0.877,1.03,1.2,1,1,0.96,0,0,Normal
0.891,1.02,1.4,1,1,0.94,0,0,Normal
0.935,0.96,0.4,1,1,0.98,0,0,Normal
0.903,1.0,1.1,1,1,1.0,0,0,Normal
0.85,0.95,0.5,1,1,0.99,0,0,Normal
0.916,1.0,1.5,1,1,0.98,0,0,Normal
0.938,0.95,1.8,1,1,0.94,0,0,Normal
0.352,3.45,15.2,5,4,0.46,0,1,High_Risk
0.92,0.98,0.8,1,1,0.95,0,0,Normal
0.918,0.97,0.6,1,1,0.9,0,0,Normal
0.914,0.96,1.6,1,1,0.96,0,0,Normal
0.889,0.96,1.9,1,1,0.94,0,0,Normal
0.871,1.02,1.3,1,1,0.92,0,0,Normal
0.873,0.97,1.1,1,1,0.94,0,0,Normal
0.942,1.04,0.3,1,1,0.93,0,0,Normal
0.888,0.97,0.0,1,1,0.95,0,0,Normal
0.908,1.01,1.8,1,1,0.99,0,0,Normal
0.876,0.97,2.0,1,1,0.91,0,0,Normal
0.892,1.03,1.6,1,1,0.93,0,0,Normal
0.98,1.04,1.1,1,1,0.99,0,0,Normal
0.964,0.97,0.9,1,1,0.91,0,0,Normal
0.905,0.99,1.9,1,1,0.91,0,0,Normal
0.271,4.48,28.3,5,3,0.55,1,1,Suspicious
0.965,0.96,1.1,1,1,0.95,0,0,Normal
0.213,2.53,10.5,3,4,0.51,0,1,High_Risk
0.973,1.05,0.7,1,1,0.9,0,0,Normal
0.94,1.05,0.6,1,1,0.98,0,0,Normal
0.976,1.05,2.0,1,1,0.96,0,0,Normal
0.934,0.98,1.1,1,1,0.96,0,0,Normal
0.248,4.3,20.9,3,4,0.57,1,1,High_Risk
0.884,1.03,0.5,1,1,0.99,0,0,Normal
0.856,1.03,0.6,1,1,0.9,0,0,Normal
0.604,2.12,29.6,5,4,0.5,1,1,High_Risk
0.955,0.98,0.6,1,1,0.99,0,0,Normal
0.945,1.03,1.6,1,1,0.91,0,0,Normal
0.984,0.95,1.8,1,1,0.93,0,0,Normal
0.956,1.03,1.1,1,1,0.96,0,0,Normal
0.879,0.96,0.1,1,1,0.98,0,0,Normal
0.851,0.99,1.6,1,1,0.91,0,0,Normal
0.934,1.04,0.9,1,1,0.98,0,0,Normal
0.974,1.01,1.1,1,1,1.0,0,0,Normal
0.89,0.97,1.8,1,1,0.91,0,0,Normal
0.938,0.97,2.0,1,1,0.99,0,0,Normal
0.957,1.04,1.9,1,1,0.97,0,0,Normal
0.869,1.02,0.5,1,1,0.9,0,0,Normal
0.866,1.02,1.2,1,1,0.96,0,0,Normal
0.942,1.05,1.9,1,1,0.98,0,0,Normal
0.955,1.04,0.9,1,1,0.98,0,0,Normal
0.85,0.98,0.1,1,1,0.92,0,0,Normal
0.947,1.01,0.3,1,1,0.92,0,0,Normal
0.943,1.0,0.5,1,1,0.93,0,0,Normal
0.918,0.95,0.1,1,1,0.96,0,0,Normal
0.882,0.96,0.2,1,1,0.94,0,0,Normal
0.931,0.98,1.0,1,1,0.95,0,0,Normal
0.919,0.97,0.7,1,1,0.93,0,0,Normal
0.281,3.38,28.4,2,2,0.54,1,1,Suspicious
0.85,0.98,0.7,1,1,0.96,0,0,Normal
0.912,0.97,1.0,1,1,0.93,0,0,Normal
0.572,1.97,13.6,5,2,0.63,1,1,High_Risk
0.874,0.98,0.2,1,1,0.97,0,0,Normal
0.943,1.02,0.7,1,1,0.92,0,0,Normal
0.988,0.97,0.7,1,1,0.96,0,0,Normal
0.915,1.05,1.6,1,1,0.96,0,0,Normal
0.911,0.98,0.5,1,1,0.99,0,0,Normal
0.985,0.99,1.0,1,1,0.98,0,0,Normal
0.86,1.01,0.1,1,1,0.96,0,0,Normal
0.887,1.03,1.6,1,1,0.92,0,0,Normal
0.983,0.96,1.6,1,1,0.96,0,0,Normal
0.899,1.01,1.2,1,1,0.91,0,0,Normal
0.571,4.05,13.4,4,4,0.31,1,1,High_Risk
0.982,0.99,0.6,1,1,0.92,0,0,Normal
0.939,0.95,1.8,1,1,0.91,0,0,Normal
0.861,0.99,0.9,1,1,0.99,0,0,Normal
0.989,1.05,0.4,1,1,0.97,0,0,Normal
0.882,1.03,0.7,1,1,0.95,0,0,Normal
0.873,1.01,0.5,1,1,0.93,0,0,Normal
0.902,1.03,2.0,1,1,0.93,0,0,Normal
0.913,1.05,1.5,1,1,0.96,0,0,Normal
0.957,0.99,1.2,1,1,0.97,0,0,Normal
0.903,0.96,1.8,1,1,0.96,0,0,Normal
0.939,0.96,1.6,1,1,0.93,0,0,Normal
0.974,0.95,0.9,1,1,1.0,0,0,Normal
0.989,1.0,0.3,1,1,1.0,0,0,Normal
0.951,0.99,0.5,1,1,0.97,0,0,Normal
0.932,1.03,0.4,1,1,0.99,0,0,Normal
0.975,1.02,1.3,1,1,0.92,0,0,Normal
0.866,1.02,1.0,1,1,0.91,0,0,Normal
0.895,1.04,1.9,1,1,0.93,0,0,Normal
0.887,1.03,0.4,1,1,1.0,0,0,Normal
0.909,1.01,1.6,1,1,0.9,0,0,Normal
0.929,1.05,0.5,1,1,0.91,0,0,Normal
0.899,1.01,0.4,1,1,0.93,0,0,Normal
0.964,0.97,1.3,1,1,0.93,0,0,Normal
0.647,3.38,12.3,3,2,0.51,1,1,High_Risk
0.452,2.34,34.0,4,2,0.61,1,1,Suspicious
0.921,0.96,0.8,1,1,0.93,0,0,Normal
0.915,1.05,1.6,1,1,0.94,0,0,Normal
0.911,1.05,0.2,1,1,0.92,0,0,Normal
0.928,1.01,1.0,1,1,0.9,0,0,Normal
0.888,1.04,1.7,1,1,0.98,0,0,Normal
0.963,0.97,1.1,1,1,0.92,0,0,Normal
0.916,1.0,1.3,1,1,0.9,0,0,Normal
0.929,1.01,1.1,1,1,0.91,0,0,Normal
0.893,0.98,0.7,1,1,0.98,0,0,Normal
0.91,0.96,1.5,1,1,0.97,0,0,Normal
0.949,0.96,0.8,1,1,0.93,0,0,Normal
0.492,3.88,32.9,5,4,0.62,0,1,High_Risk
0.912,1.01,0.6,1,1,0.96,0,0,Normal
0.972,0.99,0.8,1,1,0.9,0,0,Normal
0.269,1.95,14.1,3,2,0.57,1,1,High_Risk
0.874,1.02,1.3,1,1,0.91,0,0,Normal
0.9,1.03,1.1,1,1,1.0,0,0,Normal
0.954,1.02,1.2,1,1,0.92,0,0,Normal
0.883,0.95,1.2,1,1,0.93,0,0,Normal
0.225,4.53,27.3,4,3,0.55,1,1,High_Risk
0.94,0.96,0.8,1,1,1.0,0,0,Normal
0.929,1.01,1.7,1,1,0.95,0,0,Normal
0.876,0.97,1.2,1,1,0.92,0,0,Normal
0.9,1.01,0.8,1,1,0.91,0,0,Normal
0.963,1.0,0.4,1,1,0.97,0,0,Normal
0.944,0.97,0.4,1,1,0.91,0,0,Normal
0.302,3.2,27.2,2,4,0.46,1,1,High_Risk
0.859,0.95,1.8,1,1,0.96,0,0,Normal
0.276,3.97,20.8,2,4,0.56,1,1,High_Risk
0.539,2.26,26.4,4,3,0.47,1,1,High_Risk
0.902,1.03,0.5,1,1,0.99,0,0,Normal
0.926,0.97,0.3,1,1,0.94,0,0,Normal
0.869,1.01,0.6,1,1,0.96,0,0,Normal
0.871,1.0,1.9,1,1,0.98,0,0,Normal
0.924,1.04,1.5,1,1,0.91,0,0,Normal
0.879,1.03,1.3,1,1,0.94,0,0,Normal
0.936,1.04,1.1,1,1,0.97,0,0,Normal
0.412,2.47,33.1,2,3,0.37,1,1,High_Risk
0.216,3.87,12.9,4,4,0.32,1,1,Suspicious
0.913,0.97,1.9,1,1,0.93,0,0,Normal
0.943,1.04,1.8,1,1,0.92,0,0,Normal
0.924,1.02,0.1,1,1,0.92,0,0,Normal
0.98,0.96,1.7,1,1,0.97,0,0,Normal
0.244,1.96,25.6,5,2,0.65,1,1,High_Risk
0.858,1.05,0.0,1,1,0.96,0,0,Normal
0.871,1.01,0.6,1,1,0.97,0,0,Normal
0.92,0.96,1.6,1,1,0.98,0,0,Normal
0.869,1.0,1.9,1,1,0.96,0,0,Normal
0.922,0.97,0.5,1,1,0.92,0,0,Normal
0.945,0.95,0.9,1,1,0.97,0,0,Normal
0.874,1.01,0.4,1,1,0.94,0,0,Normal
0.867,0.99,1.2,1,1,0.97,0,0,Normal
0.851,1.0,0.2,1,1,0.95,0,0,Normal
0.877,0.97,0.1,1,1,0.9,0,0,Normal
0.925,1.02,0.7,1,1,0.93,0,0,Normal
0.305,2.13,29.1,2,2,0.34,0,1,High_Risk
0.881,0.99,0.6,1,1,0.95,0,0,Normal
0.987,1.01,0.2,1,1,0.93,0,0,Normal
0.418,3.79,19.7,3,3,0.57,1,1,Suspicious
0.954,1.02,0.1,1,1,0.96,0,0,Normal
0.618,4.67,13.3,5,4,0.41,1,1,Suspicious
0.888,1.01,1.2,1,1,0.9,0,0,Normal
0.932,0.95,2.0,1,1,0.97,0,0,Normal
0.937,1.05,1.8,1,1,0.95,0,0,Normal
0.941,1.04,1.6,1,1,0.92,0,0,Normal
0.974,1.0,1.8,1,1,0.93,0,0,Normal
0.972,1.0,1.1,1,1,0.93,0,0,Normal
0.918,1.0,1.4,1,1,0.97,0,0,Normal
0.922,0.96,0.4,1,1,0.93,0,0,Normal
0.937,0.98,0.5,1,1,0.9,0,0,Normal
0.934,0.96,0.7,1,1,0.91,0,0,Normal
0.941,1.05,1.1,1,1,1.0,0,0,Normal
0.951,1.01,0.8,1,1,1.0,0,0,Normal
0.874,0.97,1.3,1,1,0.97,0,0,Normal
0.986,1.05,0.7,1,1,0.9,0,0,Normal
0.97,1.04,0.0,1,1,0.91,0,0,Normal
0.947,0.96,0.2,1,1,0.97,0,0,Normal
0.98,1.0,1.9,1,1,0.92,0,0,Normal
0.873,1.0,1.7,1,1,0.9,0,0,Normal
0.91,0.96,1.1,1,1,0.97,0,0,Normal
0.853,0.98,0.2,1,1,0.94,0,0,Normal
0.935,0.98,0.2,1,1,0.96,0,0,Normal
0.979,0.99,0.8,1,1,0.95,0,0,Normal
0.505,2.74,13.0,5,3,0.38,0,1,High_Risk
0.967,0.96,0.7,1,1,0.97,0,0,Normal
0.892,0.97,1.2,1,1,0.98,0,0,Normal
0.949,1.03,0.6,1,1,0.91,0,0,Normal
0.253,2.06,22.4,3,3,0.58,1,1,High_Risk
0.861,0.98,0.3,1,1,0.94,0,0,Normal
0.931,0.96,0.5,1,1,0.95,0,0,Normal
0.891,1.03,0.3,1,1,0.96,0,0,Normal
0.98,1.03,1.4,1,1,0.91,0,0,Normal
0.858,1.01,0.5,1,1,0.97,0,0,Normal
0.964,0.98,0.5,1,1,0.99,0,0,Normal
0.967,1.04,1.2,1,1,0.97,0,0,Normal
0.887,1.0,0.4,1,1,0.98,0,0,Normal
0.958,1.05,1.7,1,1,1.0,0,0,Normal
0.928,1.02,1.0,1,1,0.9,0,0,Normal
0.857,0.96,0.4,1,1,0.99,0,0,Normal
0.905,0.98,0.7,1,1,0.9,0,0,Normal
0.325,3.3,29.3,2,2,0.43,1,1,High_Risk
0.945,0.99,0.4,1,1,0.95,0,0,Normal
0.593,3.47,30.4,3,2,0.55,1,1,Suspicious
0.936,1.0,0.1,1,1,0.99,0,0,Normal
0.958,0.95,1.0,1,1,1.0,0,0,Normal
0.492,2.69,31.7,3,3,0.36,0,1,Suspicious
0.964,1.0,1.8,1,1,0.98,0,0,Normal
0.864,0.99,1.2,1,1,0.97,0,0,Normal
0.926,1.01,0.8,1,1,0.92,0,0,Normal
0.889,0.98,1.8,1,1,0.98,0,0,Normal
0.977,1.02,1.9,1,1,1.0,0,0,Normal
0.969,0.96,0.9,1,1,0.99,0,0,Normal
0.327,3.3,29.1,5,4,0.34,1,1,Suspicious
0.873,1.03,0.4,1,1,0.99,0,0,Normal
0.958,0.98,1.2,1,1,0.94,0,0,Normal
0.951,1.03,0.1,1,1,0.94,0,0,Normal
0.971,0.99,0.5,1,1,0.96,0,0,Normal
0.931,1.04,0.9,1,1,0.91,0,0,Normal
0.885,1.03,0.1,1,1,0.97,0,0,Normal
0.932,1.04,1.1,1,1,0.98,0,0,Normal
0.929,0.99,0.4,1,1,0.96,0,0,Normal
0.908,0.97,0.4,1,1,0.98,0,0,Normal
0.89,0.98,2.0,1,1,1.0,0,0,Normal
0.95,0.99,0.8,1,1,0.92,0,0,Normal
0.627,2.28,21.3,3,4,0.47,0,1,High_Risk
0.875,1.0,1.3,1,1,0.9,0,0,Normal
0.963,0.96,0.4,1,1,0.97,0,0,Normal
0.222,2.33,29.4,2,3,0.3,1,1,High_Risk
0.884,0.99,0.7,1,1,0.98,0,0,Normal
0.939,1.0,0.7,1,1,0.98,0,0,Normal
0.895,1.03,1.3,1,1,0.95,0,0,Normal
0.913,0.96,1.0,1,1,0.97,0,0,Normal
0.865,0.99,0.6,1,1,0.99,0,0,Normal
0.942,1.03,0.3,1,1,0.93,0,0,Normal
0.358,4.35,16.4,2,2,0.36,1,1,High_Risk
0.236,3.3,31.2,3,2,0.42,0,1,High_Risk
0.984,1.04,1.1,1,1,0.94,0,0,Normal
0.964,1.03,1.2,1,1,0.98,0,0,Normal
0.879,0.98,1.0,1,1,0.9,0,0,Normal
0.87,1.0,0.7,1,1,0.91,0,0,Normal
0.905,0.96,1.2,1,1,0.92,0,0,Normal
0.919,0.98,0.7,1,1,0.92,0,0,Normal
0.884,0.99,2.0,1,1,0.94,0,0,Normal
0.478,2.25,10.7,2,3,0.44,1,1,Suspicious
0.912,0.95,0.4,1,1,0.94,0,0,Normal
0.615,1.84,34.1,3,2,0.65,0,1,Suspicious
0.854,0.97,0.5,1,1,0.94,0,0,Normal
0.929,1.05,0.4,1,1,0.94,0,0,Normal
0.893,0.97,0.5,1,1,1.0,0,0,Normal
0.982,1.03,1.0,1,1,0.94,0,0,Normal
0.958,0.95,0.8,1,1,0.99,0,0,Normal
0.938,0.98,1.3,1,1,0.95,0,0,Normal
0.986,1.01,0.6,1,1,0.93,0,0,Normal
0.89,1.04,1.2,1,1,0.98,0,0,Normal
0.988,0.97,0.7,1,1,0.95,0,0,Normal
0.918,1.04,0.3,1,1,0.98,0,0,Normal
0.93,0.96,1.2,1,1,0.96,0,0,Normal
0.562,2.38,12.0,3,3,0.63,1,1,High_Risk
0.866,1.03,1.5,1,1,0.96,0,0,Normal
0.901,0.95,1.5,1,1,0.9,0,0,Normal
0.887,0.98,1.1,1,1,0.99,0,0,Normal
0.922,0.99,0.2,1,1,0.97,0,0,Normal
0.958,1.01,1.7,1,1,1.0,0,0,Normal
0.888,1.0,1.4,1,1,0.94,0,0,Normal
0.962,1.02,1.6,1,1,0.94,0,0,Normal
0.927,1.01,0.9,1,1,1.0,0,0,Normal
0.911,1.01,1.1,1,1,0.95,0,0,Normal
0.622,3.3,33.4,3,3,0.56,1,1,High_Risk
0.923,1.01,0.9,1,1,0.99,0,0,Normal
0.909,1.04,1.0,1,1,0.93,0,0,Normal
0.369,3.09,28.5,3,3,0.39,0,1,High_Risk
0.527,3.09,13.5,3,4,0.5,1,1,Suspicious
0.968,1.04,1.3,1,1,0.98,0,0,Normal
0.307,3.63,28.7,2,4,0.62,1,1,High_Risk
0.271,2.71,27.0,3,3,0.6,0,1,High_Risk
0.979,0.98,0.2,1,1,0.91,0,0,Normal
0.895,0.95,1.6,1,1,0.97,0,0,Normal
0.984,0.95,1.4,1,1,0.97,0,0,Normal
0.962,0.99,0.2,1,1,1.0,0,0,Normal
0.86,0.96,1.4,1,1,0.92,0,0,Normal
0.893,1.0,0.8,1,1,0.95,0,0,Normal
0.493,2.93,34.2,2,2,0.65,1,1,High_Risk
0.862,1.04,1.3,1,1,0.99,0,0,Normal
0.959,1.03,0.1,1,1,0.95,0,0,Normal
0.933,0.99,0.9,1,1,0.97,0,0,Normal
0.857,1.0,0.2,1,1,0.94,0,0,Normal
0.89,1.03,1.8,1,1,0.93,0,0,Normal
0.971,0.95,1.6,1,1,0.99,0,0,Normal
0.959,1.0,0.8,1,1,0.93,0,0,Normal
0.938,0.97,0.8,1,1,0.96,0,0,Normal
0.938,0.96,2.0,1,1,0.93,0,0,Normal
0.923,1.04,0.4,1,1,0.98,0,0,Normal
0.909,0.95,1.2,1,1,0.91,0,0,Normal
0.955,1.04,0.6,1,1,0.98,0,0,Normal
0.529,1.96,33.0,2,2,0.61,0,1,High_Risk
0.887,1.02,2.0,1,1,0.94,0,0,Normal
0.901,1.03,0.4,1,1,0.94,0,0,Normal
0.592,3.37,29.4,3,3,0.44,1,1,High_Risk
0.495,3.2,32.4,5,3,0.46,1,1,High_Risk
0.889,1.0,1.4,1,1,0.95,0,0,Normal
0.966,1.0,1.8,1,1,0.93,0,0,Normal
0.982,1.02,0.9,1,1,0.98,0,0,Normal
0.478,2.17,19.5,4,3,0.33,1,1,High_Risk
0.49,2.96,21.8,3,4,0.52,1,1,High_Risk
0.952,1.02,0.5,1,1,1.0,0,0,Normal
0.26,4.18,25.5,5,3,0.52,1,1,High_Risk
0.854,1.04,1.1,1,1,0.91,0,0,Normal
0.506,4.21,23.6,2,4,0.43,1,1,High_Risk
0.907,0.99,0.4,1,1,0.92,0,0,Normal
0.865,1.0,0.2,1,1,0.94,0,0,Normal
0.891,1.0,1.3,1,1,0.94,0,0,Normal
0.873,0.96,0.5,1,1,0.99,0,0,Normal
0.954,1.04,1.7,1,1,0.92,0,0,Normal
0.934,1.01,1.1,1,1,0.91,0,0,Normal
0.341,3.45,11.3,3,4,0.34,1,1,High_Risk
0.967,1.01,0.8,1,1,0.97,0,0,Normal
0.969,1.05,1.4,1,1,0.96,0,0,Normal
0.963,0.97,0.1,1,1,0.94,0,0,Normal
0.352,4.63,30.1,4,4,0.54,1,1,High_Risk
0.939,0.98,1.1,1,1,0.98,0,0,Normal
0.88,1.04,1.3,1,1,1.0,0,0,Normal
0.872,0.97,1.5,1,1,0.91,0,0,Normal
0.38,2.49,19.8,4,4,0.6,0,1,High_Risk
0.364,2.88,33.7,4,4,0.67,0,1,Suspicious
0.865,0.98,0.5,1,1,0.95,0,0,Normal
0.975,1.02,1.4,1,1,0.93,0,0,Normal
0.974,0.98,0.5,1,1,0.94,0,0,Normal
0.959,0.96,0.6,1,1,0.94,0,0,Normal
0.897,1.0,1.1,1,1,0.91,0,0,Normal
0.961,1.04,2.0,1,1,0.95,0,0,Normal
0.917,0.96,0.4,1,1,0.98,0,0,Normal
0.359,2.48,28.8,4,4,0.59,0,1,High_Risk
0.927,0.97,1.6,1,1,0.92,0,0,Normal
0.988,1.01,0.5,1,1,0.92,0,0,Normal
0.94,0.97,0.8,1,1,0.98,0,0,Normal
0.865,1.02,1.3,1,1,1.0,0,0,Normal
0.924,0.95,0.9,1,1,0.98,0,0,Normal
0.89,0.96,0.3,1,1,0.98,0,0,Normal
0.531,4.02,16.9,2,4,0.33,1,1,High_Risk
0.869,0.98,1.2,1,1,0.9,0,0,Normal
0.906,1.04,1.6,1,1,0.97,0,0,Normal
0.966,0.99,1.8,1,1,0.93,0,0,Normal
0.983,0.97,1.0,1,1,0.9,0,0,Normal
0.881,1.01,1.2,1,1,0.96,0,0,Normal
0.905,0.96,0.4,1,1,0.91,0,0,Normal
0.375,4.72,31.4,3,4,0.7,1,1,High_Risk
0.977,1.03,0.7,1,1,0.95,0,0,Normal
0.95,0.99,0.6,1,1,0.9,0,0,Normal
0.888,0.97,1.9,1,1,0.97,0,0,Normal
0.858,0.96,1.7,1,1,0.97,0,0,Normal
0.393,4.24,24.0,2,4,0.34,1,1,High_Risk
0.885,1.03,1.0,1,1,0.97,0,0,Normal
0.895,0.99,0.8,1,1,0.97,0,0,Normal
0.953,1.04,2.0,1,1,0.95,0,0,Normal
0.89,0.95,0.6,1,1,0.98,0,0,Normal
0.851,1.01,0.4,1,1,0.99,0,0,Normal
0.427,3.87,18.8,4,3,0.68,0,1,Suspicious
0.925,0.99,1.9,1,1,0.94,0,0,Normal
0.497,1.88,24.0,5,2,0.52,1,1,Suspicious
0.908,0.97,2.0,1,1,0.99,0,0,Normal
0.92,1.02,0.3,1,1,0.93,0,0,Normal
0.852,0.95,1.3,1,1,0.96,0,0,Normal
0.94,0.95,1.7,1,1,0.97,0,0,Normal
0.864,0.97,1.1,1,1,0.91,0,0,Normal
0.929,0.96,1.7,1,1,0.91,0,0,Normal
0.973,1.03,0.1,1,1,0.98,0,0,Normal
0.905,1.04,1.2,1,1,0.91,0,0,Normal
0.949,0.98,0.5,1,1,0.92,0,0,Normal
0.347,2.69,16.6,4,2,0.36,1,1,High_Risk
0.964,1.0,0.4,1,1,0.96,0,0,Normal
0.87,0.97,1.8,1,1,1.0,0,0,Normal
0.513,2.61,30.8,3,3,0.41,1,1,High_Risk
0.277,3.29,17.9,3,4,0.66,0,1,High_Risk
0.853,1.05,0.8,1,1,0.96,0,0,Normal
0.273,2.16,24.1,4,3,0.53,1,1,High_Risk
0.884,0.96,1.4,1,1,0.99,0,0,Normal
0.855,1.01,1.4,1,1,0.94,0,0,Normal
0.857,0.96,1.8,1,1,0.94,0,0,Normal
0.974,1.04,2.0,1,1,0.91,0,0,Normal
0.928,1.02,1.9,1,1,0.97,0,0,Normal
0.274,1.89,21.9,3,4,0.66,0,1,High_Risk
0.261,1.92,12.2,4,4,0.56,1,1,Suspicious
0.866,1.04,1.3,1,1,0.98,0,0,Normal
0.877,1.04,1.6,1,1,0.92,0,0,Normal
0.913,1.04,1.3,1,1,0.98,0,0,Normal
0.874,0.96,1.7,1,1,0.94,0,0,Normal
0.853,1.01,1.6,1,1,0.9,0,0,Normal
0.892,0.97,1.3,1,1,0.91,0,0,Normal
0.938,1.05,1.8,1,1,0.98,0,0,Normal
0.926,1.05,1.1,1,1,0.96,0,0,Normal
0.918,1.0,0.0,1,1,0.92,0,0,Normal
0.377,2.7,29.6,2,4,0.39,0,1,Suspicious
0.965,0.96,0.5,1,1,0.9,0,0,Normal
0.915,1.02,1.5,1,1,0.99,0,0,Normal
0.857,0.97,0.6,1,1,0.96,0,0,Normal
0.28,2.21,33.1,5,2,0.55,1,1,High_Risk
0.98,0.97,1.6,1,1,0.99,0,0,Normal
0.963,0.96,1.3,1,1,0.95,0,0,Normal
0.871,1.03,1.5,1,1,0.91,0,0,Normal
0.872,0.96,0.4,1,1,0.92,0,0,Normal
0.975,1.01,0.4,1,1,0.94,0,0,Normal
0.931,1.01,0.3,1,1,0.96,0,0,Normal
0.938,1.04,1.7,1,1,1.0,0,0,Normal
0.876,0.99,0.3,1,1,0.97,0,0,Normal
0.877,1.03,1.0,1,1,0.93,0,0,Normal
0.933,1.03,1.3,1,1,0.96,0,0,Normal
0.927,0.99,0.4,1,1,0.97,0,0,Normal
0.977,0.98,1.7,1,1,0.99,0,0,Normal
0.95,1.05,0.1,1,1,0.95,0,0,Normal
0.983,0.99,1.9,1,1,0.99,0,0,Normal
0.873,1.0,0.5,1,1,0.91,0,0,Normal
0.897,1.02,1.0,1,1,1.0,0,0,Normal
0.929,0.98,1.5,1,1,0.99,0,0,Normal
0.903,1.04,0.3,1,1,1.0,0,0,Normal
0.988,0.95,0.0,1,1,0.95,0,0,Normal
0.853,1.04,1.1,1,1,0.95,0,0,Normal
0.865,1.03,1.7,1,1,0.99,0,0,Normal
0.896,0.97,1.9,1,1,0.97,0,0,Normal
0.939,0.99,1.2,1,1,1.0,0,0,Normal
0.258,3.55,14.6,4,2,0.59,0,1,Suspicious
0.99,0.96,1.6,1,1,1.0,0,0,Normal
0.921,1.02,1.1,1,1,0.96,0,0,Normal
0.896,1.02,1.5,1,1,0.91,0,0,Normal
0.966,1.05,1.9,1,1,0.98,0,0,Normal
0.914,1.02,1.7,1,1,0.9,0,0,Normal
0.961,1.0,1.3,1,1,0.96,0,0,Normal
0.986,1.03,0.2,1,1,0.91,0,0,Normal
0.885,1.02,0.1,1,1,0.9,0,0,Normal
0.939,0.97,1.1,1,1,0.99,0,0,Normal
0.422,2.0,28.4,3,3,0.67,1,1,High_Risk
0.912,1.04,0.0,1,1,0.93,0,0,Normal
0.963,1.01,0.8,1,1,0.97,0,0,Normal
0.489,2.79,11.0,2,4,0.43,0,1,Suspicious
0.858,0.98,0.0,1,1,0.96,0,0,Normal
0.942,0.99,0.4,1,1,0.94,0,0,Normal
0.258,2.69,14.8,2,4,0.39,1,1,Suspicious
0.96,1.0,0.7,1,1,0.93,0,0,Normal
0.402,2.64,27.6,2,2,0.6,1,1,High_Risk
0.865,1.03,1.2,1,1,0.93,0,0,Normal
0.936,1.0,0.3,1,1,0.91,0,0,Normal
0.86,1.05,1.1,1,1,0.95,0,0,Normal
0.932,0.98,1.2,1,1,0.97,0,0,Normal
0.896,0.97,0.8,1,1,0.93,0,0,Normal
0.336,3.14,20.4,5,3,0.59,1,1,Suspicious
0.943,1.05,1.8,1,1,1.0,0,0,Normal
0.978,1.02,0.6,1,1,0.99,0,0,Normal
0.917,1.02,1.3,1,1,0.9,0,0,Normal
0.9,0.99,0.3,1,1,0.93,0,0,Normal
0.951,0.99,0.2,1,1,0.96,0,0,Normal
0.92,1.03,0.8,1,1,0.92,0,0,Normal
0.968,1.01,1.8,1,1,0.93,0,0,Normal
0.886,0.98,0.8,1,1,0.96,0,0,Normal
0.877,1.03,1.8,1,1,0.98,0,0,Normal
0.358,4.32,34.3,4,3,0.57,1,1,High_Risk
0.937,1.03,1.0,1,1,0.99,0,0,Normal
0.897,1.0,1.7,1,1,0.91,0,0,Normal
0.94,0.96,1.1,1,1,0.96,0,0,Normal
0.945,0.97,0.2,1,1,0.94,0,0,Normal
0.922,1.01,0.8,1,1,0.99,0,0,Normal
0.947,1.0,1.2,1,1,0.91,0,0,Normal
0.879,0.95,1.8,1,1,0.98,0,0,Normal
0.311,4.21,15.9,4,4,0.66,1,1,High_Risk
0.968,1.04,1.1,1,1,0.98,0,0,Normal
0.9,1.04,0.0,1,1,1.0,0,0,Normal
0.895,1.03,1.4,1,1,0.91,0,0,Normal
0.88,1.01,0.7,1,1,0.98,0,0,Normal
0.962,1.03,1.5,1,1,0.98,0,0,Normal
0.939,1.04,1.5,1,1,0.9,0,0,Normal
0.877,1.03,1.1,1,1,0.91,0,0,Normal
0.934,0.96,1.4,1,1,0.94,0,0,Normal
0.982,1.0,0.8,1,1,0.91,0,0,Normal
0.99,0.98,0.7,1,1,0.93,0,0,Normal
0.896,0.97,0.3,1,1,0.93,0,0,Normal
0.914,1.01,1.6,1,1,0.96,0,0,Normal
0.863,1.0,0.3,1,1,0.98,0,0,Normal
0.876,1.0,1.6,1,1,0.95,0,0,Normal
0.989,0.97,0.9,1,1,0.91,0,0,Normal
0.927,0.96,0.1,1,1,0.96,0,0,Normal
0.953,1.05,0.1,1,1,0.99,0,0,Normal
0.961,0.95,1.8,1,1,0.98,0,0,Normal
0.86,1.03,1.2,1,1,0.97,0,0,Normal
0.871,1.02,1.1,1,1,0.92,0,0,Normal
0.949,0.99,0.4,1,1,0.98,0,0,Normal
0.887,1.03,1.8,1,1,0.98,0,0,Normal
0.945,0.99,1.3,1,1,0.93,0,0,Normal
0.906,0.96,1.5,1,1,0.99,0,0,Normal
0.917,0.96,0.1,1,1,0.94,0,0,Normal
0.332,2.71,19.1,4,3,0.69,1,1,High_Risk
0.43,1.87,14.4,4,3,0.48,1,1,Suspicious
0.937,1.04,1.8,1,1,0.94,0,0,Normal
0.957,1.02,0.4,1,1,0.97,0,0,Normal
0.851,1.03,1.9,1,1,1.0,0,0,Normal
0.899,0.95,0.9,1,1,0.91,0,0,Normal
0.634,2.64,32.1,2,4,0.36,1,1,Suspicious
0.959,1.01,0.4,1,1,0.91,0,0,Normal
0.343,2.38,18.3,2,3,0.36,0,1,High_Risk
0.348,4.33,33.3,3,4,0.36,1,1,Suspicious
0.906,0.95,0.7,1,1,0.95,0,0,Normal
0.942,1.05,0.1,1,1,0.99,0,0,Normal
0.88,0.99,0.4,1,1,0.93,0,0,Normal
0.912,1.04,0.8,1,1,0.99,0,0,Normal
0.982,0.99,0.3,1,1,0.92,0,0,Normal
0.868,1.0,0.6,1,1,0.96,0,0,Normal
0.881,0.96,1.0,1,1,0.9,0,0,Normal
0.902,1.04,0.9,1,1,0.98,0,0,Normal
0.906,0.97,1.8,1,1,0.96,0,0,Normal
0.85,1.04,1.8,1,1,0.99,0,0,Normal
0.95,0.99,0.3,1,1,0.93,0,0,Normal
0.884,1.0,1.4,1,1,0.93,0,0,Normal
0.909,1.04,0.2,1,1,0.97,0,0,Normal
0.944,1.05,2.0,1,1,0.98,0,0,Normal
0.929,1.03,1.7,1,1,0.96,0,0,Normal
0.986,1.0,1.0,1,1,0.95,0,0,Normal
0.956,0.97,1.0,1,1,0.97,0,0,Normal
0.862,1.01,1.6,1,1,0.98,0,0,Normal
0.988,1.04,0.3,1,1,0.92,0,0,Normal
0.853,1.03,1.6,1,1,0.98,0,0,Normal
0.984,0.97,0.8,1,1,0.99,0,0,Normal
0.907,0.95,0.6,1,1,0.94,0,0,Normal
0.892,1.04,2.0,1,1,0.92,0,0,Normal
0.859,1.05,1.6,1,1,0.93,0,0,Normal
0.416,2.41,22.2,2,4,0.51,0,1,Suspicious
0.952,0.96,0.5,1,1,0.91,0,0,Normal
0.891,0.98,0.4,1,1,0.97,0,0,Normal
0.877,1.01,1.7,1,1,0.93,0,0,Normal
0.927,1.01,1.6,1,1,1.0,0,0,Normal
0.966,1.03,1.7,1,1,0.96,0,0,Normal
0.983,0.98,1.4,1,1,0.95,0,0,Normal
0.911,0.98,0.8,1,1,0.98,0,0,Normal
0.865,1.02,0.9,1,1,0.98,0,0,Normal
0.904,0.97,1.7,1,1,0.93,0,0,Normal
0.965,0.96,1.5,1,1,0.94,0,0,Normal
0.913,0.97,0.6,1,1,0.94,0,0,Normal
0.895,0.95,0.4,1,1,0.95,0,0,Normal
0.907,1.01,1.7,1,1,0.94,0,0,Normal
0.877,0.98,1.5,1,1,0.91,0,0,Normal
0.96,1.01,0.3,1,1,0.95,0,0,Normal
0.982,0.99,2.0,1,1,1.0,0,0,Normal
0.939,0.97,1.0,1,1,0.96,0,0,Normal
0.317,3.36,15.0,3,3,0.58,1,1,Suspicious
0.47,3.77,18.8,3,2,0.41,1,1,High_Risk
0.938,0.96,0.5,1,1,0.99,0,0,Normal
0.97,0.96,0.4,1,1,0.94,0,0,Normal
0.936,0.97,0.2,1,1,0.95,0,0,Normal
0.948,1.02,0.7,1,1,0.95,0,0,Normal
0.968,0.96,1.4,1,1,0.92,0,0,Normal
0.971,1.01,1.7,1,1,0.95,0,0,Normal
0.577,2.74,32.5,2,4,0.55,0,1,High_Risk
0.892,1.02,1.8,1,1,0.95,0,0,Normal
0.912,1.01,0.0,1,1,0.91,0,0,Normal
0.931,1.04,1.7,1,1,0.92,0,0,Normal
0.853,0.96,1.1,1,1,0.95,0,0,Normal
0.988,1.02,0.1,1,1,0.98,0,0,Normal
0.85,0.97,1.2,1,1,0.96,0,0,Normal
0.912,0.97,1.2,1,1,0.96,0,0,Normal
0.975,1.0,1.1,1,1,0.93,0,0,Normal
0.987,1.03,0.8,1,1,0.92,0,0,Normal
0.937,0.99,1.6,1,1,0.95,0,0,Normal
0.939,0.96,1.9,1,1,0.97,0,0,Normal
0.981,1.0,1.8,1,1,0.94,0,0,Normal
0.956,1.02,1.7,1,1,0.95,0,0,Normal
0.852,1.0,1.4,1,1,0.92,0,0,Normal
0.326,4.9,26.5,3,2,0.52,0,1,High_Risk
0.904,0.96,1.2,1,1,0.97,0,0,Normal
0.92,0.95,1.3,1,1,0.96,0,0,Normal
0.888,0.97,1.1,1,1,0.9,0,0,Normal
0.855,0.95,1.7,1,1,0.97,0,0,Normal
0.866,1.0,1.9,1,1,0.95,0,0,Normal
0.927,1.02,0.6,1,1,0.97,0,0,Normal
0.927,1.04,0.2,1,1,1.0,0,0,Normal
0.949,1.04,1.4,1,1,0.91,0,0,Normal
0.861,1.02,0.4,1,1,0.93,0,0,Normal
0.962,0.98,1.9,1,1,0.9,0,0,Normal
0.933,1.04,2.0,1,1,0.99,0,0,Normal
0.877,0.98,1.7,1,1,0.97,0,0,Normal
0.882,0.99,0.5,1,1,0.91,0,0,Normal
0.462,2.47,11.4,5,4,0.41,0,1,Suspicious
0.976,1.02,1.2,1,1,0.99,0,0,Normal
0.958,0.96,0.7,1,1,0.93,0,0,Normal
0.506,1.84,30.8,3,2,0.48,1,1,High_Risk
0.983,0.96,1.1,1,1,0.96,0,0,Normal
0.93,1.0,1.7,1,1,0.92,0,0,Normal
0.933,1.04,1.1,1,1,0.93,0,0,Normal
0.956,1.02,0.2,1,1,0.97,0,0,Normal
0.944,1.01,0.7,1,1,1.0,0,0,Normal
0.873,1.02,0.8,1,1,0.95,0,0,Normal
0.907,0.97,2.0,1,1,0.91,0,0,Normal
0.988,0.99,1.3,1,1,0.98,0,0,Normal
0.938,1.05,0.3,1,1,0.92,0,0,Normal
0.855,0.97,1.8,1,1,0.95,0,0,Normal
0.883,1.02,0.9,1,1,0.93,0,0,Normal
0.88,1.03,1.0,1,1,0.93,0,0,Normal
0.986,0.96,0.9,1,1,0.97,0,0,Normal
0.96,1.01,1.7,1,1,0.95,0,0,Normal
0.345,4.47,34.0,5,4,0.5,0,1,High_Risk
0.969,0.96,1.5,1,1,0.96,0,0,Normal
0.904,1.02,1.9,1,1,0.94,0,0,Normal
0.325,3.67,27.6,3,2,0.67,1,1,High_Risk
0.863,0.98,1.9,1,1,0.99,0,0,Normal
0.911,0.99,1.6,1,1,0.91,0,0,Normal
0.979,0.97,0.8,1,1,0.93,0,0,Normal
0.944,0.99,0.5,1,1,0.99,0,0,Normal
0.884,1.05,0.3,1,1,0.93,0,0,Normal
0.91,0.97,1.6,1,1,0.97,0,0,Normal
0.884,1.03,1.9,1,1,0.98,0,0,Normal
0.866,0.96,0.3,1,1,0.99,0,0,Normal
0.913,1.02,0.4,1,1,0.93,0,0,Normal
0.866,0.95,1.9,1,1,0.93,0,0,Normal
0.871,1.04,0.3,1,1,0.99,0,0,Normal
0.509,3.91,30.8,2,4,0.55,1,1,High_Risk
0.924,1.04,1.0,1,1,0.96,0,0,Normal
0.932,1.02,0.9,1,1,0.99,0,0,Normal
0.863,0.96,1.6,1,1,0.95,0,0,Normal
0.865,1.03,1.7,1,1,0.97,0,0,Normal
0.953,1.03,1.4,1,1,0.96,0,0,Normal
0.883,0.97,1.1,1,1,0.95,0,0,Normal
0.931,0.95,1.8,1,1,0.91,0,0,Normal
0.903,0.99,1.8,1,1,0.99,0,0,Normal
0.459,3.82,19.4,2,3,0.31,0,1,High_Risk
0.967,1.03,0.3,1,1,1.0,0,0,Normal
0.974,0.99,1.6,1,1,0.93,0,0,Normal
0.473,4.05,32.2,2,2,0.7,0,1,High_Risk
0.876,1.02,1.7,1,1,0.95,0,0,Normal
0.927,0.97,0.1,1,1,0.94,0,0,Normal
0.907,1.0,0.7,1,1,0.94,0,0,Normal
0.983,0.98,0.9,1,1,0.91,0,0,Normal
0.856,0.96,0.1,1,1,0.98,0,0,Normal
0.851,1.01,0.8,1,1,0.91,0,0,Normal
0.868,1.03,1.7,1,1,0.92,0,0,Normal
0.478,3.05,28.9,5,2,0.34,0,1,High_Risk
0.957,1.04,0.1,1,1,0.92,0,0,Normal
0.929,1.02,0.2,1,1,0.98,0,0,Normal
0.946,0.96,1.1,1,1,0.93,0,0,Normal
0.929,0.96,0.2,1,1,0.95,0,0,Normal
0.883,1.01,1.5,1,1,0.96,0,0,Normal
0.858,1.0,1.7,1,1,0.97,0,0,Normal
0.916,0.97,1.2,1,1,0.94,0,0,Normal
0.938,1.0,0.5,1,1,0.93,0,0,Normal
0.52,3.84,11.6,5,2,0.51,0,1,High_Risk
0.983,1.02,0.7,1,1,0.92,0,0,Normal
0.971,1.04,0.8,1,1,0.9,0,0,Normal
0.971,0.97,0.4,1,1,0.96,0,0,Normal
0.946,0.98,0.1,1,1,0.99,0,0,Normal
0.305,4.44,19.6,5,3,0.32,1,1,High_Risk
0.95,1.03,1.9,1,1,0.96,0,0,Normal
0.974,0.99,1.4,1,1,0.97,0,0,Normal
0.978,1.03,0.6,1,1,1.0,0,0,Normal
0.972,1.05,0.1,1,1,0.99,0,0,Normal
0.932,1.04,0.3,1,1,0.94,0,0,Normal
0.861,0.97,0.3,1,1,0.93,0,0,Normal
0.915,0.96,1.5,1,1,0.95,0,0,Normal
0.355,1.83,30.2,5,3,0.52,0,1,High_Risk
0.922,1.03,1.9,1,1,0.92,0,0,Normal
0.41,4.48,30.3,2,2,0.31,1,1,High_Risk
0.45,3.87,25.1,5,2,0.48,1,1,High_Risk
0.896,0.95,1.9,1,1,0.94,0,0,Normal
0.589,3.93,18.7,2,4,0.42,1,1,Suspicious
0.863,0.99,0.5,1,1,0.92,0,0,Normal
0.972,0.96,1.7,1,1,0.97,0,0,Normal
0.969,1.0,0.1,1,1,0.92,0,0,Normal
0.855,0.96,0.2,1,1,0.93,0,0,Normal
0.547,2.67,16.7,3,2,0.46,1,1,High_Risk
0.986,1.04,0.5,1,1,0.98,0,0,Normal
0.979,1.01,0.7,1,1,0.91,0,0,Normal
0.887,0.99,0.0,1,1,0.97,0,0,Normal
0.976,0.97,0.7,1,1,0.95,0,0,Normal
0.979,1.04,2.0,1,1,0.96,0,0,Normal
0.935,1.02,1.7,1,1,0.95,0,0,Normal
0.521,4.44,31.9,2,3,0.67,1,1,High_Risk
0.648,2.66,15.8,5,2,0.68,1,1,High_Risk
0.856,1.03,0.8,1,1,0.94,0,0,Normal
0.861,1.05,0.0,1,1,0.9,0,0,Normal
0.936,0.99,0.1,1,1,0.9,0,0,Normal
0.9,1.0,1.3,1,1,0.93,0,0,Normal
0.871,1.04,1.0,1,1,1.0,0,0,Normal
0.96,1.0,1.5,1,1,0.9,0,0,Normal
0.213,3.61,26.3,4,3,0.69,0,1,Suspicious
0.439,2.26,11.6,5,3,0.69,1,1,High_Risk
0.886,1.05,2.0,1,1,0.92,0,0,Normal
0.929,0.98,0.2,1,1,0.96,0,0,Normal
0.884,1.02,0.6,1,1,0.99,0,0,Normal
0.981,1.0,1.3,1,1,0.91,0,0,Normal
0.903,1.02,0.5,1,1,0.93,0,0,Normal
0.884,0.97,1.2,1,1,0.98,0,0,Normal
0.926,0.99,1.6,1,1,0.92,0,0,Normal
0.93,1.03,1.5,1,1,0.94,0,0,Normal
0.274,4.62,30.0,5,2,0.53,1,1,Suspicious
0.983,1.04,0.4,1,1,0.95,0,0,Normal
0.943,0.97,1.3,1,1,0.96,0,0,Normal
0.206,4.57,17.6,2,4,0.58,1,1,High_Risk
0.938,1.02,1.2,1,1,0.96,0,0,Normal
0.976,1.01,0.5,1,1,0.92,0,0,Normal
0.858,0.98,1.5,1,1,0.91,0,0,Normal
0.905,1.0,1.9,1,1,0.93,0,0,Normal
0.89,1.05,0.6,1,1,0.95,0,0,Normal
0.919,1.04,1.6,1,1,0.95,0,0,Normal
0.98,0.98,0.8,1,1,0.97,0,0,Normal
0.977,0.95,0.5,1,1,0.98,0,0,Normal
0.865,0.96,1.5,1,1,0.95,0,0,Normal
0.962,1.04,1.8,1,1,0.93,0,0,Normal
0.966,1.01,0.2,1,1,0.96,0,0,Normal
0.973,0.98,0.8,1,1,0.98,0,0,Normal
0.869,0.99,1.0,1,1,0.97,0,0,Normal
0.98,1.01,0.2,1,1,0.91,0,0,Normal
0.986,1.04,0.6,1,1,0.98,0,0,Normal
0.931,0.97,0.8,1,1,0.95,0,0,Normal
0.985,0.97,1.6,1,1,0.98,0,0,Normal
0.219,3.4,24.0,2,2,0.38,1,1,Suspicious
0.851,1.05,1.2,1,1,0.98,0,0,Normal
0.965,1.04,0.9,1,1,0.91,0,0,Normal
0.942,1.02,1.4,1,1,0.93,0,0,Normal
0.395,4.62,31.1,2,3,0.6,1,1,High_Risk
0.314,2.59,15.5,5,4,0.31,0,1,High_Risk
0.878,0.98,0.5,1,1,0.97,0,0,Normal
0.965,0.99,1.6,1,1,0.9,0,0,Normal
0.88,0.98,0.8,1,1,0.96,0,0,Normal
0.857,0.99,0.4,1,1,0.92,0,0,Normal
0.896,1.0,0.9,1,1,0.99,0,0,Normal
0.983,1.05,0.4,1,1,0.96,0,0,Normal
0.944,0.96,0.8,1,1,0.97,0,0,Normal
0.591,3.6,17.7,3,3,0.55,1,1,High_Risk
0.897,0.98,0.4,1,1,0.91,0,0,Normal
0.92,0.96,1.4,1,1,0.93,0,0,Normal
0.38,2.61,29.5,3,3,0.53,1,1,High_Risk
0.64,3.05,23.2,4,2,0.49,0,1,High_Risk
0.869,0.99,0.2,1,1,0.91,0,0,Normal
0.921,1.02,0.3,1,1,0.93,0,0,Normal
0.305,3.47,31.1,3,2,0.59,1,1,High_Risk
0.948,1.03,0.7,1,1,0.92,0,0,Normal
0.936,1.02,1.4,1,1,0.98,0,0,Normal
0.972,1.01,1.0,1,1,0.95,0,0,Normal
0.938,0.98,0.3,1,1,0.96,0,0,Normal
0.887,1.02,1.7,1,1,0.96,0,0,Normal
0.871,0.96,0.3,1,1,0.94,0,0,Normal
0.907,0.98,0.6,1,1,0.91,0,0,Normal
0.905,0.97,1.5,1,1,0.96,0,0,Normal
0.906,1.04,1.7,1,1,0.91,0,0,Normal
0.365,4.76,11.0,3,2,0.41,1,1,Suspicious
0.284,2.45,33.3,4,3,0.37,1,1,High_Risk
0.888,0.97,1.1,1,1,0.93,0,0,Normal
0.914,0.96,1.3,1,1,0.94,0,0,Normal
0.978,1.02,1.7,1,1,0.98,0,0,Normal
0.889,1.02,0.8,1,1,0.99,0,0,Normal
0.986,1.03,1.7,1,1,0.9,0,0,Normal
0.941,0.98,0.5,1,1,0.98,0,0,Normal
0.928,1.0,1.9,1,1,0.94,0,0,Normal
0.988,1.04,1.3,1,1,0.91,0,0,Normal
0.971,0.98,1.3,1,1,0.96,0,0,Normal
0.958,1.03,0.2,1,1,0.93,0,0,Normal
0.856,1.02,0.4,1,1,0.91,0,0,Normal
0.921,1.0,0.6,1,1,0.99,0,0,Normal
0.987,0.97,1.4,1,1,0.96,0,0,Normal
0.988,0.97,0.7,1,1,0.96,0,0,Normal
0.883,0.97,1.0,1,1,0.94,0,0,Normal
0.922,1.03,1.1,1,1,0.94,0,0,Normal
0.871,1.03,1.6,1,1,0.98,0,0,Normal
0.909,0.97,0.4,1,1,0.97,0,0,Normal
0.962,1.02,1.7,1,1,0.9,0,0,Normal
0.921,1.01,0.5,1,1,0.92,0,0,Normal
0.857,0.95,1.2,1,1,0.94,0,0,Normal
0.521,3.41,20.6,4,2,0.69,1,1,High_Risk
0.973,1.0,1.3,1,1,0.94,0,0,Normal
0.864,0.95,1.5,1,1,0.94,0,0,Normal
0.855,0.96,0.5,1,1,0.97,0,0,Normal
0.871,0.98,0.7,1,1,1.0,0,0,Normal
0.983,0.97,1.4,1,1,0.94,0,0,Normal
0.893,1.0,0.0,1,1,0.9,0,0,Normal
0.905,0.96,1.9,1,1,0.97,0,0,Normal
0.882,1.04,1.8,1,1,0.96,0,0,Normal
0.902,1.05,0.3,1,1,0.93,0,0,Normal
0.925,1.01,0.3,1,1,0.9,0,0,Normal
0.968,1.04,0.6,1,1,0.95,0,0,Normal
0.855,1.0,1.9,1,1,0.93,0,0,Normal
0.896,1.0,1.1,1,1,0.95,0,0,Normal
0.974,1.05,0.0,1,1,0.98,0,0,Normal
0.916,1.02,2.0,1,1,0.97,0,0,Normal
0.965,0.98,0.0,1,1,0.96,0,0,Normal
0.936,1.04,0.2,1,1,0.94,0,0,Normal
0.545,2.11,30.7,2,4,0.36,0,1,High_Risk
0.956,1.01,0.7,1,1,1.0,0,0,Normal
0.909,0.95,1.2,1,1,0.98,0,0,Normal
0.893,0.99,1.6,1,1,0.98,0,0,Normal
0.891,0.96,1.3,1,1,0.95,0,0,Normal
0.932,0.98,0.7,1,1,1.0,0,0,Normal
0.948,1.0,0.8,1,1,0.93,0,0,Normal
0.912,0.97,0.2,1,1,0.97,0,0,Normal
0.979,1.0,1.7,1,1,1.0,0,0,Normal
0.973,1.01,0.7,1,1,0.99,0,0,Normal
0.904,1.0,0.6,1,1,0.96,0,0,Normal
0.856,0.95,0.4,1,1,0.93,0,0,Normal
0.922,1.03,1.2,1,1,0.96,0,0,Normal
0.859,1.0,0.1,1,1,0.94,0,0,Normal
0.919,1.01,1.7,1,1,0.96,0,0,Normal
0.863,1.03,2.0,1,1,0.95,0,0,Normal
0.869,1.04,0.5,1,1,0.95,0,0,Normal
0.897,1.0,0.9,1,1,0.98,0,0,Normal
0.886,1.04,0.2,1,1,0.95,0,0,Normal
0.964,1.03,1.4,1,1,0.95,0,0,Normal
0.943,1.02,0.4,1,1,0.93,0,0,Normal
0.877,0.95,0.6,1,1,0.92,0,0,Normal
0.98,0.95,1.3,1,1,0.92,0,0,Normal
0.239,4.56,33.7,5,2,0.56,1,1,High_Risk
0.978,1.0,1.2,1,1,0.99,0,0,Normal
0.949,0.95,1.1,1,1,0.94,0,0,Normal
0.918,1.03,0.8,1,1,0.97,0,0,Normal
0.9,1.0,1.2,1,1,0.97,0,0,Normal
0.912,1.02,1.8,1,1,0.9,0,0,Normal
0.376,1.86,31.5,5,2,0.43,1,1,High_Risk
0.96,0.95,0.1,1,1,0.98,0,0,Normal
0.933,0.99,0.4,1,1,0.92,0,0,Normal
0.914,1.05,1.1,1,1,0.97,0,0,Normal
0.92,0.96,0.4,1,1,0.94,0,0,Normal
0.963,0.97,1.7,1,1,0.91,0,0,Normal
0.941,1.03,1.2,1,1,0.96,0,0,Normal
0.95,1.02,1.1,1,1,0.95,0,0,Normal
0.877,1.05,0.5,1,1,0.99,0,0,Normal
0.509,4.0,20.6,2,2,0.36,0,1,High_Risk
0.502,4.76,29.5,3,3,0.48,1,1,Suspicious
0.903,0.97,1.5,1,1,0.93,0,0,Normal
0.245,2.21,17.6,3,4,0.32,0,1,Suspicious
0.892,0.99,1.8,1,1,0.94,0,0,Normal
0.915,1.04,1.3,1,1,0.91,0,0,Normal
0.91,0.97,1.8,1,1,0.98,0,0,Normal
0.516,2.73,30.6,3,2,0.39,0,1,High_Risk
0.916,1.03,0.6,1,1,0.94,0,0,Normal
0.925,0.99,1.3,1,1,0.9,0,0,Normal
0.905,1.03,1.5,1,1,0.93,0,0,Normal
0.955,1.04,1.8,1,1,0.96,0,0,Normal
0.945,1.02,0.5,1,1,0.93,0,0,Normal
0.937,1.02,1.5,1,1,0.92,0,0,Normal
0.926,1.02,1.7,1,1,0.95,0,0,Normal
0.909,1.05,1.8,1,1,0.91,0,0,Normal
0.852,0.98,0.8,1,1,0.92,0,0,Normal
0.885,0.98,1.3,1,1,0.91,0,0,Normal
0.937,1.02,1.9,1,1,0.93,0,0,Normal
0.862,1.01,0.7,1,1,0.97,0,0,Normal
0.87,0.98,1.9,1,1,0.97,0,0,Normal
0.929,0.97,0.2,1,1,0.98,0,0,Normal
0.877,0.99,2.0,1,1,0.97,0,0,Normal
0.875,1.04,0.7,1,1,0.98,0,0,Normal
0.955,0.95,1.7,1,1,0.9,0,0,Normal
0.907,1.04,1.3,1,1,0.95,0,0,Normal
0.884,1.03,1.3,1,1,0.96,0,0,Normal
0.952,1.02,1.9,1,1,0.97,0,0,Normal
0.931,0.97,0.6,1,1,0.94,0,0,Normal
0.87,0.98,0.1,1,1,0.98,0,0,Normal
0.963,0.97,1.3,1,1,0.99,0,0,Normal
0.975,1.05,0.1,1,1,0.92,0,0,Normal
0.886,1.0,1.8,1,1,0.93,0,0,Normal
0.972,0.99,1.7,1,1,0.92,0,0,Normal
0.908,0.95,0.6,1,1,0.97,0,0,Normal
0.879,0.97,1.2,1,1,0.98,0,0,Normal
0.899,0.97,0.5,1,1,0.98,0,0,Normal
0.876,0.99,0.2,1,1,0.93,0,0,Normal
0.952,1.02,1.8,1,1,0.97,0,0,Normal
0.851,1.04,1.0,1,1,0.99,0,0,Normal
0.877,0.99,1.6,1,1,0.94,0,0,Normal
0.871,1.03,0.7,1,1,0.95,0,0,Normal
0.878,1.02,1.9,1,1,0.91,0,0,Normal
0.984,0.96,1.9,1,1,0.93,0,0,Normal
0.956,1.04,0.4,1,1,0.96,0,0,Normal
0.888,1.04,1.9,1,1,0.99,0,0,Normal
0.989,1.01,0.8,1,1,0.93,0,0,Normal
0.94,0.96,0.9,1,1,0.99,0,0,Normal
0.452,4.07,11.6,3,4,0.52,0,1,High_Risk
0.9,1.01,1.2,1,1,0.98,0,0,Normal
0.922,1.0,2.0,1,1,0.99,0,0,Normal
0.251,3.46,25.1,2,2,0.63,1,1,Suspicious
0.935,1.02,0.3,1,1,0.93,0,0,Normal
0.987,1.01,0.6,1,1,1.0,0,0,Normal
0.937,0.95,0.3,1,1,0.95,0,0,Normal
0.901,1.01,1.7,1,1,0.97,0,0,Normal
0.865,0.97,0.4,1,1,0.95,0,0,Normal
0.981,1.01,0.0,1,1,0.93,0,0,Normal
0.894,1.0,1.6,1,1,0.92,0,0,Normal
0.881,1.04,0.1,1,1,0.97,0,0,Normal
0.875,1.02,0.7,1,1,0.95,0,0,Normal
0.884,0.95,1.0,1,1,0.96,0,0,Normal
0.943,1.05,0.8,1,1,0.95,0,0,Normal
0.934,1.02,0.1,1,1,0.97,0,0,Normal
0.937,1.01,1.9,1,1,0.96,0,0,Normal
0.86,0.99,0.9,1,1,0.93,0,0,Normal
0.936,0.96,0.7,1,1,0.97,0,0,Normal
0.933,0.96,0.0,1,1,0.96,0,0,Normal
0.954,0.97,1.2,1,1,0.99,0,0,Normal
0.919,1.01,0.2,1,1,0.93,0,0,Normal
0.905,1.0,1.8,1,1,0.92,0,0,Normal
0.979,0.96,1.6,1,1,0.92,0,0,Normal
0.961,0.98,0.5,1,1,0.91,0,0,Normal
0.85,1.03,0.5,1,1,0.91,0,0,Normal
0.852,0.99,2.0,1,1,0.92,0,0,Normal
0.864,0.99,1.7,1,1,0.96,0,0,Normal
0.455,4.58,14.9,2,3,0.49,1,1,High_Risk
0.961,1.03,0.1,1,1,0.93,0,0,Normal
0.896,1.03,1.2,1,1,0.9,0,0,Normal
0.928,1.0,0.8,1,1,0.93,0,0,Normal
0.864,1.02,0.3,1,1,0.94,0,0,Normal
0.958,1.01,0.4,1,1,0.98,0,0,Normal
0.637,3.25,20.8,3,2,0.49,1,1,High_Risk
0.94,0.99,1.0,1,1,0.98,0,0,Normal
0.966,0.98,1.1,1,1,0.98,0,0,Normal
0.91,1.03,0.2,1,1,0.94,0,0,Normal
0.969,1.05,1.6,1,1,0.93,0,0,Normal
0.942,1.0,1.1,1,1,1.0,0,0,Normal
0.908,0.97,0.1,1,1,0.95,0,0,Normal
0.915,1.05,1.8,1,1,0.95,0,0,Normal
0.371,4.38,24.6,3,4,0.59,1,1,High_Risk
0.971,0.97,1.5,1,1,0.95,0,0,Normal
0.861,1.01,0.3,1,1,0.94,0,0,Normal
0.901,0.98,0.9,1,1,0.98,0,0,Normal
0.918,1.01,0.6,1,1,0.96,0,0,Normal
0.988,1.02,1.4,1,1,0.97,0,0,Normal
0.852,0.95,0.4,1,1,0.92,0,0,Normal
0.973,0.99,1.5,1,1,0.93,0,0,Normal
0.883,0.95,0.1,1,1,0.96,0,0,Normal
0.394,2.95,15.4,3,2,0.33,1,1,High_Risk
0.854,1.04,1.3,1,1,0.92,0,0,Normal
0.92,0.96,1.5,1,1,0.97,0,0,Normal
0.855,1.03,0.4,1,1,0.99,0,0,Normal
0.534,2.11,25.5,2,3,0.32,1,1,High_Risk
0.884,1.04,0.0,1,1,0.94,0,0,Normal
0.458,3.89,19.3,5,4,0.57,0,1,High_Risk
0.863,1.03,1.6,1,1,0.93,0,0,Normal
0.894,1.04,1.4,1,1,0.97,0,0,Normal
0.901,1.02,1.9,1,1,0.99,0,0,Normal
0.932,1.02,1.5,1,1,0.93,0,0,Normal
0.958,0.97,0.6,1,1,0.92,0,0,Normal
0.851,0.98,1.3,1,1,0.91,0,0,Normal
0.65,4.42,34.6,3,4,0.34,1,1,Suspicious
0.88,1.03,1.5,1,1,0.97,0,0,Normal
0.463,3.69,24.1,4,4,0.65,1,1,High_Risk
0.949,1.01,0.3,1,1,0.98,0,0,Normal
0.222,2.27,17.3,2,4,0.62,1,1,High_Risk
0.95,1.0,0.1,1,1,0.93,0,0,Normal
0.856,0.97,1.8,1,1,0.95,0,0,Normal
0.402,2.6,19.1,5,3,0.57,1,1,High_Risk
0.894,0.96,0.5,1,1,0.9,0,0,Normal
0.485,4.18,10.3,5,3,0.4,1,1,High_Risk
0.609,2.01,32.7,5,2,0.67,1,1,Suspicious
0.894,1.03,0.4,1,1,0.98,0,0,Normal
0.85,0.97,0.2,1,1,0.97,0,0,Normal
0.865,0.97,1.9,1,1,0.95,0,0,Normal
0.872,1.01,0.4,1,1,0.95,0,0,Normal
0.913,0.97,1.6,1,1,0.94,0,0,Normal
0.524,2.74,10.7,2,3,0.37,0,1,Suspicious
0.864,1.03,1.0,1,1,0.93,0,0,Normal
0.923,1.03,1.0,1,1,0.97,0,0,Normal
0.917,1.0,1.7,1,1,0.98,0,0,Normal
0.328,2.4,22.7,5,2,0.62,1,1,High_Risk
0.853,0.99,2.0,1,1,0.95,0,0,Normal
0.933,1.03,1.4,1,1,0.95,0,0,Normal
0.859,0.99,0.2,1,1,0.98,0,0,Normal
0.611,4.42,27.5,3,2,0.61,1,1,High_Risk
0.851,1.04,1.0,1,1,0.97,0,0,Normal
0.954,1.02,1.7,1,1,0.9,0,0,Normal
0.938,1.02,0.0,1,1,0.91,0,0,Normal
0.235,2.49,22.8,3,3,0.61,1,1,High_Risk
0.969,0.97,0.4,1,1,1.0,0,0,Normal
0.922,1.05,1.1,1,1,0.94,0,0,Normal
0.859,0.95,1.8,1,1,0.9,0,0,Normal
0.87,1.04,0.9,1,1,0.98,0,0,Normal
0.437,2.98,28.0,3,3,0.65,1,1,High_Risk
0.946,1.01,0.3,1,1,0.97,0,0,Normal
0.946,0.99,1.8,1,1,0.97,0,0,Normal
0.975,0.95,0.7,1,1,0.98,0,0,Normal
0.912,1.05,1.2,1,1,0.98,0,0,Normal
0.944,1.0,0.6,1,1,0.92,0,0,Normal
0.904,1.0,1.2,1,1,0.99,0,0,Normal
0.472,1.95,16.3,3,4,0.45,0,1,Suspicious
0.941,1.02,0.9,1,1,0.95,0,0,Normal
0.889,1.0,0.9,1,1,0.92,0,0,Normal
0.926,0.96,1.2,1,1,0.95,0,0,Normal
0.966,1.01,1.5,1,1,0.94,0,0,Normal
0.909,0.98,0.2,1,1,0.95,0,0,Normal
0.981,1.0,0.8,1,1,0.98,0,0,Normal
0.988,1.04,1.8,1,1,0.92,0,0,Normal
0.97,0.97,0.3,1,1,0.91,0,0,Normal
0.509,4.76,14.5,4,3,0.54,0,1,High_Risk
0.969,1.04,1.4,1,1,0.91,0,0,Normal
0.926,0.96,1.0,1,1,0.94,0,0,Normal
0.853,1.03,1.6,1,1,1.0,0,0,Normal
0.871,1.0,0.7,1,1,0.99,0,0,Normal
0.92,1.04,0.5,1,1,0.9,0,0,Normal
0.871,1.01,1.7,1,1,0.94,0,0,Normal
0.921,1.0,1.4,1,1,0.95,0,0,Normal
0.899,1.04,1.4,1,1,0.95,0,0,Normal
0.909,1.0,0.6,1,1,0.93,0,0,Normal
0.925,0.96,1.2,1,1,0.9,0,0,Normal
0.974,0.96,1.6,1,1,0.99,0,0,Normal
0.961,0.98,0.8,1,1,0.91,0,0,Normal
0.903,1.02,1.3,1,1,0.96,0,0,Normal
0.889,0.97,1.1,1,1,0.96,0,0,Normal
0.904,0.99,0.9,1,1,1.0,0,0,Normal
0.878,1.0,1.9,1,1,0.98,0,0,Normal
0.914,0.98,0.5,1,1,0.96,0,0,Normal
0.974,0.98,0.7,1,1,0.93,0,0,Normal
0.939,1.03,0.4,1,1,1.0,0,0,Normal
0.899,0.98,1.5,1,1,0.93,0,0,Normal
0.88,0.98,1.7,1,1,0.93,0,0,Normal
0.879,0.99,0.5,1,1,0.92,0,0,Normal
0.859,1.0,0.8,1,1,0.97,0,0,Normal
0.93,1.02,0.7,1,1,0.91,0,0,Normal
0.95,0.98,0.5,1,1,0.92,0,0,Normal
0.967,1.05,1.6,1,1,0.92,0,0,Normal
0.91,1.01,0.8,1,1,0.96,0,0,Normal
0.89,1.01,1.1,1,1,0.95,0,0,Normal
0.947,0.97,1.6,1,1,0.96,0,0,Normal
0.889,1.04,1.4,1,1,0.9,0,0,Normal
0.975,1.03,0.8,1,1,1.0,0,0,Normal
0.957,1.01,2.0,1,1,0.91,0,0,Normal
0.906,0.96,1.6,1,1,0.96,0,0,Normal
0.989,1.05,1.4,1,1,0.92,0,0,Normal
0.985,1.0,0.7,1,1,0.94,0,0,Normal
0.856,1.02,1.2,1,1,0.98,0,0,Normal
0.267,4.03,24.7,4,3,0.51,1,1,High_Risk
0.988,1.01,0.5,1,1,0.94,0,0,Normal
0.608,2.56,16.6,4,2,0.66,1,1,High_Risk
0.877,0.96,1.0,1,1,0.99,0,0,Normal
0.896,1.03,2.0,1,1,0.93,0,0,Normal
0.933,1.01,0.1,1,1,0.95,0,0,Normal
0.896,0.96,0.5,1,1,0.91,0,0,Normal
0.913,0.96,1.9,1,1,0.9,0,0,Normal
0.968,0.96,1.3,1,1,0.92,0,0,Normal
0.929,1.02,0.7,1,1,0.99,0,0,Normal
0.885,0.96,1.0,1,1,0.92,0,0,Normal
0.375,4.22,19.0,4,3,0.38,0,1,Suspicious
0.953,0.97,0.5,1,1,0.9,0,0,Normal
0.851,1.0,0.4,1,1,1.0,0,0,Normal
0.939,1.04,0.9,1,1,0.94,0,0,Normal
0.919,1.0,0.4,1,1,0.9,0,0,Normal
0.886,0.97,1.9,1,1,0.98,0,0,Normal
0.925,0.96,1.9,1,1,0.93,0,0,Normal
0.977,0.99,0.8,1,1,0.99,0,0,Normal
0.86,1.05,0.2,1,1,0.92,0,0,Normal
0.977,1.0,1.2,1,1,0.99,0,0,Normal
0.277,3.68,10.4,3,3,0.57,1,1,Suspicious
0.903,1.02,1.3,1,1,0.91,0,0,Normal
0.974,0.99,1.9,1,1,0.92,0,0,Normal
0.99,1.05,0.0,1,1,1.0,0,0,Normal
0.983,1.05,0.4,1,1,0.99,0,0,Normal
0.966,1.03,1.2,1,1,0.96,0,0,Normal
0.966,0.98,0.5,1,1,0.93,0,0,Normal
0.956,0.95,1.5,1,1,0.99,0,0,Normal
0.966,0.97,0.7,1,1,0.93,0,0,Normal
0.963,1.01,0.5,1,1,0.92,0,0,Normal
0.953,0.98,1.0,1,1,0.99,0,0,Normal
0.984,0.96,0.5,1,1,0.97,0,0,Normal
0.873,0.95,1.4,1,1,0.98,0,0,Normal
0.907,0.98,1.1,1,1,0.97,0,0,Normal
0.909,1.04,0.1,1,1,0.91,0,0,Normal
0.905,1.04,1.7,1,1,0.95,0,0,Normal
0.857,1.04,1.9,1,1,1.0,0,0,Normal
0.858,0.98,1.1,1,1,0.98,0,0,Normal
0.941,1.02,0.7,1,1,0.93,0,0,Normal
0.902,0.97,1.0,1,1,0.93,0,0,Normal
0.855,1.0,1.7,1,1,0.98,0,0,Normal
0.987,0.99,1.0,1,1,0.91,0,0,Normal
0.863,1.04,0.3,1,1,0.94,0,0,Normal
0.928,0.99,1.0,1,1,0.98,0,0,Normal
0.902,0.99,1.6,1,1,0.98,0,0,Normal
0.93,1.01,1.0,1,1,0.91,0,0,Normal
0.961,1.04,1.5,1,1,0.91,0,0,Normal
0.911,1.0,1.0,1,1,0.93,0,0,Normal
0.56,3.59,30.5,3,2,0.59,1,1,Suspicious
0.928,0.99,0.6,1,1,0.96,0,0,Normal
0.266,2.22,15.7,5,2,0.4,1,1,Suspicious
0.942,1.0,1.5,1,1,0.98,0,0,Normal
0.96,1.02,0.1,1,1,0.95,0,0,Normal
0.886,1.02,0.8,1,1,0.94,0,0,Normal
0.908,1.01,1.5,1,1,0.9,0,0,Normal
0.895,0.96,0.9,1,1,0.97,0,0,Normal
0.957,1.02,1.7,1,1,0.91,0,0,Normal
0.372,3.22,20.7,2,2,0.48,1,1,High_Risk
0.6,3.93,25.5,5,4,0.31,1,1,High_Risk
0.921,0.97,1.3,1,1,0.91,0,0,Normal
0.956,0.95,1.2,1,1,0.93,0,0,Normal
0.988,1.04,0.8,1,1,0.97,0,0,Normal
0.874,0.96,0.2,1,1,0.91,0,0,Normal
0.955,0.98,0.4,1,1,0.93,0,0,Normal
0.896,1.03,0.7,1,1,0.94,0,0,Normal
0.924,0.98,0.3,1,1,0.98,0,0,Normal
0.865,0.97,1.1,1,1,0.94,0,0,Normal
0.467,3.05,10.1,4,3,0.45,1,1,Suspicious
0.953,0.96,1.3,1,1,0.98,0,0,Normal
0.88,0.96,0.3,1,1,0.91,0,0,Normal
0.32,4.01,13.9,2,3,0.39,0,1,Suspicious
0.429,4.57,19.0,5,2,0.68,1,1,High_Risk
0.984,0.96,0.9,1,1,0.91,0,0,Normal
0.943,0.97,0.6,1,1,0.97,0,0,Normal
0.885,0.96,0.6,1,1,0.97,0,0,Normal
0.893,1.01,0.6,1,1,0.98,0,0,Normal
0.919,0.99,2.0,1,1,0.97,0,0,Normal
0.884,0.99,1.6,1,1,0.9,0,0,Normal
0.978,0.95,0.6,1,1,0.97,0,0,Normal
0.951,1.0,1.5,1,1,0.98,0,0,Normal
0.897,1.05,1.8,1,1,0.94,0,0,Normal
0.857,1.04,1.5,1,1,0.98,0,0,Normal
0.885,1.04,1.7,1,1,0.91,0,0,Normal
0.899,1.05,0.4,1,1,0.93,0,0,Normal
0.859,1.0,0.1,1,1,0.93,0,0,Normal
0.947,0.97,0.6,1,1,0.97,0,0,Normal
0.935,0.95,1.7,1,1,0.98,0,0,Normal
0.554,3.73,20.0,4,2,0.32,1,1,High_Risk
0.917,1.03,1.1,1,1,0.96,0,0,Normal
0.861,1.0,0.8,1,1,0.99,0,0,Normal
0.97,1.0,0.9,1,1,0.98,0,0,Normal
0.617,2.14,10.8,2,3,0.42,1,1,Suspicious
0.965,0.95,0.2,1,1,0.93,0,0,Normal
0.891,0.98,0.5,1,1,0.95,0,0,Normal
0.239,3.03,10.7,3,2,0.43,1,1,Suspicious
0.937,0.99,1.7,1,1,0.94,0,0,Normal
0.927,0.97,1.3,1,1,0.93,0,0,Normal
0.293,1.84,12.8,2,4,0.47,1,1,High_Risk
0.932,0.98,1.5,1,1,0.95,0,0,Normal
0.884,1.03,1.4,1,1,0.97,0,0,Normal
0.936,0.96,1.1,1,1,0.91,0,0,Normal
0.512,4.4,28.6,3,3,0.32,1,1,Suspicious
0.98,1.03,0.0,1,1,0.94,0,0,Normal
0.415,3.02,30.9,2,2,0.61,1,1,Suspicious
0.857,0.98,2.0,1,1,0.99,0,0,Normal
0.365,4.62,11.8,5,4,0.69,1,1,High_Risk
0.637,4.14,17.3,3,3,0.64,0,1,High_Risk
0.94,0.99,0.8,1,1,0.95,0,0,Normal
0.86,1.0,1.5,1,1,0.91,0,0,Normal
0.94,1.02,0.3,1,1,0.92,0,0,Normal
0.904,1.04,1.5,1,1,0.96,0,0,Normal
0.953,1.05,1.9,1,1,1.0,0,0,Normal
0.296,3.23,29.2,5,2,0.32,1,1,High_Risk
0.922,0.95,0.3,1,1,1.0,0,0,Normal
0.947,1.03,1.7,1,1,0.99,0,0,Normal
0.978,1.0,0.3,1,1,0.94,0,0,Normal
0.935,0.95,1.3,1,1,0.94,0,0,Normal
0.921,0.95,1.1,1,1,0.92,0,0,Normal
0.979,0.98,1.2,1,1,1.0,0,0,Normal
0.976,1.02,1.2,1,1,0.91,0,0,Normal
0.924,1.0,1.8,1,1,0.92,0,0,Normal
0.94,0.96,1.4,1,1,0.98,0,0,Normal
0.853,1.03,1.3,1,1,0.92,0,0,Normal
0.883,1.04,1.4,1,1,0.92,0,0,Normal
0.863,0.97,1.2,1,1,0.99,0,0,Normal
0.983,0.99,0.0,1,1,0.98,0,0,Normal
0.919,0.96,1.7,1,1,0.94,0,0,Normal
0.244,4.94,16.1,5,2,0.51,1,1,High_Risk
0.226,2.44,28.4,3,4,0.61,1,1,High_Risk
0.914,1.05,1.8,1,1,1.0,0,0,Normal
0.876,1.03,0.5,1,1,0.97,0,0,Normal
0.961,0.98,1.2,1,1,0.95,0,0,Normal
0.978,0.98,1.4,1,1,0.97,0,0,Normal
0.977,1.03,1.5,1,1,0.98,0,0,Normal
0.988,1.04,0.7,1,1,0.94,0,0,Normal
0.899,0.98,1.5,1,1,0.95,0,0,Normal
0.855,0.99,1.4,1,1,0.98,0,0,Normal
0.907,0.97,1.0,1,1,0.95,0,0,Normal
0.851,1.03,1.9,1,1,0.91,0,0,Normal
0.98,1.04,0.6,1,1,0.99,0,0,Normal
0.88,0.96,1.6,1,1,0.96,0,0,Normal
0.21,3.32,25.1,5,4,0.44,1,1,High_Risk
0.897,0.99,0.1,1,1,0.93,0,0,Normal
0.867,0.99,0.6,1,1,0.92,0,0,Normal
0.908,1.0,0.0,1,1,0.94,0,0,Normal
0.965,1.01,1.5,1,1,0.96,0,0,Normal
0.934,0.99,1.3,1,1,0.9,0,0,Normal
0.982,0.98,0.0,1,1,0.96,0,0,Normal
0.876,1.01,0.7,1,1,0.94,0,0,Normal
0.974,0.98,1.5,1,1,0.93,0,0,Normal
0.926,1.04,0.4,1,1,0.95,0,0,Normal
0.979,1.04,0.8,1,1,0.99,0,0,Normal
0.955,1.0,2.0,1,1,0.93,0,0,Normal
0.965,0.96,0.3,1,1,0.94,0,0,Normal
0.618,3.37,21.2,5,4,0.4,0,1,High_Risk
0.932,0.98,0.4,1,1,0.93,0,0,Normal
0.896,1.01,1.6,1,1,0.91,0,0,Normal
0.865,1.03,1.8,1,1,0.94,0,0,Normal
0.955,0.99,1.0,1,1,0.9,0,0,Normal
0.979,1.05,0.7,1,1,0.92,0,0,Normal
0.974,0.98,0.3,1,1,0.98,0,0,Normal
0.946,1.01,1.7,1,1,0.96,0,0,Normal
0.981,1.02,0.7,1,1,0.94,0,0,Normal
0.947,1.04,1.0,1,1,0.98,0,0,Normal
0.859,0.98,0.7,1,1,0.93,0,0,Normal
0.274,4.44,17.4,4,3,0.62,0,1,High_Risk
0.972,1.0,0.1,1,1,0.99,0,0,Normal
0.973,1.02,0.6,1,1,0.91,0,0,Normal
0.964,0.97,1.2,1,1,0.92,0,0,Normal
0.448,2.72,33.5,3,3,0.38,1,1,High_Risk
0.957,1.03,0.3,1,1,0.98,0,0,Normal
0.437,3.77,22.0,5,2,0.53,1,1,High_Risk
0.888,0.97,0.7,1,1,0.92,0,0,Normal
0.945,0.98,0.2,1,1,0.97,0,0,Normal
0.898,0.96,0.8,1,1,0.93,0,0,Normal
0.917,1.0,1.0,1,1,0.92,0,0,Normal
0.893,1.01,0.6,1,1,0.97,0,0,Normal
0.886,1.04,0.2,1,1,0.99,0,0,Normal
0.875,0.96,0.8,1,1,0.91,0,0,Normal
0.859,1.03,0.7,1,1,0.96,0,0,Normal
0.957,0.96,0.5,1,1,0.91,0,0,Normal
0.972,1.01,0.6,1,1,0.95,0,0,Normal
0.474,3.6,28.2,2,3,0.64,1,1,High_Risk
0.6,1.88,13.4,4,4,0.48,1,1,High_Risk
0.99,0.96,1.3,1,1,0.91,0,0,Normal
0.939,1.05,0.8,1,1,1.0,0,0,Normal
0.931,1.03,1.1,1,1,0.92,0,0,Normal
0.92,0.95,1.9,1,1,0.93,0,0,Normal
0.924,0.99,1.7,1,1,0.99,0,0,Normal
0.987,1.0,1.4,1,1,0.97,0,0,Normal
0.935,1.04,0.7,1,1,0.9,0,0,Normal
0.92,0.96,1.5,1,1,0.98,0,0,Normal
0.874,1.04,0.1,1,1,0.99,0,0,Normal
0.967,1.01,0.9,1,1,0.93,0,0,Normal
0.912,1.04,1.0,1,1,0.95,0,0,Normal
0.589,2.2,32.7,3,3,0.68,1,1,High_Risk
0.934,1.04,1.2,1,1,0.91,0,0,Normal
0.225,4.48,12.6,2,3,0.33,1,1,High_Risk
0.425,3.71,20.9,2,2,0.62,0,1,High_Risk
0.987,1.05,1.1,1,1,0.96,0,0,Normal
0.921,1.02,0.1,1,1,0.92,0,0,Normal
0.964,0.99,1.5,1,1,0.93,0,0,Normal
0.895,1.04,0.4,1,1,0.96,0,0,Normal
0.932,1.05,0.3,1,1,1.0,0,0,Normal
0.255,2.84,12.7,2,3,0.59,0,1,High_Risk
0.418,3.93,27.9,5,3,0.36,1,1,High_Risk
0.9,1.03,1.8,1,1,0.99,0,0,Normal
0.889,1.03,0.0,1,1,0.98,0,0,Normal
0.979,0.99,0.0,1,1,0.91,0,0,Normal
0.98,1.01,1.9,1,1,0.94,0,0,Normal
0.931,1.0,1.1,1,1,0.92,0,0,Normal
0.891,1.05,1.7,1,1,0.96,0,0,Normal
0.979,0.98,0.2,1,1,0.91,0,0,Normal
0.547,4.77,28.6,5,4,0.51,1,1,Suspicious
0.875,0.99,1.7,1,1,0.97,0,0,Normal
0.875,0.95,1.5,1,1,0.97,0,0,Normal
0.893,1.03,0.4,1,1,0.93,0,0,Normal
0.875,0.98,1.2,1,1,0.95,0,0,Normal
0.909,1.0,1.9,1,1,0.91,0,0,Normal
0.986,0.96,0.9,1,1,0.99,0,0,Normal
0.924,1.04,0.9,1,1,0.92,0,0,Normal
0.914,0.98,1.8,1,1,0.91,0,0,Normal
0.954,1.03,1.3,1,1,0.99,0,0,Normal
0.951,0.95,1.7,1,1,0.96,0,0,Normal
0.943,1.03,1.1,1,1,0.95,0,0,Normal
0.969,1.04,0.5,1,1,0.91,0,0,Normal
0.926,0.98,0.9,1,1,0.95,0,0,Normal
0.958,1.03,0.9,1,1,1.0,0,0,Normal
0.861,1.05,0.8,1,1,0.98,0,0,Normal
0.954,0.98,0.1,1,1,0.91,0,0,Normal
0.968,1.02,2.0,1,1,0.95,0,0,Normal
0.852,1.01,1.9,1,1,0.91,0,0,Normal
0.874,1.03,0.2,1,1,0.99,0,0,Normal
0.851,1.01,0.9,1,1,0.95,0,0,Normal
0.882,1.03,1.3,1,1,0.95,0,0,Normal
0.459,3.41,13.9,2,2,0.51,1,1,High_Risk
0.952,0.99,1.6,1,1,0.94,0,0,Normal
0.937,1.02,1.9,1,1,0.99,0,0,Normal
0.567,4.61,33.7,2,3,0.36,1,1,High_Risk
0.894,1.02,0.9,1,1,0.9,0,0,Normal
0.853,1.0,1.7,1,1,0.96,0,0,Normal
0.854,0.96,0.9,1,1,0.99,0,0,Normal
0.957,0.99,0.1,1,1,0.94,0,0,Normal
0.983,0.98,1.3,1,1,0.94,0,0,Normal
0.982,0.96,1.9,1,1,0.91,0,0,Normal
0.857,1.03,1.7,1,1,0.98,0,0,Normal
0.972,1.02,2.0,1,1,0.95,0,0,Normal
0.867,0.99,1.9,1,1,0.94,0,0,Normal
0.875,1.05,0.2,1,1,0.95,0,0,Normal
0.923,1.01,1.0,1,1,0.9,0,0,Normal
0.89,0.96,0.0,1,1,0.93,0,0,Normal
0.979,1.01,1.6,1,1,0.93,0,0,Normal
0.987,1.03,0.2,1,1,0.93,0,0,Normal
0.914,1.0,1.2,1,1,0.95,0,0,Normal
0.628,4.66,32.8,3,4,0.45,1,1,High_Risk
0.883,1.03,1.1,1,1,0.91,0,0,Normal
0.29,2.46,17.8,2,4,0.44,1,1,High_Risk
0.887,1.04,1.3,1,1,0.95,0,0,Normal
0.928,0.96,0.6,1,1,0.95,0,0,Normal
0.97,0.98,0.7,1,1,0.9,0,0,Normal
0.923,1.04,0.6,1,1,0.95,0,0,Normal
0.914,0.98,0.0,1,1,0.91,0,0,Normal
0.874,0.99,1.8,1,1,0.98,0,0,Normal
0.891,1.03,1.4,1,1,0.95,0,0,Normal
0.973,1.02,1.0,1,1,0.95,0,0,Normal
0.953,0.98,0.1,1,1,0.99,0,0,Normal
0.275,4.27,21.1,3,4,0.59,1,1,High_Risk
0.96,0.99,1.1,1,1,0.98,0,0,Normal
0.872,1.05,1.9,1,1,0.99,0,0,Normal
0.899,1.05,1.2,1,1,0.97,0,0,Normal
0.94,0.97,0.6,1,1,0.92,0,0,Normal
0.879,1.02,1.4,1,1,0.95,0,0,Normal
0.923,1.03,1.8,1,1,0.9,0,0,Normal
0.876,0.95,0.9,1,1,0.91,0,0,Normal
0.931,1.03,0.0,1,1,0.9,0,0,Normal
0.867,0.97,1.0,1,1,0.95,0,0,Normal
0.876,1.04,1.8,1,1,0.91,0,0,Normal
0.871,1.01,0.7,1,1,0.94,0,0,Normal
0.551,3.36,22.4,4,4,0.67,1,1,High_Risk
0.942,1.0,1.9,1,1,1.0,0,0,Normal
0.862,1.0,0.4,1,1,0.99,0,0,Normal
0.857,0.98,1.0,1,1,0.93,0,0,Normal
0.891,1.04,0.7,1,1,0.92,0,0,Normal
0.306,2.37,30.7,5,4,0.57,0,1,Suspicious
0.895,0.98,1.5,1,1,0.96,0,0,Normal
0.456,4.37,23.8,3,4,0.36,1,1,High_Risk
0.975,0.97,1.6,1,1,0.93,0,0,Normal
0.852,0.95,0.4,1,1,0.9,0,0,Normal
0.893,1.01,1.4,1,1,0.96,0,0,Normal
0.927,0.97,1.5,1,1,0.97,0,0,Normal
0.359,2.03,33.9,2,3,0.47,1,1,High_Risk
0.58,3.57,22.5,5,4,0.4,1,1,High_Risk
0.958,0.97,0.1,1,1,0.97,0,0,Normal
0.937,1.04,1.6,1,1,0.97,0,0,Normal
0.854,0.97,1.4,1,1,0.93,0,0,Normal
0.895,0.96,1.1,1,1,0.97,0,0,Normal
0.242,2.31,30.6,4,4,0.52,0,1,Suspicious
0.924,0.99,0.0,1,1,0.95,0,0,Normal
0.927,1.03,1.9,1,1,0.94,0,0,Normal
0.913,0.97,1.6,1,1,1.0,0,0,Normal
0.505,4.84,34.6,2,3,0.37,1,1,High_Risk
0.861,1.0,0.0,1,1,0.9,0,0,Normal
0.86,0.99,0.1,1,1,0.95,0,0,Normal
0.899,1.0,0.9,1,1,0.97,0,0,Normal
0.89,0.96,0.0,1,1,0.91,0,0,Normal
0.631,3.46,12.2,4,3,0.68,0,1,Suspicious
0.968,1.0,1.7,1,1,0.99,0,0,Normal
0.288,2.71,29.4,4,3,0.48,0,1,High_Risk
0.989,1.0,0.3,1,1,0.91,0,0,Normal
0.883,1.01,0.8,1,1,0.92,0,0,Normal
0.91,1.01,0.0,1,1,1.0,0,0,Normal
0.206,4.45,15.9,4,3,0.37,0,1,High_Risk
0.312,2.22,15.8,3,2,0.39,0,1,Suspicious
0.425,2.49,10.9,3,2,0.3,0,1,High_Risk
0.93,1.01,0.9,1,1,0.93,0,0,Normal
0.919,1.02,0.4,1,1,1.0,0,0,Normal
0.99,1.03,1.0,1,1,0.96,0,0,Normal
0.94,1.0,1.8,1,1,0.9,0,0,Normal
0.909,1.03,1.3,1,1,0.94,0,0,Normal
0.425,4.77,16.1,2,2,0.4,1,1,Suspicious
0.972,0.96,0.4,1,1,0.97,0,0,Normal
0.937,1.04,0.1,1,1,0.92,0,0,Normal
0.934,1.01,1.2,1,1,0.94,0,0,Normal
0.581,4.76,10.7,2,2,0.31,1,1,Suspicious
0.95,0.97,1.5,1,1,0.92,0,0,Normal
0.936,1.02,0.9,1,1,0.93,0,0,Normal
0.989,1.01,1.0,1,1,0.93,0,0,Normal
0.619,1.86,34.4,4,2,0.64,0,1,Suspicious
0.976,0.99,0.3,1,1,0.95,0,0,Normal
0.898,0.96,0.0,1,1,0.95,0,0,Normal
0.925,0.97,1.8,1,1,0.96,0,0,Normal
0.939,0.99,0.4,1,1,0.94,0,0,Normal
0.861,0.97,0.7,1,1,0.96,0,0,Normal
0.924,1.03,1.0,1,1,0.97,0,0,Normal
0.517,2.92,29.5,4,4,0.34,1,1,High_Risk
0.568,4.66,32.1,2,3,0.33,0,1,High_Risk
0.962,1.02,0.9,1,1,0.96,0,0,Normal
0.982,0.98,1.2,1,1,0.96,0,0,Normal
0.945,0.99,0.4,1,1,0.95,0,0,Normal
0.96,1.01,1.3,1,1,0.95,0,0,Normal
0.952,0.98,1.3,1,1,0.93,0,0,Normal
0.959,1.05,1.7,1,1,0.99,0,0,Normal
0.405,2.7,25.2,5,4,0.45,1,1,Suspicious
0.898,0.98,1.1,1,1,1.0,0,0,Normal
0.866,1.01,0.2,1,1,0.94,0,0,Normal
0.928,1.0,1.1,1,1,0.91,0,0,Normal
0.859,1.03,1.4,1,1,0.95,0,0,Normal
0.919,1.02,1.2,1,1,0.95,0,0,Normal
0.951,0.96,1.1,1,1,0.99,0,0,Normal
0.97,1.02,1.9,1,1,0.97,0,0,Normal
0.933,0.97,1.9,1,1,0.93,0,0,Normal
0.358,1.91,20.5,2,3,0.65,1,1,High_Risk
0.922,1.01,0.4,1,1,0.97,0,0,Normal
0.879,1.01,0.4,1,1,0.93,0,0,Normal
0.612,1.88,17.1,2,4,0.58,0,1,High_Risk
0.892,0.96,0.7,1,1,0.92,0,0,Normal
0.202,3.81,12.6,5,3,0.67,1,1,High_Risk
0.885,1.04,1.8,1,1,0.92,0,0,Normal
0.876,1.03,1.7,1,1,0.92,0,0,Normal
0.986,0.99,1.6,1,1,0.99,0,0,Normal
0.903,1.05,0.1,1,1,0.92,0,0,Normal
0.914,0.95,1.2,1,1,0.94,0,0,Normal
0.931,0.99,0.4,1,1,0.94,0,0,Normal
0.902,0.98,0.8,1,1,0.93,0,0,Normal
0.921,1.04,1.4,1,1,0.95,0,0,Normal
0.332,3.04,32.9,4,3,0.32,1,1,Suspicious
0.494,2.37,34.9,4,4,0.42,1,1,Suspicious
0.35,3.69,17.3,5,4,0.47,1,1,Suspicious
0.882,1.05,0.4,1,1,0.93,0,0,Normal
0.555,2.11,19.8,4,2,0.43,1,1,High_Risk
0.893,1.03,0.3,1,1,0.91,0,0,Normal
0.973,1.01,2.0,1,1,0.92,0,0,Normal
0.966,1.02,1.7,1,1,0.99,0,0,Normal
0.896,1.02,0.9,1,1,0.98,0,0,Normal
0.987,0.98,0.0,1,1,0.96,0,0,Normal
0.865,1.02,1.2,1,1,0.9,0,0,Normal
0.229,4.69,24.2,2,3,0.66,1,1,High_Risk
0.48,1.85,20.5,3,3,0.45,0,1,High_Risk
0.913,1.01,2.0,1,1,0.91,0,0,Normal
0.933,1.02,0.2,1,1,0.99,0,0,Normal
0.944,0.99,0.4,1,1,0.96,0,0,Normal
0.939,0.99,0.9,1,1,0.99,0,0,Normal
0.987,1.04,1.1,1,1,0.99,0,0,Normal
0.921,1.04,1.9,1,1,0.94,0,0,Normal
0.854,1.0,0.0,1,1,0.9,0,0,Normal
0.971,0.97,1.0,1,1,0.91,0,0,Normal
0.576,4.7,24.2,4,3,0.46,1,1,Suspicious
0.932,0.98,1.2,1,1,0.98,0,0,Normal
0.336,2.3,10.3,4,2,0.54,0,1,High_Risk
0.851,1.0,0.1,1,1,0.94,0,0,Normal
0.408,4.49,22.5,3,2,0.44,1,1,High_Risk
0.924,0.97,0.5,1,1,0.91,0,0,Normal
0.886,1.03,0.3,1,1,0.99,0,0,Normal
0.879,1.04,1.0,1,1,0.9,0,0,Normal
0.977,1.01,2.0,1,1,0.95,0,0,Normal
0.851,0.97,0.7,1,1,0.98,0,0,Normal
0.922,1.0,1.5,1,1,0.93,0,0,Normal
0.356,4.64,25.7,3,2,0.36,1,1,Suspicious
0.874,0.98,1.7,1,1,0.9,0,0,Normal
0.852,1.04,1.3,1,1,0.91,0,0,Normal
0.945,1.02,1.2,1,1,0.9,0,0,Normal
0.858,1.0,1.8,1,1,0.94,0,0,Normal
0.921,1.03,0.6,1,1,0.96,0,0,Normal
0.526,2.04,24.9,3,2,0.69,1,1,High_Risk
0.931,1.05,0.5,1,1,0.93,0,0,Normal
0.263,4.64,21.4,4,4,0.37,1,1,High_Risk
0.931,1.03,1.0,1,1,0.97,0,0,Normal
0.361,2.95,30.2,3,2,0.65,1,1,High_Risk
0.868,1.03,1.1,1,1,0.93,0,0,Normal
0.866,0.95,1.9,1,1,0.93,0,0,Normal
0.949,0.98,1.8,1,1,0.93,0,0,Normal
0.891,0.97,0.4,1,1,0.92,0,0,Normal
0.873,0.97,1.0,1,1,0.95,0,0,Normal
0.947,1.0,0.7,1,1,0.99,0,0,Normal
0.973,1.01,1.9,1,1,0.97,0,0,Normal
0.878,1.02,1.9,1,1,0.98,0,0,Normal
0.891,0.98,1.7,1,1,0.96,0,0,Normal
0.916,0.97,0.0,1,1,0.99,0,0,Normal
0.955,0.97,0.9,1,1,0.95,0,0,Normal
0.497,2.61,11.0,4,3,0.62,1,1,High_Risk
0.863,0.97,1.6,1,1,0.93,0,0,Normal
0.883,1.03,0.6,1,1,0.96,0,0,Normal
0.975,1.02,2.0,1,1,0.98,0,0,Normal
0.978,1.0,0.0,1,1,1.0,0,0,Normal
0.912,1.04,1.6,1,1,0.92,0,0,Normal
0.903,0.97,0.3,1,1,0.95,0,0,Normal
0.935,1.04,1.9,1,1,1.0,0,0,Normal
0.916,1.01,0.5,1,1,0.91,0,0,Normal
0.885,1.04,0.5,1,1,0.98,0,0,Normal
0.878,1.04,1.5,1,1,0.99,0,0,Normal
0.316,4.77,29.1,5,4,0.43,1,1,High_Risk
0.893,1.0,0.3,1,1,0.99,0,0,Normal
0.958,0.99,1.3,1,1,0.93,0,0,Normal
0.909,0.97,1.2,1,1,0.95,0,0,Normal
0.856,0.97,0.7,1,1,1.0,0,0,Normal
0.923,1.03,0.4,1,1,0.91,0,0,Normal
0.968,1.02,0.7,1,1,0.99,0,0,Normal
0.921,1.03,0.9,1,1,0.96,0,0,Normal
0.902,1.02,0.9,1,1,0.99,0,0,Normal
0.918,0.98,0.5,1,1,0.93,0,0,Normal
0.949,1.02,1.1,1,1,0.9,0,0,Normal
0.982,0.96,1.1,1,1,0.92,0,0,Normal
0.918,1.0,0.8,1,1,0.94,0,0,Normal
0.435,3.98,34.1,5,4,0.69,0,1,High_Risk
0.988,0.95,0.0,1,1,0.91,0,0,Normal
0.924,0.97,0.1,1,1,0.99,0,0,Normal
0.904,1.03,0.3,1,1,0.97,0,0,Normal
0.944,1.01,1.7,1,1,0.96,0,0,Normal
0.905,1.0,1.2,1,1,0.98,0,0,Normal
0.86,0.98,0.0,1,1,0.93,0,0,Normal
0.968,0.96,0.5,1,1,0.93,0,0,Normal
0.898,1.03,0.8,1,1,0.97,0,0,Normal
0.884,0.95,0.7,1,1,0.93,0,0,Normal
0.92,1.04,1.5,1,1,0.99,0,0,Normal
0.95,0.95,1.8,1,1,0.95,0,0,Normal
0.886,1.02,1.4,1,1,0.95,0,0,Normal
0.936,1.03,1.3,1,1,0.93,0,0,Normal
0.988,1.04,1.8,1,1,0.99,0,0,Normal
0.857,0.98,1.9,1,1,0.93,0,0,Normal
0.935,0.96,0.7,1,1,0.94,0,0,Normal
0.954,0.97,0.5,1,1,0.94,0,0,Normal
0.883,1.05,0.2,1,1,0.9,0,0,Normal
0.243,4.54,12.7,2,2,0.69,1,1,High_Risk
0.854,0.96,1.7,1,1,0.94,0,0,Normal
0.89,0.95,1.8,1,1,0.99,0,0,Normal
0.925,0.98,0.5,1,1,0.93,0,0,Normal
0.973,0.97,1.8,1,1,1.0,0,0,Normal
0.99,1.03,1.6,1,1,0.95,0,0,Normal
0.616,4.98,28.4,4,3,0.59,1,1,High_Risk
0.215,3.0,21.3,5,3,0.48,1,1,High_Risk
0.944,0.98,1.2,1,1,1.0,0,0,Normal
0.874,1.02,0.8,1,1,0.92,0,0,Normal
0.858,0.98,0.2,1,1,0.98,0,0,Normal
0.937,0.97,1.9,1,1,0.94,0,0,Normal
0.875,1.05,1.8,1,1,0.91,0,0,Normal
0.885,1.05,1.1,1,1,0.99,0,0,Normal
0.855,0.96,2.0,1,1,0.91,0,0,Normal
0.916,1.04,0.4,1,1,1.0,0,0,Normal
0.862,0.99,1.5,1,1,0.98,0,0,Normal
0.894,1.01,1.0,1,1,0.96,0,0,Normal
0.977,1.02,0.7,1,1,0.99,0,0,Normal
0.984,1.01,1.7,1,1,0.98,0,0,Normal
0.872,0.95,0.9,1,1,0.95,0,0,Normal
0.916,0.99,1.5,1,1,0.97,0,0,Normal
0.984,0.96,0.5,1,1,0.97,0,0,Normal
0.376,4.21,31.2,3,2,0.61,1,1,Suspicious
0.281,3.78,28.6,2,4,0.41,1,1,Suspicious
0.924,0.98,1.8,1,1,0.94,0,0,Normal
0.9,0.97,0.1,1,1,0.93,0,0,Normal
0.898,1.04,0.2,1,1,0.98,0,0,Normal
0.978,0.95,1.7,1,1,0.95,0,0,Normal
0.534,4.39,14.9,2,3,0.32,1,1,High_Risk
0.913,0.97,1.7,1,1,0.96,0,0,Normal
0.858,0.98,0.5,1,1,0.92,0,0,Normal
0.575,4.05,34.2,4,2,0.4,1,1,High_Risk
0.927,0.95,1.6,1,1,0.92,0,0,Normal
0.931,0.96,1.5,1,1,0.94,0,0,Normal
0.87,0.98,1.0,1,1,0.9,0,0,Normal
0.952,0.95,1.6,1,1,0.94,0,0,Normal
0.855,1.04,0.7,1,1,0.96,0,0,Normal
0.933,1.03,1.1,1,1,0.98,0,0,Normal
0.897,1.03,1.4,1,1,0.99,0,0,Normal
0.965,1.03,0.1,1,1,1.0,0,0,Normal
0.92,1.03,1.6,1,1,0.92,0,0,Normal
0.869,0.99,0.5,1,1,0.96,0,0,Normal
0.917,1.02,1.4,1,1,0.92,0,0,Normal
0.909,1.02,1.8,1,1,0.94,0,0,Normal
0.88,1.03,0.9,1,1,0.95,0,0,Normal
0.907,1.04,0.3,1,1,0.96,0,0,Normal
0.583,3.28,25.1,5,2,0.45,1,1,Suspicious
0.868,1.02,1.3,1,1,0.96,0,0,Normal
0.877,0.97,0.7,1,1,0.92,0,0,Normal
0.944,0.98,0.7,1,1,0.94,0,0,Normal
0.871,0.98,1.9,1,1,0.91,0,0,Normal
0.98,0.97,1.0,1,1,0.96,0,0,Normal
0.97,1.04,1.1,1,1,0.98,0,0,Normal
0.89,1.02,0.9,1,1,0.93,0,0,Normal
0.901,0.96,1.0,1,1,0.92,0,0,Normal
0.945,0.97,0.8,1,1,0.97,0,0,Normal
0.885,1.04,1.9,1,1,1.0,0,0,Normal
0.969,1.01,1.1,1,1,0.92,0,0,Normal
0.864,1.03,0.7,1,1,0.91,0,0,Normal
0.872,0.99,1.4,1,1,0.94,0,0,Normal
0.924,0.98,0.3,1,1,0.95,0,0,Normal
0.863,1.0,1.4,1,1,0.99,0,0,Normal
0.934,1.02,1.1,1,1,0.93,0,0,Normal
0.506,3.9,32.7,3,4,0.62,1,1,High_Risk
0.957,1.0,1.7,1,1,0.93,0,0,Normal
0.918,0.96,1.3,1,1,0.92,0,0,Normal
0.85,1.03,1.7,1,1,0.91,0,0,Normal
0.925,1.0,0.9,1,1,0.97,0,0,Normal
0.36,2.44,11.1,4,4,0.38,1,1,High_Risk
0.951,1.02,1.8,1,1,0.98,0,0,Normal
0.969,0.98,1.3,1,1,0.97,0,0,Normal
0.888,0.98,0.6,1,1,0.98,0,0,Normal
0.877,1.0,2.0,1,1,0.96,0,0,Normal
0.928,0.97,1.9,1,1,0.96,0,0,Normal
0.963,1.0,0.2,1,1,0.96,0,0,Normal
0.942,0.96,0.3,1,1,0.99,0,0,Normal
0.92,1.01,0.7,1,1,0.97,0,0,Normal
0.928,0.95,0.9,1,1,0.98,0,0,Normal
0.394,2.97,26.4,5,2,0.54,1,1,Suspicious
0.942,1.01,0.9,1,1,0.96,0,0,Normal
0.874,1.03,1.7,1,1,0.92,0,0,Normal
0.448,4.57,15.0,4,4,0.45,1,1,Suspicious
0.932,0.98,0.4,1,1,0.95,0,0,Normal
0.978,1.05,0.3,1,1,0.97,0,0,Normal
0.258,1.98,28.3,3,4,0.56,1,1,High_Risk
0.944,0.96,0.6,1,1,0.94,0,0,Normal
0.896,1.05,0.7,1,1,0.9,0,0,Normal
0.902,1.01,0.9,1,1,1.0,0,0,Normal
0.874,1.01,1.9,1,1,0.95,0,0,Normal
0.957,1.04,1.5,1,1,0.92,0,0,Normal
0.922,0.95,0.6,1,1,0.96,0,0,Normal
0.943,0.98,1.6,1,1,0.96,0,0,Normal
0.972,1.03,1.7,1,1,0.94,0,0,Normal
0.868,1.05,0.7,1,1,0.93,0,0,Normal
0.623,4.19,26.2,4,3,0.44,1,1,High_Risk
0.87,1.0,0.4,1,1,0.94,0,0,Normal
0.897,0.98,1.3,1,1,0.94,0,0,Normal
0.963,0.96,1.8,1,1,0.94,0,0,Normal
0.961,0.95,1.8,1,1,0.93,0,0,Normal
0.963,1.01,0.6,1,1,0.98,0,0,Normal
0.976,1.04,1.8,1,1,0.94,0,0,Normal
0.965,1.05,1.3,1,1,0.91,0,0,Normal
0.915,0.97,1.3,1,1,0.94,0,0,Normal
0.949,1.05,1.7,1,1,0.96,0,0,Normal
0.258,3.37,21.2,5,4,0.66,1,1,High_Risk
0.852,1.01,1.6,1,1,0.9,0,0,Normal
0.964,1.05,1.2,1,1,0.95,0,0,Normal
0.939,0.98,1.1,1,1,0.91,0,0,Normal
0.971,0.99,1.8,1,1,0.9,0,0,Normal
0.964,0.95,1.8,1,1,0.93,0,0,Normal
0.909,1.04,1.6,1,1,0.93,0,0,Normal
0.877,0.98,0.0,1,1,1.0,0,0,Normal
0.854,0.98,1.3,1,1,0.93,0,0,Normal
0.886,0.97,0.2,1,1,0.95,0,0,Normal
0.871,0.96,1.5,1,1,0.99,0,0,Normal
0.919,0.99,0.4,1,1,0.93,0,0,Normal
0.888,0.98,1.0,1,1,0.98,0,0,Normal
0.927,1.04,0.6,1,1,0.98,0,0,Normal
0.959,0.97,0.5,1,1,0.94,0,0,Normal
0.893,0.98,1.6,1,1,0.94,0,0,Normal
0.852,1.03,0.8,1,1,0.99,0,0,Normal
0.973,0.99,1.5,1,1,0.97,0,0,Normal
0.852,0.98,1.9,1,1,0.96,0,0,Normal
0.909,0.96,1.9,1,1,0.93,0,0,Normal
0.863,1.05,1.1,1,1,0.97,0,0,Normal
0.934,1.03,0.3,1,1,0.97,0,0,Normal
0.928,1.04,1.5,1,1,0.99,0,0,Normal
0.896,1.0,0.7,1,1,0.97,0,0,Normal
0.899,0.97,0.4,1,1,0.92,0,0,Normal
0.96,0.96,0.5,1,1,0.98,0,0,Normal
0.863,1.01,1.3,1,1,0.98,0,0,Normal
0.922,0.98,0.2,1,1,0.94,0,0,Normal
0.895,1.01,0.3,1,1,0.93,0,0,Normal
0.355,3.96,30.4,3,3,0.65,0,1,High_Risk
0.981,1.03,1.2,1,1,1.0,0,0,Normal
0.893,1.01,1.9,1,1,0.94,0,0,Normal
0.963,1.04,1.0,1,1,0.91,0,0,Normal
0.887,1.05,1.5,1,1,0.92,0,0,Normal
0.927,0.97,1.0,1,1,0.92,0,0,Normal
0.896,1.01,1.3,1,1,0.95,0,0,Normal
0.96,0.95,1.6,1,1,0.97,0,0,Normal
0.937,0.96,0.8,1,1,0.9,0,0,Normal
0.852,1.01,0.8,1,1,0.97,0,0,Normal
0.942,1.04,0.7,1,1,0.94,0,0,Normal
0.47,4.14,32.8,3,3,0.54,1,1,High_Risk
0.867,1.0,1.6,1,1,0.97,0,0,Normal
0.95,0.98,2.0,1,1,0.96,0,0,Normal
0.982,0.98,0.6,1,1,0.96,0,0,Normal
0.614,4.39,10.7,2,4,0.45,1,1,Suspicious
0.899,0.97,1.3,1,1,0.95,0,0,Normal
0.951,0.97,1.1,1,1,0.92,0,0,Normal
0.883,1.02,1.2,1,1,0.95,0,0,Normal
0.935,0.99,0.0,1,1,0.99,0,0,Normal
0.852,1.01,1.9,1,1,0.94,0,0,Normal
0.899,1.02,1.3,1,1,0.94,0,0,Normal
0.374,4.15,27.2,3,3,0.51,1,1,High_Risk
0.855,0.98,1.6,1,1,0.94,0,0,Normal
0.926,1.04,0.9,1,1,0.91,0,0,Normal
0.951,0.95,0.9,1,1,0.96,0,0,Normal
0.382,4.43,11.9,2,4,0.58,0,1,High_Risk
0.961,0.97,0.1,1,1,0.9,0,0,Normal
0.886,1.03,1.2,1,1,0.97,0,0,Normal
0.318,4.28,18.6,3,4,0.41,1,1,Suspicious
0.867,1.03,1.1,1,1,0.97,0,0,Normal
0.489,4.37,29.8,3,4,0.44,1,1,Suspicious
0.946,1.03,1.9,1,1,0.94,0,0,Normal
0.434,3.32,30.7,2,4,0.32,0,1,High_Risk
0.918,1.01,1.8,1,1,0.96,0,0,Normal
0.936,1.01,0.9,1,1,0.91,0,0,Normal
0.89,0.97,1.7,1,1,0.9,0,0,Normal
0.917,1.0,2.0,1,1,0.96,0,0,Normal
0.876,1.02,1.7,1,1,0.97,0,0,Normal
0.869,1.0,0.6,1,1,0.91,0,0,Normal
0.457,2.62,30.7,3,3,0.6,1,1,High_Risk
0.62,4.7,15.2,3,4,0.34,0,1,High_Risk
0.461,4.7,27.0,4,2,0.31,1,1,High_Risk
0.856,0.99,1.6,1,1,0.97,0,0,Normal
0.948,1.0,0.8,1,1,0.99,0,0,Normal
0.966,1.04,0.3,1,1,0.92,0,0,Normal
0.939,1.0,1.6,1,1,0.96,0,0,Normal
0.928,0.95,1.1,1,1,0.96,0,0,Normal
0.315,3.41,10.2,4,4,0.4,1,1,High_Risk
0.954,1.02,0.4,1,1,0.92,0,0,Normal
0.908,1.04,0.6,1,1,0.92,0,0,Normal
0.908,0.99,1.1,1,1,0.93,0,0,Normal
0.956,1.04,1.5,1,1,0.96,0,0,Normal
0.977,0.99,1.7,1,1,0.93,0,0,Normal
0.864,0.99,1.8,1,1,1.0,0,0,Normal
0.967,1.03,1.7,1,1,0.94,0,0,Normal
0.973,0.96,1.7,1,1,0.91,0,0,Normal
0.907,1.04,0.2,1,1,0.93,0,0,Normal
0.873,1.04,1.0,1,1,0.99,0,0,Normal
0.98,0.97,1.2,1,1,0.92,0,0,Normal
0.975,0.98,1.9,1,1,0.94,0,0,Normal
0.242,4.47,21.1,4,2,0.53,1,1,High_Risk
0.913,0.97,0.5,1,1,0.91,0,0,Normal
0.888,0.97,0.4,1,1,1.0,0,0,Normal
0.957,1.02,0.4,1,1,0.93,0,0,Normal
0.858,0.98,1.9,1,1,0.96,0,0,Normal
0.956,0.96,0.4,1,1,0.92,0,0,Normal
0.985,0.96,0.6,1,1,0.98,0,0,Normal
0.93,0.99,0.7,1,1,0.93,0,0,Normal
0.934,0.98,0.0,1,1,0.98,0,0,Normal
0.93,0.96,0.1,1,1,0.94,0,0,Normal
0.925,1.04,1.6,1,1,0.99,0,0,Normal
0.983,0.97,1.4,1,1,0.98,0,0,Normal
0.873,1.02,1.5,1,1,0.92,0,0,Normal
0.941,1.0,0.9,1,1,0.98,0,0,Normal
0.974,0.96,0.2,1,1,1.0,0,0,Normal
0.889,1.01,0.9,1,1,0.91,0,0,Normal
0.965,0.99,1.5,1,1,0.91,0,0,Normal
0.969,0.97,1.3,1,1,0.91,0,0,Normal
0.562,3.05,28.1,5,3,0.6,1,1,Suspicious
0.91,1.01,0.7,1,1,0.96,0,0,Normal
0.476,3.91,16.7,2,3,0.44,1,1,Suspicious
0.988,0.96,0.6,1,1,0.91,0,0,Normal
0.91,1.04,0.4,1,1,0.94,0,0,Normal
0.869,1.04,0.2,1,1,0.94,0,0,Normal
0.989,1.04,0.7,1,1,0.92,0,0,Normal
0.941,0.99,0.6,1,1,0.94,0,0,Normal
0.345,3.84,29.2,4,3,0.38,0,1,High_Risk
0.907,1.04,0.5,1,1,0.98,0,0,Normal
0.934,1.0,0.9,1,1,0.92,0,0,Normal
0.915,1.02,0.1,1,1,0.99,0,0,Normal
0.261,2.53,32.5,2,2,0.6,0,1,High_Risk
0.912,1.0,1.9,1,1,0.94,0,0,Normal
0.93,0.95,0.7,1,1,0.95,0,0,Normal
0.899,0.99,0.8,1,1,0.93,0,0,Normal
0.868,1.03,0.8,1,1,0.91,0,0,Normal
0.909,1.0,0.4,1,1,0.96,0,0,Normal
0.901,0.99,0.8,1,1,0.91,0,0,Normal
0.879,1.03,1.7,1,1,0.98,0,0,Normal
0.889,1.03,1.4,1,1,0.98,0,0,Normal
0.95,1.02,1.7,1,1,0.94,0,0,Normal
0.94,1.05,0.2,1,1,0.97,0,0,Normal
0.907,1.03,1.9,1,1,0.99,0,0,Normal
0.989,0.96,1.3,1,1,0.95,0,0,Normal
0.957,0.96,1.0,1,1,0.96,0,0,Normal
0.88,1.05,1.2,1,1,0.94,0,0,Normal
0.238,2.0,25.2,5,2,0.5,0,1,High_Risk
0.935,0.98,1.5,1,1,0.93,0,0,Normal
0.894,0.99,1.0,1,1,0.97,0,0,Normal
0.9,0.99,0.5,1,1,0.91,0,0,Normal
0.943,0.95,1.9,1,1,0.98,0,0,Normal
0.852,0.96,1.1,1,1,0.91,0,0,Normal
0.854,0.96,0.7,1,1,0.95,0,0,Normal
0.903,0.96,0.5,1,1,0.94,0,0,Normal
0.518,3.25,23.9,5,4,0.48,1,1,Suspicious
0.857,0.97,1.1,1,1,0.92,0,0,Normal
0.59,4.83,28.6,4,3,0.64,1,1,High_Risk
0.879,1.02,0.3,1,1,0.96,0,0,Normal
0.213,4.95,16.9,3,3,0.62,1,1,High_Risk
0.922,1.0,1.1,1,1,0.91,0,0,Normal
0.455,2.69,13.7,5,4,0.47,1,1,Suspicious
0.866,1.04,0.1,1,1,0.94,0,0,Normal
0.975,0.97,0.9,1,1,0.93,0,0,Normal
0.973,1.03,0.0,1,1,0.92,0,0,Normal
0.937,0.99,1.3,1,1,0.92,0,0,Normal
0.484,4.9,10.3,5,4,0.65,1,1,High_Risk
0.879,1.03,0.2,1,1,0.9,0,0,Normal
0.979,1.01,1.5,1,1,0.91,0,0,Normal
0.923,1.02,0.9,1,1,0.93,0,0,Normal
0.94,0.96,0.3,1,1,0.96,0,0,Normal
0.877,1.01,0.6,1,1,0.99,0,0,Normal
0.874,1.02,1.6,1,1,0.97,0,0,Normal
0.985,1.01,0.1,1,1,0.93,0,0,Normal
0.89,0.96,0.7,1,1,0.99,0,0,Normal
0.861,1.05,1.3,1,1,0.93,0,0,Normal
0.858,0.97,1.2,1,1,0.96,0,0,Normal
0.414,2.67,16.6,3,4,0.59,1,1,Suspicious
0.905,1.01,0.9,1,1,0.91,0,0,Normal
0.854,0.98,1.7,1,1,0.91,0,0,Normal
0.204,2.03,12.8,4,2,0.64,1,1,High_Risk
0.585,3.79,31.1,2,3,0.37,0,1,High_Risk
0.961,0.95,1.8,1,1,0.97,0,0,Normal
0.947,0.97,0.1,1,1,0.96,0,0,Normal
0.547,2.01,19.3,5,4,0.36,1,1,High_Risk
0.952,0.96,0.7,1,1,0.91,0,0,Normal
0.876,1.05,0.7,1,1,0.94,0,0,Normal
0.972,1.04,1.0,1,1,0.97,0,0,Normal
0.963,0.96,0.2,1,1,0.97,0,0,Normal
0.955,0.96,0.0,1,1,0.97,0,0,Normal
0.384,2.65,14.0,3,4,0.7,1,1,Suspicious
0.916,1.02,1.3,1,1,0.91,0,0,Normal
0.88,1.04,2.0,1,1,0.96,0,0,Normal
0.918,0.97,1.4,1,1,0.91,0,0,Normal
0.909,1.02,0.1,1,1,0.99,0,0,Normal
0.382,2.37,10.6,5,3,0.38,1,1,High_Risk
0.899,0.98,1.2,1,1,0.95,0,0,Normal
0.888,1.04,0.0,1,1,0.98,0,0,Normal
0.922,1.03,0.9,1,1,0.97,0,0,Normal
0.219,3.18,23.6,4,2,0.41,1,1,High_Risk
0.379,2.27,33.3,4,4,0.57,1,1,High_Risk
0.31,3.75,25.6,5,4,0.55,1,1,Suspicious
0.885,0.99,0.9,1,1,0.99,0,0,Normal
0.968,1.0,0.2,1,1,0.91,0,0,Normal
0.409,2.81,31.4,2,2,0.47,1,1,High_Risk
0.908,1.0,1.1,1,1,0.93,0,0,Normal
0.935,1.0,1.1,1,1,0.91,0,0,Normal
0.95,1.01,0.3,1,1,0.95,0,0,Normal
0.957,1.02,0.2,1,1,0.92,0,0,Normal
0.451,4.82,18.0,4,4,0.35,1,1,High_Risk
0.408,4.76,16.3,2,4,0.55,1,1,High_Risk
0.903,1.04,0.6,1,1,0.9,0,0,Normal
0.886,1.03,0.8,1,1,0.96,0,0,Normal
0.904,1.05,1.5,1,1,0.98,0,0,Normal
0.587,4.5,11.0,3,2,0.41,1,1,Suspicious
0.922,1.03,1.8,1,1,0.96,0,0,Normal
0.874,1.0,0.6,1,1,0.98,0,0,Normal
0.979,1.02,1.7,1,1,0.98,0,0,Normal
0.948,1.04,1.0,1,1,0.96,0,0,Normal
0.931,0.96,1.9,1,1,0.91,0,0,Normal
0.985,1.02,0.1,1,1,0.97,0,0,Normal
0.923,1.03,2.0,1,1,0.94,0,0,Normal
0.941,0.96,2.0,1,1,0.98,0,0,Normal
0.913,1.04,0.9,1,1,0.96,0,0,Normal
0.906,0.98,1.7,1,1,1.0,0,0,Normal
0.981,1.04,1.5,1,1,0.91,0,0,Normal
0.854,0.98,1.8,1,1,0.97,0,0,Normal
0.956,0.98,2.0,1,1,0.9,0,0,Normal
0.976,0.96,0.3,1,1,0.93,0,0,Normal
0.243,3.72,17.7,5,4,0.39,1,1,Suspicious
0.892,1.04,1.8,1,1,0.99,0,0,Normal
0.204,1.9,18.5,5,4,0.31,0,1,High_Risk
0.872,1.01,1.7,1,1,0.92,0,0,Normal
0.899,0.97,0.5,1,1,0.98,0,0,Normal
0.971,0.97,1.1,1,1,0.97,0,0,Normal
0.989,1.02,1.3,1,1,0.99,0,0,Normal
0.287,3.34,29.9,2,3,0.59,1,1,High_Risk
0.896,1.03,1.5,1,1,0.97,0,0,Normal
0.957,0.97,0.8,1,1,0.95,0,0,Normal
0.853,1.01,1.2,1,1,0.97,0,0,Normal
0.86,1.03,0.5,1,1,1.0,0,0,Normal
0.947,0.98,0.8,1,1,0.96,0,0,Normal
0.913,0.97,1.6,1,1,0.98,0,0,Normal
0.616,4.81,11.1,2,4,0.55,1,1,High_Risk
0.932,1.01,0.1,1,1,0.97,0,0,Normal
0.896,0.98,0.7,1,1,0.93,0,0,Normal
0.935,0.98,0.6,1,1,0.99,0,0,Normal
0.39,2.54,24.6,4,3,0.66,1,1,High_Risk
0.974,1.0,0.8,1,1,0.98,0,0,Normal
0.983,1.0,0.6,1,1,0.99,0,0,Normal
0.925,1.02,0.7,1,1,0.96,0,0,Normal
0.956,0.96,0.7,1,1,0.9,0,0,Normal
0.968,1.01,2.0,1,1,0.96,0,0,Normal
0.894,0.97,0.9,1,1,0.93,0,0,Normal
0.265,2.06,16.4,5,2,0.6,1,1,Suspicious
0.87,0.97,0.4,1,1,0.92,0,0,Normal
0.633,3.8,21.9,3,2,0.66,0,1,Suspicious
0.56,3.46,15.7,5,4,0.56,1,1,High_Risk
0.933,1.01,1.7,1,1,0.94,0,0,Normal
0.902,0.95,1.4,1,1,0.98,0,0,Normal
0.956,0.98,1.4,1,1,0.92,0,0,Normal
0.952,0.95,1.9,1,1,0.9,0,0,Normal
0.968,1.04,0.8,1,1,0.91,0,0,Normal
0.978,1.03,0.5,1,1,0.95,0,0,Normal
0.873,1.04,0.3,1,1,0.95,0,0,Normal
0.933,0.96,0.6,1,1,0.95,0,0,Normal
0.862,0.95,0.6,1,1,0.9,0,0,Normal
0.888,0.99,0.4,1,1,0.91,0,0,Normal
0.95,0.99,1.2,1,1,0.99,0,0,Normal
0.856,1.0,1.8,1,1,0.9,0,0,Normal
0.563,3.69,33.0,3,3,0.63,1,1,High_Risk
0.91,1.0,0.6,1,1,0.94,0,0,Normal
0.975,0.98,0.7,1,1,0.99,0,0,Normal
0.989,1.02,2.0,1,1,0.95,0,0,Normal
0.277,2.91,20.0,2,2,0.61,1,1,Suspicious
0.927,1.02,1.9,1,1,0.94,0,0,Normal
0.403,4.57,13.4,2,3,0.52,0,1,High_Risk
0.944,1.0,0.4,1,1,0.97,0,0,Normal
0.648,2.7,24.2,2,2,0.63,0,1,Suspicious
0.961,0.96,2.0,1,1,0.95,0,0,Normal
0.976,0.97,0.8,1,1,0.99,0,0,Normal
0.938,0.97,1.1,1,1,0.92,0,0,Normal
0.906,0.96,1.7,1,1,0.95,0,0,Normal
0.877,1.03,1.7,1,1,0.95,0,0,Normal
0.86,1.05,1.7,1,1,1.0,0,0,Normal
0.941,1.04,0.7,1,1,0.91,0,0,Normal
0.929,0.96,0.3,1,1,1.0,0,0,Normal
0.862,1.05,0.4,1,1,0.99,0,0,Normal
0.924,1.03,0.2,1,1,0.96,0,0,Normal
0.888,1.03,0.9,1,1,0.93,0,0,Normal
0.934,1.0,0.4,1,1,0.95,0,0,Normal
0.851,0.97,0.8,1,1,0.9,0,0,Normal
0.85,1.0,1.1,1,1,0.97,0,0,Normal
0.871,0.98,1.4,1,1,0.96,0,0,Normal
0.256,2.87,30.6,4,2,0.47,1,1,High_Risk
0.876,1.02,0.6,1,1,0.99,0,0,Normal
0.912,1.0,0.7,1,1,0.96,0,0,Normal
0.96,1.02,1.3,1,1,0.92,0,0,Normal
0.91,1.0,1.9,1,1,0.96,0,0,Normal
0.928,1.01,0.9,1,1,0.97,0,0,Normal
0.987,0.99,0.9,1,1,0.95,0,0,Normal
0.983,0.99,1.1,1,1,0.97,0,0,Normal
0.883,1.01,1.3,1,1,0.96,0,0,Normal
0.947,1.0,0.2,1,1,0.95,0,0,Normal
0.955,1.01,1.7,1,1,0.98,0,0,Normal
0.94,1.05,1.2,1,1,0.94,0,0,Normal
0.414,1.8,23.6,2,4,0.6,1,1,High_Risk
0.638,2.67,33.8,5,2,0.33,1,1,High_Risk
0.887,0.97,1.5,1,1,0.95,0,0,Normal
0.309,4.85,30.2,3,2,0.59,0,1,High_Risk
0.99,0.96,0.1,1,1,0.98,0,0,Normal
0.911,0.97,1.7,1,1,0.95,0,0,Normal
0.457,2.4,17.6,3,4,0.67,1,1,High_Risk
0.954,0.96,1.4,1,1,0.97,0,0,Normal
0.981,1.02,1.9,1,1,0.94,0,0,Normal
0.386,2.26,34.4,3,2,0.46,1,1,High_Risk
0.865,0.98,1.4,1,1,0.93,0,0,Normal
0.853,1.03,2.0,1,1,0.95,0,0,Normal
0.91,1.01,1.6,1,1,0.97,0,0,Normal
0.875,0.98,1.7,1,1,0.97,0,0,Normal
0.919,0.98,0.8,1,1,0.98,0,0,Normal
0.876,1.05,1.3,1,1,0.97,0,0,Normal
0.945,0.97,0.6,1,1,0.99,0,0,Normal
0.959,0.96,1.1,1,1,0.99,0,0,Normal
0.89,1.01,0.6,1,1,0.95,0,0,Normal
0.876,1.01,0.8,1,1,0.93,0,0,Normal
0.927,1.02,1.2,1,1,0.98,0,0,Normal
0.959,1.04,1.7,1,1,0.99,0,0,Normal
0.949,1.02,0.2,1,1,0.96,0,0,Normal
0.941,1.04,0.7,1,1,1.0,0,0,Normal
0.923,0.98,1.0,1,1,0.99,0,0,Normal
0.856,0.97,0.9,1,1,0.92,0,0,Normal
0.892,1.03,1.7,1,1,0.98,0,0,Normal
0.884,1.04,1.3,1,1,0.99,0,0,Normal
0.931,1.01,1.0,1,1,0.98,0,0,Normal
0.92,1.0,1.2,1,1,0.91,0,0,Normal
0.888,1.0,1.6,1,1,0.93,0,0,Normal
0.927,0.96,1.1,1,1,0.98,0,0,Normal
0.885,0.98,1.6,1,1,0.99,0,0,Normal
0.942,0.97,0.4,1,1,0.97,0,0,Normal
0.975,0.97,0.8,1,1,0.92,0,0,Normal
0.97,1.0,0.9,1,1,0.91,0,0,Normal
0.373,3.36,18.9,3,3,0.48,1,1,High_Risk
0.86,1.0,1.5,1,1,0.92,0,0,Normal
0.534,4.86,28.7,3,4,0.47,1,1,High_Risk
0.911,0.98,0.0,1,1,0.93,0,0,Normal
0.921,1.04,1.1,1,1,0.99,0,0,Normal
0.957,1.0,1.6,1,1,0.97,0,0,Normal
0.862,0.98,0.2,1,1,0.94,0,0,Normal
0.98,0.99,0.4,1,1,0.99,0,0,Normal
0.528,3.94,13.0,3,2,0.65,1,1,High_Risk
0.87,0.99,1.1,1,1,0.99,0,0,Normal
0.909,1.03,0.9,1,1,0.91,0,0,Normal
0.639,1.88,19.1,4,3,0.53,0,1,Suspicious
0.919,1.04,0.5,1,1,0.93,0,0,Normal
0.871,1.02,1.7,1,1,0.95,0,0,Normal
0.578,2.27,22.0,5,3,0.41,1,1,High_Risk
0.949,0.97,1.9,1,1,1.0,0,0,Normal
0.594,2.25,12.6,5,3,0.39,0,1,High_Risk
0.636,1.88,32.5,5,2,0.44,1,1,Suspicious
0.912,1.05,1.6,1,1,0.97,0,0,Normal
0.967,0.99,0.4,1,1,0.9,0,0,Normal
0.984,1.0,0.5,1,1,0.96,0,0,Normal
0.853,0.97,0.1,1,1,0.94,0,0,Normal
0.894,0.95,1.0,1,1,0.93,0,0,Normal
0.851,0.95,1.2,1,1,0.97,0,0,Normal
0.859,0.97,1.5,1,1,0.92,0,0,Normal
0.529,2.46,31.8,5,4,0.51,1,1,Suspicious
0.96,1.02,1.4,1,1,0.95,0,0,Normal
0.584,3.66,11.4,2,3,0.51,1,1,High_Risk
0.942,1.03,1.7,1,1,0.97,0,0,Normal
0.943,0.97,0.7,1,1,0.98,0,0,Normal
0.924,1.0,0.9,1,1,0.96,0,0,Normal
0.948,1.0,1.8,1,1,0.91,0,0,Normal
0.942,1.0,1.2,1,1,0.9,0,0,Normal
0.935,0.99,0.4,1,1,0.96,0,0,Normal
0.93,1.02,0.8,1,1,0.98,0,0,Normal
0.944,1.02,1.3,1,1,0.94,0,0,Normal
0.883,1.01,1.3,1,1,0.94,0,0,Normal
0.614,2.59,28.8,5,4,0.37,0,1,High_Risk
0.968,1.0,1.6,1,1,0.97,0,0,Normal
0.977,1.02,0.5,1,1,0.94,0,0,Normal
0.986,1.04,1.7,1,1,0.99,0,0,Normal
0.856,1.01,1.9,1,1,0.96,0,0,Normal
0.35,2.35,21.3,3,4,0.31,1,1,High_Risk
0.939,1.02,1.6,1,1,0.94,0,0,Normal
0.973,1.0,0.6,1,1,0.9,0,0,Normal
0.289,4.85,23.3,4,3,0.33,0,1,High_Risk
0.922,0.99,1.8,1,1,0.98,0,0,Normal
0.85,1.05,1.6,1,1,0.95,0,0,Normal
0.907,1.01,0.4,1,1,0.95,0,0,Normal
0.974,1.01,1.8,1,1,0.99,0,0,Normal
0.961,0.96,0.3,1,1,0.95,0,0,Normal
0.873,0.97,1.1,1,1,0.92,0,0,Normal
0.925,1.01,1.9,1,1,0.96,0,0,Normal
0.889,0.97,1.1,1,1,0.99,0,0,Normal
0.939,0.98,1.0,1,1,0.97,0,0,Normal
0.599,2.7,22.9,3,3,0.42,1,1,High_Risk
0.988,1.0,1.6,1,1,0.94,0,0,Normal
0.935,1.01,1.8,1,1,0.91,0,0,Normal
0.869,0.99,0.5,1,1,0.97,0,0,Normal
0.923,0.99,0.4,1,1,0.92,0,0,Normal
0.962,1.03,0.7,1,1,0.94,0,0,Normal
0.956,1.02,1.7,1,1,0.98,0,0,Normal
0.91,1.03,1.6,1,1,0.95,0,0,Normal
0.309,3.53,12.1,3,3,0.57,0,1,High_Risk
0.979,1.04,0.5,1,1,0.95,0,0,Normal
0.916,0.99,0.4,1,1,0.92,0,0,Normal
0.95,1.02,1.9,1,1,0.97,0,0,Normal
0.922,1.04,0.0,1,1,0.94,0,0,Normal
0.975,0.98,1.1,1,1,0.92,0,0,Normal
0.957,1.04,0.2,1,1,0.97,0,0,Normal
0.913,1.03,1.9,1,1,0.92,0,0,Normal
0.978,0.97,0.7,1,1,0.9,0,0,Normal
0.916,0.96,0.1,1,1,0.96,0,0,Normal
0.865,1.0,1.5,1,1,0.97,0,0,Normal
0.879,1.03,1.9,1,1,1.0,0,0,Normal
0.373,1.86,11.3,3,3,0.45,0,1,High_Risk
0.412,4.81,23.4,2,4,0.35,0,1,High_Risk
0.865,1.0,0.1,1,1,0.96,0,0,Normal
0.895,0.98,1.2,1,1,0.94,0,0,Normal
0.915,0.97,1.5,1,1,0.98,0,0,Normal
0.932,1.02,0.7,1,1,0.91,0,0,Normal
0.871,1.0,0.9,1,1,0.97,0,0,Normal
0.891,0.98,1.6,1,1,0.91,0,0,Normal
0.376,2.17,32.7,4,4,0.38,1,1,High_Risk
0.947,0.96,1.6,1,1,0.91,0,0,Normal
0.96,1.01,1.6,1,1,0.96,0,0,Normal
0.983,1.02,1.9,1,1,0.97,0,0,Normal
0.93,1.02,1.9,1,1,0.99,0,0,Normal
0.897,0.97,1.7,1,1,0.98,0,0,Normal
0.425,4.09,21.8,5,2,0.41,1,1,Suspicious
0.888,0.98,0.2,1,1,0.96,0,0,Normal
0.96,0.97,0.4,1,1,0.98,0,0,Normal
0.874,0.98,1.5,1,1,1.0,0,0,Normal
0.882,0.97,2.0,1,1,0.94,0,0,Normal
0.871,1.01,1.5,1,1,0.91,0,0,Normal
0.646,4.68,33.7,4,3,0.48,0,1,High_Risk
0.911,1.0,1.0,1,1,0.91,0,0,Normal
0.886,0.96,0.7,1,1,1.0,0,0,Normal
0.905,0.95,0.2,1,1,0.97,0,0,Normal
0.898,0.99,0.1,1,1,0.95,0,0,Normal
0.894,1.02,1.7,1,1,0.97,0,0,Normal
0.861,0.99,0.8,1,1,0.99,0,0,Normal
0.918,1.02,0.7,1,1,0.97,0,0,Normal
0.959,0.96,1.5,1,1,1.0,0,0,Normal
0.947,1.03,1.6,1,1,0.98,0,0,Normal
0.589,2.25,11.8,3,2,0.55,1,1,Suspicious
0.985,0.96,0.1,1,1,0.96,0,0,Normal
0.325,3.26,25.4,4,4,0.65,1,1,High_Risk
0.937,1.01,0.4,1,1,0.92,0,0,Normal
0.916,1.01,0.3,1,1,0.97,0,0,Normal
0.398,4.01,22.2,5,4,0.4,1,1,High_Risk
0.439,3.08,29.4,2,2,0.37,1,1,High_Risk
0.911,0.97,1.9,1,1,0.95,0,0,Normal
0.895,1.01,0.0,1,1,0.95,0,0,Normal
0.986,1.01,0.6,1,1,0.92,0,0,Normal
0.952,0.97,1.4,1,1,0.95,0,0,Normal
0.263,3.18,19.8,3,3,0.58,1,1,High_Risk
0.974,0.98,0.3,1,1,0.92,0,0,Normal
0.94,0.96,1.8,1,1,0.91,0,0,Normal
0.908,0.96,0.3,1,1,0.93,0,0,Normal
0.951,0.98,1.6,1,1,0.98,0,0,Normal
0.92,1.01,1.7,1,1,0.96,0,0,Normal
0.926,0.97,1.8,1,1,0.99,0,0,Normal
0.912,1.0,0.1,1,1,0.94,0,0,Normal
0.958,1.03,0.1,1,1,0.93,0,0,Normal
0.979,0.98,1.2,1,1,0.95,0,0,Normal
0.894,1.01,0.3,1,1,0.97,0,0,Normal
0.928,1.01,0.6,1,1,0.98,0,0,Normal
0.983,1.02,0.7,1,1,0.94,0,0,Normal
0.255,4.51,10.1,3,4,0.48,0,1,Suspicious
0.953,0.98,0.7,1,1,0.97,0,0,Normal
0.878,1.04,0.5,1,1,0.99,0,0,Normal
0.857,1.0,1.7,1,1,0.95,0,0,Normal
0.469,3.92,14.3,3,3,0.35,1,1,High_Risk
0.607,4.55,28.9,2,3,0.64,1,1,Suspicious
0.586,3.49,10.2,4,2,0.58,1,1,High_Risk
0.905,1.05,0.4,1,1,0.96,0,0,Normal
0.888,1.0,0.9,1,1,0.99,0,0,Normal
0.95,0.98,0.7,1,1,0.92,0,0,Normal
0.978,1.02,1.7,1,1,0.94,0,0,Normal
0.94,0.97,1.6,1,1,1.0,0,0,Normal
0.885,1.02,1.3,1,1,0.91,0,0,Normal
0.923,1.03,1.9,1,1,0.97,0,0,Normal
0.864,1.03,1.0,1,1,0.98,0,0,Normal
0.978,0.99,0.4,1,1,0.99,0,0,Normal
0.895,0.97,1.7,1,1,1.0,0,0,Normal
0.423,3.46,21.8,4,3,0.64,0,1,High_Risk
0.857,1.01,1.4,1,1,0.93,0,0,Normal
0.949,1.03,0.9,1,1,0.95,0,0,Normal
0.53,2.49,28.2,4,3,0.67,0,1,High_Risk
0.877,0.96,1.3,1,1,0.93,0,0,Normal
0.535,3.56,31.3,4,3,0.39,1,1,High_Risk
0.52,2.64,14.1,3,3,0.44,0,1,High_Risk
0.505,2.65,31.6,4,3,0.53,1,1,High_Risk
0.964,1.0,0.4,1,1,0.92,0,0,Normal
0.438,2.86,20.7,5,2,0.62,0,1,Suspicious
0.931,1.01,0.6,1,1,0.95,0,0,Normal
0.971,1.01,1.0,1,1,0.93,0,0,Normal
0.929,0.97,0.6,1,1,0.95,0,0,Normal
0.954,0.98,0.7,1,1,0.95,0,0,Normal
0.857,1.05,1.3,1,1,0.98,0,0,Normal
0.58,3.34,28.7,5,4,0.49,0,1,High_Risk
0.912,0.96,0.1,1,1,0.92,0,0,Normal
0.975,1.02,1.1,1,1,0.9,0,0,Normal
0.851,0.98,0.9,1,1,0.94,0,0,Normal
0.64,2.45,18.7,4,4,0.36,1,1,High_Risk
0.333,1.94,26.3,4,2,0.42,0,1,High_Risk
0.938,0.98,1.8,1,1,0.97,0,0,Normal
0.856,1.0,1.0,1,1,0.99,0,0,Normal
0.864,1.02,0.8,1,1,0.91,0,0,Normal
0.926,1.02,1.6,1,1,0.99,0,0,Normal
0.432,3.39,21.2,5,3,0.64,1,1,High_Risk
0.963,1.0,1.2,1,1,0.94,0,0,Normal
0.906,1.03,0.5,1,1,0.92,0,0,Normal
0.901,1.04,0.9,1,1,0.98,0,0,Normal
0.9,1.0,0.1,1,1,0.92,0,0,Normal
0.915,1.02,1.6,1,1,0.95,0,0,Normal
0.917,0.99,1.2,1,1,0.96,0,0,Normal
0.932,0.96,2.0,1,1,0.95,0,0,Normal
0.897,0.96,0.0,1,1,0.99,0,0,Normal
0.878,1.03,0.0,1,1,0.93,0,0,Normal
0.896,0.97,1.3,1,1,0.98,0,0,Normal
0.911,1.04,0.1,1,1,0.93,0,0,Normal
0.943,1.05,0.9,1,1,0.9,0,0,Normal
0.983,1.02,0.1,1,1,0.96,0,0,Normal
0.893,1.02,0.3,1,1,0.96,0,0,Normal
0.988,0.96,1.6,1,1,0.97,0,0,Normal
0.343,4.75,20.4,5,4,0.42,0,1,High_Risk
0.938,1.03,1.1,1,1,0.94,0,0,Normal
0.973,1.03,1.0,1,1,0.99,0,0,Normal
0.876,1.04,1.8,1,1,0.97,0,0,Normal
0.935,0.97,0.2,1,1,0.96,0,0,Normal
0.871,1.04,0.5,1,1,0.94,0,0,Normal
0.867,1.05,1.3,1,1,0.99,0,0,Normal
0.963,1.03,0.8,1,1,0.98,0,0,Normal
0.985,0.95,0.6,1,1,0.93,0,0,Normal
0.981,0.98,1.5,1,1,0.98,0,0,Normal
0.899,1.03,2.0,1,1,0.99,0,0,Normal
0.912,1.04,0.0,1,1,0.9,0,0,Normal
0.572,4.71,13.4,4,3,0.6,1,1,Suspicious
0.451,3.81,10.7,2,2,0.59,1,1,High_Risk
0.95,0.96,0.4,1,1,0.95,0,0,Normal
0.949,1.03,0.2,1,1,0.98,0,0,Normal
0.863,1.05,1.6,1,1,0.96,0,0,Normal
0.976,1.04,1.9,1,1,0.91,0,0,Normal
0.93,0.98,1.3,1,1,1.0,0,0,Normal
0.904,0.99,0.6,1,1,0.92,0,0,Normal
0.934,1.03,0.2,1,1,0.96,0,0,Normal
0.867,1.04,0.3,1,1,0.95,0,0,Normal
0.894,1.03,1.9,1,1,0.94,0,0,Normal
0.867,0.96,0.5,1,1,0.96,0,0,Normal
0.914,1.0,0.6,1,1,0.97,0,0,Normal
0.867,1.03,0.8,1,1,1.0,0,0,Normal
0.946,0.98,0.9,1,1,0.97,0,0,Normal
0.944,1.02,1.0,1,1,0.97,0,0,Normal
0.965,0.97,0.7,1,1,0.95,0,0,Normal
0.884,1.05,0.1,1,1,0.92,0,0,Normal
0.985,0.99,0.4,1,1,0.99,0,0,Normal
0.965,1.02,0.4,1,1,0.93,0,0,Normal
0.971,0.99,1.7,1,1,0.99,0,0,Normal
0.962,0.96,0.6,1,1,0.94,0,0,Normal
0.862,0.97,1.0,1,1,0.92,0,0,Normal
0.938,0.96,1.4,1,1,1.0,0,0,Normal
0.859,1.04,1.5,1,1,0.98,0,0,Normal
0.948,1.04,1.5,1,1,0.96,0,0,Normal
0.937,1.04,1.6,1,1,0.97,0,0,Normal
0.958,1.02,0.7,1,1,1.0,0,0,Normal
0.879,0.97,0.7,1,1,0.93,0,0,Normal
0.912,1.04,1.5,1,1,0.99,0,0,Normal
0.852,1.02,1.0,1,1,0.94,0,0,Normal
0.956,1.04,1.6,1,1,0.93,0,0,Normal
0.462,4.45,23.7,5,4,0.66,1,1,High_Risk
0.964,0.97,0.6,1,1,0.98,0,0,Normal
0.852,1.05,0.0,1,1,0.91,0,0,Normal
0.899,1.04,1.3,1,1,0.95,0,0,Normal
0.942,1.04,2.0,1,1,0.97,0,0,Normal
0.898,1.04,0.2,1,1,0.95,0,0,Normal
0.855,0.95,1.8,1,1,0.99,0,0,Normal
0.971,0.97,0.3,1,1,0.95,0,0,Normal
0.851,0.96,2.0,1,1,1.0,0,0,Normal
0.242,3.99,13.7,2,4,0.34,0,1,High_Risk
0.929,1.03,1.5,1,1,0.94,0,0,Normal
0.899,1.02,1.5,1,1,0.98,0,0,Normal
0.989,0.99,1.0,1,1,1.0,0,0,Normal
0.94,1.0,1.7,1,1,0.95,0,0,Normal
0.954,0.97,1.8,1,1,0.91,0,0,Normal
0.95,0.96,0.6,1,1,0.94,0,0,Normal
0.617,3.26,22.4,4,2,0.59,1,1,High_Risk
0.937,1.0,1.2,1,1,0.91,0,0,Normal
0.885,1.02,0.9,1,1,0.94,0,0,Normal
0.892,1.0,1.4,1,1,0.93,0,0,Normal
0.982,1.0,0.0,1,1,1.0,0,0,Normal
0.951,0.95,1.9,1,1,0.96,0,0,Normal
0.91,0.95,0.3,1,1,0.95,0,0,Normal
0.955,1.02,1.6,1,1,0.93,0,0,Normal
0.979,1.05,0.1,1,1,0.99,0,0,Normal
0.872,1.03,1.8,1,1,0.95,0,0,Normal
0.934,1.04,1.2,1,1,0.95,0,0,Normal
0.395,2.88,33.8,2,4,0.57,1,1,High_Risk
0.609,3.97,22.4,2,4,0.56,1,1,High_Risk
0.954,0.96,1.2,1,1,0.99,0,0,Normal
0.933,1.04,0.8,1,1,0.9,0,0,Normal
0.923,1.02,0.6,1,1,0.92,0,0,Normal
0.935,0.95,0.2,1,1,0.99,0,0,Normal
0.881,0.99,1.1,1,1,0.99,0,0,Normal
0.859,0.99,0.9,1,1,0.97,0,0,Normal
0.916,1.03,1.5,1,1,0.94,0,0,Normal
0.867,1.0,1.1,1,1,1.0,0,0,Normal
0.878,1.0,0.2,1,1,0.91,0,0,Normal
0.913,1.03,1.5,1,1,0.92,0,0,Normal
0.904,0.98,0.0,1,1,0.9,0,0,Normal
0.874,1.04,0.5,1,1,0.99,0,0,Normal
0.855,0.97,0.5,1,1,0.94,0,0,Normal
0.984,0.99,0.9,1,1,0.96,0,0,Normal
0.917,0.96,1.8,1,1,0.94,0,0,Normal
0.89,1.02,1.5,1,1,0.94,0,0,Normal
0.92,0.95,0.2,1,1,0.95,0,0,Normal
0.95,1.02,0.4,1,1,0.9,0,0,Normal
0.853,1.05,0.0,1,1,0.92,0,0,Normal
0.936,0.97,0.5,1,1,0.99,0,0,Normal
0.973,1.0,0.3,1,1,0.96,0,0,Normal
0.86,0.97,1.3,1,1,0.93,0,0,Normal
0.955,0.98,1.1,1,1,0.96,0,0,Normal
0.261,2.03,20.8,5,4,0.37,1,1,High_Risk
0.951,0.97,0.2,1,1,0.92,0,0,Normal
0.957,1.0,1.3,1,1,1.0,0,0,Normal
0.625,3.96,29.3,3,2,0.55,0,1,High_Risk
0.9,1.05,0.3,1,1,0.97,0,0,Normal
0.891,1.04,1.0,1,1,0.97,0,0,Normal
0.969,1.0,0.3,1,1,0.92,0,0,Normal
0.898,0.99,1.5,1,1,0.91,0,0,Normal
0.909,0.97,1.5,1,1,0.93,0,0,Normal
0.413,3.56,26.9,3,3,0.38,0,1,Suspicious
0.295,2.32,32.0,2,4,0.64,1,1,Suspicious
0.944,1.02,1.7,1,1,0.95,0,0,Normal
0.946,1.04,1.4,1,1,0.93,0,0,Normal
0.926,0.98,0.8,1,1,0.99,0,0,Normal
0.883,0.98,0.1,1,1,0.91,0,0,Normal
0.877,1.05,1.6,1,1,0.97,0,0,Normal
0.379,4.94,17.9,5,2,0.63,1,1,High_Risk
0.967,1.01,1.5,1,1,0.98,0,0,Normal
0.967,0.95,1.2,1,1,0.91,0,0,Normal
0.902,1.03,0.3,1,1,0.95,0,0,Normal
0.93,0.99,0.8,1,1,0.91,0,0,Normal
0.984,0.99,0.3,1,1,0.97,0,0,Normal
0.864,1.04,2.0,1,1,0.94,0,0,Normal
0.919,1.03,0.9,1,1,0.91,0,0,Normal
0.926,1.02,2.0,1,1,0.97,0,0,Normal
0.936,1.03,1.0,1,1,0.95,0,0,Normal
0.927,0.98,0.4,1,1,0.93,0,0,Normal
0.931,1.03,1.4,1,1,0.91,0,0,Normal
0.985,0.97,0.4,1,1,0.96,0,0,Normal
0.955,1.04,0.7,1,1,0.93,0,0,Normal
0.953,0.98,0.9,1,1,1.0,0,0,Normal
0.915,1.05,1.3,1,1,1.0,0,0,Normal
0.871,1.05,0.2,1,1,0.99,0,0,Normal
0.951,1.02,0.6,1,1,0.97,0,0,Normal
0.867,1.0,1.0,1,1,0.91,0,0,Normal
0.893,0.99,0.9,1,1,0.98,0,0,Normal
0.86,0.98,0.1,1,1,0.97,0,0,Normal
0.973,1.02,0.7,1,1,0.99,0,0,Normal
0.896,1.0,1.6,1,1,1.0,0,0,Normal
0.856,0.96,0.3,1,1,0.94,0,0,Normal
0.86,1.05,0.4,1,1,0.97,0,0,Normal
0.553,4.25,27.2,4,2,0.62,1,1,High_Risk
0.291,2.17,19.3,4,2,0.45,1,1,Suspicious
0.963,1.0,0.5,1,1,0.93,0,0,Normal
0.873,1.05,0.3,1,1,0.93,0,0,Normal
0.897,0.97,1.5,1,1,0.95,0,0,Normal
0.908,1.01,0.0,1,1,0.93,0,0,Normal
0.884,1.04,0.2,1,1,0.95,0,0,Normal
0.922,0.99,1.8,1,1,1.0,0,0,Normal
0.967,1.02,1.3,1,1,0.95,0,0,Normal
0.546,2.32,26.4,4,2,0.34,1,1,Suspicious
0.915,1.04,0.9,1,1,0.91,0,0,Normal
0.932,0.98,1.8,1,1,0.93,0,0,Normal
0.888,1.04,1.4,1,1,1.0,0,0,Normal
0.963,0.98,1.1,1,1,0.92,0,0,Normal
0.898,0.98,1.7,1,1,0.91,0,0,Normal
0.455,3.64,10.1,4,3,0.6,1,1,High_Risk
0.986,0.96,1.4,1,1,0.98,0,0,Normal
0.628,4.84,26.4,3,4,0.43,1,1,Suspicious
0.891,1.01,1.1,1,1,0.97,0,0,Normal
0.863,1.03,1.4,1,1,0.99,0,0,Normal
0.851,1.05,1.4,1,1,0.94,0,0,Normal
0.863,0.99,1.7,1,1,0.93,0,0,Normal
0.926,1.01,0.4,1,1,0.98,0,0,Normal
0.886,1.02,1.3,1,1,0.99,0,0,Normal
0.969,0.98,1.0,1,1,0.94,0,0,Normal
0.895,1.03,1.0,1,1,0.99,0,0,Normal
0.938,0.98,1.9,1,1,0.94,0,0,Normal
0.931,1.03,1.8,1,1,0.97,0,0,Normal
0.885,0.99,0.9,1,1,0.94,0,0,Normal
0.968,1.03,1.7,1,1,0.9,0,0,Normal
0.933,0.96,0.7,1,1,0.9,0,0,Normal
0.949,1.03,0.9,1,1,0.93,0,0,Normal
0.988,0.98,0.2,1,1,0.98,0,0,Normal
0.922,1.04,0.1,1,1,0.98,0,0,Normal
0.969,1.02,2.0,1,1,0.95,0,0,Normal
0.402,3.09,34.7,4,2,0.33,1,1,Suspicious
0.853,0.99,1.9,1,1,0.98,0,0,Normal
0.903,0.96,2.0,1,1,1.0,0,0,Normal
0.873,0.96,1.7,1,1,0.91,0,0,Normal
0.919,1.01,0.4,1,1,0.96,0,0,Normal
0.857,0.97,1.1,1,1,0.96,0,0,Normal
0.872,1.04,1.7,1,1,0.99,0,0,Normal
0.948,0.97,1.9,1,1,0.91,0,0,Normal
0.942,1.0,0.4,1,1,0.98,0,0,Normal
0.964,1.02,0.1,1,1,0.92,0,0,Normal
0.647,2.83,20.8,5,4,0.61,1,1,High_Risk
0.957,1.02,1.2,1,1,0.97,0,0,Normal
0.568,1.88,34.8,3,3,0.31,1,1,High_Risk
0.255,4.55,13.6,2,3,0.7,1,1,High_Risk
0.911,1.03,0.7,1,1,0.98,0,0,Normal
0.985,0.96,0.5,1,1,0.92,0,0,Normal
0.942,0.96,0.7,1,1,0.92,0,0,Normal
0.967,0.98,1.1,1,1,1.0,0,0,Normal
0.897,0.95,0.3,1,1,0.95,0,0,Normal
0.941,1.04,0.8,1,1,0.96,0,0,Normal
0.902,1.01,1.9,1,1,0.93,0,0,Normal
0.917,1.02,0.1,1,1,0.92,0,0,Normal
0.867,1.05,1.0,1,1,0.96,0,0,Normal
0.888,0.97,1.9,1,1,0.99,0,0,Normal
0.902,1.03,0.2,1,1,0.9,0,0,Normal
0.978,0.96,1.5,1,1,0.96,0,0,Normal
0.974,0.98,1.6,1,1,0.93,0,0,Normal
0.94,1.01,1.9,1,1,0.91,0,0,Normal
0.953,0.99,1.3,1,1,0.93,0,0,Normal
0.972,0.99,0.8,1,1,0.92,0,0,Normal
0.53,2.39,17.1,4,4,0.35,1,1,High_Risk
0.89,0.99,0.5,1,1,0.91,0,0,Normal
0.967,1.05,1.2,1,1,0.97,0,0,Normal
0.858,1.01,0.1,1,1,0.95,0,0,Normal
0.958,0.98,1.8,1,1,0.91,0,0,Normal
0.89,1.03,1.3,1,1,0.98,0,0,Normal
0.885,0.96,1.5,1,1,0.96,0,0,Normal
0.901,1.02,1.8,1,1,0.9,0,0,Normal
0.931,1.03,0.6,1,1,0.95,0,0,Normal
0.915,1.01,1.4,1,1,0.93,0,0,Normal
0.881,1.02,0.7,1,1,0.93,0,0,Normal
0.92,1.04,0.7,1,1,0.92,0,0,Normal
0.912,0.96,0.4,1,1,0.97,0,0,Normal
0.978,0.95,1.0,1,1,0.97,0,0,Normal
0.99,0.95,1.6,1,1,0.99,0,0,Normal
0.884,1.0,1.9,1,1,0.99,0,0,Normal
0.886,1.02,1.1,1,1,0.97,0,0,Normal
0.926,0.97,1.0,1,1,0.98,0,0,Normal
0.895,0.97,0.5,1,1,0.96,0,0,Normal
0.904,1.02,0.6,1,1,0.98,0,0,Normal
0.922,1.0,0.1,1,1,0.92,0,0,Normal
0.897,0.99,1.1,1,1,0.95,0,0,Normal
0.918,1.02,1.1,1,1,0.95,0,0,Normal
0.899,0.97,0.0,1,1,0.96,0,0,Normal
0.89,1.03,1.5,1,1,0.92,0,0,Normal
0.865,0.99,1.5,1,1,0.9,0,0,Normal
0.948,1.03,0.3,1,1,0.97,0,0,Normal
0.337,4.96,33.0,5,3,0.41,1,1,High_Risk
0.896,0.96,1.2,1,1,1.0,0,0,Normal
0.988,1.01,1.5,1,1,0.96,0,0,Normal
0.862,1.02,0.1,1,1,0.92,0,0,Normal
0.959,0.99,1.1,1,1,0.98,0,0,Normal
0.883,1.0,0.1,1,1,0.94,0,0,Normal
0.989,0.99,0.9,1,1,0.91,0,0,Normal
0.977,1.03,0.3,1,1,0.9,0,0,Normal
0.867,0.98,0.8,1,1,0.97,0,0,Normal
0.966,0.99,1.3,1,1,0.9,0,0,Normal
0.944,0.96,2.0,1,1,0.96,0,0,Normal
0.918,1.02,0.4,1,1,0.98,0,0,Normal
0.878,0.98,0.7,1,1,0.99,0,0,Normal
0.885,1.03,1.3,1,1,0.93,0,0,Normal
0.357,4.52,26.1,3,2,0.69,0,1,Suspicious
0.957,1.0,1.8,1,1,0.93,0,0,Normal
0.297,3.0,15.8,3,4,0.56,0,1,Suspicious
0.97,0.96,1.3,1,1,0.94,0,0,Normal
0.976,1.0,1.5,1,1,0.91,0,0,Normal
0.919,1.05,0.7,1,1,0.93,0,0,Normal
0.897,1.02,0.9,1,1,0.96,0,0,Normal
0.925,1.05,0.4,1,1,0.97,0,0,Normal
0.963,1.01,0.7,1,1,0.95,0,0,Normal
0.858,0.95,0.4,1,1,0.92,0,0,Normal
0.219,4.88,34.1,4,4,0.57,1,1,High_Risk
0.883,1.01,1.2,1,1,0.97,0,0,Normal
0.255,4.26,34.9,3,4,0.51,0,1,High_Risk
0.96,0.98,0.7,1,1,0.98,0,0,Normal
0.902,1.04,0.7,1,1,0.92,0,0,Normal
0.881,1.01,1.3,1,1,0.91,0,0,Normal
0.928,1.04,0.1,1,1,0.92,0,0,Normal
0.966,0.95,0.5,1,1,0.95,0,0,Normal
0.863,0.97,0.9,1,1,0.97,0,0,Normal
0.256,3.16,33.2,5,4,0.52,1,1,High_Risk
0.953,0.96,1.4,1,1,0.94,0,0,Normal
0.987,1.03,0.3,1,1,0.94,0,0,Normal
0.907,0.96,1.2,1,1,0.92,0,0,Normal
0.933,1.02,1.5,1,1,0.91,0,0,Normal
0.954,1.01,0.2,1,1,0.92,0,0,Normal
0.922,1.04,0.4,1,1,0.94,0,0,Normal
0.879,1.04,1.7,1,1,1.0,0,0,Normal
0.55,3.9,18.0,2,2,0.34,0,1,High_Risk
0.905,0.96,0.4,1,1,0.9,0,0,Normal
0.851,1.01,0.9,1,1,0.98,0,0,Normal
0.856,0.99,1.9,1,1,0.94,0,0,Normal
0.914,0.96,1.8,1,1,0.97,0,0,Normal
0.884,0.97,0.9,1,1,0.91,0,0,Normal
0.921,0.96,1.8,1,1,0.96,0,0,Normal
0.962,1.02,1.3,1,1,0.99,0,0,Normal
0.9,1.04,1.5,1,1,0.95,0,0,Normal
0.952,0.95,2.0,1,1,0.98,0,0,Normal
0.889,1.04,0.2,1,1,0.94,0,0,Normal
0.861,1.04,1.5,1,1,0.98,0,0,Normal
0.855,1.01,0.8,1,1,0.98,0,0,Normal
0.897,1.03,1.3,1,1,0.93,0,0,Normal
0.893,1.02,1.1,1,1,0.9,0,0,Normal
0.901,1.05,0.6,1,1,0.97,0,0,Normal
0.86,0.99,0.3,1,1,0.94,0,0,Normal
0.911,0.98,0.8,1,1,0.9,0,0,Normal
0.982,1.04,1.2,1,1,0.99,0,0,Normal
0.916,1.02,1.2,1,1,0.9,0,0,Normal
0.889,0.96,1.1,1,1,0.96,0,0,Normal
0.91,0.98,2.0,1,1,0.94,0,0,Normal
0.384,2.04,27.5,5,3,0.34,1,1,Suspicious
0.872,0.98,1.0,1,1,0.92,0,0,Normal
0.331,2.68,17.7,5,4,0.45,1,1,Suspicious
0.925,1.05,0.3,1,1,0.9,0,0,Normal
0.625,3.82,16.7,4,3,0.67,1,1,High_Risk
0.956,0.99,0.9,1,1,0.91,0,0,Normal
0.948,0.97,0.1,1,1,0.96,0,0,Normal
0.944,0.97,1.4,1,1,0.98,0,0,Normal
0.854,1.0,1.0,1,1,0.92,0,0,Normal
0.948,0.95,0.1,1,1,0.98,0,0,Normal
0.898,0.98,0.3,1,1,0.91,0,0,Normal
0.868,1.0,0.3,1,1,0.92,0,0,Normal
0.574,3.64,26.9,5,4,0.6,0,1,Suspicious
0.915,0.98,1.0,1,1,0.99,0,0,Normal
0.941,1.0,1.4,1,1,0.96,0,0,Normal
0.867,1.04,0.4,1,1,0.92,0,0,Normal
0.95,0.99,1.0,1,1,1.0,0,0,Normal
0.985,1.05,0.3,1,1,0.96,0,0,Normal
0.915,1.01,0.5,1,1,0.91,0,0,Normal
0.639,2.19,22.4,4,2,0.56,0,1,Suspicious
0.929,0.95,1.0,1,1,0.94,0,0,Normal
0.938,0.97,0.3,1,1,0.91,0,0,Normal
0.976,1.02,1.1,1,1,0.94,0,0,Normal
0.934,1.02,0.1,1,1,0.94,0,0,Normal
0.864,1.01,0.3,1,1,1.0,0,0,Normal
0.953,1.03,0.5,1,1,0.92,0,0,Normal
0.92,1.01,1.0,1,1,0.93,0,0,Normal
0.928,1.04,1.4,1,1,0.99,0,0,Normal
0.99,0.99,1.2,1,1,0.98,0,0,Normal
0.918,0.97,0.2,1,1,0.93,0,0,Normal
0.881,1.01,0.5,1,1,0.99,0,0,Normal
0.907,1.01,0.5,1,1,0.9,0,0,Normal
0.889,0.97,1.3,1,1,0.91,0,0,Normal
0.897,1.01,0.2,1,1,0.99,0,0,Normal
0.868,1.03,0.7,1,1,1.0,0,0,Normal
0.889,1.04,0.7,1,1,1.0,0,0,Normal
0.89,0.99,1.2,1,1,0.96,0,0,Normal
0.489,2.6,27.7,2,4,0.44,1,1,High_Risk
0.887,0.99,0.7,1,1,0.93,0,0,Normal
0.969,1.03,1.4,1,1,0.91,0,0,Normal
0.869,0.97,1.0,1,1,0.98,0,0,Normal
0.983,0.95,0.0,1,1,0.96,0,0,Normal
0.937,1.02,0.6,1,1,0.92,0,0,Normal
0.93,1.0,0.2,1,1,0.92,0,0,Normal
0.338,4.87,17.7,5,3,0.67,1,1,High_Risk
0.946,0.96,1.4,1,1,0.91,0,0,Normal
0.555,4.47,10.5,4,4,0.57,0,1,Suspicious
0.855,1.01,1.9,1,1,0.93,0,0,Normal
0.952,0.99,0.4,1,1,0.99,0,0,Normal
0.935,1.01,1.7,1,1,0.95,0,0,Normal
0.883,0.97,0.1,1,1,1.0,0,0,Normal
0.338,2.03,19.5,3,2,0.42,1,1,Suspicious
0.861,0.97,0.4,1,1,0.94,0,0,Normal
0.858,0.98,1.4,1,1,0.99,0,0,Normal
0.92,0.96,1.3,1,1,0.97,0,0,Normal
0.596,3.54,28.8,4,2,0.32,0,1,Suspicious
0.866,1.05,1.8,1,1,0.93,0,0,Normal
0.907,1.0,1.1,1,1,1.0,0,0,Normal
0.918,1.03,0.0,1,1,0.9,0,0,Normal
0.981,0.98,0.2,1,1,0.94,0,0,Normal
0.883,0.95,1.5,1,1,0.93,0,0,Normal
0.908,1.0,0.9,1,1,1.0,0,0,Normal
0.869,1.04,0.4,1,1,0.97,0,0,Normal
0.975,1.02,1.7,1,1,0.99,0,0,Normal
0.926,1.02,1.5,1,1,0.98,0,0,Normal
0.969,0.98,1.0,1,1,0.9,0,0,Normal
0.924,1.01,0.9,1,1,0.98,0,0,Normal
0.851,1.01,0.7,1,1,0.94,0,0,Normal
0.945,1.05,0.3,1,1,0.98,0,0,Normal
0.858,1.02,0.5,1,1,0.94,0,0,Normal
0.562,2.09,28.2,2,3,0.38,1,1,High_Risk
0.892,0.98,1.6,1,1,0.99,0,0,Normal
0.907,0.97,0.0,1,1,0.94,0,0,Normal
0.969,0.97,1.8,1,1,0.98,0,0,Normal
0.936,0.98,1.1,1,1,1.0,0,0,Normal
0.851,0.97,0.3,1,1,0.96,0,0,Normal
0.875,1.03,0.3,1,1,0.94,0,0,Normal
0.869,1.03,0.3,1,1,0.98,0,0,Normal
0.918,1.04,0.0,1,1,0.99,0,0,Normal
0.904,0.98,1.0,1,1,0.97,0,0,Normal
0.416,1.97,13.3,2,3,0.44,1,1,Suspicious
0.855,0.98,1.2,1,1,0.99,0,0,Normal
0.979,1.02,0.1,1,1,0.9,0,0,Normal
0.873,1.01,2.0,1,1,0.91,0,0,Normal
0.934,1.0,1.2,1,1,1.0,0,0,Normal
0.253,4.76,18.7,4,2,0.35,1,1,Suspicious
0.478,3.61,19.0,3,3,0.49,1,1,High_Risk
0.881,1.01,1.6,1,1,0.96,0,0,Normal
0.877,0.99,0.8,1,1,0.93,0,0,Normal
0.901,0.99,0.2,1,1,0.97,0,0,Normal
0.628,2.65,13.0,5,3,0.35,1,1,Suspicious
0.968,0.97,0.7,1,1,0.94,0,0,Normal
0.886,1.03,0.5,1,1,0.94,0,0,Normal
0.865,1.0,0.9,1,1,0.91,0,0,Normal
0.862,0.95,0.4,1,1,0.92,0,0,Normal
0.895,0.99,0.5,1,1,0.97,0,0,Normal
0.903,0.96,0.8,1,1,0.91,0,0,Normal
0.921,1.01,0.4,1,1,0.96,0,0,Normal
0.259,4.74,33.7,4,4,0.38,1,1,Suspicious
0.506,3.62,18.0,3,4,0.41,0,1,High_Risk
0.943,1.01,0.4,1,1,0.99,0,0,Normal
0.936,1.02,0.8,1,1,0.91,0,0,Normal
0.887,1.03,1.6,1,1,0.92,0,0,Normal
0.977,1.02,0.6,1,1,0.99,0,0,Normal
0.981,0.95,1.6,1,1,1.0,0,0,Normal
0.954,1.01,0.7,1,1,0.93,0,0,Normal
0.956,0.99,1.1,1,1,0.94,0,0,Normal
0.934,1.03,1.3,1,1,0.91,0,0,Normal
0.984,0.96,0.2,1,1,0.93,0,0,Normal
0.937,1.01,0.3,1,1,0.96,0,0,Normal
0.907,1.02,2.0,1,1,0.95,0,0,Normal
0.929,1.04,0.0,1,1,0.97,0,0,Normal
0.871,0.99,0.2,1,1,1.0,0,0,Normal
0.96,0.99,0.4,1,1,0.95,0,0,Normal
0.9,1.02,1.7,1,1,1.0,0,0,Normal
0.883,0.96,1.6,1,1,0.9,0,0,Normal
0.953,1.01,0.9,1,1,0.94,0,0,Normal
0.882,0.98,0.2,1,1,0.94,0,0,Normal
0.982,0.99,0.4,1,1,0.95,0,0,Normal
0.917,1.04,0.1,1,1,0.98,0,0,Normal
0.953,1.0,0.7,1,1,0.96,0,0,Normal
0.968,1.01,0.7,1,1,0.93,0,0,Normal
0.945,1.01,0.3,1,1,0.99,0,0,Normal
0.526,2.13,15.7,3,4,0.66,1,1,High_Risk
0.378,3.02,16.1,4,3,0.33,0,1,Suspicious
0.894,1.03,1.2,1,1,0.99,0,0,Normal
0.861,1.02,1.8,1,1,0.95,0,0,Normal
0.929,1.05,1.3,1,1,0.98,0,0,Normal
0.949,1.0,2.0,1,1,0.91,0,0,Normal
0.885,0.98,0.5,1,1,0.96,0,0,Normal
0.927,1.04,1.1,1,1,1.0,0,0,Normal
0.981,1.01,1.4,1,1,0.92,0,0,Normal
0.641,2.86,10.0,2,2,0.45,1,1,Suspicious
0.916,1.04,1.5,1,1,0.94,0,0,Normal
0.967,0.99,0.5,1,1,0.95,0,0,Normal
0.915,1.03,0.5,1,1,0.96,0,0,Normal
0.982,1.02,0.8,1,1,0.93,0,0,Normal
0.924,1.01,0.5,1,1,1.0,0,0,Normal
0.969,1.01,1.6,1,1,0.98,0,0,Normal
0.898,1.02,0.5,1,1,0.99,0,0,Normal
0.987,0.95,1.0,1,1,0.94,0,0,Normal
0.88,1.03,1.6,1,1,0.93,0,0,Normal
0.867,1.01,1.0,1,1,0.98,0,0,Normal
0.252,3.4,14.6,4,3,0.56,1,1,High_Risk
0.342,2.37,25.3,5,2,0.38,1,1,High_Risk
0.927,1.04,0.7,1,1,0.96,0,0,Normal
0.944,1.02,0.7,1,1,1.0,0,0,Normal
0.966,0.96,0.4,1,1,0.93,0,0,Normal
0.892,0.98,0.1,1,1,0.98,0,0,Normal
0.872,1.01,1.8,1,1,1.0,0,0,Normal
0.862,0.98,1.6,1,1,0.93,0,0,Normal
0.913,0.99,0.6,1,1,0.9,0,0,Normal
0.949,0.98,1.7,1,1,0.98,0,0,Normal
0.954,0.96,0.3,1,1,0.92,0,0,Normal
0.9,1.02,1.4,1,1,0.98,0,0,Normal
0.988,0.98,0.0,1,1,0.98,0,0,Normal
0.904,1.03,0.0,1,1,1.0,0,0,Normal
0.965,0.98,1.7,1,1,0.94,0,0,Normal
0.937,1.03,0.9,1,1,0.99,0,0,Normal
0.939,1.04,0.3,1,1,0.91,0,0,Normal
0.933,1.0,0.7,1,1,0.92,0,0,Normal
0.912,0.98,1.4,1,1,0.96,0,0,Normal
0.85,0.98,0.7,1,1,0.91,0,0,Normal
0.914,0.98,0.1,1,1,0.98,0,0,Normal
0.34,4.29,13.7,2,3,0.67,1,1,High_Risk
0.971,1.02,1.5,1,1,0.92,0,0,Normal
0.916,0.98,1.0,1,1,0.91,0,0,Normal
0.872,0.96,1.9,1,1,0.97,0,0,Normal
0.385,2.2,23.7,3,3,0.51,1,1,High_Risk
0.892,1.03,0.9,1,1,0.94,0,0,Normal
0.988,0.96,1.4,1,1,0.92,0,0,Normal
0.941,0.97,1.3,1,1,0.97,0,0,Normal
0.99,0.99,1.1,1,1,0.93,0,0,Normal
0.865,1.02,0.2,1,1,0.95,0,0,Normal
0.968,0.99,0.0,1,1,0.94,0,0,Normal
0.946,0.95,1.8,1,1,0.99,0,0,Normal
0.879,0.98,1.0,1,1,0.94,0,0,Normal
0.908,1.02,0.8,1,1,0.96,0,0,Normal
0.901,1.0,1.5,1,1,0.93,0,0,Normal
0.857,1.0,1.6,1,1,0.9,0,0,Normal
0.856,1.0,0.9,1,1,0.99,0,0,Normal
0.913,1.03,1.6,1,1,0.93,0,0,Normal
0.48,3.92,34.0,5,3,0.41,1,1,Suspicious
0.855,1.02,0.6,1,1,0.93,0,0,Normal
0.971,0.96,0.7,1,1,0.92,0,0,Normal
0.985,0.96,0.6,1,1,0.93,0,0,Normal
0.989,1.04,1.2,1,1,0.91,0,0,Normal
0.901,1.02,1.6,1,1,0.96,0,0,Normal
0.923,0.95,0.2,1,1,0.94,0,0,Normal
0.856,0.97,1.7,1,1,0.94,0,0,Normal
0.962,1.04,1.0,1,1,0.94,0,0,Normal
0.989,0.96,0.8,1,1,0.95,0,0,Normal
0.941,0.98,0.9,1,1,0.99,0,0,Normal
0.254,2.96,18.4,5,4,0.49,1,1,High_Risk
0.97,0.99,1.1,1,1,0.94,0,0,Normal
0.205,3.81,17.7,4,3,0.61,1,1,High_Risk
0.922,1.01,0.5,1,1,0.98,0,0,Normal
0.911,0.97,0.6,1,1,0.99,0,0,Normal
0.972,1.02,1.0,1,1,0.9,0,0,Normal
0.3,2.51,18.7,2,4,0.52,1,1,High_Risk
0.91,0.97,1.0,1,1,0.94,0,0,Normal
0.928,1.05,0.1,1,1,0.96,0,0,Normal
0.206,4.78,15.7,4,4,0.47,1,1,Suspicious
0.924,0.98,1.3,1,1,0.94,0,0,Normal
0.862,1.05,1.0,1,1,0.95,0,0,Normal
0.988,1.04,0.1,1,1,0.95,0,0,Normal
0.977,1.01,1.9,1,1,0.97,0,0,Normal
0.889,1.01,1.0,1,1,0.96,0,0,Normal
0.856,0.96,1.9,1,1,0.92,0,0,Normal
0.884,0.96,2.0,1,1,0.94,0,0,Normal
0.886,0.96,0.4,1,1,0.94,0,0,Normal
0.912,1.01,1.3,1,1,0.92,0,0,Normal
0.857,1.03,1.8,1,1,0.98,0,0,Normal
0.89,1.01,1.1,1,1,0.99,0,0,Normal
0.936,0.99,1.9,1,1,0.98,0,0,Normal
0.908,1.01,0.4,1,1,0.94,0,0,Normal
0.529,2.12,12.3,5,2,0.68,0,1,High_Risk
0.943,1.04,1.8,1,1,0.92,0,0,Normal
0.461,2.86,28.7,4,3,0.64,1,1,High_Risk
0.974,1.03,1.4,1,1,0.99,0,0,Normal
0.941,0.95,0.7,1,1,0.91,0,0,Normal
0.878,1.0,0.6,1,1,0.97,0,0,Normal
0.547,3.3,24.7,4,4,0.31,0,1,Suspicious
0.962,1.0,2.0,1,1,0.93,0,0,Normal
0.871,1.05,0.7,1,1,0.99,0,0,Normal
0.932,0.98,0.6,1,1,0.92,0,0,Normal
0.905,1.04,0.1,1,1,0.96,0,0,Normal
0.944,1.05,1.6,1,1,0.96,0,0,Normal
0.981,0.97,1.2,1,1,0.91,0,0,Normal
0.9,1.04,1.4,1,1,0.95,0,0,Normal
0.857,1.02,1.9,1,1,0.91,0,0,Normal
0.97,1.0,1.2,1,1,0.98,0,0,Normal
0.868,0.97,0.2,1,1,0.98,0,0,Normal
0.918,1.03,0.2,1,1,0.99,0,0,Normal
0.941,1.0,1.8,1,1,0.99,0,0,Normal
0.879,0.95,0.5,1,1,0.98,0,0,Normal
0.927,0.98,1.1,1,1,0.97,0,0,Normal
0.942,1.03,1.2,1,1,0.99,0,0,Normal
0.88,0.96,0.3,1,1,0.98,0,0,Normal
0.973,0.99,0.9,1,1,0.97,0,0,Normal
0.967,0.96,0.1,1,1,0.92,0,0,Normal
0.227,4.09,19.4,3,2,0.44,0,1,Suspicious
0.962,1.02,0.1,1,1,0.95,0,0,Normal
0.985,1.04,0.8,1,1,0.9,0,0,Normal
0.914,0.96,0.3,1,1,0.96,0,0,Normal
0.398,4.93,32.4,3,4,0.64,1,1,High_Risk
0.919,1.02,1.9,1,1,0.97,0,0,Normal
0.862,1.04,1.2,1,1,0.94,0,0,Normal
0.868,1.0,0.9,1,1,0.98,0,0,Normal
0.881,1.01,0.6,1,1,0.95,0,0,Normal
0.98,1.05,0.5,1,1,0.99,0,0,Normal
0.855,1.05,0.7,1,1,0.92,0,0,Normal
0.878,1.04,0.5,1,1,0.97,0,0,Normal
0.92,1.03,0.1,1,1,0.99,0,0,Normal
0.881,1.0,1.2,1,1,0.96,0,0,Normal
0.918,0.97,0.5,1,1,0.91,0,0,Normal
0.917,1.03,0.0,1,1,0.95,0,0,Normal
0.911,0.96,1.0,1,1,0.92,0,0,Normal
0.874,1.01,0.4,1,1,0.95,0,0,Normal
0.857,0.96,1.3,1,1,0.92,0,0,Normal
0.896,0.97,0.2,1,1,0.98,0,0,Normal
0.417,3.33,27.0,3,2,0.62,0,1,High_Risk
0.95,0.99,0.5,1,1,0.96,0,0,Normal
0.874,0.95,1.9,1,1,0.96,0,0,Normal
0.9,1.05,1.1,1,1,0.94,0,0,Normal
0.87,0.95,1.9,1,1,0.97,0,0,Normal
0.367,4.1,21.7,2,2,0.44,1,1,High_Risk
0.983,0.97,1.0,1,1,0.93,0,0,Normal
0.871,0.96,1.5,1,1,0.94,0,0,Normal
0.94,0.95,1.9,1,1,0.95,0,0,Normal
0.943,0.97,0.1,1,1,1.0,0,0,Normal
0.45,1.9,29.6,4,2,0.51,0,1,High_Risk
0.957,0.97,1.2,1,1,0.91,0,0,Normal
0.907,1.02,1.2,1,1,0.99,0,0,Normal
0.947,1.01,0.1,1,1,0.97,0,0,Normal
0.869,0.96,0.6,1,1,0.98,0,0,Normal
0.866,0.99,2.0,1,1,0.91,0,0,Normal
0.955,1.02,0.4,1,1,0.95,0,0,Normal
0.969,1.04,0.4,1,1,0.99,0,0,Normal
0.964,0.99,1.9,1,1,0.91,0,0,Normal
0.928,0.96,1.5,1,1,0.98,0,0,Normal
0.96,1.04,0.6,1,1,0.93,0,0,Normal
0.884,0.95,0.9,1,1,0.94,0,0,Normal
0.893,1.01,0.3,1,1,0.94,0,0,Normal
0.965,0.98,0.0,1,1,0.99,0,0,Normal
0.871,0.95,0.1,1,1,0.95,0,0,Normal
0.945,0.97,1.0,1,1,0.96,0,0,Normal
0.868,0.98,0.9,1,1,0.96,0,0,Normal
0.568,3.8,23.0,2,4,0.62,1,1,High_Risk
0.263,2.44,22.4,2,4,0.41,1,1,High_Risk
0.944,1.03,1.5,1,1,0.96,0,0,Normal
0.938,1.03,1.0,1,1,0.92,0,0,Normal
0.857,1.01,1.8,1,1,0.99,0,0,Normal
0.876,0.96,0.3,1,1,0.96,0,0,Normal
0.309,1.82,12.5,3,3,0.67,1,1,Suspicious
0.879,0.99,1.0,1,1,0.96,0,0,Normal
0.941,1.05,1.2,1,1,0.92,0,0,Normal
0.881,1.0,0.2,1,1,1.0,0,0,Normal
0.223,4.25,31.9,2,4,0.34,0,1,High_Risk
0.872,1.02,0.8,1,1,0.92,0,0,Normal
0.419,2.01,17.8,2,2,0.39,0,1,Suspicious
0.938,1.05,0.8,1,1,0.96,0,0,Normal
0.978,1.0,1.0,1,1,0.92,0,0,Normal
0.541,2.94,19.9,3,4,0.32,1,1,Suspicious
0.867,0.96,0.6,1,1,0.94,0,0,Normal
0.943,0.99,1.9,1,1,0.95,0,0,Normal
0.411,2.99,22.0,5,4,0.51,1,1,Suspicious
0.9,0.95,1.9,1,1,0.91,0,0,Normal
0.91,0.97,1.8,1,1,0.93,0,0,Normal
0.854,0.96,0.6,1,1,0.96,0,0,Normal
0.984,1.02,0.8,1,1,0.93,0,0,Normal
0.861,0.97,0.7,1,1,0.91,0,0,Normal
0.888,0.96,0.2,1,1,0.96,0,0,Normal
0.961,1.03,1.2,1,1,0.9,0,0,Normal
0.865,0.95,1.8,1,1,0.94,0,0,Normal
0.912,0.96,0.2,1,1,0.98,0,0,Normal
0.897,0.97,0.8,1,1,0.93,0,0,Normal
0.853,0.98,0.6,1,1,0.97,0,0,Normal
0.603,3.04,19.1,4,2,0.32,1,1,High_Risk
0.866,0.98,1.9,1,1,0.96,0,0,Normal
0.98,1.02,0.2,1,1,1.0,0,0,Normal
0.934,1.01,1.1,1,1,0.97,0,0,Normal
0.89,0.99,0.2,1,1,0.99,0,0,Normal
0.977,1.01,1.3,1,1,0.97,0,0,Normal
0.884,0.97,1.1,1,1,0.92,0,0,Normal
0.868,1.01,0.4,1,1,0.9,0,0,Normal
0.242,2.64,29.5,2,2,0.6,1,1,High_Risk
0.95,1.01,0.2,1,1,0.93,0,0,Normal
0.898,0.97,0.2,1,1,0.93,0,0,Normal
0.911,0.97,0.1,1,1,0.9,0,0,Normal
0.967,1.02,1.2,1,1,0.95,0,0,Normal
0.918,0.98,1.0,1,1,0.99,0,0,Normal
0.892,0.97,1.6,1,1,0.99,0,0,Normal
0.934,0.98,1.4,1,1,0.99,0,0,Normal
0.906,0.99,0.9,1,1,0.97,0,0,Normal
0.528,4.76,14.4,5,2,0.58,1,1,High_Risk
0.93,1.04,0.7,1,1,0.98,0,0,Normal
0.964,0.95,0.5,1,1,0.91,0,0,Normal
0.88,1.02,1.2,1,1,0.9,0,0,Normal
0.97,0.99,1.2,1,1,0.93,0,0,Normal
0.919,1.04,1.2,1,1,0.91,0,0,Normal
0.98,1.01,0.8,1,1,0.96,0,0,Normal
0.93,0.97,0.7,1,1,0.94,0,0,Normal
0.277,3.68,18.8,4,3,0.32,0,1,High_Risk
0.898,0.95,0.7,1,1,0.99,0,0,Normal
0.979,1.0,1.9,1,1,0.92,0,0,Normal
0.9,1.03,0.7,1,1,0.96,0,0,Normal
0.874,1.04,1.5,1,1,0.91,0,0,Normal
0.921,0.95,1.9,1,1,0.95,0,0,Normal
0.933,0.97,0.4,1,1,0.92,0,0,Normal
0.584,4.68,17.5,2,4,0.36,1,1,High_Risk
0.925,1.02,0.4,1,1,0.91,0,0,Normal
0.39,3.35,16.6,3,2,0.43,0,1,Suspicious
0.963,1.03,0.6,1,1,0.95,0,0,Normal
0.903,0.99,0.2,1,1,0.94,0,0,Normal
0.958,0.97,1.8,1,1,0.93,0,0,Normal
0.304,4.02,31.3,5,2,0.54,1,1,High_Risk
0.512,2.26,13.4,3,3,0.47,1,1,Suspicious
0.914,0.96,1.4,1,1,0.94,0,0,Normal
0.856,1.03,2.0,1,1,0.93,0,0,Normal
0.909,0.99,1.5,1,1,0.97,0,0,Normal
0.968,0.98,0.0,1,1,0.96,0,0,Normal
0.983,1.04,1.9,1,1,0.92,0,0,Normal
0.989,1.04,0.8,1,1,0.91,0,0,Normal
0.876,1.04,0.7,1,1,0.94,0,0,Normal
0.896,1.01,0.3,1,1,0.91,0,0,Normal
0.927,0.98,1.9,1,1,0.95,0,0,Normal
0.902,1.0,1.8,1,1,0.96,0,0,Normal
0.924,0.96,0.9,1,1,0.91,0,0,Normal
0.59,1.98,22.4,4,4,0.46,0,1,High_Risk
0.377,3.39,26.7,3,3,0.46,1,1,High_Risk
0.982,1.04,1.4,1,1,0.92,0,0,Normal
0.358,2.81,27.2,2,3,0.43,0,1,High_Risk
0.577,3.28,11.0,4,4,0.5,1,1,High_Risk
0.9,1.05,1.8,1,1,0.94,0,0,Normal
0.867,1.03,1.7,1,1,0.92,0,0,Normal
0.948,1.03,1.1,1,1,1.0,0,0,Normal
0.87,1.0,1.0,1,1,1.0,0,0,Normal
0.868,0.95,0.6,1,1,0.9,0,0,Normal
0.907,0.98,0.7,1,1,0.94,0,0,Normal
0.921,0.98,1.5,1,1,0.99,0,0,Normal
0.969,0.99,0.5,1,1,0.96,0,0,Normal
0.957,0.98,0.3,1,1,0.95,0,0,Normal
0.982,0.98,0.3,1,1,0.97,0,0,Normal
0.89,0.95,0.4,1,1,0.93,0,0,Normal
0.989,0.96,1.0,1,1,0.94,0,0,Normal
0.893,1.03,0.6,1,1,0.95,0,0,Normal
0.97,1.04,0.5,1,1,0.93,0,0,Normal
0.925,0.97,0.7,1,1,0.93,0,0,Normal
0.622,4.62,14.3,4,4,0.54,0,1,High_Risk
0.956,0.98,0.2,1,1,0.94,0,0,Normal
0.912,1.05,0.2,1,1,0.91,0,0,Normal
0.925,1.0,0.9,1,1,0.95,0,0,Normal
0.587,4.84,10.1,4,4,0.36,1,1,High_Risk
0.896,1.04,1.0,1,1,0.91,0,0,Normal
0.917,0.99,1.2,1,1,1.0,0,0,Normal
0.969,1.0,1.5,1,1,0.94,0,0,Normal
0.989,0.98,1.0,1,1,1.0,0,0,Normal
0.895,1.0,1.1,1,1,0.98,0,0,Normal
0.94,0.96,0.6,1,1,0.92,0,0,Normal
0.906,0.98,1.1,1,1,0.97,0,0,Normal
0.865,0.96,1.8,1,1,0.92,0,0,Normal
0.357,2.17,27.5,2,4,0.65,1,1,High_Risk
0.898,1.05,1.8,1,1,0.96,0,0,Normal
0.985,0.95,1.2,1,1,0.95,0,0,Normal
0.904,1.01,0.1,1,1,0.91,0,0,Normal
0.93,1.02,0.3,1,1,0.98,0,0,Normal
0.863,0.99,0.5,1,1,0.96,0,0,Normal
0.897,1.01,0.8,1,1,0.95,0,0,Normal
0.436,3.38,19.8,4,4,0.31,0,1,High_Risk
0.986,1.04,0.2,1,1,0.96,0,0,Normal
0.874,0.95,1.8,1,1,0.93,0,0,Normal
0.427,3.91,20.0,4,3,0.32,1,1,Suspicious
0.884,0.97,1.2,1,1,0.92,0,0,Normal
0.559,1.97,34.2,2,2,0.33,1,1,High_Risk
0.412,4.27,28.7,5,4,0.43,1,1,High_Risk
0.958,0.98,1.9,1,1,0.97,0,0,Normal
0.856,1.0,0.0,1,1,0.9,0,0,Normal
0.901,1.03,1.7,1,1,0.92,0,0,Normal
0.974,1.02,1.0,1,1,0.92,0,0,Normal
0.864,1.0,1.5,1,1,0.99,0,0,Normal
0.961,1.02,0.8,1,1,0.91,0,0,Normal
0.881,0.98,0.2,1,1,1.0,0,0,Normal
0.551,3.74,34.2,2,2,0.3,1,1,Suspicious
0.918,0.99,1.6,1,1,0.97,0,0,Normal
0.942,0.98,1.9,1,1,0.96,0,0,Normal
0.944,1.01,2.0,1,1,0.95,0,0,Normal
0.948,1.01,0.3,1,1,1.0,0,0,Normal
0.974,0.96,1.1,1,1,0.97,0,0,Normal
0.877,0.97,0.2,1,1,0.92,0,0,Normal
0.864,1.03,1.6,1,1,0.98,0,0,Normal
0.61,3.68,11.7,5,2,0.34,0,1,High_Risk
0.873,0.98,1.5,1,1,0.91,0,0,Normal
0.89,1.0,0.5,1,1,0.95,0,0,Normal
0.928,0.95,0.0,1,1,0.96,0,0,Normal
0.947,0.98,1.6,1,1,0.9,0,0,Normal
0.862,0.96,0.0,1,1,0.91,0,0,Normal
0.949,0.96,0.6,1,1,0.99,0,0,Normal
0.974,0.98,1.7,1,1,0.91,0,0,Normal
0.863,1.04,1.4,1,1,0.99,0,0,Normal
0.944,0.98,0.5,1,1,0.9,0,0,Normal
0.947,1.0,1.0,1,1,0.93,0,0,Normal
0.98,1.02,0.4,1,1,0.93,0,0,Normal
0.931,1.04,1.5,1,1,1.0,0,0,Normal
0.886,1.03,0.0,1,1,0.92,0,0,Normal
0.988,1.04,1.4,1,1,0.96,0,0,Normal
0.954,0.98,1.5,1,1,0.99,0,0,Normal
0.533,3.17,25.5,3,3,0.44,1,1,High_Risk
0.944,1.05,1.9,1,1,0.91,0,0,Normal
0.884,1.0,0.4,1,1,0.93,0,0,Normal
0.942,0.98,1.4,1,1,0.93,0,0,Normal
0.891,1.05,1.8,1,1,0.96,0,0,Normal
0.952,0.97,1.3,1,1,0.97,0,0,Normal
0.512,4.54,30.2,4,3,0.55,1,1,High_Risk
0.96,0.96,0.9,1,1,0.95,0,0,Normal
0.856,0.97,0.7,1,1,0.92,0,0,Normal
0.903,0.96,1.7,1,1,0.97,0,0,Normal
0.972,1.0,1.6,1,1,0.98,0,0,Normal
0.886,0.98,1.1,1,1,0.97,0,0,Normal
0.926,1.0,1.8,1,1,0.91,0,0,Normal
0.955,1.01,0.7,1,1,0.98,0,0,Normal
0.919,0.97,1.4,1,1,0.92,0,0,Normal
0.943,0.98,0.7,1,1,0.99,0,0,Normal
0.874,0.98,0.8,1,1,0.99,0,0,Normal
0.862,1.02,0.1,1,1,0.96,0,0,Normal
0.967,0.99,0.9,1,1,0.92,0,0,Normal
0.905,0.97,0.2,1,1,0.98,0,0,Normal
0.95,1.0,0.5,1,1,0.97,0,0,Normal
0.925,0.98,1.1,1,1,0.91,0,0,Normal
0.969,1.05,0.5,1,1,0.93,0,0,Normal
0.977,0.97,1.1,1,1,0.92,0,0,Normal
0.879,1.04,0.9,1,1,0.97,0,0,Normal
0.593,2.42,11.3,5,3,0.6,1,1,High_Risk
0.859,1.04,0.6,1,1,0.94,0,0,Normal
0.904,1.04,0.9,1,1,0.91,0,0,Normal
0.499,4.4,27.9,4,4,0.62,1,1,High_Risk
0.425,1.82,34.4,2,2,0.69,1,1,Suspicious
0.947,0.98,1.0,1,1,0.96,0,0,Normal
0.887,0.95,0.5,1,1,0.98,0,0,Normal
0.915,0.99,0.0,1,1,0.91,0,0,Normal
0.872,1.03,2.0,1,1,0.99,0,0,Normal
0.878,1.03,0.4,1,1,0.9,0,0,Normal
0.872,1.01,1.1,1,1,0.96,0,0,Normal
0.965,0.96,1.6,1,1,0.95,0,0,Normal
0.889,0.98,1.5,1,1,0.9,0,0,Normal
0.866,0.96,1.5,1,1,0.91,0,0,Normal
0.207,3.12,17.1,4,2,0.44,0,1,High_Risk
0.987,0.96,0.1,1,1,0.93,0,0,Normal
0.851,0.99,0.2,1,1,0.98,0,0,Normal
0.895,0.97,0.5,1,1,0.99,0,0,Normal
0.864,0.97,0.1,1,1,0.91,0,0,Normal
0.976,1.02,0.5,1,1,0.94,0,0,Normal
0.941,0.97,1.2,1,1,0.93,0,0,Normal
0.884,0.96,1.5,1,1,0.92,0,0,Normal
0.962,1.02,0.5,1,1,1.0,0,0,Normal
0.371,4.87,29.9,5,2,0.4,1,1,High_Risk
0.906,0.96,0.2,1,1,0.97,0,0,Normal
0.98,1.01,1.0,1,1,0.96,0,0,Normal
0.96,1.0,1.6,1,1,0.93,0,0,Normal
0.905,0.96,0.9,1,1,0.94,0,0,Normal
0.883,1.01,1.6,1,1,0.95,0,0,Normal
0.899,1.04,1.7,1,1,0.92,0,0,Normal
0.876,1.0,1.3,1,1,0.97,0,0,Normal
0.874,1.0,0.1,1,1,0.95,0,0,Normal
0.506,3.93,16.7,3,4,0.37,0,1,High_Risk
0.62,2.27,24.5,3,2,0.51,1,1,High_Risk
0.888,1.0,0.6,1,1,0.92,0,0,Normal
0.938,1.05,1.1,1,1,0.96,0,0,Normal
0.978,0.95,0.1,1,1,0.95,0,0,Normal
0.896,1.05,0.0,1,1,0.98,0,0,Normal
0.865,1.02,1.5,1,1,0.9,0,0,Normal
0.937,1.04,1.4,1,1,0.95,0,0,Normal
0.851,0.99,1.9,1,1,0.95,0,0,Normal
0.941,0.98,1.6,1,1,1.0,0,0,Normal
0.896,0.96,0.8,1,1,0.99,0,0,Normal
0.928,0.98,0.5,1,1,0.94,0,0,Normal
0.851,0.96,1.2,1,1,0.95,0,0,Normal
0.909,0.96,1.2,1,1,0.94,0,0,Normal
0.977,1.02,1.9,1,1,0.95,0,0,Normal
0.913,1.01,1.4,1,1,0.95,0,0,Normal
0.895,0.98,0.7,1,1,0.91,0,0,Normal
0.88,1.0,1.9,1,1,0.97,0,0,Normal
0.903,1.01,0.5,1,1,0.9,0,0,Normal
0.983,0.96,1.4,1,1,0.91,0,0,Normal
0.899,0.98,2.0,1,1,0.99,0,0,Normal
0.987,0.96,0.5,1,1,0.96,0,0,Normal
0.989,0.98,0.4,1,1,0.96,0,0,Normal
0.874,1.03,0.5,1,1,0.93,0,0,Normal
0.626,4.72,31.9,3,4,0.36,0,1,Suspicious
0.984,0.96,1.5,1,1,0.97,0,0,Normal
0.938,0.95,1.7,1,1,0.94,0,0,Normal
0.894,0.97,1.9,1,1,0.96,0,0,Normal
0.901,0.98,1.1,1,1,0.95,0,0,Normal
0.913,1.05,0.8,1,1,0.94,0,0,Normal
0.924,0.98,0.0,1,1,0.91,0,0,Normal
0.85,1.01,0.0,1,1,0.91,0,0,Normal
0.923,1.01,0.6,1,1,0.97,0,0,Normal
0.979,0.98,1.2,1,1,0.92,0,0,Normal
0.637,2.27,31.2,3,2,0.53,0,1,High_Risk
0.968,0.97,1.3,1,1,0.95,0,0,Normal
0.961,1.0,1.0,1,1,0.99,0,0,Normal
0.959,0.98,0.1,1,1,0.95,0,0,Normal
0.974,1.0,1.1,1,1,0.99,0,0,Normal
0.869,0.98,1.1,1,1,0.92,0,0,Normal
0.941,0.98,0.8,1,1,0.95,0,0,Normal
0.961,0.95,0.1,1,1,0.97,0,0,Normal
0.857,1.03,1.4,1,1,0.91,0,0,Normal
0.983,1.0,1.6,1,1,0.96,0,0,Normal
0.981,1.04,1.9,1,1,0.91,0,0,Normal
0.903,0.96,1.9,1,1,0.99,0,0,Normal
0.85,1.03,1.8,1,1,0.9,0,0,Normal
0.45,4.85,33.3,5,4,0.69,1,1,High_Risk
0.954,0.98,1.2,1,1,0.97,0,0,Normal
0.932,0.97,0.7,1,1,0.9,0,0,Normal
0.957,1.04,1.4,1,1,0.96,0,0,Normal
0.949,1.04,1.7,1,1,0.97,0,0,Normal
0.9,1.05,2.0,1,1,0.94,0,0,Normal
0.404,2.9,16.0,3,4,0.37,1,1,Suspicious
0.931,1.04,1.3,1,1,0.98,0,0,Normal
0.322,3.89,16.6,3,4,0.67,1,1,High_Risk
0.299,4.9,14.3,3,2,0.66,1,1,High_Risk
0.394,4.05,19.3,5,3,0.53,1,1,High_Risk
0.87,0.97,1.6,1,1,0.98,0,0,Normal
0.888,1.03,0.9,1,1,0.94,0,0,Normal
0.901,1.03,1.3,1,1,0.93,0,0,Normal
0.877,1.02,0.5,1,1,0.93,0,0,Normal
0.973,1.0,1.6,1,1,0.94,0,0,Normal
0.89,0.96,1.1,1,1,0.95,0,0,Normal
0.951,1.01,1.5,1,1,0.97,0,0,Normal
0.915,1.01,1.1,1,1,0.93,0,0,Normal
0.966,1.0,1.0,1,1,0.93,0,0,Normal
0.988,0.96,1.6,1,1,1.0,0,0,Normal
0.939,1.0,2.0,1,1,1.0,0,0,Normal
0.86,1.0,1.5,1,1,0.95,0,0,Normal
0.86,1.02,0.9,1,1,0.91,0,0,Normal
0.985,1.01,0.8,1,1,1.0,0,0,Normal
0.887,1.05,0.2,1,1,0.95,0,0,Normal
0.967,1.03,1.1,1,1,0.91,0,0,Normal
0.944,1.04,0.6,1,1,0.98,0,0,Normal
0.906,1.02,0.0,1,1,0.95,0,0,Normal
0.989,0.95,1.9,1,1,0.99,0,0,Normal
0.986,0.95,0.6,1,1,0.95,0,0,Normal
0.972,1.04,1.5,1,1,0.92,0,0,Normal
0.971,0.97,0.8,1,1,0.93,0,0,Normal
0.934,0.98,1.5,1,1,0.99,0,0,Normal
0.966,0.98,0.6,1,1,0.98,0,0,Normal
0.938,1.0,0.2,1,1,0.92,0,0,Normal
0.946,1.02,0.9,1,1,0.99,0,0,Normal
0.916,0.98,0.4,1,1,0.99,0,0,Normal
0.918,0.98,1.7,1,1,0.93,0,0,Normal
0.962,0.99,1.5,1,1,0.96,0,0,Normal
0.944,0.97,0.4,1,1,0.91,0,0,Normal
0.984,0.98,1.9,1,1,0.91,0,0,Normal
0.956,0.98,1.2,1,1,0.95,0,0,Normal
0.959,1.05,0.4,1,1,0.9,0,0,Normal
0.283,3.19,19.0,2,4,0.63,0,1,High_Risk
0.874,0.97,1.9,1,1,1.0,0,0,Normal
0.883,1.02,0.4,1,1,1.0,0,0,Normal
0.927,1.04,0.1,1,1,0.93,0,0,Normal
0.232,4.37,12.8,4,3,0.6,1,1,Suspicious
0.905,0.98,1.9,1,1,0.97,0,0,Normal
0.928,1.04,0.4,1,1,0.98,0,0,Normal
0.968,0.99,0.3,1,1,0.96,0,0,Normal
0.903,0.95,1.4,1,1,0.97,0,0,Normal
0.906,1.02,0.8,1,1,0.99,0,0,Normal
0.877,1.02,1.1,1,1,0.91,0,0,Normal
0.937,1.0,1.5,1,1,0.97,0,0,Normal
0.952,1.03,0.3,1,1,0.96,0,0,Normal
0.869,0.98,1.9,1,1,0.97,0,0,Normal
0.965,1.03,0.3,1,1,0.95,0,0,Normal
0.936,1.04,0.4,1,1,0.91,0,0,Normal
0.907,1.03,0.1,1,1,0.98,0,0,Normal
0.915,1.0,1.2,1,1,0.92,0,0,Normal
0.963,1.03,0.2,1,1,0.95,0,0,Normal
0.477,4.84,21.2,2,4,0.4,1,1,High_Risk
0.878,1.0,0.4,1,1,0.92,0,0,Normal
0.94,0.99,1.1,1,1,0.99,0,0,Normal
0.861,1.03,0.9,1,1,0.95,0,0,Normal
0.967,0.99,0.5,1,1,0.94,0,0,Normal
0.978,0.97,0.1,1,1,0.95,0,0,Normal
0.975,0.95,1.2,1,1,0.98,0,0,Normal
0.943,1.01,1.8,1,1,0.97,0,0,Normal
0.892,1.0,0.2,1,1,0.95,0,0,Normal
0.346,4.79,28.7,2,2,0.64,1,1,High_Risk
0.942,1.03,2.0,1,1,0.93,0,0,Normal
0.881,1.04,0.9,1,1,0.91,0,0,Normal
0.959,0.98,0.1,1,1,0.92,0,0,Normal
0.874,0.97,0.5,1,1,0.94,0,0,Normal
0.915,1.0,1.8,1,1,0.96,0,0,Normal
0.949,0.97,1.2,1,1,0.92,0,0,Normal
0.875,0.98,1.0,1,1,0.95,0,0,Normal
0.901,0.97,1.0,1,1,0.97,0,0,Normal
0.968,1.0,1.0,1,1,0.94,0,0,Normal
0.947,1.0,0.6,1,1,0.96,0,0,Normal
0.879,1.01,0.3,1,1,0.95,0,0,Normal
0.856,1.01,0.2,1,1,0.94,0,0,Normal
0.87,0.95,0.3,1,1,0.91,0,0,Normal
0.918,1.0,0.5,1,1,0.93,0,0,Normal
0.864,1.01,0.8,1,1,0.95,0,0,Normal
0.906,1.05,1.4,1,1,0.98,0,0,Normal
0.927,0.97,1.5,1,1,0.9,0,0,Normal
0.882,0.95,1.1,1,1,0.94,0,0,Normal
0.89,0.96,0.6,1,1,0.91,0,0,Normal
0.414,2.41,14.5,3,3,0.67,0,1,Suspicious
0.967,0.97,0.9,1,1,0.92,0,0,Normal
0.872,1.0,0.6,1,1,0.95,0,0,Normal
0.891,1.04,0.7,1,1,0.9,0,0,Normal
0.955,1.05,1.5,1,1,0.99,0,0,Normal
0.974,1.05,1.9,1,1,0.95,0,0,Normal
0.857,1.05,0.2,1,1,0.97,0,0,Normal
0.852,1.05,0.5,1,1,0.97,0,0,Normal
0.881,1.01,1.9,1,1,0.91,0,0,Normal
0.941,1.03,1.1,1,1,0.98,0,0,Normal
0.855,1.01,1.3,1,1,0.92,0,0,Normal
0.85,0.98,0.7,1,1,0.95,0,0,Normal
0.934,0.99,0.4,1,1,0.91,0,0,Normal
0.854,1.02,1.9,1,1,0.97,0,0,Normal
0.409,2.43,12.0,2,4,0.52,1,1,High_Risk
0.854,0.98,1.8,1,1,0.97,0,0,Normal
0.973,1.02,0.7,1,1,0.94,0,0,Normal
0.984,1.04,1.0,1,1,0.97,0,0,Normal
0.219,2.86,26.6,4,2,0.55,1,1,Suspicious
0.227,4.69,16.3,4,4,0.57,1,1,Suspicious
0.945,0.96,1.1,1,1,0.99,0,0,Normal
0.887,0.97,1.5,1,1,0.91,0,0,Normal
0.901,1.0,0.0,1,1,0.98,0,0,Normal
0.913,1.05,0.8,1,1,0.92,0,0,Normal
0.947,1.01,0.1,1,1,0.92,0,0,Normal
0.966,0.96,1.5,1,1,0.95,0,0,Normal
0.916,0.99,1.8,1,1,0.94,0,0,Normal
0.338,3.18,10.7,3,3,0.45,0,1,Suspicious
0.939,1.02,0.9,1,1,0.9,0,0,Normal
0.9,0.97,1.9,1,1,0.95,0,0,Normal
0.895,1.01,0.6,1,1,0.95,0,0,Normal
0.913,0.96,1.9,1,1,0.91,0,0,Normal
0.91,0.96,0.4,1,1,0.97,0,0,Normal
0.907,1.02,0.7,1,1,0.93,0,0,Normal
0.943,1.04,0.6,1,1,0.93,0,0,Normal
0.929,0.98,1.7,1,1,0.99,0,0,Normal
0.898,1.02,1.7,1,1,0.91,0,0,Normal
0.883,1.01,0.2,1,1,0.99,0,0,Normal
0.912,0.97,0.9,1,1,0.96,0,0,Normal
0.93,1.0,1.1,1,1,0.98,0,0,Normal
0.893,0.99,0.1,1,1,0.9,0,0,Normal
0.886,0.97,1.5,1,1,0.97,0,0,Normal
0.921,1.02,0.1,1,1,0.95,0,0,Normal
0.885,1.02,1.9,1,1,0.92,0,0,Normal
0.865,1.01,1.5,1,1,1.0,0,0,Normal
0.895,0.99,0.4,1,1,0.99,0,0,Normal
0.972,0.97,1.3,1,1,0.95,0,0,Normal
0.275,1.85,14.0,2,4,0.33,1,1,High_Risk
0.98,1.04,0.0,1,1,0.96,0,0,Normal
0.853,0.96,0.1,1,1,0.97,0,0,Normal
0.952,0.99,0.5,1,1,0.98,0,0,Normal
0.882,0.96,0.0,1,1,1.0,0,0,Normal
0.963,0.95,0.1,1,1,0.94,0,0,Normal
0.984,0.95,0.2,1,1,0.96,0,0,Normal
0.303,4.19,32.7,3,4,0.49,1,1,High_Risk
0.941,1.0,1.7,1,1,0.92,0,0,Normal
0.855,0.95,0.0,1,1,0.96,0,0,Normal
0.976,1.01,1.5,1,1,0.91,0,0,Normal
0.88,0.99,0.4,1,1,0.99,0,0,Normal
0.922,1.01,1.3,1,1,0.98,0,0,Normal
0.921,1.03,1.6,1,1,0.91,0,0,Normal
0.261,1.8,17.5,4,2,0.5,1,1,High_Risk
0.959,0.96,1.6,1,1,0.93,0,0,Normal
0.95,1.03,0.9,1,1,0.95,0,0,Normal
0.904,1.01,0.3,1,1,0.95,0,0,Normal
0.987,1.05,1.4,1,1,0.94,0,0,Normal
0.871,1.05,1.6,1,1,0.96,0,0,Normal
0.904,0.97,0.3,1,1,0.92,0,0,Normal
0.909,0.97,1.0,1,1,0.99,0,0,Normal
0.983,0.99,0.8,1,1,0.91,0,0,Normal
0.927,0.96,1.3,1,1,0.98,0,0,Normal
0.969,1.02,0.6,1,1,0.91,0,0,Normal
0.982,0.99,0.6,1,1,0.95,0,0,Normal
0.978,1.02,0.6,1,1,0.91,0,0,Normal
0.878,0.98,0.7,1,1,0.97,0,0,Normal
0.878,1.02,1.1,1,1,0.95,0,0,Normal
0.869,0.98,0.1,1,1,0.97,0,0,Normal
0.85,1.02,1.2,1,1,0.9,0,0,Normal
0.862,1.04,0.8,1,1,0.93,0,0,Normal
0.961,0.97,2.0,1,1,0.94,0,0,Normal
0.942,1.02,0.7,1,1,0.96,0,0,Normal
0.904,0.97,1.0,1,1,0.94,0,0,Normal
0.874,0.96,0.9,1,1,0.96,0,0,Normal
0.952,0.99,1.3,1,1,0.96,0,0,Normal
0.893,1.03,1.1,1,1,0.94,0,0,Normal
0.95,1.04,0.1,1,1,0.97,0,0,Normal
0.865,1.04,1.7,1,1,0.94,0,0,Normal
0.933,1.03,0.2,1,1,0.93,0,0,Normal
0.906,0.98,1.4,1,1,0.97,0,0,Normal
0.909,0.98,0.9,1,1,1.0,0,0,Normal
0.926,0.98,0.1,1,1,0.99,0,0,Normal
0.548,2.88,27.0,2,2,0.55,1,1,High_Risk
0.904,1.01,1.0,1,1,0.9,0,0,Normal
0.925,0.97,1.0,1,1,0.94,0,0,Normal
0.931,1.05,1.1,1,1,0.96,0,0,Normal
0.878,1.02,0.8,1,1,0.97,0,0,Normal
0.899,1.05,1.8,1,1,0.9,0,0,Normal
0.907,0.96,1.2,1,1,0.99,0,0,Normal
0.974,1.02,1.7,1,1,0.98,0,0,Normal
0.953,1.01,0.4,1,1,0.93,0,0,Normal
0.875,1.0,0.1,1,1,0.92,0,0,Normal
0.886,1.02,1.4,1,1,0.93,0,0,Normal
0.952,0.97,1.3,1,1,0.98,0,0,Normal
0.973,1.03,0.1,1,1,0.91,0,0,Normal
0.556,2.48,16.4,3,2,0.66,1,1,Suspicious
0.985,0.96,1.1,1,1,0.98,0,0,Normal
0.98,1.02,1.8,1,1,0.91,0,0,Normal
0.922,0.97,1.2,1,1,0.98,0,0,Normal
0.965,0.99,2.0,1,1,0.96,0,0,Normal
0.91,1.01,0.4,1,1,1.0,0,0,Normal
0.942,0.96,2.0,1,1,0.99,0,0,Normal
0.971,0.98,1.9,1,1,0.96,0,0,Normal
0.869,1.0,0.6,1,1,0.97,0,0,Normal
0.961,1.0,1.1,1,1,0.92,0,0,Normal
0.925,1.04,1.0,1,1,0.92,0,0,Normal
0.913,1.04,0.1,1,1,0.96,0,0,Normal
0.981,0.97,0.3,1,1,0.94,0,0,Normal
0.869,0.97,1.1,1,1,0.99,0,0,Normal
0.986,1.05,1.3,1,1,0.94,0,0,Normal
0.979,0.97,0.1,1,1,0.98,0,0,Normal
0.86,1.04,0.2,1,1,0.96,0,0,Normal
0.893,1.01,0.1,1,1,0.98,0,0,Normal
0.985,1.04,0.3,1,1,0.98,0,0,Normal
0.989,1.01,1.1,1,1,0.92,0,0,Normal
0.868,0.99,0.9,1,1,0.96,0,0,Normal
0.932,1.01,0.6,1,1,0.96,0,0,Normal
0.863,1.05,0.6,1,1,0.94,0,0,Normal
0.867,1.02,1.1,1,1,0.96,0,0,Normal
0.984,1.02,1.3,1,1,0.97,0,0,Normal
0.966,1.01,0.1,1,1,0.9,0,0,Normal
0.868,1.01,2.0,1,1,0.97,0,0,Normal
0.917,0.99,0.7,1,1,0.95,0,0,Normal
0.859,1.01,1.9,1,1,0.99,0,0,Normal
0.86,1.03,0.4,1,1,0.94,0,0,Normal
0.901,1.02,0.8,1,1,0.97,0,0,Normal
0.576,4.65,25.6,2,3,0.31,1,1,High_Risk
0.413,2.32,14.1,2,4,0.49,1,1,High_Risk
0.947,1.03,0.3,1,1,0.96,0,0,Normal
0.957,1.0,1.1,1,1,0.98,0,0,Normal
0.916,0.95,0.1,1,1,0.99,0,0,Normal
0.886,1.02,0.0,1,1,0.96,0,0,Normal
0.856,1.04,1.3,1,1,0.95,0,0,Normal
0.931,0.95,0.8,1,1,0.97,0,0,Normal
0.948,0.97,1.9,1,1,0.96,0,0,Normal
0.904,1.03,0.0,1,1,0.93,0,0,Normal
0.856,0.99,0.8,1,1,0.98,0,0,Normal
0.899,0.99,1.1,1,1,0.91,0,0,Normal
0.913,1.0,0.5,1,1,1.0,0,0,Normal
0.972,0.98,1.3,1,1,0.93,0,0,Normal
0.397,3.31,23.4,5,2,0.32,1,1,High_Risk
0.913,0.97,1.4,1,1,0.9,0,0,Normal
0.912,1.03,0.2,1,1,0.9,0,0,Normal
0.866,1.04,1.8,1,1,0.99,0,0,Normal
0.498,1.99,16.1,3,3,0.3,1,1,Suspicious
0.956,1.01,0.8,1,1,0.94,0,0,Normal
0.865,1.04,1.0,1,1,0.97,0,0,Normal
0.915,1.0,1.9,1,1,0.98,0,0,Normal
0.894,0.96,0.2,1,1,0.98,0,0,Normal
0.88,1.03,0.9,1,1,0.92,0,0,Normal
0.971,0.96,1.0,1,1,0.94,0,0,Normal
0.904,1.03,0.6,1,1,0.91,0,0,Normal
0.935,1.02,0.3,1,1,1.0,0,0,Normal
0.87,1.0,1.1,1,1,0.96,0,0,Normal
0.883,0.96,1.0,1,1,0.96,0,0,Normal
0.968,0.97,0.6,1,1,0.93,0,0,Normal
0.942,1.03,1.2,1,1,0.94,0,0,Normal
0.925,1.02,1.2,1,1,0.93,0,0,Normal
0.97,1.03,1.2,1,1,0.97,0,0,Normal
0.942,0.96,0.8,1,1,0.93,0,0,Normal
0.946,1.0,0.8,1,1,1.0,0,0,Normal
0.961,1.05,1.7,1,1,0.91,0,0,Normal
0.967,1.0,1.5,1,1,0.99,0,0,Normal
0.981,1.03,2.0,1,1,0.99,0,0,Normal
0.937,0.98,1.4,1,1,0.91,0,0,Normal
0.905,1.01,0.6,1,1,0.99,0,0,Normal
0.986,0.97,1.5,1,1,0.97,0,0,Normal
0.852,0.98,0.9,1,1,0.95,0,0,Normal
0.932,1.05,1.2,1,1,0.99,0,0,Normal
0.969,1.01,1.5,1,1,0.94,0,0,Normal
0.87,0.97,0.2,1,1,0.98,0,0,Normal
0.87,1.01,1.4,1,1,0.92,0,0,Normal
0.917,1.0,1.1,1,1,0.95,0,0,Normal
0.966,1.03,0.5,1,1,0.92,0,0,Normal
0.533,1.88,12.2,2,4,0.34,1,1,Suspicious
0.952,0.96,0.8,1,1,0.96,0,0,Normal
0.854,1.04,0.2,1,1,1.0,0,0,Normal
0.914,1.03,0.5,1,1,0.93,0,0,Normal
0.876,0.99,1.7,1,1,0.97,0,0,Normal
0.879,0.97,1.2,1,1,0.95,0,0,Normal
0.984,1.02,1.4,1,1,0.9,0,0,Normal
0.887,1.03,1.2,1,1,0.93,0,0,Normal
0.989,1.0,0.2,1,1,0.94,0,0,Normal
0.937,1.04,1.0,1,1,0.9,0,0,Normal
0.573,3.68,34.5,2,4,0.69,1,1,High_Risk
0.589,2.54,28.7,4,2,0.31,1,1,Suspicious
0.979,0.98,0.2,1,1,0.95,0,0,Normal
0.977,0.97,1.5,1,1,0.97,0,0,Normal
0.864,0.98,1.9,1,1,0.99,0,0,Normal
0.593,3.12,17.2,2,4,0.56,0,1,High_Risk
0.959,1.0,1.4,1,1,0.99,0,0,Normal
0.955,0.96,1.5,1,1,0.93,0,0,Normal
0.934,0.98,1.5,1,1,0.94,0,0,Normal
0.963,1.03,0.5,1,1,0.9,0,0,Normal
0.943,1.02,1.1,1,1,0.99,0,0,Normal
0.983,1.05,0.2,1,1,0.98,0,0,Normal
0.988,0.96,0.9,1,1,0.92,0,0,Normal
0.879,1.01,1.2,1,1,0.91,0,0,Normal
0.369,2.53,11.8,2,4,0.57,1,1,High_Risk
0.901,1.02,1.3,1,1,0.98,0,0,Normal
0.944,1.03,1.8,1,1,0.9,0,0,Normal
0.954,1.0,0.3,1,1,0.92,0,0,Normal
0.896,0.99,1.8,1,1,0.91,0,0,Normal
0.934,0.95,0.2,1,1,0.96,0,0,Normal
0.853,1.02,1.0,1,1,0.99,0,0,Normal
0.898,0.99,1.9,1,1,0.96,0,0,Normal
0.555,3.82,27.7,2,3,0.43,1,1,High_Risk
0.921,0.97,1.8,1,1,0.91,0,0,Normal
0.872,1.04,0.4,1,1,0.91,0,0,Normal
0.312,4.53,34.3,2,4,0.35,0,1,High_Risk
0.988,1.03,0.3,1,1,0.91,0,0,Normal
0.87,0.98,0.5,1,1,0.93,0,0,Normal
0.931,1.0,0.6,1,1,0.99,0,0,Normal
0.917,1.01,1.8,1,1,0.91,0,0,Normal
0.851,0.98,1.6,1,1,0.98,0,0,Normal
0.516,3.39,14.7,2,2,0.61,1,1,High_Risk
0.975,1.04,0.0,1,1,0.96,0,0,Normal
0.931,0.96,0.7,1,1,0.96,0,0,Normal
0.973,0.97,0.4,1,1,0.98,0,0,Normal
0.953,1.01,1.0,1,1,0.92,0,0,Normal
0.379,2.88,29.4,4,2,0.66,1,1,Suspicious
0.587,4.81,32.0,5,3,0.63,1,1,Suspicious
0.908,0.96,1.7,1,1,1.0,0,0,Normal
0.939,0.97,1.9,1,1,0.97,0,0,Normal
0.418,2.92,34.5,2,4,0.59,0,1,High_Risk
0.901,1.03,0.5,1,1,0.94,0,0,Normal
0.481,3.29,30.9,5,3,0.33,1,1,High_Risk
0.901,0.96,1.2,1,1,0.94,0,0,Normal
0.592,4.77,15.5,2,2,0.58,1,1,High_Risk
0.988,1.05,0.3,1,1,0.94,0,0,Normal
0.899,1.01,0.2,1,1,0.99,0,0,Normal
0.939,0.96,1.5,1,1,0.91,0,0,Normal
0.984,0.99,0.6,1,1,0.91,0,0,Normal
0.43,3.26,21.7,3,2,0.56,1,1,High_Risk
0.973,0.97,1.0,1,1,0.93,0,0,Normal
0.628,4.34,20.7,2,3,0.3,1,1,Suspicious
0.916,0.99,1.4,1,1,0.95,0,0,Normal
0.899,1.03,1.4,1,1,0.98,0,0,Normal
0.929,1.0,1.5,1,1,0.92,0,0,Normal
0.649,1.89,20.4,4,2,0.57,1,1,Suspicious
0.898,1.02,0.9,1,1,0.93,0,0,Normal
0.897,1.04,1.1,1,1,0.99,0,0,Normal
0.915,1.0,0.6,1,1,0.92,0,0,Normal
0.303,3.68,31.9,3,2,0.38,1,1,High_Risk
0.581,2.43,32.5,4,2,0.45,1,1,Suspicious
0.864,0.97,0.2,1,1,0.95,0,0,Normal
0.856,1.03,1.5,1,1,0.97,0,0,Normal
0.983,0.98,1.5,1,1,0.95,0,0,Normal
0.936,0.98,1.6,1,1,0.98,0,0,Normal
0.876,0.96,1.3,1,1,0.9,0,0,Normal
0.934,0.98,0.4,1,1,0.93,0,0,Normal
0.85,1.02,0.2,1,1,0.97,0,0,Normal
0.858,1.04,1.0,1,1,0.94,0,0,Normal
0.876,1.0,0.7,1,1,0.99,0,0,Normal
0.955,0.98,0.5,1,1,0.95,0,0,Normal
0.975,1.02,1.5,1,1,0.99,0,0,Normal
0.93,0.99,0.3,1,1,0.95,0,0,Normal
0.891,1.04,1.2,1,1,0.98,0,0,Normal
0.539,3.99,30.2,4,2,0.36,0,1,High_Risk
0.902,0.99,0.3,1,1,0.94,0,0,Normal
0.964,1.01,1.5,1,1,0.99,0,0,Normal
0.495,3.94,15.0,4,4,0.55,1,1,High_Risk
0.975,0.99,0.7,1,1,0.92,0,0,Normal
0.983,1.02,1.1,1,1,0.93,0,0,Normal
0.906,1.03,1.2,1,1,0.92,0,0,Normal
0.959,1.01,1.0,1,1,0.98,0,0,Normal
0.933,0.95,1.5,1,1,0.99,0,0,Normal
0.858,1.01,1.9,1,1,0.91,0,0,Normal
0.979,1.04,0.3,1,1,0.98,0,0,Normal
0.983,0.96,1.6,1,1,0.98,0,0,Normal
0.914,0.97,0.2,1,1,1.0,0,0,Normal
0.945,1.05,1.2,1,1,0.96,0,0,Normal
0.912,1.02,0.1,1,1,0.9,0,0,Normal
0.917,0.99,1.6,1,1,0.91,0,0,Normal
0.91,1.03,0.8,1,1,0.91,0,0,Normal
0.978,0.97,0.2,1,1,0.97,0,0,Normal
0.307,3.68,20.8,5,4,0.36,1,1,High_Risk
0.923,0.99,1.2,1,1,0.94,0,0,Normal
0.867,0.96,1.5,1,1,0.94,0,0,Normal
0.585,2.15,31.8,4,3,0.3,1,1,High_Risk
0.923,0.97,0.1,1,1,0.92,0,0,Normal
0.911,1.02,0.8,1,1,0.98,0,0,Normal
0.916,1.02,0.4,1,1,0.95,0,0,Normal
0.935,0.99,0.2,1,1,0.96,0,0,Normal
0.855,1.02,0.5,1,1,0.94,0,0,Normal
0.9,0.99,0.4,1,1,0.93,0,0,Normal
0.329,3.55,13.5,4,3,0.44,1,1,Suspicious
0.93,0.96,0.1,1,1,0.95,0,0,Normal
0.911,0.95,0.9,1,1,0.91,0,0,Normal
0.879,1.0,0.3,1,1,0.94,0,0,Normal
0.863,0.96,0.1,1,1,0.94,0,0,Normal
0.895,0.96,0.9,1,1,0.98,0,0,Normal
0.973,0.99,2.0,1,1,0.98,0,0,Normal
0.913,0.97,2.0,1,1,0.93,0,0,Normal
0.888,0.99,1.8,1,1,0.92,0,0,Normal
0.873,1.0,0.9,1,1,0.98,0,0,Normal
0.977,1.03,1.6,1,1,0.96,0,0,Normal
0.92,1.01,1.1,1,1,0.97,0,0,Normal
0.922,1.01,1.1,1,1,0.92,0,0,Normal
0.875,1.01,1.9,1,1,0.99,0,0,Normal
0.873,0.97,1.6,1,1,0.96,0,0,Normal
0.884,0.99,0.8,1,1,0.97,0,0,Normal
0.629,4.66,31.0,5,2,0.35,1,1,High_Risk
0.91,0.97,0.1,1,1,0.96,0,0,Normal
0.908,0.97,0.2,1,1,0.97,0,0,Normal
0.876,1.0,1.6,1,1,0.93,0,0,Normal
0.921,1.02,1.4,1,1,0.97,0,0,Normal
0.925,1.01,1.1,1,1,0.97,0,0,Normal
0.873,1.05,0.5,1,1,0.94,0,0,Normal
0.883,0.98,0.5,1,1,0.91,0,0,Normal
0.472,2.15,32.7,3,2,0.68,0,1,High_Risk
0.635,2.83,11.4,4,2,0.69,1,1,Suspicious
0.904,0.96,0.8,1,1,0.99,0,0,Normal
0.88,0.96,0.1,1,1,0.96,0,0,Normal
0.87,1.0,1.5,1,1,0.96,0,0,Normal
0.99,1.05,1.9,1,1,0.96,0,0,Normal
0.933,1.04,1.3,1,1,0.92,0,0,Normal
0.408,2.29,33.9,2,4,0.66,1,1,High_Risk
0.937,1.0,0.5,1,1,0.98,0,0,Normal
0.905,0.98,1.3,1,1,0.92,0,0,Normal
0.924,1.05,0.3,1,1,0.93,0,0,Normal
0.964,1.01,1.3,1,1,0.94,0,0,Normal
0.27,2.1,23.3,3,4,0.63,0,1,Suspicious
0.97,1.04,0.6,1,1,0.93,0,0,Normal
0.958,0.97,0.5,1,1,0.93,0,0,Normal
0.868,1.0,1.3,1,1,0.96,0,0,Normal
0.893,0.97,1.2,1,1,0.93,0,0,Normal
0.952,0.99,0.8,1,1,0.97,0,0,Normal
0.934,0.97,0.8,1,1,0.94,0,0,Normal
0.405,3.56,28.5,2,4,0.45,0,1,High_Risk
0.855,1.04,0.4,1,1,0.98,0,0,Normal
0.914,1.02,1.9,1,1,0.98,0,0,Normal
0.961,1.0,1.3,1,1,0.95,0,0,Normal
0.951,1.01,1.8,1,1,0.94,0,0,Normal
0.85,1.02,0.9,1,1,0.92,0,0,Normal
0.988,0.98,1.3,1,1,0.95,0,0,Normal
0.881,1.04,1.2,1,1,0.96,0,0,Normal
0.854,0.97,1.8,1,1,0.95,0,0,Normal
0.928,1.04,0.8,1,1,0.99,0,0,Normal
0.958,0.99,1.9,1,1,0.92,0,0,Normal
0.949,1.04,1.4,1,1,0.99,0,0,Normal
0.878,1.02,0.5,1,1,0.98,0,0,Normal
0.95,1.02,1.4,1,1,0.94,0,0,Normal
0.944,1.0,1.5,1,1,0.99,0,0,Normal
0.965,1.01,0.6,1,1,0.93,0,0,Normal
0.953,0.97,0.2,1,1,0.98,0,0,Normal
0.595,3.45,12.1,4,4,0.52,1,1,High_Risk
0.329,3.32,20.7,5,2,0.64,1,1,High_Risk
0.901,0.97,1.5,1,1,0.9,0,0,Normal
0.466,4.83,28.4,4,3,0.64,1,1,High_Risk
0.879,1.04,1.0,1,1,0.99,0,0,Normal
0.411,3.72,15.8,5,2,0.48,1,1,Suspicious
0.976,1.04,1.3,1,1,0.92,0,0,Normal
0.909,1.03,1.5,1,1,0.91,0,0,Normal
0.942,1.0,1.0,1,1,0.92,0,0,Normal
0.926,1.03,0.1,1,1,0.96,0,0,Normal
0.327,3.12,23.7,5,4,0.63,1,1,High_Risk
0.529,2.39,22.5,5,2,0.36,1,1,Suspicious
0.924,0.96,0.0,1,1,0.98,0,0,Normal
0.419,2.9,17.3,3,3,0.32,0,1,High_Risk
0.526,3.4,11.5,3,4,0.47,0,1,High_Risk
0.95,1.01,1.1,1,1,0.91,0,0,Normal
0.859,1.05,0.1,1,1,0.92,0,0,Normal
0.904,1.03,0.8,1,1,0.94,0,0,Normal
0.976,0.95,0.3,1,1,1.0,0,0,Normal
0.89,1.02,0.9,1,1,0.95,0,0,Normal
0.908,0.96,0.1,1,1,0.97,0,0,Normal
0.982,0.99,1.9,1,1,0.91,0,0,Normal
0.852,1.03,1.0,1,1,0.95,0,0,Normal
0.877,0.97,0.1,1,1,0.95,0,0,Normal
0.587,4.24,25.4,4,4,0.37,1,1,Suspicious
0.88,1.03,1.9,1,1,0.91,0,0,Normal
0.902,1.04,1.0,1,1,0.96,0,0,Normal
0.874,0.98,0.6,1,1,0.95,0,0,Normal
0.95,0.99,1.4,1,1,0.93,0,0,Normal
0.987,1.04,0.3,1,1,0.99,0,0,Normal
0.989,1.01,0.3,1,1,0.99,0,0,Normal
0.886,1.01,0.5,1,1,0.91,0,0,Normal
0.906,0.96,0.8,1,1,0.9,0,0,Normal
0.362,3.4,19.7,4,2,0.5,1,1,High_Risk
0.957,1.01,0.7,1,1,0.98,0,0,Normal
0.938,1.02,1.9,1,1,0.94,0,0,Normal
0.967,1.02,0.5,1,1,0.93,0,0,Normal
0.517,4.05,30.7,5,3,0.63,1,1,Suspicious
0.563,4.75,13.6,3,4,0.59,1,1,Suspicious
0.885,1.0,0.0,1,1,0.98,0,0,Normal
0.952,0.97,0.7,1,1,0.98,0,0,Normal
0.913,1.03,1.5,1,1,0.99,0,0,Normal
0.951,0.96,2.0,1,1,0.91,0,0,Normal
0.98,0.97,1.6,1,1,0.94,0,0,Normal
0.498,3.35,28.2,5,4,0.63,0,1,High_Risk
0.987,1.0,0.0,1,1,0.92,0,0,Normal
0.479,2.72,28.6,2,2,0.35,0,1,Suspicious
0.932,1.03,1.8,1,1,0.99,0,0,Normal
0.497,3.92,23.5,5,2,0.61,1,1,Suspicious
0.607,2.88,28.4,4,3,0.57,0,1,Suspicious
0.928,1.04,0.5,1,1,0.98,0,0,Normal
0.981,1.01,1.9,1,1,0.9,0,0,Normal
0.943,0.97,1.8,1,1,0.92,0,0,Normal
0.888,0.99,1.3,1,1,0.98,0,0,Normal
0.52,4.3,32.0,3,3,0.66,1,1,High_Risk
0.915,0.98,0.0,1,1,0.94,0,0,Normal
0.485,3.91,15.6,3,2,0.64,1,1,High_Risk
0.903,1.01,1.6,1,1,0.99,0,0,Normal
0.968,1.0,0.3,1,1,0.95,0,0,Normal
0.883,1.02,1.4,1,1,0.95,0,0,Normal
0.956,1.02,0.0,1,1,0.95,0,0,Normal
0.855,0.98,0.6,1,1,1.0,0,0,Normal
0.899,1.04,1.6,1,1,0.98,0,0,Normal
0.953,0.95,1.0,1,1,0.91,0,0,Normal
0.945,1.01,1.0,1,1,0.96,0,0,Normal
0.929,0.98,0.0,1,1,0.92,0,0,Normal
0.953,1.04,2.0,1,1,0.98,0,0,Normal
0.977,1.01,0.1,1,1,0.91,0,0,Normal
0.896,1.0,0.1,1,1,0.92,0,0,Normal
0.851,1.02,0.8,1,1,0.92,0,0,Normal
0.923,1.03,1.1,1,1,0.91,0,0,Normal
0.86,0.97,1.5,1,1,0.99,0,0,Normal
0.528,3.22,26.0,3,2,0.65,1,1,High_Risk
0.937,0.99,0.6,1,1,0.96,0,0,Normal
0.931,0.97,0.8,1,1,0.93,0,0,Normal
0.95,1.01,1.4,1,1,0.97,0,0,Normal
0.892,1.03,0.2,1,1,0.95,0,0,Normal
0.889,0.98,0.1,1,1,0.92,0,0,Normal
0.913,0.99,0.8,1,1,0.95,0,0,Normal
0.97,1.05,1.2,1,1,0.9,0,0,Normal
0.939,0.98,0.4,1,1,0.99,0,0,Normal
0.386,4.09,30.1,3,2,0.53,1,1,High_Risk
0.944,0.95,1.2,1,1,0.93,0,0,Normal
0.905,1.03,1.0,1,1,0.97,0,0,Normal
0.646,3.47,31.3,5,4,0.42,0,1,High_Risk
0.875,1.05,1.8,1,1,0.99,0,0,Normal
0.866,1.01,1.1,1,1,0.94,0,0,Normal
0.982,1.0,0.8,1,1,0.98,0,0,Normal
0.926,1.04,1.5,1,1,0.95,0,0,Normal
0.916,0.99,1.7,1,1,0.93,0,0,Normal
0.857,1.01,1.1,1,1,0.92,0,0,Normal
0.949,0.96,1.5,1,1,0.93,0,0,Normal
0.932,1.03,2.0,1,1,0.92,0,0,Normal
0.958,1.02,0.8,1,1,1.0,0,0,Normal
0.915,1.01,1.2,1,1,0.95,0,0,Normal
0.916,1.0,1.7,1,1,0.95,0,0,Normal
0.863,1.02,2.0,1,1,0.96,0,0,Normal
0.854,0.96,0.9,1,1,0.91,0,0,Normal
0.982,0.99,1.4,1,1,0.94,0,0,Normal
0.912,0.99,0.7,1,1,0.95,0,0,Normal
0.858,0.98,1.5,1,1,0.91,0,0,Normal
0.982,0.99,1.3,1,1,0.93,0,0,Normal
0.519,4.7,15.1,3,4,0.47,0,1,High_Risk
0.95,0.99,1.5,1,1,0.91,0,0,Normal
0.916,0.95,1.9,1,1,0.94,0,0,Normal
0.974,0.99,0.5,1,1,0.91,0,0,Normal
0.973,1.02,1.8,1,1,0.93,0,0,Normal
0.926,0.98,0.2,1,1,0.96,0,0,Normal
0.852,1.01,1.8,1,1,0.95,0,0,Normal
0.956,0.96,1.7,1,1,0.98,0,0,Normal
0.875,1.02,1.1,1,1,0.9,0,0,Normal
0.89,0.96,1.4,1,1,0.96,0,0,Normal
0.907,0.97,1.9,1,1,0.93,0,0,Normal
0.912,0.95,1.2,1,1,0.9,0,0,Normal
0.95,1.01,1.6,1,1,0.98,0,0,Normal
0.898,1.0,0.1,1,1,0.93,0,0,Normal
0.913,1.03,1.7,1,1,0.94,0,0,Normal
0.308,2.11,34.4,3,3,0.31,0,1,High_Risk
0.902,1.05,0.7,1,1,0.93,0,0,Normal
0.932,0.98,0.5,1,1,0.94,0,0,Normal
0.982,0.98,2.0,1,1,0.98,0,0,Normal
0.913,1.01,1.7,1,1,0.95,0,0,Normal
0.919,1.05,1.5,1,1,0.96,0,0,Normal
0.901,0.98,0.6,1,1,0.98,0,0,Normal
0.978,1.0,0.5,1,1,0.95,0,0,Normal
0.939,1.04,0.3,1,1,0.99,0,0,Normal
0.897,1.04,0.6,1,1,0.93,0,0,Normal
0.901,1.03,0.6,1,1,0.96,0,0,Normal
0.857,0.96,1.7,1,1,0.96,0,0,Normal
0.872,1.02,0.2,1,1,1.0,0,0,Normal
0.962,1.05,1.7,1,1,0.96,0,0,Normal
0.41,3.84,17.4,5,3,0.45,1,1,Suspicious
0.963,1.01,1.4,1,1,0.99,0,0,Normal
0.897,1.0,1.3,1,1,0.9,0,0,Normal
0.923,1.04,0.7,1,1,0.99,0,0,Normal
0.2,4.14,28.5,4,2,0.63,1,1,Suspicious
0.956,0.99,0.6,1,1,0.96,0,0,Normal
0.898,1.02,1.5,1,1,0.95,0,0,Normal
0.921,1.02,2.0,1,1,0.94,0,0,Normal
0.876,1.04,0.8,1,1,0.95,0,0,Normal
0.891,1.05,1.2,1,1,0.95,0,0,Normal
0.984,1.03,2.0,1,1,0.91,0,0,Normal
0.88,1.05,0.1,1,1,0.98,0,0,Normal
0.883,0.96,0.7,1,1,0.91,0,0,Normal
0.318,2.84,28.8,5,4,0.64,0,1,Suspicious
0.34,2.51,27.8,5,4,0.52,1,1,High_Risk
0.927,0.97,0.5,1,1,0.96,0,0,Normal
0.853,0.96,0.1,1,1,0.96,0,0,Normal
0.908,1.03,0.8,1,1,0.92,0,0,Normal
0.891,1.04,1.6,1,1,0.96,0,0,Normal
0.979,0.99,1.8,1,1,0.97,0,0,Normal
0.919,0.98,1.4,1,1,0.92,0,0,Normal
0.897,0.98,0.7,1,1,0.98,0,0,Normal
0.869,0.98,1.7,1,1,0.99,0,0,Normal
0.618,4.7,11.2,4,3,0.36,1,1,High_Risk
0.982,0.96,0.8,1,1,0.98,0,0,Normal
0.892,0.99,0.7,1,1,0.94,0,0,Normal
0.934,1.02,0.1,1,1,0.94,0,0,Normal
0.985,1.01,1.0,1,1,0.94,0,0,Normal
0.896,1.01,1.9,1,1,1.0,0,0,Normal
0.935,0.95,0.6,1,1,0.97,0,0,Normal
0.908,1.05,0.5,1,1,0.92,0,0,Normal
0.87,0.99,0.4,1,1,0.92,0,0,Normal
0.94,1.02,1.4,1,1,0.99,0,0,Normal
0.982,1.02,1.8,1,1,0.95,0,0,Normal
0.574,2.58,23.8,4,3,0.69,0,1,High_Risk
0.979,0.99,0.3,1,1,0.99,0,0,Normal
0.351,1.85,11.6,3,4,0.32,1,1,High_Risk
0.863,1.05,0.1,1,1,0.99,0,0,Normal
0.852,1.0,1.9,1,1,0.95,0,0,Normal
0.866,1.03,0.3,1,1,0.93,0,0,Normal
0.933,0.98,0.6,1,1,0.92,0,0,Normal
0.335,3.59,24.1,5,4,0.36,0,1,High_Risk
0.905,1.04,0.9,1,1,0.95,0,0,Normal
0.436,4.55,28.5,3,4,0.45,1,1,High_Risk
0.903,1.04,1.9,1,1,0.9,0,0,Normal
0.892,0.97,1.1,1,1,1.0,0,0,Normal
0.883,1.03,0.3,1,1,0.92,0,0,Normal
0.989,1.05,1.2,1,1,0.95,0,0,Normal
0.908,1.04,0.3,1,1,0.94,0,0,Normal
0.609,2.72,10.5,2,3,0.55,1,1,High_Risk
0.958,1.03,1.6,1,1,0.95,0,0,Normal
0.983,1.02,0.7,1,1,0.92,0,0,Normal
0.947,0.97,1.1,1,1,0.93,0,0,Normal
0.301,2.13,30.9,2,2,0.48,1,1,High_Risk
0.969,0.98,0.1,1,1,0.99,0,0,Normal
0.963,1.03,1.8,1,1,0.93,0,0,Normal
0.865,0.95,0.7,1,1,0.92,0,0,Normal
0.884,1.02,1.7,1,1,0.9,0,0,Normal
0.979,1.04,1.3,1,1,0.9,0,0,Normal
0.933,1.02,1.2,1,1,0.99,0,0,Normal
0.887,1.0,0.5,1,1,0.95,0,0,Normal
0.933,0.99,0.0,1,1,0.96,0,0,Normal
0.95,0.97,1.5,1,1,1.0,0,0,Normal
0.906,0.96,0.6,1,1,0.92,0,0,Normal
0.988,0.98,0.1,1,1,0.97,0,0,Normal
0.911,1.03,1.9,1,1,0.95,0,0,Normal
0.977,0.98,1.8,1,1,0.92,0,0,Normal
0.981,1.02,1.8,1,1,0.93,0,0,Normal
0.86,0.99,1.2,1,1,1.0,0,0,Normal
0.902,1.02,0.6,1,1,0.94,0,0,Normal
0.983,0.99,0.5,1,1,0.91,0,0,Normal
0.903,0.97,1.8,1,1,0.95,0,0,Normal
0.986,0.96,1.5,1,1,1.0,0,0,Normal
0.987,1.0,1.4,1,1,0.99,0,0,Normal
0.95,1.01,1.6,1,1,0.92,0,0,Normal
0.949,1.05,1.7,1,1,0.97,0,0,Normal
0.868,1.04,0.9,1,1,0.91,0,0,Normal
0.278,2.9,25.9,5,4,0.56,1,1,High_Risk
0.904,1.01,0.9,1,1,0.99,0,0,Normal
0.918,0.99,0.0,1,1,0.91,0,0,Normal
0.974,1.01,1.4,1,1,1.0,0,0,Normal
0.942,1.05,0.6,1,1,0.9,0,0,Normal
0.886,1.02,0.8,1,1,0.9,0,0,Normal
0.922,1.03,1.9,1,1,0.92,0,0,Normal
0.882,0.97,1.1,1,1,0.91,0,0,Normal
0.904,1.04,1.2,1,1,0.92,0,0,Normal
0.915,1.02,1.6,1,1,0.93,0,0,Normal
0.901,1.0,0.7,1,1,0.99,0,0,Normal
0.885,0.99,1.7,1,1,0.95,0,0,Normal
0.949,0.97,0.9,1,1,0.99,0,0,Normal
0.573,4.5,30.6,3,4,0.66,0,1,High_Risk
0.861,1.02,1.1,1,1,0.96,0,0,Normal
0.494,3.52,26.3,5,2,0.41,1,1,Suspicious
0.886,1.0,1.3,1,1,0.95,0,0,Normal
0.908,1.05,1.7,1,1,0.97,0,0,Normal
0.932,0.97,0.2,1,1,0.93,0,0,Normal
0.256,2.43,32.7,5,2,0.57,1,1,High_Risk
0.963,1.01,0.7,1,1,0.97,0,0,Normal
0.862,0.99,0.4,1,1,0.93,0,0,Normal
0.937,0.97,0.9,1,1,0.98,0,0,Normal
0.915,0.97,1.4,1,1,0.93,0,0,Normal
0.861,0.96,1.8,1,1,0.92,0,0,Normal
0.856,1.05,1.0,1,1,0.9,0,0,Normal
0.853,1.03,0.5,1,1,0.94,0,0,Normal
0.971,0.97,1.7,1,1,0.91,0,0,Normal
0.912,0.96,1.7,1,1,0.99,0,0,Normal
0.914,0.98,0.8,1,1,0.98,0,0,Normal
0.947,0.96,1.2,1,1,0.99,0,0,Normal
0.906,1.01,1.1,1,1,0.97,0,0,Normal
0.89,0.98,0.1,1,1,0.96,0,0,Normal
0.486,4.48,27.5,3,4,0.58,0,1,High_Risk
0.989,1.0,0.6,1,1,0.94,0,0,Normal
0.964,0.99,1.3,1,1,0.95,0,0,Normal
0.903,1.0,0.7,1,1,0.9,0,0,Normal
0.865,1.0,1.2,1,1,0.95,0,0,Normal
0.874,1.04,1.7,1,1,0.91,0,0,Normal
0.983,0.99,1.4,1,1,0.99,0,0,Normal
0.926,1.04,0.8,1,1,0.97,0,0,Normal
0.978,1.05,1.8,1,1,0.91,0,0,Normal
0.881,1.04,0.8,1,1,0.99,0,0,Normal
0.857,1.05,0.9,1,1,0.93,0,0,Normal
0.94,1.02,1.6,1,1,1.0,0,0,Normal
0.982,0.95,1.9,1,1,0.98,0,0,Normal
0.913,1.0,1.6,1,1,0.95,0,0,Normal
0.96,1.02,1.8,1,1,0.95,0,0,Normal
0.948,0.97,1.1,1,1,1.0,0,0,Normal
0.86,1.01,0.9,1,1,0.95,0,0,Normal
0.981,0.97,1.7,1,1,0.94,0,0,Normal
0.948,0.96,1.1,1,1,0.94,0,0,Normal
0.306,3.85,25.4,3,4,0.67,1,1,High_Risk
0.868,0.96,0.4,1,1,0.95,0,0,Normal
0.864,1.0,1.6,1,1,0.95,0,0,Normal
0.605,3.34,24.5,5,2,0.42,1,1,High_Risk
0.388,3.13,22.1,3,2,0.48,1,1,High_Risk
0.96,0.98,0.8,1,1,0.92,0,0,Normal
0.989,0.97,0.6,1,1,0.95,0,0,Normal
0.937,0.98,0.4,1,1,0.93,0,0,Normal
0.961,0.96,1.0,1,1,0.9,0,0,Normal
0.917,1.04,1.0,1,1,0.94,0,0,Normal
0.264,4.47,20.0,3,2,0.67,1,1,Suspicious
0.865,1.05,1.2,1,1,0.95,0,0,Normal
0.975,0.96,1.3,1,1,0.98,0,0,Normal
0.955,1.01,0.2,1,1,0.94,0,0,Normal
0.97,1.0,0.5,1,1,0.93,0,0,Normal
0.855,0.98,1.3,1,1,0.91,0,0,Normal
0.949,0.97,1.6,1,1,0.92,0,0,Normal
0.911,1.03,0.1,1,1,0.97,0,0,Normal
0.985,1.04,1.3,1,1,0.93,0,0,Normal
0.954,0.99,1.6,1,1,0.92,0,0,Normal
0.963,1.03,1.7,1,1,0.95,0,0,Normal
0.895,1.01,0.1,1,1,0.98,0,0,Normal
0.349,4.32,27.5,2,2,0.36,0,1,High_Risk
0.929,0.99,1.9,1,1,0.96,0,0,Normal
0.874,1.01,0.4,1,1,0.95,0,0,Normal
0.364,3.61,21.7,2,2,0.66,0,1,High_Risk
0.901,1.0,1.8,1,1,0.96,0,0,Normal
0.53,3.13,30.2,2,2,0.31,0,1,Suspicious
0.938,0.96,0.1,1,1,0.97,0,0,Normal
0.527,2.79,23.6,3,4,0.6,0,1,High_Risk
0.935,1.02,0.4,1,1,0.9,0,0,Normal
0.311,2.56,29.4,5,3,0.49,1,1,High_Risk
0.914,1.02,0.9,1,1,0.93,0,0,Normal
0.906,1.04,0.5,1,1,0.96,0,0,Normal
0.915,1.02,1.1,1,1,0.93,0,0,Normal
0.356,2.87,30.0,5,2,0.41,0,1,Suspicious
0.927,0.96,1.6,1,1,0.94,0,0,Normal
0.913,0.98,1.6,1,1,0.99,0,0,Normal
0.581,2.36,33.2,2,3,0.58,0,1,Suspicious
0.343,2.49,14.8,3,3,0.39,1,1,High_Risk
0.986,0.97,0.7,1,1,0.97,0,0,Normal
0.923,0.99,1.3,1,1,0.91,0,0,Normal
0.971,0.98,1.8,1,1,0.98,0,0,Normal
0.906,1.05,1.0,1,1,0.98,0,0,Normal
0.961,1.03,0.4,1,1,0.98,0,0,Normal
0.872,1.02,1.6,1,1,0.9,0,0,Normal
0.95,0.99,1.6,1,1,0.93,0,0,Normal
0.908,0.99,0.8,1,1,0.96,0,0,Normal
0.942,0.98,1.9,1,1,0.99,0,0,Normal
0.983,1.0,2.0,1,1,0.9,0,0,Normal
0.88,0.95,1.9,1,1,0.96,0,0,Normal
0.982,1.02,0.7,1,1,0.98,0,0,Normal
0.916,0.99,1.8,1,1,0.97,0,0,Normal
0.959,1.0,1.5,1,1,0.95,0,0,Normal
0.899,0.97,0.9,1,1,0.94,0,0,Normal
0.919,0.97,0.9,1,1,0.9,0,0,Normal
0.983,1.01,0.6,1,1,0.93,0,0,Normal
0.953,1.04,0.0,1,1,0.92,0,0,Normal
0.857,1.03,1.7,1,1,0.96,0,0,Normal
0.908,0.96,1.3,1,1,0.91,0,0,Normal
0.876,1.01,1.5,1,1,0.98,0,0,Normal
0.877,1.02,0.8,1,1,0.9,0,0,Normal
0.866,0.95,0.5,1,1,0.96,0,0,Normal
0.883,1.02,0.2,1,1,0.92,0,0,Normal
0.977,0.97,1.6,1,1,0.97,0,0,Normal
0.944,1.02,0.4,1,1,0.93,0,0,Normal
0.543,2.28,25.8,5,3,0.32,1,1,High_Risk
0.921,0.97,0.7,1,1,0.93,0,0,Normal
0.978,1.02,0.2,1,1,0.91,0,0,Normal
0.882,1.03,1.8,1,1,0.98,0,0,Normal
0.945,0.96,0.4,1,1,0.92,0,0,Normal
0.938,0.98,0.6,1,1,0.98,0,0,Normal
0.573,1.91,23.6,2,3,0.5,1,1,High_Risk
0.989,0.97,0.2,1,1,0.93,0,0,Normal
0.961,1.04,1.8,1,1,0.93,0,0,Normal
0.926,1.02,1.4,1,1,0.96,0,0,Normal
0.989,0.99,1.9,1,1,0.94,0,0,Normal
0.896,0.97,1.4,1,1,0.91,0,0,Normal
0.946,0.96,0.8,1,1,0.97,0,0,Normal
0.886,1.0,1.8,1,1,0.97,0,0,Normal
0.963,1.03,1.6,1,1,0.98,0,0,Normal
0.942,0.99,0.1,1,1,0.95,0,0,Normal
0.93,1.0,1.0,1,1,0.91,0,0,Normal
0.922,0.98,1.8,1,1,0.92,0,0,Normal
0.972,0.95,1.5,1,1,0.94,0,0,Normal
0.904,1.01,0.4,1,1,0.9,0,0,Normal
0.9,0.96,1.4,1,1,0.95,0,0,Normal
0.938,0.98,1.1,1,1,0.93,0,0,Normal
0.311,3.74,30.5,5,2,0.51,1,1,High_Risk
0.989,1.05,1.5,1,1,0.91,0,0,Normal
0.932,0.95,1.5,1,1,0.98,0,0,Normal
0.444,4.01,10.3,5,4,0.54,0,1,High_Risk
0.934,0.99,1.5,1,1,1.0,0,0,Normal
0.982,1.0,0.7,1,1,0.93,0,0,Normal
0.859,1.04,0.0,1,1,0.91,0,0,Normal
0.87,1.0,0.7,1,1,0.92,0,0,Normal
0.334,3.44,23.5,5,3,0.54,1,1,Suspicious
0.859,1.0,2.0,1,1,0.96,0,0,Normal
0.975,1.0,0.1,1,1,0.92,0,0,Normal
0.926,1.0,1.7,1,1,0.91,0,0,Normal
0.855,0.98,0.1,1,1,0.96,0,0,Normal
0.92,0.96,1.6,1,1,0.91,0,0,Normal
0.3,3.53,26.9,3,2,0.39,0,1,High_Risk
0.871,1.04,1.8,1,1,0.96,0,0,Normal
0.919,0.95,1.5,1,1,0.98,0,0,Normal
0.975,0.97,1.8,1,1,0.96,0,0,Normal
0.225,4.07,34.3,4,2,0.53,1,1,High_Risk
0.877,1.02,1.3,1,1,0.94,0,0,Normal
0.901,1.0,0.2,1,1,0.97,0,0,Normal
0.977,0.97,0.7,1,1,0.94,0,0,Normal
0.929,1.04,1.3,1,1,0.92,0,0,Normal
0.915,0.97,1.2,1,1,0.96,0,0,Normal
0.929,1.0,0.8,1,1,0.91,0,0,Normal
0.905,0.96,0.8,1,1,0.93,0,0,Normal
0.593,2.74,25.3,3,4,0.57,1,1,Suspicious
0.266,4.92,11.8,5,4,0.43,1,1,High_Risk
0.978,0.95,1.7,1,1,0.96,0,0,Normal
0.943,1.04,0.8,1,1,0.91,0,0,Normal
0.951,0.99,1.4,1,1,0.97,0,0,Normal
0.971,1.04,0.6,1,1,0.93,0,0,Normal
0.872,0.96,1.8,1,1,0.96,0,0,Normal
0.865,1.02,1.0,1,1,0.97,0,0,Normal
0.874,0.97,0.4,1,1,0.9,0,0,Normal
0.908,1.03,1.4,1,1,1.0,0,0,Normal
0.897,1.01,1.9,1,1,0.94,0,0,Normal
0.917,1.04,1.0,1,1,0.97,0,0,Normal
0.983,0.99,0.6,1,1,0.94,0,0,Normal
0.963,0.98,0.5,1,1,0.92,0,0,Normal
0.914,0.96,0.8,1,1,0.94,0,0,Normal
0.863,1.02,0.3,1,1,0.93,0,0,Normal
0.913,1.0,1.2,1,1,0.94,0,0,Normal
0.92,1.03,2.0,1,1,0.97,0,0,Normal
0.963,1.03,1.8,1,1,0.91,0,0,Normal
0.942,0.98,1.7,1,1,0.98,0,0,Normal
0.201,3.36,26.9,4,3,0.31,1,1,High_Risk
0.887,1.0,1.0,1,1,0.96,0,0,Normal
0.968,1.03,1.1,1,1,0.95,0,0,Normal
0.861,1.0,1.2,1,1,0.95,0,0,Normal
0.968,1.03,1.1,1,1,0.97,0,0,Normal
0.867,0.97,0.2,1,1,0.97,0,0,Normal
0.893,1.01,0.8,1,1,0.93,0,0,Normal
0.956,1.05,1.7,1,1,0.99,0,0,Normal
0.954,1.0,0.6,1,1,1.0,0,0,Normal
0.923,1.03,1.3,1,1,1.0,0,0,Normal
0.952,0.96,1.6,1,1,0.97,0,0,Normal
0.889,0.96,0.1,1,1,0.96,0,0,Normal
0.871,0.96,1.0,1,1,0.92,0,0,Normal
0.916,1.02,1.9,1,1,0.93,0,0,Normal
0.876,1.02,1.7,1,1,0.91,0,0,Normal
0.523,2.67,15.9,5,4,0.57,0,1,Suspicious
0.968,1.05,0.1,1,1,0.96,0,0,Normal
0.855,0.97,0.5,1,1,0.95,0,0,Normal
0.928,0.97,0.8,1,1,0.96,0,0,Normal
0.924,0.99,0.1,1,1,0.98,0,0,Normal
0.893,1.03,1.4,1,1,0.91,0,0,Normal
0.857,0.98,0.9,1,1,0.97,0,0,Normal
0.585,4.64,20.9,3,3,0.43,0,1,Suspicious
0.985,0.98,1.0,1,1,0.96,0,0,Normal
0.922,1.03,0.5,1,1,0.94,0,0,Normal
0.89,1.05,0.6,1,1,1.0,0,0,Normal
0.886,0.99,1.5,1,1,0.99,0,0,Normal
0.922,0.96,0.6,1,1,0.96,0,0,Normal
0.981,1.03,0.1,1,1,0.97,0,0,Normal
0.866,1.0,0.8,1,1,0.94,0,0,Normal
0.888,1.04,1.3,1,1,0.94,0,0,Normal
0.209,2.02,13.1,2,3,0.48,0,1,High_Risk
0.254,1.96,17.5,5,4,0.53,1,1,High_Risk
0.86,1.0,1.7,1,1,0.98,0,0,Normal
0.462,3.65,11.0,5,2,0.46,1,1,High_Risk
0.959,1.05,2.0,1,1,0.96,0,0,Normal
0.92,1.05,0.4,1,1,0.92,0,0,Normal
0.873,0.98,1.2,1,1,0.97,0,0,Normal
0.951,1.02,1.5,1,1,0.96,0,0,Normal
0.873,0.99,1.9,1,1,0.99,0,0,Normal
0.976,1.04,1.8,1,1,0.94,0,0,Normal
0.865,0.97,0.4,1,1,0.93,0,0,Normal
0.933,0.99,0.7,1,1,0.95,0,0,Normal
0.95,0.95,1.2,1,1,0.92,0,0,Normal
0.906,1.05,0.4,1,1,0.93,0,0,Normal
0.934,1.02,1.3,1,1,0.93,0,0,Normal
0.585,4.96,32.1,2,4,0.32,1,1,High_Risk
0.293,4.99,13.6,2,2,0.42,1,1,High_Risk
0.879,0.97,0.0,1,1,0.91,0,0,Normal
0.553,1.81,12.3,3,4,0.47,1,1,High_Risk
0.23,3.35,17.3,4,4,0.48,1,1,High_Risk
0.95,0.97,1.0,1,1,0.96,0,0,Normal
0.955,0.95,1.1,1,1,0.94,0,0,Normal
0.954,1.04,0.7,1,1,0.94,0,0,Normal
0.94,0.99,1.6,1,1,0.94,0,0,Normal
0.943,0.99,1.0,1,1,0.98,0,0,Normal
0.873,0.95,0.8,1,1,0.93,0,0,Normal
0.851,0.99,0.8,1,1,0.99,0,0,Normal
0.874,1.03,1.5,1,1,0.97,0,0,Normal
0.969,1.01,1.3,1,1,1.0,0,0,Normal
0.472,3.39,24.4,3,2,0.32,0,1,Suspicious
0.974,0.98,1.7,1,1,0.93,0,0,Normal
0.872,1.03,1.0,1,1,1.0,0,0,Normal
0.89,0.97,0.8,1,1,0.9,0,0,Normal
0.966,0.97,1.4,1,1,0.92,0,0,Normal
0.867,0.98,1.5,1,1,0.92,0,0,Normal
0.285,4.3,28.6,4,3,0.43,0,1,High_Risk
0.483,2.28,11.4,4,2,0.39,1,1,High_Risk
0.53,4.46,12.8,5,4,0.34,1,1,Suspicious
0.929,1.0,0.4,1,1,0.91,0,0,Normal
0.621,4.74,18.9,4,2,0.54,1,1,Suspicious
0.952,0.98,0.3,1,1,0.9,0,0,Normal
0.909,1.0,0.6,1,1,0.93,0,0,Normal
0.897,1.04,1.8,1,1,0.94,0,0,Normal
0.964,1.01,0.8,1,1,0.91,0,0,Normal
0.969,1.05,0.7,1,1,0.91,0,0,Normal
0.853,1.03,1.3,1,1,0.95,0,0,Normal
0.968,1.01,1.5,1,1,0.92,0,0,Normal
0.877,1.0,1.6,1,1,0.92,0,0,Normal
0.872,1.01,0.3,1,1,0.9,0,0,Normal
0.554,2.52,32.5,5,2,0.5,1,1,High_Risk
0.978,0.98,1.4,1,1,0.91,0,0,Normal
0.922,0.98,0.6,1,1,1.0,0,0,Normal
0.322,2.33,32.3,5,2,0.64,1,1,High_Risk
0.327,4.3,32.7,3,4,0.55,1,1,High_Risk
0.879,0.99,1.2,1,1,0.96,0,0,Normal
0.981,0.97,0.3,1,1,0.93,0,0,Normal
0.871,1.04,1.3,1,1,0.91,0,0,Normal
0.905,0.99,0.5,1,1,0.94,0,0,Normal
0.889,1.04,2.0,1,1,0.92,0,0,Normal
0.962,1.02,1.6,1,1,0.96,0,0,Normal
0.969,0.99,0.0,1,1,0.99,0,0,Normal
0.388,4.62,22.7,5,2,0.69,0,1,High_Risk
0.886,0.97,0.4,1,1,0.95,0,0,Normal
0.874,1.0,0.3,1,1,0.95,0,0,Normal
0.984,0.95,0.5,1,1,0.92,0,0,Normal
0.987,1.04,1.8,1,1,0.94,0,0,Normal
0.949,1.03,1.0,1,1,0.98,0,0,Normal
0.905,1.03,1.9,1,1,0.96,0,0,Normal
0.902,0.98,1.4,1,1,0.94,0,0,Normal
0.89,0.97,0.9,1,1,0.92,0,0,Normal
0.92,0.96,0.8,1,1,0.97,0,0,Normal
0.88,0.99,0.1,1,1,0.93,0,0,Normal
0.854,0.99,0.9,1,1,0.94,0,0,Normal
0.927,0.99,1.1,1,1,0.94,0,0,Normal
0.945,1.04,0.3,1,1,0.9,0,0,Normal
0.472,3.3,20.1,3,4,0.43,0,1,High_Risk
0.952,0.95,0.1,1,1,0.9,0,0,Normal
0.978,0.98,1.2,1,1,0.96,0,0,Normal
0.966,0.98,1.3,1,1,0.93,0,0,Normal
0.505,3.15,34.7,4,2,0.42,1,1,Suspicious
0.906,0.97,1.0,1,1,0.95,0,0,Normal
0.979,1.04,1.8,1,1,0.94,0,0,Normal
0.988,1.0,1.2,1,1,0.99,0,0,Normal
0.643,3.81,21.8,3,3,0.39,0,1,Suspicious
0.886,0.96,0.4,1,1,0.96,0,0,Normal
0.947,1.04,1.2,1,1,0.93,0,0,Normal
0.901,0.96,1.7,1,1,0.97,0,0,Normal
0.966,0.95,1.7,1,1,0.92,0,0,Normal
0.901,1.01,1.3,1,1,1.0,0,0,Normal
0.862,1.02,1.1,1,1,0.96,0,0,Normal
0.988,1.03,0.9,1,1,0.98,0,0,Normal
0.882,1.04,1.2,1,1,0.94,0,0,Normal
0.958,1.03,1.1,1,1,0.94,0,0,Normal
0.974,1.03,1.7,1,1,0.93,0,0,Normal
0.97,1.03,1.1,1,1,0.91,0,0,Normal
0.479,4.78,11.3,2,3,0.67,1,1,High_Risk
0.524,3.41,20.3,4,2,0.47,1,1,Suspicious
0.959,0.96,0.0,1,1,0.96,0,0,Normal
0.952,0.97,0.0,1,1,0.98,0,0,Normal
0.957,0.97,0.5,1,1,0.99,0,0,Normal
0.885,1.04,1.0,1,1,0.97,0,0,Normal
0.907,0.97,1.8,1,1,0.9,0,0,Normal
0.883,0.96,0.2,1,1,0.95,0,0,Normal
0.966,1.03,1.8,1,1,1.0,0,0,Normal
0.292,2.5,33.6,2,4,0.57,1,1,High_Risk
0.889,1.02,1.5,1,1,0.97,0,0,Normal
0.874,1.03,0.4,1,1,0.91,0,0,Normal
0.881,1.04,1.5,1,1,0.93,0,0,Normal
0.968,0.99,0.6,1,1,0.94,0,0,Normal
0.876,1.03,1.8,1,1,1.0,0,0,Normal
0.935,1.03,1.7,1,1,0.98,0,0,Normal
0.882,1.04,0.2,1,1,0.95,0,0,Normal
0.92,0.98,0.9,1,1,1.0,0,0,Normal
0.967,1.03,0.5,1,1,0.97,0,0,Normal
0.874,0.97,0.1,1,1,1.0,0,0,Normal
0.971,0.96,0.0,1,1,0.97,0,0,Normal
0.965,1.0,1.2,1,1,0.91,0,0,Normal
0.926,0.98,1.2,1,1,0.91,0,0,Normal
0.898,1.02,0.1,1,1,0.94,0,0,Normal
0.938,1.03,1.0,1,1,0.92,0,0,Normal
0.887,1.02,0.8,1,1,0.95,0,0,Normal
0.868,0.98,0.8,1,1,0.96,0,0,Normal
0.223,3.69,10.6,4,3,0.56,1,1,High_Risk
0.942,1.01,0.1,1,1,0.97,0,0,Normal
0.942,1.04,0.2,1,1,0.99,0,0,Normal
0.936,0.98,1.5,1,1,0.93,0,0,Normal
0.906,0.96,1.2,1,1,0.97,0,0,Normal
0.32,4.14,24.9,2,3,0.58,1,1,High_Risk
0.855,1.02,0.9,1,1,0.96,0,0,Normal
0.851,0.97,1.8,1,1,0.96,0,0,Normal
0.909,1.03,0.7,1,1,0.99,0,0,Normal
0.87,1.01,0.4,1,1,0.94,0,0,Normal
0.477,4.79,32.6,3,4,0.55,1,1,Suspicious
0.941,1.0,0.3,1,1,0.94,0,0,Normal
0.871,1.02,0.2,1,1,0.98,0,0,Normal
0.938,0.98,0.3,1,1,0.98,0,0,Normal
0.907,0.98,0.5,1,1,0.93,0,0,Normal
0.963,0.97,1.2,1,1,0.99,0,0,Normal
0.864,1.03,0.1,1,1,0.94,0,0,Normal
0.912,1.03,1.4,1,1,0.99,0,0,Normal
0.944,1.01,1.1,1,1,0.97,0,0,Normal
0.974,0.97,1.2,1,1,0.98,0,0,Normal
0.943,0.97,0.2,1,1,0.97,0,0,Normal
0.969,1.01,1.9,1,1,0.98,0,0,Normal
0.893,1.01,2.0,1,1,0.99,0,0,Normal
0.929,0.96,1.1,1,1,0.93,0,0,Normal
0.913,1.0,0.1,1,1,0.94,0,0,Normal
0.854,0.99,0.3,1,1,0.94,0,0,Normal
0.245,3.99,14.6,2,4,0.49,1,1,High_Risk
0.518,1.91,14.7,5,3,0.64,0,1,High_Risk
0.971,1.01,0.4,1,1,0.92,0,0,Normal
0.915,1.05,1.7,1,1,0.93,0,0,Normal
0.953,0.99,1.6,1,1,0.95,0,0,Normal
0.905,0.98,0.1,1,1,0.94,0,0,Normal
0.595,4.94,25.4,5,4,0.35,0,1,High_Risk
0.963,0.98,1.4,1,1,0.96,0,0,Normal
0.852,1.0,0.2,1,1,0.92,0,0,Normal
0.936,0.97,0.1,1,1,0.9,0,0,Normal
0.905,0.97,1.1,1,1,0.92,0,0,Normal
0.466,2.73,24.3,5,4,0.62,1,1,High_Risk
0.863,0.96,0.1,1,1,0.98,0,0,Normal
0.972,0.99,1.6,1,1,0.94,0,0,Normal
0.941,1.01,2.0,1,1,0.98,0,0,Normal
0.86,0.96,1.6,1,1,0.94,0,0,Normal
0.934,0.97,1.8,1,1,0.99,0,0,Normal
0.27,2.43,34.9,2,2,0.57,1,1,Suspicious
0.892,1.03,1.9,1,1,0.91,0,0,Normal
0.904,1.01,1.0,1,1,0.94,0,0,Normal
0.964,1.0,1.0,1,1,0.9,0,0,Normal
0.941,1.02,0.1,1,1,0.98,0,0,Normal
0.853,0.97,0.2,1,1,0.94,0,0,Normal
0.861,0.98,1.1,1,1,0.99,0,0,Normal
0.942,1.04,1.7,1,1,0.93,0,0,Normal
0.942,1.04,1.2,1,1,0.97,0,0,Normal
0.881,0.97,1.9,1,1,0.94,0,0,Normal
0.965,1.01,1.9,1,1,0.95,0,0,Normal
0.888,1.03,1.3,1,1,0.98,0,0,Normal
0.248,3.46,32.4,4,4,0.57,1,1,High_Risk
0.905,1.03,0.8,1,1,0.9,0,0,Normal
0.933,0.98,0.3,1,1,0.92,0,0,Normal
0.553,3.5,17.0,4,2,0.38,1,1,Suspicious
0.879,1.03,1.5,1,1,0.93,0,0,Normal
0.89,0.96,0.2,1,1,1.0,0,0,Normal
0.944,1.03,0.9,1,1,0.95,0,0,Normal
0.966,0.98,0.3,1,1,0.96,0,0,Normal
0.925,1.02,0.4,1,1,0.92,0,0,Normal
0.88,1.03,1.4,1,1,0.97,0,0,Normal
0.961,0.96,1.7,1,1,0.94,0,0,Normal
0.428,3.5,31.0,2,4,0.45,1,1,High_Risk
0.969,1.05,0.9,1,1,0.95,0,0,Normal
0.863,1.0,1.7,1,1,0.97,0,0,Normal
0.866,1.02,0.4,1,1,0.96,0,0,Normal
0.877,0.99,1.4,1,1,0.92,0,0,Normal
0.919,1.04,1.1,1,1,0.9,0,0,Normal
0.937,0.96,0.5,1,1,0.91,0,0,Normal
0.915,1.04,0.6,1,1,0.91,0,0,Normal
0.91,1.05,0.5,1,1,0.94,0,0,Normal
0.874,1.03,0.7,1,1,0.92,0,0,Normal
0.963,1.04,0.9,1,1,0.94,0,0,Normal
0.859,0.96,0.2,1,1,0.95,0,0,Normal
0.893,1.0,1.8,1,1,0.99,0,0,Normal
0.915,0.98,1.1,1,1,0.9,0,0,Normal
0.436,2.68,11.3,4,3,0.45,1,1,Suspicious
0.931,0.95,1.0,1,1,0.93,0,0,Normal
0.988,0.98,1.0,1,1,0.95,0,0,Normal
0.878,0.96,1.7,1,1,0.97,0,0,Normal
0.973,0.95,0.4,1,1,0.95,0,0,Normal
0.955,0.99,0.4,1,1,0.93,0,0,Normal
0.506,4.49,28.4,4,3,0.47,1,1,Suspicious
0.981,0.99,0.6,1,1,0.96,0,0,Normal
0.928,0.96,0.4,1,1,0.96,0,0,Normal
0.941,1.05,0.1,1,1,0.95,0,0,Normal
0.982,0.98,1.2,1,1,0.92,0,0,Normal
0.89,0.98,0.2,1,1,0.92,0,0,Normal
0.953,0.99,0.5,1,1,0.94,0,0,Normal
0.898,1.0,0.3,1,1,0.91,0,0,Normal
0.977,0.99,1.8,1,1,0.98,0,0,Normal
0.922,0.96,1.2,1,1,0.93,0,0,Normal
0.97,1.04,0.8,1,1,0.93,0,0,Normal
0.904,1.04,1.3,1,1,0.96,0,0,Normal
0.973,1.01,1.8,1,1,0.99,0,0,Normal
0.905,0.96,0.3,1,1,0.93,0,0,Normal
0.942,0.97,0.9,1,1,0.93,0,0,Normal
0.898,0.98,1.4,1,1,0.97,0,0,Normal
0.979,1.0,0.2,1,1,0.94,0,0,Normal
0.881,0.99,1.7,1,1,0.96,0,0,Normal
0.279,2.6,17.8,3,4,0.48,0,1,High_Risk
0.959,1.04,1.8,1,1,0.97,0,0,Normal
0.875,1.02,1.8,1,1,0.97,0,0,Normal
0.862,0.95,1.1,1,1,0.96,0,0,Normal
0.977,0.96,1.6,1,1,0.92,0,0,Normal
0.989,0.98,1.5,1,1,0.97,0,0,Normal
0.957,0.97,0.7,1,1,1.0,0,0,Normal
0.88,1.01,0.2,1,1,1.0,0,0,Normal
0.877,1.03,0.7,1,1,0.94,0,0,Normal
0.907,1.02,1.7,1,1,0.96,0,0,Normal
0.898,0.98,1.3,1,1,0.9,0,0,Normal
0.947,0.98,0.2,1,1,0.97,0,0,Normal
0.952,0.99,0.5,1,1,0.98,0,0,Normal
0.876,0.97,1.1,1,1,0.96,0,0,Normal
0.922,1.0,1.5,1,1,0.93,0,0,Normal
0.851,1.02,1.5,1,1,0.96,0,0,Normal
0.629,2.92,34.8,5,4,0.58,1,1,Suspicious
0.858,1.01,0.3,1,1,0.97,0,0,Normal
0.971,1.05,0.0,1,1,0.93,0,0,Normal
0.907,1.04,0.7,1,1,0.98,0,0,Normal
0.853,0.97,0.6,1,1,1.0,0,0,Normal
0.952,0.97,0.4,1,1,0.93,0,0,Normal
0.238,2.4,25.1,3,4,0.38,1,1,High_Risk
0.889,1.03,0.9,1,1,0.92,0,0,Normal
0.981,0.99,1.2,1,1,0.93,0,0,Normal
0.98,0.99,0.2,1,1,0.98,0,0,Normal
0.946,0.99,0.6,1,1,0.92,0,0,Normal
0.934,0.98,1.5,1,1,0.93,0,0,Normal
0.937,0.99,1.9,1,1,0.94,0,0,Normal
0.956,1.05,0.5,1,1,0.96,0,0,Normal
0.863,0.97,0.0,1,1,0.91,0,0,Normal
0.902,1.03,0.3,1,1,1.0,0,0,Normal
0.93,0.97,1.4,1,1,0.92,0,0,Normal
0.933,1.01,1.5,1,1,0.98,0,0,Normal
0.872,1.02,0.5,1,1,0.96,0,0,Normal
0.887,0.95,0.6,1,1,0.92,0,0,Normal
0.969,1.03,1.4,1,1,0.99,0,0,Normal
0.851,1.03,0.1,1,1,0.91,0,0,Normal
0.258,3.86,30.2,4,4,0.59,1,1,Suspicious
0.864,0.99,1.4,1,1,0.98,0,0,Normal
0.339,4.11,30.4,5,3,0.54,1,1,High_Risk
0.96,1.04,1.0,1,1,0.95,0,0,Normal
0.976,0.97,0.6,1,1,1.0,0,0,Normal
0.928,0.99,0.2,1,1,0.99,0,0,Normal
0.891,0.98,0.7,1,1,0.99,0,0,Normal
0.884,1.0,1.2,1,1,1.0,0,0,Normal
0.905,0.98,1.6,1,1,0.91,0,0,Normal
0.302,1.81,24.8,5,4,0.6,0,1,High_Risk
0.391,3.31,20.9,5,4,0.38,0,1,Suspicious
0.931,1.01,0.8,1,1,0.98,0,0,Normal
0.941,0.98,0.9,1,1,0.97,0,0,Normal
0.975,1.05,1.7,1,1,0.93,0,0,Normal
0.881,1.02,0.3,1,1,0.99,0,0,Normal
0.882,1.03,0.6,1,1,0.94,0,0,Normal
0.894,1.03,0.1,1,1,0.91,0,0,Normal
0.903,0.96,1.3,1,1,0.95,0,0,Normal
0.901,1.02,1.3,1,1,0.95,0,0,Normal
0.973,1.01,1.6,1,1,1.0,0,0,Normal
0.89,0.95,1.8,1,1,0.92,0,0,Normal
0.891,0.97,1.8,1,1,0.92,0,0,Normal
0.435,4.7,24.8,5,3,0.7,1,1,High_Risk
0.972,0.98,1.6,1,1,0.91,0,0,Normal
0.912,1.04,0.7,1,1,0.92,0,0,Normal
0.388,4.01,14.1,4,2,0.61,1,1,High_Risk
0.94,1.02,1.9,1,1,0.9,0,0,Normal
0.903,1.02,0.3,1,1,0.91,0,0,Normal
0.586,1.89,32.2,5,2,0.66,1,1,High_Risk
0.989,0.96,0.4,1,1,0.97,0,0,Normal
0.969,0.96,1.4,1,1,0.99,0,0,Normal
0.405,2.67,22.4,4,4,0.47,1,1,High_Risk
0.91,1.01,0.5,1,1,0.92,0,0,Normal
0.891,0.97,1.4,1,1,0.96,0,0,Normal
0.989,1.05,1.8,1,1,0.95,0,0,Normal
0.923,0.98,0.4,1,1,0.98,0,0,Normal
0.943,1.01,0.6,1,1,0.99,0,0,Normal
0.92,0.96,0.8,1,1,0.9,0,0,Normal
0.964,0.99,1.5,1,1,0.99,0,0,Normal
0.937,0.98,1.4,1,1,0.95,0,0,Normal
0.904,0.97,1.6,1,1,0.95,0,0,Normal
0.231,3.52,10.4,5,2,0.6,1,1,High_Risk
0.952,0.96,1.6,1,1,0.92,0,0,Normal
0.93,0.97,0.8,1,1,0.97,0,0,Normal
0.913,1.0,1.4,1,1,0.94,0,0,Normal
0.906,1.0,0.8,1,1,0.95,0,0,Normal
0.918,1.0,0.7,1,1,0.91,0,0,Normal
0.898,1.02,0.1,1,1,0.95,0,0,Normal
0.94,0.97,1.0,1,1,0.95,0,0,Normal
0.897,1.03,0.9,1,1,0.94,0,0,Normal
0.911,1.01,0.3,1,1,0.94,0,0,Normal
0.478,2.27,20.1,5,3,0.62,1,1,High_Risk
0.853,1.02,0.6,1,1,0.99,0,0,Normal
0.861,0.96,1.2,1,1,0.98,0,0,Normal
0.586,4.9,26.1,3,2,0.44,1,1,High_Risk
0.922,1.03,1.6,1,1,0.93,0,0,Normal
0.223,4.43,14.4,2,3,0.31,1,1,Suspicious
0.867,1.03,1.7,1,1,0.99,0,0,Normal
0.968,1.03,1.9,1,1,0.96,0,0,Normal
0.871,0.98,0.5,1,1,0.95,0,0,Normal
0.852,0.98,0.1,1,1,0.93,0,0,Normal
0.965,1.0,1.0,1,1,0.92,0,0,Normal
0.906,0.98,0.7,1,1,0.97,0,0,Normal
0.939,1.01,0.4,1,1,0.93,0,0,Normal
0.916,1.04,0.5,1,1,0.92,0,0,Normal
0.915,1.0,1.9,1,1,0.93,0,0,Normal
0.957,0.99,0.5,1,1,0.94,0,0,Normal
0.883,1.0,0.7,1,1,0.99,0,0,Normal
0.935,0.98,2.0,1,1,0.92,0,0,Normal
0.977,0.95,1.0,1,1,0.94,0,0,Normal
0.973,0.99,0.8,1,1,0.97,0,0,Normal
0.909,1.02,1.7,1,1,1.0,0,0,Normal
0.935,1.05,1.9,1,1,0.9,0,0,Normal
0.889,1.0,0.8,1,1,0.92,0,0,Normal
0.939,1.02,0.4,1,1,0.97,0,0,Normal
0.938,0.95,0.5,1,1,0.94,0,0,Normal
0.865,0.95,1.0,1,1,0.96,0,0,Normal
0.951,0.96,1.6,1,1,0.99,0,0,Normal
0.929,0.96,1.3,1,1,0.97,0,0,Normal
0.975,0.97,1.0,1,1,0.95,0,0,Normal
0.562,4.37,24.1,4,4,0.69,1,1,Suspicious
0.591,2.85,21.0,4,4,0.35,0,1,High_Risk
0.978,0.98,0.0,1,1,0.99,0,0,Normal
0.929,0.96,0.3,1,1,0.96,0,0,Normal
0.214,4.02,22.0,3,4,0.49,0,1,High_Risk
0.881,1.04,1.4,1,1,0.96,0,0,Normal
0.533,2.72,19.0,5,3,0.45,1,1,High_Risk
0.851,1.0,1.8,1,1,0.98,0,0,Normal
0.939,1.03,1.0,1,1,0.91,0,0,Normal
0.935,1.04,0.4,1,1,0.9,0,0,Normal
0.908,1.03,0.6,1,1,0.99,0,0,Normal
0.883,1.0,1.4,1,1,0.96,0,0,Normal
0.861,0.99,1.7,1,1,0.98,0,0,Normal
0.986,1.02,1.5,1,1,0.91,0,0,Normal
0.977,1.01,0.0,1,1,0.96,0,0,Normal
0.243,4.28,17.6,5,2,0.68,1,1,High_Risk
0.908,0.98,1.7,1,1,0.93,0,0,Normal
0.393,3.51,30.3,4,2,0.51,1,1,High_Risk
0.878,1.04,1.7,1,1,0.98,0,0,Normal
0.975,1.04,0.6,1,1,0.95,0,0,Normal
0.873,0.98,0.6,1,1,0.95,0,0,Normal
0.973,1.0,1.1,1,1,0.96,0,0,Normal
0.964,1.0,1.0,1,1,0.99,0,0,Normal
0.907,1.01,1.8,1,1,0.97,0,0,Normal
0.854,1.01,0.1,1,1,0.98,0,0,Normal
0.51,3.56,26.9,3,4,0.55,1,1,High_Risk
0.935,1.0,0.5,1,1,0.92,0,0,Normal
0.949,0.98,1.3,1,1,0.92,0,0,Normal
0.954,1.05,1.7,1,1,0.97,0,0,Normal
0.945,0.96,1.8,1,1,0.93,0,0,Normal
0.969,1.0,0.5,1,1,0.93,0,0,Normal
0.869,0.98,0.5,1,1,0.94,0,0,Normal
0.854,1.04,0.7,1,1,0.93,0,0,Normal
0.933,0.96,0.7,1,1,0.97,0,0,Normal
0.634,3.7,32.8,4,4,0.36,0,1,High_Risk
0.978,1.01,1.6,1,1,0.92,0,0,Normal
0.366,2.26,31.5,2,2,0.38,1,1,High_Risk
0.892,1.01,0.6,1,1,0.96,0,0,Normal
0.502,4.85,22.3,2,3,0.68,1,1,High_Risk
0.471,4.4,20.2,3,2,0.65,1,1,Suspicious
0.864,1.04,1.1,1,1,0.93,0,0,Normal
0.414,2.87,13.5,2,2,0.58,0,1,High_Risk
0.945,0.97,0.2,1,1,0.94,0,0,Normal
0.926,1.03,0.2,1,1,0.92,0,0,Normal
0.913,0.99,2.0,1,1,0.95,0,0,Normal
0.864,1.02,0.7,1,1,0.9,0,0,Normal
0.307,1.96,15.2,4,2,0.33,0,1,High_Risk
0.944,1.0,0.2,1,1,0.94,0,0,Normal
0.943,0.99,1.8,1,1,0.96,0,0,Normal
0.927,0.96,0.3,1,1,0.91,0,0,Normal
0.396,4.27,27.1,5,4,0.4,0,1,High_Risk
0.929,1.03,0.1,1,1,0.96,0,0,Normal
0.582,2.7,12.5,5,4,0.34,1,1,High_Risk
0.858,0.99,0.2,1,1,0.92,0,0,Normal
0.886,1.03,1.9,1,1,0.98,0,0,Normal
0.899,1.02,0.1,1,1,0.92,0,0,Normal
0.952,0.99,1.0,1,1,0.97,0,0,Normal
0.957,0.96,0.7,1,1,0.95,0,0,Normal
0.986,1.02,0.6,1,1,0.98,0,0,Normal
0.885,1.0,1.6,1,1,0.9,0,0,Normal
0.962,0.97,1.1,1,1,0.97,0,0,Normal
0.984,0.96,0.7,1,1,1.0,0,0,Normal
0.636,2.68,17.1,2,2,0.53,1,1,High_Risk
0.916,0.95,0.4,1,1,0.97,0,0,Normal
0.977,1.05,0.0,1,1,0.94,0,0,Normal
0.205,3.73,17.6,3,4,0.34,1,1,High_Risk
0.887,0.98,1.5,1,1,0.93,0,0,Normal
0.525,3.89,20.7,5,3,0.58,1,1,High_Risk
0.952,1.05,1.7,1,1,0.93,0,0,Normal
0.884,1.05,0.8,1,1,0.96,0,0,Normal
0.948,1.02,1.5,1,1,0.96,0,0,Normal
0.921,1.05,1.1,1,1,0.97,0,0,Normal
0.858,1.03,1.0,1,1,0.99,0,0,Normal
0.861,0.98,1.6,1,1,0.95,0,0,Normal
0.879,1.05,0.7,1,1,0.99,0,0,Normal
0.96,1.05,0.5,1,1,0.99,0,0,Normal
0.908,1.01,0.2,1,1,0.95,0,0,Normal
0.852,1.01,0.3,1,1,0.94,0,0,Normal
0.936,0.96,1.6,1,1,0.97,0,0,Normal
0.555,4.39,28.5,4,2,0.48,1,1,High_Risk
0.273,1.84,27.1,5,4,0.5,1,1,High_Risk
0.886,1.05,0.6,1,1,0.91,0,0,Normal
0.63,2.5,28.0,4,3,0.47,0,1,High_Risk
0.915,0.97,1.5,1,1,0.99,0,0,Normal
0.889,1.0,1.3,1,1,0.95,0,0,Normal
0.389,3.57,28.8,2,4,0.48,1,1,Suspicious
0.86,1.05,1.4,1,1,0.95,0,0,Normal
0.921,1.03,1.9,1,1,0.93,0,0,Normal
0.29,4.96,13.1,3,4,0.45,0,1,Suspicious
0.857,1.04,0.7,1,1,0.94,0,0,Normal
0.415,2.09,26.5,2,4,0.46,1,1,High_Risk
0.951,1.0,1.8,1,1,0.92,0,0,Normal
0.226,4.38,10.2,2,3,0.67,1,1,High_Risk
0.38,4.08,16.1,4,2,0.61,1,1,High_Risk
0.94,0.98,0.7,1,1,0.96,0,0,Normal
0.909,0.97,1.0,1,1,0.99,0,0,Normal
0.981,0.98,1.7,1,1,0.98,0,0,Normal
0.51,2.16,21.7,3,2,0.59,1,1,Suspicious
0.547,2.79,11.4,2,2,0.35,1,1,High_Risk
0.421,4.12,18.4,3,4,0.51,1,1,High_Risk
0.27,4.2,19.5,2,3,0.66,1,1,High_Risk
0.889,1.0,1.3,1,1,0.98,0,0,Normal
0.897,1.01,0.6,1,1,0.96,0,0,Normal
0.911,0.99,1.2,1,1,0.93,0,0,Normal
0.881,1.0,1.2,1,1,0.97,0,0,Normal
0.948,0.97,0.3,1,1,0.91,0,0,Normal
0.881,1.01,1.9,1,1,0.92,0,0,Normal
0.879,1.03,1.1,1,1,0.97,0,0,Normal
0.965,0.96,1.1,1,1,0.98,0,0,Normal
0.923,1.02,0.1,1,1,0.94,0,0,Normal
0.859,0.97,0.5,1,1,1.0,0,0,Normal
0.894,0.98,0.1,1,1,1.0,0,0,Normal
0.547,4.57,24.6,2,4,0.63,0,1,High_Risk
0.981,0.97,1.9,1,1,0.96,0,0,Normal
0.909,1.03,1.1,1,1,0.92,0,0,Normal
0.978,0.98,1.0,1,1,0.98,0,0,Normal
0.973,0.97,1.2,1,1,0.95,0,0,Normal
0.944,1.04,1.7,1,1,0.97,0,0,Normal
0.974,1.03,0.4,1,1,0.97,0,0,Normal
0.893,0.95,0.6,1,1,0.95,0,0,Normal
0.976,1.02,0.7,1,1,0.93,0,0,Normal
0.885,0.96,0.6,1,1,0.99,0,0,Normal
0.915,1.0,0.2,1,1,0.92,0,0,Normal
0.928,0.96,0.1,1,1,0.98,0,0,Normal
0.865,1.02,0.7,1,1,0.92,0,0,Normal
0.889,0.96,1.9,1,1,0.94,0,0,Normal
0.87,0.96,1.8,1,1,0.97,0,0,Normal
0.879,1.0,0.6,1,1,0.97,0,0,Normal
0.858,1.05,0.1,1,1,0.97,0,0,Normal
0.97,0.98,0.8,1,1,0.93,0,0,Normal
0.924,0.96,1.5,1,1,1.0,0,0,Normal
0.869,0.99,1.1,1,1,0.92,0,0,Normal
0.927,0.96,1.1,1,1,0.96,0,0,Normal
0.873,1.02,1.4,1,1,0.95,0,0,Normal
0.861,1.02,0.7,1,1,0.9,0,0,Normal
0.911,0.96,0.8,1,1,0.93,0,0,Normal
0.935,0.99,0.1,1,1,0.99,0,0,Normal
0.953,1.01,0.4,1,1,0.94,0,0,Normal
0.99,1.01,1.0,1,1,0.92,0,0,Normal
0.577,4.08,22.6,3,2,0.31,0,1,High_Risk
0.897,0.99,1.7,1,1,0.95,0,0,Normal
0.573,1.82,23.8,2,2,0.39,1,1,High_Risk
0.636,3.15,14.0,5,4,0.68,1,1,High_Risk
0.951,1.01,1.0,1,1,0.96,0,0,Normal
0.95,1.03,0.7,1,1,0.94,0,0,Normal
0.902,1.02,1.7,1,1,0.98,0,0,Normal
0.971,0.99,0.7,1,1,1.0,0,0,Normal
0.987,1.03,0.9,1,1,0.94,0,0,Normal
0.876,1.03,1.4,1,1,0.9,0,0,Normal
0.903,1.0,1.0,1,1,0.99,0,0,Normal
0.857,1.03,0.8,1,1,0.94,0,0,Normal
0.963,0.96,1.7,1,1,0.91,0,0,Normal
0.983,1.01,1.5,1,1,0.95,0,0,Normal
0.955,0.96,0.9,1,1,0.97,0,0,Normal
0.922,0.98,0.3,1,1,0.99,0,0,Normal
0.979,1.03,1.8,1,1,1.0,0,0,Normal
0.982,1.0,1.2,1,1,0.96,0,0,Normal
0.965,1.04,0.5,1,1,0.97,0,0,Normal
0.966,0.96,0.5,1,1,0.91,0,0,Normal
0.878,1.0,0.1,1,1,0.98,0,0,Normal
0.928,0.96,0.0,1,1,0.99,0,0,Normal
0.914,0.98,1.7,1,1,0.99,0,0,Normal
0.904,0.96,1.9,1,1,0.99,0,0,Normal
0.964,1.01,0.3,1,1,0.95,0,0,Normal
0.933,1.02,0.4,1,1,0.95,0,0,Normal
0.864,0.95,1.1,1,1,0.91,0,0,Normal
0.9,0.99,1.8,1,1,0.99,0,0,Normal
0.27,2.66,30.2,4,3,0.62,0,1,High_Risk
0.616,3.13,30.9,3,2,0.66,0,1,Suspicious
0.894,1.04,0.9,1,1,0.93,0,0,Normal
0.955,0.97,1.6,1,1,0.93,0,0,Normal
0.858,0.97,1.6,1,1,0.97,0,0,Normal
0.958,0.99,0.1,1,1,0.97,0,0,Normal
0.921,1.04,1.7,1,1,0.9,0,0,Normal
0.888,1.01,1.2,1,1,0.97,0,0,Normal
0.977,1.02,0.1,1,1,0.99,0,0,Normal
0.515,3.96,13.4,3,3,0.44,1,1,High_Risk
0.413,2.6,17.0,4,4,0.37,1,1,High_Risk
0.877,1.05,0.8,1,1,0.95,0,0,Normal
0.861,0.96,1.8,1,1,0.97,0,0,Normal
0.914,1.02,0.2,1,1,0.99,0,0,Normal
0.976,1.03,0.3,1,1,0.93,0,0,Normal
0.887,1.03,1.7,1,1,0.93,0,0,Normal
0.872,0.99,0.6,1,1,0.92,0,0,Normal
0.968,0.98,2.0,1,1,0.94,0,0,Normal
0.957,0.96,1.5,1,1,1.0,0,0,Normal
0.969,0.99,0.5,1,1,0.93,0,0,Normal
0.915,0.98,1.5,1,1,0.91,0,0,Normal
0.913,1.02,0.9,1,1,0.91,0,0,Normal
0.959,0.96,1.5,1,1,0.9,0,0,Normal
0.939,1.03,1.5,1,1,0.96,0,0,Normal
0.889,0.97,0.4,1,1,0.95,0,0,Normal
0.87,0.97,1.0,1,1,0.9,0,0,Normal
0.955,1.02,0.2,1,1,0.97,0,0,Normal
0.916,0.99,0.4,1,1,0.93,0,0,Normal
0.628,4.45,32.8,4,4,0.43,1,1,High_Risk
0.93,0.97,1.3,1,1,0.95,0,0,Normal
0.482,2.0,15.2,3,2,0.38,1,1,High_Risk
0.852,1.02,1.7,1,1,0.98,0,0,Normal
0.951,0.98,1.0,1,1,0.92,0,0,Normal
0.972,0.99,1.3,1,1,0.97,0,0,Normal
0.985,1.02,0.1,1,1,0.99,0,0,Normal
0.899,0.97,0.1,1,1,0.95,0,0,Normal
0.884,1.0,0.8,1,1,0.94,0,0,Normal
0.972,1.04,0.5,1,1,0.97,0,0,Normal
0.885,0.98,1.2,1,1,0.95,0,0,Normal
0.879,1.03,0.7,1,1,0.91,0,0,Normal
0.98,1.05,1.3,1,1,0.95,0,0,Normal
0.92,1.02,0.7,1,1,0.94,0,0,Normal
0.98,1.04,0.8,1,1,0.96,0,0,Normal
0.577,1.85,15.5,4,4,0.34,1,1,High_Risk
0.862,1.05,0.1,1,1,0.93,0,0,Normal
0.989,1.01,1.2,1,1,0.96,0,0,Normal
0.978,1.04,1.4,1,1,0.99,0,0,Normal
0.521,3.36,32.6,2,4,0.59,1,1,High_Risk
0.96,1.04,1.9,1,1,0.9,0,0,Normal
0.348,2.62,21.2,5,2,0.68,1,1,High_Risk
0.379,4.45,12.1,4,3,0.43,0,1,High_Risk
0.951,1.03,0.9,1,1,0.99,0,0,Normal
0.985,0.99,0.0,1,1,0.91,0,0,Normal
0.953,0.99,1.3,1,1,0.96,0,0,Normal
0.317,2.8,12.9,5,4,0.6,0,1,Suspicious
0.885,1.05,1.8,1,1,0.99,0,0,Normal
0.964,1.03,0.5,1,1,0.93,0,0,Normal
0.905,0.97,0.7,1,1,0.95,0,0,Normal
0.883,1.01,0.9,1,1,0.99,0,0,Normal
0.906,1.04,1.0,1,1,0.92,0,0,Normal
0.987,1.04,1.4,1,1,0.97,0,0,Normal
0.901,0.99,1.7,1,1,0.96,0,0,Normal
0.926,1.0,1.5,1,1,0.99,0,0,Normal
0.906,0.97,1.8,1,1,0.94,0,0,Normal
0.925,0.99,0.6,1,1,0.94,0,0,Normal
0.972,1.04,0.5,1,1,0.96,0,0,Normal
0.862,1.01,0.4,1,1,0.99,0,0,Normal
0.975,1.03,0.7,1,1,0.91,0,0,Normal
0.905,0.99,1.3,1,1,1.0,0,0,Normal
0.958,1.02,1.6,1,1,0.9,0,0,Normal
0.94,1.0,0.8,1,1,0.92,0,0,Normal
0.902,1.02,0.6,1,1,0.96,0,0,Normal
0.909,0.98,0.2,1,1,0.98,0,0,Normal
0.898,0.95,0.0,1,1,0.92,0,0,Normal
0.938,0.98,0.0,1,1,0.91,0,0,Normal
0.898,0.98,0.6,1,1,0.95,0,0,Normal
0.946,0.98,1.8,1,1,0.95,0,0,Normal
0.879,1.05,1.2,1,1,0.95,0,0,Normal
0.933,0.95,0.2,1,1,0.97,0,0,Normal
0.978,0.98,0.3,1,1,0.9,0,0,Normal
0.894,0.98,0.7,1,1,0.92,0,0,Normal
0.91,0.97,0.9,1,1,0.98,0,0,Normal
0.933,1.04,1.0,1,1,0.9,0,0,Normal
0.988,1.02,0.5,1,1,0.98,0,0,Normal
0.865,1.0,1.3,1,1,0.93,0,0,Normal
0.95,0.99,1.0,1,1,0.98,0,0,Normal
0.974,1.0,1.1,1,1,0.95,0,0,Normal
0.971,0.99,1.0,1,1,0.99,0,0,Normal
0.891,1.03,0.4,1,1,0.98,0,0,Normal
0.539,3.11,18.4,5,2,0.47,0,1,High_Risk
0.855,1.02,1.3,1,1,1.0,0,0,Normal
0.865,1.05,0.4,1,1,1.0,0,0,Normal
0.906,1.0,0.0,1,1,0.92,0,0,Normal
0.869,1.0,1.0,1,1,0.94,0,0,Normal
0.974,0.96,1.3,1,1,0.94,0,0,Normal
0.875,1.03,1.1,1,1,0.94,0,0,Normal
0.886,1.04,1.3,1,1,0.92,0,0,Normal
0.887,0.95,1.4,1,1,0.91,0,0,Normal
0.382,4.14,30.9,4,2,0.7,1,1,Suspicious
0.976,0.96,1.7,1,1,0.98,0,0,Normal
0.962,0.99,0.3,1,1,0.97,0,0,Normal
0.958,1.02,0.2,1,1,0.99,0,0,Normal
0.899,1.02,1.7,1,1,0.97,0,0,Normal
0.864,0.95,0.3,1,1,0.96,0,0,Normal
0.919,0.98,1.0,1,1,0.95,0,0,Normal
0.932,1.05,1.5,1,1,0.97,0,0,Normal
0.432,2.93,15.8,4,4,0.47,1,1,High_Risk
0.865,1.01,1.6,1,1,0.98,0,0,Normal
0.859,1.04,0.8,1,1,0.95,0,0,Normal
0.884,1.01,1.5,1,1,0.99,0,0,Normal
0.889,1.02,0.5,1,1,0.95,0,0,Normal
0.859,1.02,1.4,1,1,0.91,0,0,Normal
0.348,2.37,34.5,2,3,0.41,1,1,Suspicious
0.864,1.05,1.7,1,1,0.96,0,0,Normal
0.894,0.95,0.0,1,1,0.9,0,0,Normal
0.861,1.05,1.1,1,1,0.96,0,0,Normal
0.853,0.96,0.8,1,1,0.99,0,0,Normal
0.931,0.95,1.9,1,1,0.91,0,0,Normal
0.876,0.97,1.3,1,1,0.97,0,0,Normal
0.893,0.95,0.2,1,1,0.94,0,0,Normal
0.853,1.01,1.6,1,1,0.92,0,0,Normal
0.869,1.0,1.4,1,1,0.93,0,0,Normal
0.927,0.96,1.1,1,1,0.95,0,0,Normal
0.987,0.99,0.3,1,1,0.99,0,0,Normal
0.908,1.04,1.2,1,1,0.98,0,0,Normal
0.244,2.9,32.6,5,4,0.57,0,1,High_Risk
0.466,2.84,31.3,3,4,0.64,1,1,High_Risk
0.903,0.98,0.9,1,1,0.98,0,0,Normal
0.961,1.03,1.7,1,1,0.95,0,0,Normal
0.973,0.97,0.7,1,1,0.9,0,0,Normal
0.922,0.98,1.4,1,1,0.91,0,0,Normal
0.883,0.97,0.1,1,1,1.0,0,0,Normal
0.907,1.03,1.7,1,1,0.97,0,0,Normal
0.979,1.05,1.3,1,1,0.96,0,0,Normal
0.924,0.95,1.1,1,1,0.95,0,0,Normal
0.97,0.97,1.2,1,1,0.97,0,0,Normal
0.909,0.99,1.6,1,1,0.92,0,0,Normal
0.904,1.02,0.6,1,1,0.91,0,0,Normal
0.88,0.95,1.2,1,1,0.96,0,0,Normal
0.885,0.98,1.9,1,1,0.91,0,0,Normal
0.979,0.96,0.4,1,1,0.93,0,0,Normal
0.281,2.25,33.1,3,3,0.62,0,1,High_Risk
0.856,1.02,1.0,1,1,0.98,0,0,Normal
0.883,1.04,0.5,1,1,0.92,0,0,Normal
0.924,1.02,0.8,1,1,0.98,0,0,Normal
0.939,0.96,1.9,1,1,0.94,0,0,Normal
0.257,4.87,17.6,4,3,0.53,1,1,High_Risk
0.867,0.95,0.2,1,1,0.94,0,0,Normal
0.508,3.02,12.4,5,2,0.67,0,1,High_Risk
0.857,0.97,1.8,1,1,0.92,0,0,Normal
0.91,1.02,0.4,1,1,0.94,0,0,Normal
0.923,0.97,1.1,1,1,0.96,0,0,Normal
0.973,1.03,0.4,1,1,0.92,0,0,Normal
0.921,1.04,0.4,1,1,0.99,0,0,Normal
0.99,0.97,0.2,1,1,0.9,0,0,Normal
0.937,0.98,0.3,1,1,0.95,0,0,Normal
0.987,1.04,1.8,1,1,1.0,0,0,Normal
0.909,1.03,0.3,1,1,0.94,0,0,Normal
0.901,1.03,1.0,1,1,0.94,0,0,Normal
0.863,1.0,2.0,1,1,0.91,0,0,Normal
0.863,0.98,1.1,1,1,0.96,0,0,Normal
0.328,4.02,34.6,2,2,0.33,1,1,High_Risk
0.859,1.04,0.8,1,1,0.92,0,0,Normal
0.877,0.96,1.1,1,1,0.97,0,0,Normal
0.929,1.03,1.2,1,1,1.0,0,0,Normal
0.951,1.0,1.2,1,1,1.0,0,0,Normal
0.924,0.99,0.3,1,1,0.96,0,0,Normal
0.911,1.0,1.6,1,1,0.95,0,0,Normal
0.923,0.97,1.5,1,1,0.94,0,0,Normal
0.893,1.03,1.5,1,1,0.94,0,0,Normal
0.977,1.05,0.6,1,1,0.97,0,0,Normal
0.891,1.0,2.0,1,1,1.0,0,0,Normal
0.976,0.95,0.3,1,1,0.91,0,0,Normal
0.937,1.02,0.3,1,1,0.95,0,0,Normal
0.887,1.03,0.1,1,1,0.92,0,0,Normal
0.213,2.62,14.8,5,4,0.37,1,1,High_Risk
0.904,1.0,1.4,1,1,0.94,0,0,Normal
0.944,0.97,2.0,1,1,1.0,0,0,Normal
0.547,1.99,11.0,5,2,0.5,0,1,High_Risk
0.206,2.74,18.8,5,4,0.59,1,1,High_Risk
0.923,1.02,0.5,1,1,0.92,0,0,Normal
0.936,0.98,0.9,1,1,0.93,0,0,Normal
0.865,1.03,1.6,1,1,0.96,0,0,Normal
0.382,4.79,30.1,3,2,0.49,1,1,High_Risk
0.884,1.04,0.2,1,1,0.95,0,0,Normal
0.875,1.0,0.8,1,1,1.0,0,0,Normal
0.853,0.99,1.3,1,1,0.95,0,0,Normal
0.937,0.96,1.7,1,1,0.9,0,0,Normal
0.922,0.97,1.8,1,1,0.95,0,0,Normal
0.872,1.01,1.4,1,1,0.92,0,0,Normal
0.973,1.01,0.1,1,1,0.97,0,0,Normal
0.973,0.99,1.1,1,1,0.99,0,0,Normal
0.461,1.91,12.7,5,2,0.45,0,1,High_Risk
0.96,0.98,1.7,1,1,0.95,0,0,Normal
0.971,0.98,1.9,1,1,0.97,0,0,Normal
0.88,1.02,0.9,1,1,0.99,0,0,Normal
0.919,1.0,1.3,1,1,0.91,0,0,Normal
0.953,0.96,1.7,1,1,0.95,0,0,Normal
0.873,1.01,0.3,1,1,0.95,0,0,Normal
0.896,1.02,0.1,1,1,0.97,0,0,Normal
0.878,0.96,1.5,1,1,0.92,0,0,Normal
0.381,3.9,16.5,5,2,0.62,1,1,High_Risk
0.207,4.91,22.7,4,3,0.31,1,1,High_Risk
0.984,1.02,1.2,1,1,0.97,0,0,Normal
0.987,0.97,0.3,1,1,0.93,0,0,Normal
0.985,1.01,2.0,1,1,0.98,0,0,Normal
0.978,0.99,0.9,1,1,0.98,0,0,Normal
0.89,1.01,0.6,1,1,0.99,0,0,Normal
0.983,0.97,1.1,1,1,0.95,0,0,Normal
0.887,0.98,1.5,1,1,0.91,0,0,Normal
0.211,3.0,13.9,4,3,0.52,1,1,High_Risk
0.932,1.04,1.7,1,1,1.0,0,0,Normal
0.962,0.98,0.1,1,1,0.97,0,0,Normal
0.886,1.03,0.4,1,1,0.98,0,0,Normal
0.858,0.96,1.4,1,1,0.97,0,0,Normal
0.974,0.99,0.6,1,1,0.97,0,0,Normal
0.954,1.01,0.7,1,1,0.91,0,0,Normal
0.961,0.95,1.5,1,1,0.97,0,0,Normal
0.885,0.96,0.4,1,1,0.98,0,0,Normal
0.924,0.96,1.8,1,1,0.93,0,0,Normal
0.887,1.04,1.3,1,1,0.94,0,0,Normal
0.907,1.05,1.5,1,1,1.0,0,0,Normal
0.94,0.99,0.2,1,1,0.9,0,0,Normal
0.497,4.89,19.7,2,4,0.31,1,1,High_Risk
0.937,0.98,1.2,1,1,0.9,0,0,Normal
0.896,1.03,1.2,1,1,0.96,0,0,Normal
0.278,4.77,34.9,3,4,0.64,1,1,High_Risk
0.983,1.02,0.6,1,1,0.92,0,0,Normal
0.97,1.03,0.4,1,1,0.98,0,0,Normal
0.989,1.01,0.8,1,1,0.98,0,0,Normal
0.86,1.02,0.0,1,1,0.94,0,0,Normal
0.908,0.99,0.9,1,1,0.91,0,0,Normal
0.924,1.05,1.4,1,1,0.92,0,0,Normal
0.895,0.96,1.6,1,1,0.98,0,0,Normal
0.932,1.04,0.1,1,1,0.99,0,0,Normal
0.973,1.01,0.2,1,1,0.94,0,0,Normal
0.889,1.03,0.0,1,1,0.99,0,0,Normal
0.921,0.97,1.2,1,1,0.92,0,0,Normal
0.887,0.98,1.7,1,1,0.94,0,0,Normal
0.857,1.01,1.5,1,1,0.95,0,0,Normal
0.955,0.96,1.6,1,1,0.93,0,0,Normal
0.958,1.05,1.4,1,1,0.9,0,0,Normal
0.875,0.97,2.0,1,1,0.99,0,0,Normal
0.235,2.24,16.9,5,2,0.41,1,1,Suspicious
0.895,0.97,0.3,1,1,0.93,0,0,Normal
0.913,1.01,1.7,1,1,0.92,0,0,Normal
0.932,1.03,1.2,1,1,0.94,0,0,Normal
0.856,0.99,1.7,1,1,0.9,0,0,Normal
0.958,1.04,1.6,1,1,1.0,0,0,Normal
0.918,0.98,1.2,1,1,0.93,0,0,Normal
0.972,1.0,1.4,1,1,0.94,0,0,Normal
0.865,0.96,1.5,1,1,0.92,0,0,Normal
0.862,0.99,0.1,1,1,0.98,0,0,Normal
0.942,0.97,1.4,1,1,0.91,0,0,Normal
0.248,3.2,23.8,4,4,0.33,1,1,High_Risk
0.853,1.03,1.9,1,1,0.92,0,0,Normal
0.918,0.96,1.3,1,1,0.95,0,0,Normal
0.479,2.58,24.6,4,3,0.34,0,1,Suspicious
0.49,2.83,33.7,4,4,0.63,0,1,High_Risk
0.897,1.01,0.2,1,1,0.92,0,0,Normal
0.954,1.04,0.3,1,1,0.93,0,0,Normal
0.92,0.98,1.1,1,1,0.97,0,0,Normal
0.943,1.02,1.4,1,1,0.93,0,0,Normal
0.903,0.96,0.6,1,1,0.99,0,0,Normal
0.938,1.01,0.1,1,1,0.96,0,0,Normal
0.976,1.02,1.6,1,1,0.95,0,0,Normal
0.935,1.01,0.7,1,1,0.94,0,0,Normal
0.623,2.25,14.9,4,2,0.32,1,1,High_Risk
0.99,1.0,1.7,1,1,0.99,0,0,Normal
0.966,1.02,0.3,1,1,0.97,0,0,Normal
0.981,0.98,1.2,1,1,0.94,0,0,Normal
0.955,1.03,1.6,1,1,0.96,0,0,Normal
0.978,1.04,1.6,1,1,0.91,0,0,Normal
0.852,0.99,1.2,1,1,1.0,0,0,Normal
0.985,1.0,1.8,1,1,0.92,0,0,Normal
0.922,1.01,0.6,1,1,0.98,0,0,Normal
0.855,0.99,1.6,1,1,0.92,0,0,Normal
0.852,1.03,1.2,1,1,0.97,0,0,Normal
0.89,0.96,0.4,1,1,0.94,0,0,Normal
0.855,0.98,0.5,1,1,0.93,0,0,Normal
0.881,1.01,0.3,1,1,0.95,0,0,Normal
0.884,0.97,1.6,1,1,0.93,0,0,Normal
0.932,0.98,1.0,1,1,0.91,0,0,Normal
0.895,0.96,2.0,1,1,0.99,0,0,Normal
0.854,1.03,1.0,1,1,0.96,0,0,Normal
0.904,1.0,0.7,1,1,0.98,0,0,Normal
0.462,4.6,33.2,2,2,0.68,0,1,High_Risk
0.988,1.01,1.5,1,1,0.94,0,0,Normal
0.966,1.04,1.1,1,1,0.92,0,0,Normal
0.879,0.99,0.5,1,1,1.0,0,0,Normal
0.892,1.04,0.8,1,1,0.92,0,0,Normal
0.957,1.0,1.6,1,1,0.91,0,0,Normal
0.865,1.0,2.0,1,1,0.94,0,0,Normal
0.914,0.95,1.0,1,1,0.93,0,0,Normal
0.336,4.78,34.5,5,3,0.62,1,1,Suspicious
0.97,0.99,0.7,1,1,0.91,0,0,Normal
0.977,1.01,0.5,1,1,0.99,0,0,Normal
0.984,0.98,0.1,1,1,0.97,0,0,Normal
0.923,1.0,1.1,1,1,0.91,0,0,Normal
0.899,0.98,1.3,1,1,0.95,0,0,Normal
0.87,1.01,0.7,1,1,1.0,0,0,Normal
0.98,1.02,0.2,1,1,0.95,0,0,Normal
0.944,1.05,0.5,1,1,0.91,0,0,Normal
0.981,1.04,0.4,1,1,0.94,0,0,Normal
0.326,4.3,24.3,3,3,0.64,0,1,High_Risk
0.953,0.97,1.0,1,1,0.9,0,0,Normal
0.897,0.98,0.9,1,1,0.91,0,0,Normal
0.923,1.05,0.9,1,1,0.94,0,0,Normal
0.853,0.98,1.4,1,1,0.96,0,0,Normal
0.919,0.96,0.2,1,1,0.95,0,0,Normal
0.878,1.04,1.7,1,1,1.0,0,0,Normal
0.975,0.95,0.8,1,1,0.99,0,0,Normal
0.954,1.02,0.5,1,1,0.95,0,0,Normal
0.936,0.97,1.3,1,1,0.95,0,0,Normal
0.932,0.95,0.2,1,1,0.94,0,0,Normal
0.869,0.97,1.3,1,1,0.93,0,0,Normal
0.962,0.98,1.1,1,1,0.96,0,0,Normal
0.981,1.05,1.8,1,1,0.93,0,0,Normal
0.89,0.97,0.8,1,1,1.0,0,0,Normal
0.926,1.0,0.7,1,1,0.98,0,0,Normal
0.953,1.02,1.7,1,1,0.92,0,0,Normal
0.934,1.04,1.7,1,1,0.91,0,0,Normal
0.955,1.05,1.5,1,1,1.0,0,0,Normal
0.872,1.04,0.2,1,1,0.95,0,0,Normal
0.97,1.0,0.7,1,1,0.94,0,0,Normal
0.982,1.03,1.3,1,1,0.97,0,0,Normal
0.38,3.75,14.8,3,2,0.66,1,1,High_Risk
0.962,1.0,0.2,1,1,0.94,0,0,Normal
0.932,1.01,0.1,1,1,0.92,0,0,Normal
0.931,1.01,1.2,1,1,0.94,0,0,Normal
0.534,4.81,23.6,2,4,0.67,1,1,High_Risk
0.906,0.99,0.4,1,1,0.97,0,0,Normal
0.909,1.0,1.6,1,1,0.98,0,0,Normal
0.867,0.97,1.3,1,1,0.91,0,0,Normal
0.929,0.95,1.7,1,1,1.0,0,0,Normal
0.961,1.03,0.9,1,1,0.91,0,0,Normal
0.864,1.03,0.3,1,1,0.99,0,0,Normal
0.99,1.04,1.2,1,1,0.95,0,0,Normal
0.984,0.97,1.5,1,1,0.98,0,0,Normal
0.389,2.16,23.9,5,2,0.7,1,1,High_Risk
0.909,1.01,1.1,1,1,0.98,0,0,Normal
0.32,4.33,25.4,4,3,0.68,0,1,High_Risk
0.869,1.01,0.5,1,1,1.0,0,0,Normal
0.905,1.01,1.9,1,1,0.94,0,0,Normal
0.974,1.02,0.9,1,1,0.93,0,0,Normal
0.864,1.02,0.7,1,1,1.0,0,0,Normal
0.905,1.05,1.2,1,1,0.97,0,0,Normal
0.866,1.05,1.3,1,1,0.98,0,0,Normal
0.252,3.84,21.7,5,3,0.31,1,1,High_Risk
0.952,0.99,0.6,1,1,1.0,0,0,Normal
0.557,4.91,18.1,3,4,0.32,0,1,High_Risk
0.947,1.05,0.7,1,1,0.92,0,0,Normal
0.27,3.69,15.5,5,3,0.45,1,1,Suspicious
0.988,1.0,0.9,1,1,0.92,0,0,Normal
0.873,0.96,0.6,1,1,0.96,0,0,Normal
0.945,1.03,0.3,1,1,0.92,0,0,Normal
0.959,0.97,1.1,1,1,0.96,0,0,Normal
0.918,1.0,0.5,1,1,0.93,0,0,Normal
0.907,0.96,0.2,1,1,0.95,0,0,Normal
0.958,1.04,0.9,1,1,0.99,0,0,Normal
0.892,0.99,1.9,1,1,0.91,0,0,Normal
0.503,2.12,22.1,2,3,0.4,1,1,Suspicious
0.987,0.99,1.4,1,1,0.97,0,0,Normal
0.954,0.97,1.3,1,1,0.92,0,0,Normal
0.906,1.01,0.9,1,1,1.0,0,0,Normal
0.882,1.03,0.5,1,1,0.95,0,0,Normal
0.923,0.95,1.7,1,1,0.96,0,0,Normal
0.316,2.51,22.9,4,2,0.47,1,1,High_Risk
0.977,1.05,1.5,1,1,0.97,0,0,Normal
0.952,1.0,0.9,1,1,0.91,0,0,Normal
0.952,1.03,0.3,1,1,0.98,0,0,Normal
0.871,1.01,1.5,1,1,0.91,0,0,Normal
0.918,1.02,0.5,1,1,0.99,0,0,Normal
0.946,1.01,0.4,1,1,0.97,0,0,Normal
0.986,1.01,0.6,1,1,0.96,0,0,Normal
0.937,0.99,0.5,1,1,0.92,0,0,Normal
0.54,2.0,33.2,3,2,0.65,1,1,High_Risk
0.92,0.99,1.0,1,1,0.99,0,0,Normal
0.895,1.04,1.8,1,1,0.92,0,0,Normal
0.885,1.0,0.3,1,1,0.96,0,0,Normal
0.862,1.04,1.3,1,1,0.96,0,0,Normal
0.866,0.99,0.9,1,1,0.98,0,0,Normal
0.983,0.98,1.9,1,1,0.91,0,0,Normal
0.94,1.03,1.4,1,1,0.93,0,0,Normal
0.889,1.01,1.3,1,1,0.93,0,0,Normal
0.923,1.03,0.1,1,1,0.99,0,0,Normal
0.354,2.36,16.7,2,4,0.64,1,1,High_Risk
0.928,0.98,1.2,1,1,0.92,0,0,Normal
0.884,0.99,0.6,1,1,0.93,0,0,Normal
0.381,4.71,22.3,5,2,0.64,1,1,High_Risk
0.884,1.0,1.9,1,1,0.92,0,0,Normal
0.556,3.7,14.4,5,4,0.52,0,1,High_Risk
0.853,1.04,1.1,1,1,0.94,0,0,Normal
0.902,0.99,1.4,1,1,0.97,0,0,Normal
0.872,0.99,1.6,1,1,0.93,0,0,Normal
0.93,0.97,0.1,1,1,0.98,0,0,Normal
0.962,0.99,0.5,1,1,0.94,0,0,Normal
0.942,1.03,0.4,1,1,0.92,0,0,Normal
0.856,1.05,1.0,1,1,1.0,0,0,Normal
0.974,0.99,1.3,1,1,0.99,0,0,Normal
0.982,1.03,1.3,1,1,0.96,0,0,Normal
0.966,1.05,1.1,1,1,0.96,0,0,Normal
0.973,0.98,0.8,1,1,0.92,0,0,Normal
0.951,1.0,1.3,1,1,0.93,0,0,Normal
0.863,1.02,0.7,1,1,0.92,0,0,Normal
0.928,0.98,0.2,1,1,0.94,0,0,Normal
0.344,3.17,16.2,3,2,0.48,1,1,High_Risk
0.986,0.97,0.6,1,1,0.91,0,0,Normal
0.267,3.44,10.7,3,4,0.68,1,1,High_Risk
0.909,1.04,1.4,1,1,0.95,0,0,Normal
0.956,0.98,0.5,1,1,0.93,0,0,Normal
0.92,1.04,0.8,1,1,0.9,0,0,Normal
0.941,1.02,1.3,1,1,1.0,0,0,Normal
0.936,0.98,1.8,1,1,0.96,0,0,Normal
0.955,0.97,0.5,1,1,0.93,0,0,Normal
0.865,1.01,0.6,1,1,0.93,0,0,Normal
0.987,1.04,0.6,1,1,0.99,0,0,Normal
0.883,1.04,1.3,1,1,1.0,0,0,Normal
0.974,0.99,0.6,1,1,0.99,0,0,Normal
0.936,0.98,1.8,1,1,0.94,0,0,Normal
0.921,1.05,0.7,1,1,0.93,0,0,Normal
0.958,1.0,0.5,1,1,0.98,0,0,Normal
0.951,0.96,0.8,1,1,0.93,0,0,Normal
0.985,1.01,1.6,1,1,0.92,0,0,Normal
0.861,0.97,1.8,1,1,0.93,0,0,Normal
0.85,1.03,1.5,1,1,0.92,0,0,Normal
0.974,0.96,1.8,1,1,0.98,0,0,Normal
0.89,1.0,1.3,1,1,0.94,0,0,Normal
0.915,0.97,1.0,1,1,0.92,0,0,Normal
0.964,1.01,0.2,1,1,0.95,0,0,Normal
0.908,1.0,0.7,1,1,0.96,0,0,Normal
0.933,1.04,1.8,1,1,0.95,0,0,Normal
0.513,3.31,25.2,5,2,0.56,1,1,Suspicious
0.853,0.99,1.4,1,1,0.94,0,0,Normal
0.446,2.73,12.5,5,2,0.43,1,1,High_Risk
0.919,1.03,0.1,1,1,1.0,0,0,Normal
0.911,1.03,0.7,1,1,0.97,0,0,Normal
0.943,0.96,0.0,1,1,0.96,0,0,Normal
0.93,1.0,0.2,1,1,0.93,0,0,Normal
0.856,1.05,0.3,1,1,0.99,0,0,Normal
0.948,1.04,0.7,1,1,0.99,0,0,Normal
0.949,1.01,1.5,1,1,0.99,0,0,Normal
0.309,2.51,29.6,3,4,0.7,1,1,High_Risk
0.976,0.97,0.4,1,1,0.97,0,0,Normal
0.876,0.95,0.1,1,1,0.95,0,0,Normal
0.929,1.04,1.2,1,1,0.95,0,0,Normal
0.974,1.0,1.2,1,1,0.97,0,0,Normal
0.851,1.02,1.7,1,1,0.98,0,0,Normal
0.883,1.01,0.8,1,1,0.96,0,0,Normal
0.896,1.0,0.1,1,1,0.94,0,0,Normal
0.88,1.04,0.0,1,1,0.97,0,0,Normal
0.986,0.98,0.6,1,1,0.99,0,0,Normal
0.871,0.97,2.0,1,1,0.96,0,0,Normal
0.937,0.96,1.3,1,1,0.92,0,0,Normal
0.866,0.95,0.1,1,1,0.99,0,0,Normal
0.906,0.99,0.7,1,1,0.9,0,0,Normal
0.895,1.01,0.5,1,1,0.99,0,0,Normal
0.922,1.05,1.9,1,1,0.9,0,0,Normal
0.911,0.97,1.8,1,1,1.0,0,0,Normal
0.461,4.73,16.8,2,4,0.45,1,1,Suspicious
0.965,1.03,0.3,1,1,0.94,0,0,Normal
0.332,3.91,19.9,2,3,0.43,1,1,High_Risk
0.911,1.01,0.2,1,1,0.94,0,0,Normal
0.878,1.04,1.8,1,1,0.98,0,0,Normal
0.901,1.0,0.9,1,1,0.93,0,0,Normal
0.565,3.8,32.6,3,3,0.56,0,1,High_Risk
0.549,4.2,25.0,2,4,0.63,0,1,Suspicious
0.867,0.96,0.0,1,1,0.91,0,0,Normal
0.978,1.04,1.4,1,1,0.9,0,0,Normal
0.928,1.01,0.6,1,1,0.93,0,0,Normal
0.892,0.98,1.1,1,1,0.98,0,0,Normal
0.858,0.98,1.1,1,1,0.97,0,0,Normal
0.943,0.99,0.3,1,1,1.0,0,0,Normal
0.958,1.03,1.3,1,1,0.97,0,0,Normal
0.956,0.98,1.6,1,1,0.94,0,0,Normal
0.265,2.52,25.0,3,2,0.36,1,1,Suspicious
0.921,0.96,0.7,1,1,0.93,0,0,Normal
0.95,0.99,0.4,1,1,0.9,0,0,Normal
0.633,4.11,22.1,2,4,0.61,1,1,High_Risk
0.959,1.01,0.4,1,1,0.99,0,0,Normal
0.923,1.04,1.3,1,1,0.98,0,0,Normal
0.918,0.98,1.8,1,1,0.91,0,0,Normal
0.922,1.05,0.4,1,1,0.95,0,0,Normal
0.912,0.96,1.3,1,1,0.96,0,0,Normal
0.895,1.04,0.4,1,1,0.94,0,0,Normal
0.958,0.99,0.8,1,1,0.95,0,0,Normal
0.965,1.0,1.7,1,1,0.92,0,0,Normal
0.924,1.04,1.2,1,1,0.9,0,0,Normal
0.852,0.99,1.6,1,1,0.93,0,0,Normal
0.96,0.99,0.9,1,1,0.91,0,0,Normal
0.929,1.02,0.9,1,1,0.93,0,0,Normal
0.891,0.99,0.5,1,1,0.91,0,0,Normal
0.92,1.0,0.8,1,1,0.98,0,0,Normal
0.958,0.99,1.2,1,1,0.94,0,0,Normal
0.306,2.13,29.0,4,3,0.63,1,1,High_Risk
0.907,0.99,1.7,1,1,0.92,0,0,Normal
0.853,1.04,0.9,1,1,0.99,0,0,Normal
0.977,1.04,1.5,1,1,0.97,0,0,Normal
0.862,0.95,0.3,1,1,0.93,0,0,Normal
0.932,0.96,1.1,1,1,1.0,0,0,Normal
0.429,3.88,13.5,4,2,0.67,1,1,Suspicious
0.927,1.04,1.6,1,1,0.95,0,0,Normal
0.927,1.04,0.0,1,1,0.93,0,0,Normal
0.888,1.05,0.2,1,1,0.96,0,0,Normal
0.974,1.02,0.7,1,1,0.92,0,0,Normal
0.976,0.98,1.8,1,1,0.99,0,0,Normal
0.879,1.03,0.5,1,1,0.92,0,0,Normal
0.963,0.97,2.0,1,1,1.0,0,0,Normal
0.859,1.0,0.1,1,1,0.97,0,0,Normal
0.896,0.95,0.9,1,1,0.95,0,0,Normal
0.876,0.95,1.0,1,1,0.97,0,0,Normal
0.875,0.97,1.1,1,1,0.9,0,0,Normal
0.917,1.02,1.4,1,1,0.95,0,0,Normal
0.94,1.03,0.6,1,1,0.96,0,0,Normal
0.897,1.05,0.4,1,1,0.94,0,0,Normal
0.928,0.99,0.4,1,1,0.95,0,0,Normal
0.855,0.98,1.0,1,1,0.92,0,0,Normal
0.217,1.95,11.3,3,3,0.32,0,1,High_Risk
0.856,1.01,1.7,1,1,0.92,0,0,Normal
0.929,1.0,0.3,1,1,0.91,0,0,Normal
0.959,1.03,0.1,1,1,0.98,0,0,Normal
0.922,1.03,1.0,1,1,0.93,0,0,Normal
0.948,0.99,1.1,1,1,0.95,0,0,Normal
0.913,1.05,0.8,1,1,0.96,0,0,Normal
0.874,0.96,1.9,1,1,0.92,0,0,Normal
0.985,1.0,0.8,1,1,0.97,0,0,Normal
0.948,1.04,0.2,1,1,0.94,0,0,Normal
0.983,0.97,0.1,1,1,0.98,0,0,Normal
0.964,1.05,0.6,1,1,0.98,0,0,Normal
0.87,0.97,0.9,1,1,1.0,0,0,Normal
0.864,0.99,1.0,1,1,0.9,0,0,Normal
0.941,1.02,0.6,1,1,0.9,0,0,Normal
0.893,1.03,1.9,1,1,0.9,0,0,Normal
0.989,0.98,0.5,1,1,0.91,0,0,Normal
0.855,1.0,0.4,1,1,0.91,0,0,Normal
0.863,0.98,1.4,1,1,0.95,0,0,Normal
0.958,1.01,0.8,1,1,1.0,0,0,Normal
0.92,1.03,1.0,1,1,0.92,0,0,Normal
0.898,0.98,0.8,1,1,0.99,0,0,Normal
0.872,1.01,1.6,1,1,0.99,0,0,Normal
0.293,2.39,25.0,3,2,0.39,1,1,High_Risk
0.975,1.03,1.1,1,1,0.99,0,0,Normal
0.855,0.97,1.3,1,1,0.94,0,0,Normal
0.889,0.95,0.3,1,1,0.94,0,0,Normal
0.888,0.97,1.0,1,1,0.9,0,0,Normal
0.858,1.0,1.9,1,1,0.96,0,0,Normal
0.573,3.64,34.7,4,2,0.32,1,1,High_Risk
0.851,0.97,1.3,1,1,0.91,0,0,Normal
0.283,3.65,19.2,4,4,0.49,1,1,High_Risk
0.951,1.01,0.6,1,1,0.98,0,0,Normal
0.911,1.04,0.4,1,1,0.94,0,0,Normal
0.98,1.04,0.7,1,1,0.95,0,0,Normal
0.453,2.69,32.7,3,3,0.42,1,1,High_Risk
0.469,4.32,11.8,3,2,0.42,1,1,High_Risk
0.957,1.0,0.6,1,1,1.0,0,0,Normal
0.32,3.78,27.3,5,3,0.5,1,1,Suspicious
0.855,1.02,1.8,1,1,0.98,0,0,Normal
0.858,1.0,0.6,1,1,0.98,0,0,Normal
0.938,1.01,1.0,1,1,0.99,0,0,Normal
0.94,0.96,1.6,1,1,0.95,0,0,Normal
0.636,2.15,13.0,4,2,0.44,0,1,Suspicious
0.926,0.99,0.1,1,1,0.91,0,0,Normal
0.907,0.96,1.4,1,1,1.0,0,0,Normal
0.879,1.0,1.5,1,1,0.94,0,0,Normal
0.521,3.23,23.9,5,3,0.5,1,1,High_Risk
0.92,0.99,1.6,1,1,0.99,0,0,Normal
0.9,0.96,0.2,1,1,0.92,0,0,Normal
0.87,1.05,0.4,1,1,1.0,0,0,Normal
0.88,1.04,0.8,1,1,0.99,0,0,Normal
0.92,1.01,1.4,1,1,0.98,0,0,Normal
0.946,1.01,1.7,1,1,0.99,0,0,Normal
0.868,1.03,0.7,1,1,0.95,0,0,Normal
0.973,1.04,1.8,1,1,0.94,0,0,Normal
0.963,0.98,1.6,1,1,0.97,0,0,Normal
0.958,1.0,1.3,1,1,0.9,0,0,Normal
0.914,1.05,1.0,1,1,0.93,0,0,Normal
0.553,3.99,25.7,5,4,0.45,0,1,High_Risk
0.872,0.97,2.0,1,1,0.99,0,0,Normal
0.888,0.96,0.1,1,1,0.96,0,0,Normal
0.888,1.01,1.2,1,1,0.93,0,0,Normal
0.939,0.98,1.7,1,1,0.9,0,0,Normal
0.884,1.04,1.5,1,1,0.99,0,0,Normal
0.968,1.01,0.7,1,1,0.92,0,0,Normal
0.876,0.98,0.9,1,1,0.99,0,0,Normal
0.985,1.03,1.3,1,1,0.99,0,0,Normal
0.876,0.98,0.1,1,1,0.92,0,0,Normal
0.904,1.04,0.4,1,1,0.9,0,0,Normal
0.91,1.03,0.7,1,1,0.99,0,0,Normal
0.886,1.04,1.6,1,1,0.98,0,0,Normal
0.852,0.99,1.4,1,1,0.94,0,0,Normal
0.93,1.02,1.3,1,1,0.93,0,0,Normal
0.946,1.03,0.6,1,1,0.97,0,0,Normal
0.985,1.03,1.7,1,1,0.97,0,0,Normal
0.385,4.39,21.2,3,4,0.48,0,1,High_Risk
0.868,0.98,1.4,1,1,0.93,0,0,Normal
0.911,1.0,1.8,1,1,0.91,0,0,Normal
0.879,1.01,0.6,1,1,0.95,0,0,Normal
0.949,0.96,0.5,1,1,0.99,0,0,Normal
0.972,0.98,1.8,1,1,0.99,0,0,Normal
0.878,1.01,0.6,1,1,0.94,0,0,Normal
0.233,3.84,21.6,2,3,0.5,1,1,High_Risk
0.925,1.0,1.2,1,1,0.9,0,0,Normal
0.952,0.96,1.8,1,1,0.95,0,0,Normal
0.885,1.01,0.4,1,1,0.99,0,0,Normal
0.931,1.03,2.0,1,1,0.96,0,0,Normal
0.933,0.97,0.6,1,1,0.94,0,0,Normal
0.897,1.03,1.3,1,1,0.98,0,0,Normal
0.414,4.75,30.7,3,2,0.65,1,1,High_Risk
0.911,1.03,1.7,1,1,0.94,0,0,Normal
0.274,4.9,30.2,3,4,0.41,1,1,High_Risk
0.944,0.97,0.8,1,1,0.96,0,0,Normal
0.954,1.01,0.9,1,1,0.93,0,0,Normal
0.921,0.95,0.7,1,1,0.92,0,0,Normal
0.953,0.98,1.1,1,1,0.98,0,0,Normal
0.863,0.96,1.6,1,1,0.92,0,0,Normal
0.876,0.99,1.4,1,1,0.94,0,0,Normal
0.926,0.96,1.8,1,1,0.94,0,0,Normal
0.982,1.01,1.2,1,1,0.92,0,0,Normal
0.973,1.03,0.9,1,1,0.98,0,0,Normal
0.907,0.97,0.3,1,1,0.94,0,0,Normal
0.407,3.45,20.5,3,2,0.68,1,1,High_Risk
0.919,0.95,0.1,1,1,1.0,0,0,Normal
0.927,1.05,0.5,1,1,0.95,0,0,Normal
0.941,0.97,1.7,1,1,0.92,0,0,Normal
0.874,1.03,2.0,1,1,0.92,0,0,Normal
0.936,0.97,0.1,1,1,0.9,0,0,Normal
0.916,1.02,2.0,1,1,0.9,0,0,Normal
0.935,0.99,0.0,1,1,0.99,0,0,Normal
0.41,4.04,26.4,2,4,0.55,1,1,High_Risk
0.875,0.99,1.8,1,1,0.95,0,0,Normal
0.946,1.03,0.3,1,1,0.96,0,0,Normal
0.916,0.99,1.6,1,1,0.98,0,0,Normal
0.942,1.01,1.0,1,1,0.91,0,0,Normal
0.954,1.0,0.2,1,1,0.96,0,0,Normal
0.976,1.03,0.3,1,1,0.97,0,0,Normal
0.934,1.01,0.6,1,1,0.98,0,0,Normal
0.921,0.98,1.5,1,1,0.99,0,0,Normal
0.974,1.03,0.5,1,1,0.99,0,0,Normal
0.895,0.98,0.3,1,1,0.95,0,0,Normal
0.95,0.98,1.9,1,1,0.96,0,0,Normal
0.951,1.0,1.0,1,1,1.0,0,0,Normal
0.977,0.98,0.8,1,1,0.97,0,0,Normal
0.918,1.0,1.7,1,1,0.94,0,0,Normal
0.89,0.98,1.2,1,1,0.9,0,0,Normal
0.853,1.02,1.5,1,1,0.98,0,0,Normal
0.935,0.98,0.6,1,1,1.0,0,0,Normal
0.882,1.03,1.2,1,1,0.96,0,0,Normal
0.926,1.04,0.1,1,1,0.93,0,0,Normal
0.982,1.01,1.8,1,1,0.96,0,0,Normal
0.51,2.13,27.2,5,4,0.57,1,1,Suspicious
0.97,0.95,1.1,1,1,0.95,0,0,Normal
0.966,1.05,0.4,1,1,0.95,0,0,Normal
0.883,0.95,1.7,1,1,0.94,0,0,Normal
0.922,1.03,0.2,1,1,0.93,0,0,Normal
0.923,1.04,0.5,1,1,0.91,0,0,Normal
0.964,1.02,1.5,1,1,0.97,0,0,Normal
0.903,0.96,0.8,1,1,0.97,0,0,Normal
0.258,4.96,27.2,4,3,0.34,1,1,High_Risk
0.269,4.17,10.3,3,3,0.4,0,1,High_Risk
0.941,1.04,0.2,1,1,1.0,0,0,Normal
0.584,4.34,28.4,5,3,0.66,1,1,Suspicious
0.876,0.97,0.1,1,1,0.91,0,0,Normal
0.928,1.04,1.9,1,1,0.96,0,0,Normal
0.27,1.98,22.4,2,2,0.51,1,1,High_Risk
0.554,2.35,12.9,5,2,0.36,0,1,High_Risk
0.963,1.0,1.2,1,1,0.97,0,0,Normal
0.988,0.96,1.7,1,1,0.95,0,0,Normal
0.906,0.99,0.7,1,1,0.96,0,0,Normal
0.89,1.0,0.5,1,1,0.93,0,0,Normal
0.377,2.5,17.2,3,2,0.59,0,1,Suspicious
0.976,1.02,0.9,1,1,0.94,0,0,Normal
0.945,1.04,1.2,1,1,0.98,0,0,Normal
0.974,0.96,1.1,1,1,0.94,0,0,Normal
0.902,1.03,1.0,1,1,0.94,0,0,Normal
0.261,4.75,13.3,4,4,0.65,1,1,High_Risk
0.876,1.03,0.2,1,1,0.9,0,0,Normal
0.933,0.97,1.5,1,1,0.93,0,0,Normal
0.951,0.98,1.7,1,1,0.93,0,0,Normal
0.895,1.02,0.4,1,1,0.94,0,0,Normal
0.904,1.04,1.5,1,1,0.97,0,0,Normal
0.979,0.97,0.3,1,1,0.99,0,0,Normal
0.926,1.0,0.8,1,1,0.98,0,0,Normal
0.915,0.96,0.8,1,1,0.93,0,0,Normal
0.863,1.02,0.3,1,1,1.0,0,0,Normal
0.874,0.95,1.3,1,1,0.97,0,0,Normal
0.851,0.96,2.0,1,1,0.91,0,0,Normal
0.874,0.99,0.6,1,1,0.99,0,0,Normal
0.877,0.99,0.2,1,1,0.9,0,0,Normal
0.919,0.95,1.4,1,1,0.97,0,0,Normal
0.96,1.05,0.9,1,1,0.94,0,0,Normal
0.936,1.03,1.0,1,1,0.97,0,0,Normal
0.978,0.99,0.6,1,1,1.0,0,0,Normal
0.883,1.0,0.8,1,1,0.9,0,0,Normal
0.858,0.99,0.3,1,1,1.0,0,0,Normal
0.931,0.97,1.2,1,1,0.94,0,0,Normal
0.928,1.01,1.7,1,1,0.95,0,0,Normal
0.934,1.05,0.1,1,1,0.92,0,0,Normal
0.925,1.0,0.6,1,1,0.93,0,0,Normal
0.907,0.98,0.3,1,1,0.96,0,0,Normal
0.298,1.96,28.4,2,4,0.48,1,1,Suspicious
0.362,4.83,31.7,4,4,0.61,1,1,Suspicious
0.968,0.98,1.0,1,1,0.93,0,0,Normal
0.896,1.0,1.9,1,1,0.99,0,0,Normal
0.23,3.67,29.4,3,4,0.41,1,1,High_Risk
0.889,1.0,1.5,1,1,0.95,0,0,Normal
0.646,4.7,17.6,3,4,0.38,1,1,High_Risk
0.938,0.95,1.1,1,1,0.96,0,0,Normal
0.873,0.99,1.5,1,1,0.96,0,0,Normal
0.851,1.03,0.2,1,1,0.99,0,0,Normal
0.914,0.99,0.9,1,1,0.97,0,0,Normal
0.853,1.05,0.5,1,1,0.91,0,0,Normal
0.951,0.98,1.4,1,1,0.97,0,0,Normal
0.939,1.04,0.1,1,1,0.95,0,0,Normal
0.863,0.97,1.4,1,1,0.98,0,0,Normal
0.851,1.03,0.2,1,1,0.99,0,0,Normal
0.985,1.02,1.7,1,1,0.92,0,0,Normal
0.961,1.01,1.6,1,1,0.94,0,0,Normal
0.644,2.05,31.2,5,3,0.59,1,1,High_Risk
0.897,1.04,1.3,1,1,0.94,0,0,Normal
0.901,1.02,1.8,1,1,0.92,0,0,Normal
0.355,4.34,14.9,3,2,0.64,1,1,High_Risk
0.882,0.98,0.6,1,1,0.92,0,0,Normal
0.945,1.0,1.8,1,1,0.99,0,0,Normal
0.919,1.05,0.3,1,1,0.92,0,0,Normal
0.293,3.84,18.7,2,3,0.37,1,1,Suspicious
0.86,1.03,0.9,1,1,0.98,0,0,Normal
0.952,1.0,0.7,1,1,0.96,0,0,Normal
0.984,1.01,0.0,1,1,0.92,0,0,Normal
0.529,4.76,32.0,3,3,0.66,1,1,High_Risk
0.907,1.03,0.2,1,1,0.97,0,0,Normal
0.942,0.96,0.7,1,1,0.95,0,0,Normal
0.379,4.97,15.6,4,3,0.69,1,1,High_Risk
0.878,1.04,0.9,1,1,0.93,0,0,Normal
0.857,0.98,1.7,1,1,0.96,0,0,Normal
0.886,1.04,1.6,1,1,0.94,0,0,Normal
0.865,1.01,1.8,1,1,0.97,0,0,Normal
0.932,0.98,0.2,1,1,0.92,0,0,Normal
0.91,0.96,0.9,1,1,0.94,0,0,Normal
0.934,1.02,0.5,1,1,0.97,0,0,Normal
0.97,0.96,0.6,1,1,0.98,0,0,Normal
0.979,0.96,0.4,1,1,0.99,0,0,Normal
0.927,0.99,0.2,1,1,0.94,0,0,Normal
0.336,4.99,32.4,2,4,0.42,1,1,Suspicious
0.944,1.05,1.9,1,1,0.91,0,0,Normal
0.942,1.0,1.2,1,1,0.93,0,0,Normal
0.891,0.99,1.8,1,1,0.93,0,0,Normal
0.863,1.0,0.5,1,1,0.96,0,0,Normal
0.888,0.99,1.6,1,1,0.93,0,0,Normal
0.885,0.98,1.0,1,1,0.99,0,0,Normal
0.891,0.96,1.1,1,1,0.93,0,0,Normal
0.608,4.86,34.5,4,3,0.61,1,1,Suspicious
0.861,1.02,1.4,1,1,0.92,0,0,Normal
0.984,0.98,1.7,1,1,0.91,0,0,Normal
0.893,1.02,1.8,1,1,1.0,0,0,Normal
0.498,1.92,22.9,3,4,0.62,1,1,High_Risk
0.97,0.99,1.4,1,1,0.96,0,0,Normal
0.864,1.0,1.0,1,1,0.97,0,0,Normal
0.928,0.97,1.4,1,1,0.93,0,0,Normal
0.947,1.01,1.2,1,1,0.96,0,0,Normal
0.865,0.96,0.4,1,1,0.97,0,0,Normal
0.934,1.04,0.8,1,1,0.99,0,0,Normal
0.865,0.95,1.6,1,1,0.95,0,0,Normal
0.944,1.02,0.0,1,1,0.93,0,0,Normal
0.904,0.96,1.0,1,1,0.92,0,0,Normal
0.907,1.03,0.1,1,1,0.97,0,0,Normal
0.446,3.14,19.2,4,2,0.32,0,1,High_Risk
0.593,3.8,26.2,2,2,0.31,1,1,High_Risk
0.908,0.99,1.8,1,1,0.91,0,0,Normal
0.905,1.02,1.2,1,1,0.97,0,0,Normal
0.965,0.99,0.1,1,1,0.95,0,0,Normal
0.987,0.98,0.2,1,1,0.91,0,0,Normal
0.388,2.23,32.9,3,2,0.65,0,1,High_Risk
0.925,1.04,1.1,1,1,0.96,0,0,Normal
0.952,0.97,0.1,1,1,0.92,0,0,Normal
0.915,1.05,0.7,1,1,0.98,0,0,Normal
0.88,0.97,1.5,1,1,0.93,0,0,Normal
0.937,0.98,0.5,1,1,0.97,0,0,Normal
0.911,0.98,1.8,1,1,0.92,0,0,Normal
0.922,0.96,1.6,1,1,0.95,0,0,Normal
0.962,0.96,0.3,1,1,0.93,0,0,Normal
0.923,0.99,0.9,1,1,0.97,0,0,Normal
0.891,1.05,1.6,1,1,0.93,0,0,Normal
0.514,3.21,27.4,3,4,0.46,1,1,Suspicious
0.247,1.89,11.6,2,4,0.48,0,1,High_Risk
0.937,0.99,0.7,1,1,0.96,0,0,Normal
0.88,1.03,1.5,1,1,0.91,0,0,Normal
0.977,0.95,1.5,1,1,0.96,0,0,Normal
0.949,1.05,1.5,1,1,0.91,0,0,Normal
0.944,1.05,0.4,1,1,0.95,0,0,Normal
0.925,0.96,0.6,1,1,0.95,0,0,Normal
0.55,2.43,15.5,5,2,0.57,1,1,High_Risk
0.542,3.28,22.6,4,4,0.5,0,1,High_Risk
0.966,0.97,1.0,1,1,0.93,0,0,Normal
0.919,1.02,1.6,1,1,0.94,0,0,Normal
0.987,0.99,1.7,1,1,0.92,0,0,Normal
0.948,0.95,0.6,1,1,0.98,0,0,Normal
0.965,1.05,1.2,1,1,0.98,0,0,Normal
0.345,2.87,25.8,3,3,0.51,0,1,High_Risk
0.882,0.97,1.8,1,1,1.0,0,0,Normal
0.989,1.02,1.3,1,1,0.95,0,0,Normal
0.92,0.98,0.8,1,1,0.97,0,0,Normal
0.947,0.97,0.6,1,1,0.97,0,0,Normal
0.967,1.01,1.5,1,1,0.92,0,0,Normal
0.365,3.54,28.7,3,3,0.45,1,1,Suspicious
0.891,1.03,1.7,1,1,0.98,0,0,Normal
0.923,0.99,0.6,1,1,0.96,0,0,Normal
0.854,0.98,1.1,1,1,0.97,0,0,Normal
0.872,0.95,1.5,1,1,0.98,0,0,Normal
0.947,0.98,0.6,1,1,1.0,0,0,Normal
0.898,0.95,1.7,1,1,0.91,0,0,Normal
0.971,0.99,1.5,1,1,0.99,0,0,Normal
0.906,1.0,0.5,1,1,0.97,0,0,Normal
0.92,0.99,1.0,1,1,0.92,0,0,Normal
0.888,1.01,1.6,1,1,0.95,0,0,Normal
0.978,0.96,0.8,1,1,0.9,0,0,Normal
0.863,0.95,0.3,1,1,0.99,0,0,Normal
0.94,1.03,0.3,1,1,0.91,0,0,Normal
0.986,1.02,0.0,1,1,0.95,0,0,Normal
0.932,1.03,1.7,1,1,0.92,0,0,Normal
0.634,2.62,25.9,4,3,0.4,1,1,High_Risk
0.904,0.97,1.7,1,1,0.99,0,0,Normal
0.881,1.04,1.9,1,1,0.9,0,0,Normal
0.862,0.98,0.4,1,1,0.94,0,0,Normal
0.902,0.98,0.7,1,1,0.97,0,0,Normal
0.921,1.01,0.5,1,1,1.0,0,0,Normal
0.877,0.98,1.9,1,1,0.99,0,0,Normal
0.316,3.21,29.3,3,3,0.55,1,1,Suspicious
0.877,1.04,1.6,1,1,0.92,0,0,Normal
0.855,0.99,1.5,1,1,0.96,0,0,Normal
0.895,1.02,1.6,1,1,0.99,0,0,Normal
0.929,1.01,0.9,1,1,0.98,0,0,Normal
0.975,1.03,0.8,1,1,0.99,0,0,Normal
0.943,0.96,0.5,1,1,0.94,0,0,Normal
0.941,0.96,0.6,1,1,0.92,0,0,Normal
0.913,0.95,1.9,1,1,0.98,0,0,Normal
0.484,1.95,10.4,2,4,0.68,1,1,Suspicious
0.399,2.18,32.0,5,2,0.33,1,1,High_Risk
0.858,1.04,1.9,1,1,0.92,0,0,Normal
0.964,1.0,1.4,1,1,0.92,0,0,Normal
0.854,0.95,1.9,1,1,0.94,0,0,Normal
0.957,0.96,0.1,1,1,0.91,0,0,Normal
0.862,0.98,1.4,1,1,0.92,0,0,Normal
0.974,1.03,0.5,1,1,0.98,0,0,Normal
0.957,0.99,0.1,1,1,0.95,0,0,Normal
0.966,1.04,1.0,1,1,0.94,0,0,Normal
0.864,0.96,1.3,1,1,0.94,0,0,Normal
0.879,0.97,0.1,1,1,0.91,0,0,Normal
0.864,0.99,1.3,1,1,0.94,0,0,Normal
0.963,0.98,1.2,1,1,0.94,0,0,Normal
0.926,1.03,0.7,1,1,0.92,0,0,Normal
0.917,1.02,0.3,1,1,0.91,0,0,Normal
0.96,0.95,1.0,1,1,0.94,0,0,Normal
0.962,1.0,1.1,1,1,0.96,0,0,Normal
0.909,0.99,0.2,1,1,0.91,0,0,Normal
0.973,0.98,1.3,1,1,0.94,0,0,Normal
0.865,1.01,0.1,1,1,0.95,0,0,Normal
0.856,1.02,0.7,1,1,0.91,0,0,Normal
0.864,0.98,0.5,1,1,0.94,0,0,Normal
0.413,2.93,20.8,4,2,0.65,1,1,High_Risk
0.973,1.04,1.0,1,1,1.0,0,0,Normal
0.962,0.96,0.9,1,1,0.95,0,0,Normal
0.936,0.99,1.8,1,1,0.95,0,0,Normal
0.955,1.02,1.2,1,1,0.92,0,0,Normal
0.907,1.01,0.7,1,1,0.9,0,0,Normal
0.948,1.0,1.1,1,1,0.97,0,0,Normal
0.941,1.03,1.0,1,1,0.94,0,0,Normal
0.902,0.98,1.8,1,1,0.94,0,0,Normal
0.974,1.03,1.6,1,1,0.91,0,0,Normal
0.859,0.99,1.4,1,1,0.96,0,0,Normal
0.899,0.99,1.5,1,1,0.91,0,0,Normal
0.453,2.97,35.0,3,3,0.65,1,1,Suspicious
0.563,4.45,18.8,3,2,0.45,0,1,High_Risk
0.99,1.04,0.4,1,1,0.93,0,0,Normal
0.958,0.96,1.8,1,1,0.98,0,0,Normal
0.862,1.04,1.0,1,1,0.98,0,0,Normal
0.964,1.02,0.9,1,1,0.91,0,0,Normal
0.895,0.97,1.7,1,1,0.97,0,0,Normal
0.922,0.96,1.6,1,1,0.96,0,0,Normal
0.926,1.03,1.3,1,1,0.91,0,0,Normal
0.906,1.05,0.8,1,1,0.95,0,0,Normal
0.919,0.97,0.7,1,1,0.91,0,0,Normal
0.958,0.99,2.0,1,1,0.96,0,0,Normal
0.978,0.97,0.7,1,1,0.93,0,0,Normal
0.887,0.96,0.2,1,1,0.94,0,0,Normal
0.51,2.11,27.1,2,3,0.44,1,1,High_Risk
0.966,0.98,0.7,1,1,0.95,0,0,Normal
0.958,0.96,0.5,1,1,0.98,0,0,Normal
0.961,0.96,1.4,1,1,1.0,0,0,Normal
0.867,0.98,1.9,1,1,0.97,0,0,Normal
0.982,0.97,0.4,1,1,0.98,0,0,Normal
0.945,1.04,0.5,1,1,0.94,0,0,Normal
0.894,1.0,1.6,1,1,1.0,0,0,Normal
0.898,1.04,1.2,1,1,0.94,0,0,Normal
0.914,1.02,0.6,1,1,0.93,0,0,Normal
0.628,2.28,27.8,5,2,0.54,1,1,High_Risk
0.928,1.05,1.1,1,1,0.92,0,0,Normal
0.956,1.0,0.5,1,1,1.0,0,0,Normal
0.935,0.97,1.3,1,1,0.93,0,0,Normal
0.987,1.05,0.2,1,1,0.95,0,0,Normal
0.971,1.04,0.7,1,1,0.92,0,0,Normal
0.967,1.05,0.1,1,1,0.92,0,0,Normal
0.923,1.04,1.5,1,1,0.99,0,0,Normal
0.957,0.97,1.3,1,1,0.92,0,0,Normal
0.946,0.96,1.0,1,1,0.98,0,0,Normal
0.267,3.86,31.8,2,3,0.31,1,1,Suspicious
0.882,1.0,1.8,1,1,1.0,0,0,Normal
0.962,1.0,0.5,1,1,0.93,0,0,Normal
0.917,0.96,1.9,1,1,0.92,0,0,Normal
0.918,0.98,1.9,1,1,0.95,0,0,Normal
0.883,1.0,0.1,1,1,0.91,0,0,Normal
0.427,4.08,31.7,5,2,0.36,1,1,High_Risk
0.92,1.0,1.4,1,1,0.97,0,0,Normal
0.869,0.96,0.6,1,1,0.91,0,0,Normal
0.967,0.98,1.1,1,1,0.96,0,0,Normal
0.857,1.05,0.5,1,1,0.97,0,0,Normal
0.862,1.01,0.0,1,1,0.96,0,0,Normal
0.883,1.02,1.6,1,1,0.93,0,0,Normal
0.908,1.03,1.5,1,1,0.98,0,0,Normal
0.877,1.04,1.9,1,1,0.9,0,0,Normal
0.973,1.03,1.0,1,1,0.95,0,0,Normal
0.954,0.98,0.5,1,1,0.96,0,0,Normal
0.941,1.01,0.9,1,1,0.92,0,0,Normal
0.922,1.0,1.3,1,1,0.96,0,0,Normal
0.349,3.83,10.3,4,4,0.64,1,1,High_Risk
0.876,1.02,1.7,1,1,0.94,0,0,Normal
0.977,0.95,1.8,1,1,0.92,0,0,Normal
0.9,0.97,0.7,1,1,0.91,0,0,Normal
0.304,3.31,24.2,4,2,0.62,1,1,Suspicious
0.924,1.02,0.7,1,1,0.94,0,0,Normal
0.893,0.98,0.0,1,1,0.94,0,0,Normal
0.949,0.97,1.3,1,1,0.96,0,0,Normal
0.969,0.98,0.1,1,1,0.95,0,0,Normal
0.949,1.03,1.5,1,1,0.9,0,0,Normal
0.913,0.98,0.5,1,1,0.99,0,0,Normal
0.983,0.96,0.6,1,1,0.99,0,0,Normal
0.982,1.02,1.9,1,1,0.99,0,0,Normal
0.981,1.04,1.9,1,1,0.97,0,0,Normal
0.96,1.03,1.9,1,1,0.93,0,0,Normal
0.955,1.04,0.3,1,1,0.92,0,0,Normal
0.598,4.87,25.9,4,3,0.6,1,1,High_Risk
0.94,1.01,1.4,1,1,0.99,0,0,Normal
0.961,1.02,0.6,1,1,0.99,0,0,Normal
0.978,0.99,0.9,1,1,0.93,0,0,Normal
0.981,1.0,0.6,1,1,0.97,0,0,Normal
0.916,0.99,1.8,1,1,0.92,0,0,Normal
0.58,3.38,26.1,2,2,0.34,0,1,High_Risk
0.874,0.97,1.7,1,1,0.99,0,0,Normal
0.984,0.99,0.4,1,1,1.0,0,0,Normal
0.89,1.04,1.3,1,1,0.92,0,0,Normal
0.964,0.98,0.2,1,1,0.98,0,0,Normal
0.965,1.0,1.9,1,1,0.98,0,0,Normal
0.969,0.97,1.7,1,1,0.92,0,0,Normal
0.989,0.99,0.5,1,1,0.95,0,0,Normal
0.867,1.0,1.4,1,1,0.98,0,0,Normal
0.851,1.02,1.2,1,1,1.0,0,0,Normal
0.951,0.99,1.8,1,1,0.99,0,0,Normal
0.878,1.01,0.7,1,1,0.96,0,0,Normal
0.979,1.05,1.7,1,1,0.92,0,0,Normal
0.901,1.01,0.2,1,1,0.96,0,0,Normal
0.904,0.97,0.6,1,1,0.98,0,0,Normal
0.951,0.96,1.2,1,1,0.98,0,0,Normal
0.913,0.96,1.9,1,1,0.91,0,0,Normal
0.983,0.99,0.0,1,1,0.9,0,0,Normal
0.903,1.02,0.6,1,1,0.97,0,0,Normal
0.241,4.53,28.9,4,3,0.43,1,1,High_Risk
0.87,0.97,1.6,1,1,0.99,0,0,Normal
0.911,0.96,1.2,1,1,0.96,0,0,Normal
0.441,2.32,14.8,2,3,0.53,0,1,High_Risk
0.959,1.03,0.5,1,1,0.97,0,0,Normal
0.877,1.05,0.4,1,1,0.96,0,0,Normal
0.906,1.01,1.3,1,1,0.96,0,0,Normal
0.958,1.0,0.2,1,1,0.92,0,0,Normal
0.968,1.04,0.9,1,1,0.97,0,0,Normal
0.408,2.65,19.7,5,4,0.54,1,1,High_Risk
0.443,4.53,16.7,3,4,0.45,1,1,High_Risk
0.927,1.03,1.7,1,1,0.98,0,0,Normal
0.367,2.22,27.3,4,2,0.51,1,1,Suspicious
0.906,0.96,1.8,1,1,0.94,0,0,Normal
0.989,0.97,1.2,1,1,0.91,0,0,Normal
0.605,4.24,24.1,2,3,0.64,1,1,High_Risk
0.909,0.96,0.5,1,1,0.99,0,0,Normal
0.92,1.04,1.6,1,1,0.92,0,0,Normal
0.364,3.92,26.5,5,2,0.42,1,1,High_Risk
0.921,1.04,1.0,1,1,0.93,0,0,Normal
0.972,0.97,0.0,1,1,0.96,0,0,Normal
0.859,0.98,1.2,1,1,0.98,0,0,Normal
0.961,1.0,1.0,1,1,0.92,0,0,Normal
0.924,1.03,0.9,1,1,0.93,0,0,Normal
0.98,0.96,1.6,1,1,0.94,0,0,Normal
0.972,0.97,1.7,1,1,0.91,0,0,Normal
0.956,0.97,1.2,1,1,0.98,0,0,Normal
0.888,1.0,1.6,1,1,1.0,0,0,Normal
0.961,0.99,0.7,1,1,0.91,0,0,Normal
0.204,3.9,16.3,5,2,0.38,0,1,High_Risk
0.882,0.98,1.7,1,1,0.96,0,0,Normal
0.247,3.34,26.3,3,4,0.61,0,1,High_Risk
0.988,1.04,1.4,1,1,0.95,0,0,Normal
0.91,0.96,1.0,1,1,0.96,0,0,Normal
0.945,1.03,2.0,1,1,0.92,0,0,Normal
0.889,1.01,0.8,1,1,0.95,0,0,Normal
0.862,1.03,1.8,1,1,0.97,0,0,Normal
0.981,0.98,1.4,1,1,0.98,0,0,Normal
0.854,1.0,1.2,1,1,0.98,0,0,Normal
0.969,1.03,1.5,1,1,0.97,0,0,Normal
0.614,3.7,17.8,4,2,0.62,0,1,High_Risk
0.969,1.03,0.7,1,1,0.91,0,0,Normal
0.888,0.99,1.1,1,1,0.99,0,0,Normal
0.936,1.01,1.1,1,1,1.0,0,0,Normal
0.861,0.99,0.6,1,1,0.93,0,0,Normal
0.914,0.96,1.5,1,1,1.0,0,0,Normal
0.897,0.98,0.2,1,1,0.97,0,0,Normal
0.98,0.99,0.4,1,1,0.97,0,0,Normal
0.979,0.99,1.4,1,1,0.95,0,0,Normal
0.981,1.0,0.5,1,1,0.93,0,0,Normal
0.915,1.02,1.1,1,1,0.98,0,0,Normal
0.913,1.04,1.0,1,1,0.91,0,0,Normal
0.893,1.04,0.0,1,1,0.96,0,0,Normal
0.318,2.61,19.4,2,3,0.57,0,1,Suspicious
0.876,0.99,1.4,1,1,0.93,0,0,Normal
0.896,0.95,0.3,1,1,0.94,0,0,Normal
0.934,0.96,0.0,1,1,0.93,0,0,Normal
0.876,1.01,1.1,1,1,0.93,0,0,Normal
0.98,1.01,0.4,1,1,0.99,0,0,Normal
0.968,0.95,0.2,1,1,0.93,0,0,Normal
0.891,0.99,0.2,1,1,0.9,0,0,Normal
0.966,0.98,1.2,1,1,0.97,0,0,Normal
0.976,0.97,1.4,1,1,0.95,0,0,Normal
0.96,1.02,0.9,1,1,0.99,0,0,Normal
0.969,1.0,0.5,1,1,0.98,0,0,Normal
0.966,1.0,1.1,1,1,0.94,0,0,Normal
0.958,1.02,1.6,1,1,0.91,0,0,Normal
0.265,2.68,26.8,3,2,0.45,0,1,High_Risk
0.936,0.96,0.7,1,1,0.99,0,0,Normal
0.617,2.36,22.8,4,2,0.6,1,1,High_Risk
0.941,1.01,1.9,1,1,0.96,0,0,Normal
0.485,3.52,18.9,2,3,0.51,1,1,Suspicious
0.922,0.99,0.8,1,1,0.91,0,0,Normal
0.938,0.97,0.4,1,1,0.91,0,0,Normal
0.884,0.98,0.9,1,1,0.95,0,0,Normal
0.859,1.03,0.6,1,1,0.99,0,0,Normal
0.985,1.02,1.3,1,1,0.96,0,0,Normal
0.953,0.98,1.1,1,1,0.98,0,0,Normal
0.36,2.1,11.1,2,3,0.7,1,1,High_Risk
0.881,1.0,1.4,1,1,0.92,0,0,Normal
0.603,1.86,32.5,3,3,0.5,1,1,Suspicious
0.965,1.02,0.1,1,1,0.98,0,0,Normal
0.987,0.96,1.8,1,1,0.97,0,0,Normal
0.984,0.98,0.8,1,1,0.95,0,0,Normal
0.879,1.01,0.9,1,1,1.0,0,0,Normal
0.986,1.02,1.1,1,1,0.99,0,0,Normal
0.86,1.04,1.2,1,1,0.95,0,0,Normal
0.919,0.95,0.1,1,1,0.92,0,0,Normal
0.636,2.79,22.9,4,2,0.65,0,1,High_Risk
0.866,0.98,1.3,1,1,0.92,0,0,Normal
0.933,0.99,1.4,1,1,0.91,0,0,Normal
0.886,1.0,0.5,1,1,0.92,0,0,Normal
0.922,0.98,0.1,1,1,0.91,0,0,Normal
0.948,1.03,1.6,1,1,0.99,0,0,Normal
0.942,1.04,1.7,1,1,0.92,0,0,Normal
0.878,0.96,0.9,1,1,0.97,0,0,Normal
0.358,3.55,20.1,3,2,0.58,0,1,High_Risk
0.868,0.96,1.7,1,1,0.98,0,0,Normal
0.964,1.04,1.3,1,1,0.92,0,0,Normal
0.925,0.98,0.7,1,1,0.97,0,0,Normal
0.961,1.04,0.9,1,1,0.96,0,0,Normal
0.977,1.01,1.1,1,1,0.98,0,0,Normal
0.622,1.85,27.1,2,3,0.37,1,1,High_Risk
0.9,0.99,1.0,1,1,0.94,0,0,Normal
0.863,0.99,0.4,1,1,0.98,0,0,Normal
0.96,0.98,0.8,1,1,0.93,0,0,Normal
0.945,0.99,0.5,1,1,0.91,0,0,Normal
0.949,1.01,1.9,1,1,0.99,0,0,Normal
0.85,1.03,1.6,1,1,0.93,0,0,Normal
0.544,3.82,28.8,2,2,0.55,1,1,High_Risk
0.884,1.0,1.8,1,1,0.97,0,0,Normal
0.869,1.05,1.0,1,1,0.99,0,0,Normal
0.887,0.96,1.8,1,1,0.95,0,0,Normal
0.221,4.01,34.9,3,3,0.51,1,1,High_Risk
0.893,1.04,0.2,1,1,0.96,0,0,Normal
0.89,1.04,1.6,1,1,0.9,0,0,Normal
0.857,1.01,0.4,1,1,0.99,0,0,Normal
0.454,3.56,31.6,3,4,0.56,1,1,High_Risk
0.908,0.96,0.4,1,1,0.92,0,0,Normal
0.887,0.96,1.5,1,1,0.95,0,0,Normal
0.913,1.02,1.8,1,1,0.97,0,0,Normal
0.89,1.04,0.9,1,1,0.9,0,0,Normal
0.559,3.13,32.1,2,2,0.68,1,1,High_Risk
0.953,1.04,0.8,1,1,0.97,0,0,Normal
0.859,1.05,1.4,1,1,0.96,0,0,Normal
0.867,1.04,0.8,1,1,0.98,0,0,Normal
0.244,2.03,22.6,4,3,0.39,0,1,High_Risk
0.97,1.0,0.8,1,1,0.95,0,0,Normal
0.944,1.04,1.3,1,1,1.0,0,0,Normal
0.905,1.02,1.4,1,1,0.93,0,0,Normal
0.883,1.01,0.0,1,1,0.92,0,0,Normal
0.93,1.04,1.1,1,1,0.95,0,0,Normal
0.944,0.96,0.4,1,1,0.91,0,0,Normal
0.959,1.0,1.3,1,1,0.9,0,0,Normal
0.879,1.02,0.5,1,1,0.94,0,0,Normal
0.437,4.38,30.7,4,2,0.39,1,1,High_Risk
0.893,0.96,1.7,1,1,0.91,0,0,Normal
0.976,1.04,0.7,1,1,0.92,0,0,Normal
0.942,1.03,0.3,1,1,0.94,0,0,Normal
0.863,0.98,0.3,1,1,0.91,0,0,Normal
0.872,1.01,1.7,1,1,0.96,0,0,Normal
0.882,0.99,0.6,1,1,0.98,0,0,Normal
0.912,1.03,2.0,1,1,0.95,0,0,Normal
0.931,1.01,1.6,1,1,0.92,0,0,Normal
0.939,1.01,0.5,1,1,0.95,0,0,Normal
0.963,1.03,0.4,1,1,0.99,0,0,Normal
0.939,1.02,1.7,1,1,0.94,0,0,Normal
0.903,1.01,0.6,1,1,0.95,0,0,Normal
0.893,1.0,1.6,1,1,0.98,0,0,Normal
0.636,2.17,35.0,3,2,0.52,1,1,High_Risk
0.93,0.97,1.9,1,1,0.94,0,0,Normal
0.942,0.97,0.7,1,1,0.99,0,0,Normal
0.866,0.95,1.1,1,1,0.98,0,0,Normal
0.865,1.04,1.6,1,1,1.0,0,0,Normal
0.921,1.01,0.5,1,1,0.95,0,0,Normal
0.904,0.99,0.9,1,1,0.97,0,0,Normal
0.869,0.95,0.1,1,1,1.0,0,0,Normal
0.868,1.0,0.7,1,1,0.94,0,0,Normal
0.975,0.96,1.9,1,1,0.97,0,0,Normal
0.883,0.99,1.2,1,1,0.92,0,0,Normal
0.897,0.98,0.6,1,1,0.91,0,0,Normal
0.349,3.08,22.4,2,4,0.33,1,1,Suspicious
0.925,0.98,1.7,1,1,0.97,0,0,Normal
0.588,1.98,18.9,2,3,0.64,0,1,High_Risk
0.959,0.96,0.1,1,1,0.99,0,0,Normal
0.905,0.97,1.2,1,1,0.94,0,0,Normal
0.883,1.02,1.6,1,1,0.99,0,0,Normal
0.88,1.04,1.2,1,1,0.93,0,0,Normal
0.918,1.0,2.0,1,1,0.96,0,0,Normal
0.913,1.05,0.5,1,1,0.95,0,0,Normal
0.915,1.04,0.4,1,1,0.9,0,0,Normal
0.875,0.96,0.2,1,1,1.0,0,0,Normal
0.98,1.01,1.0,1,1,0.99,0,0,Normal
0.981,1.04,1.9,1,1,0.97,0,0,Normal
0.89,0.98,1.6,1,1,0.93,0,0,Normal
0.929,0.96,0.5,1,1,0.93,0,0,Normal
0.963,1.0,1.0,1,1,0.99,0,0,Normal
0.526,4.35,18.5,3,4,0.54,1,1,High_Risk
0.51,2.87,30.3,4,4,0.53,1,1,High_Risk
0.893,1.03,1.3,1,1,0.94,0,0,Normal
0.902,1.04,1.0,1,1,0.96,0,0,Normal
0.935,0.96,0.2,1,1,0.91,0,0,Normal
0.872,0.95,2.0,1,1,0.98,0,0,Normal
0.354,2.29,25.1,2,2,0.61,0,1,Suspicious
0.946,1.0,1.5,1,1,0.99,0,0,Normal
0.471,2.82,14.5,2,2,0.69,1,1,High_Risk
0.919,1.02,0.2,1,1,0.95,0,0,Normal
0.452,4.31,24.6,2,3,0.3,1,1,High_Risk
0.959,0.97,0.4,1,1,0.91,0,0,Normal
0.903,0.98,1.0,1,1,0.92,0,0,Normal
0.986,0.96,0.2,1,1,0.93,0,0,Normal
0.891,1.02,0.5,1,1,0.92,0,0,Normal
0.525,4.67,14.6,5,3,0.51,1,1,High_Risk
0.876,1.03,0.9,1,1,0.9,0,0,Normal
0.89,0.97,0.2,1,1,0.97,0,0,Normal
0.879,0.96,1.1,1,1,0.95,0,0,Normal
0.943,1.03,0.7,1,1,0.93,0,0,Normal
0.332,4.0,15.0,5,3,0.31,0,1,High_Risk
0.966,1.04,1.9,1,1,0.97,0,0,Normal
0.908,0.96,1.5,1,1,0.99,0,0,Normal
0.897,0.99,1.8,1,1,0.98,0,0,Normal
0.976,0.99,0.8,1,1,0.99,0,0,Normal
0.917,1.01,1.1,1,1,0.96,0,0,Normal
0.931,1.02,0.8,1,1,0.96,0,0,Normal
0.882,0.98,0.2,1,1,0.98,0,0,Normal
0.925,0.96,1.5,1,1,0.95,0,0,Normal
0.98,1.04,0.2,1,1,0.96,0,0,Normal
0.864,0.98,0.8,1,1,1.0,0,0,Normal
0.96,0.95,0.9,1,1,0.91,0,0,Normal
0.866,1.03,1.4,1,1,0.9,0,0,Normal
0.88,0.98,0.1,1,1,0.92,0,0,Normal
0.962,1.04,0.3,1,1,0.92,0,0,Normal
0.858,0.98,1.3,1,1,0.93,0,0,Normal
0.905,1.0,0.1,1,1,1.0,0,0,Normal
0.594,4.73,11.5,5,3,0.33,0,1,Suspicious
0.957,1.04,2.0,1,1,0.92,0,0,Normal
0.41,3.69,29.7,3,2,0.42,1,1,Suspicious
0.863,1.04,1.1,1,1,0.92,0,0,Normal
0.976,1.0,0.1,1,1,0.93,0,0,Normal
0.865,0.97,0.6,1,1,0.93,0,0,Normal
0.881,1.03,1.0,1,1,0.96,0,0,Normal
0.95,0.97,0.1,1,1,0.92,0,0,Normal
0.855,0.97,0.5,1,1,0.96,0,0,Normal
0.26,3.97,33.4,4,2,0.35,1,1,High_Risk
0.868,1.02,0.7,1,1,0.91,0,0,Normal
0.881,1.05,0.4,1,1,0.91,0,0,Normal
0.975,1.05,0.0,1,1,0.94,0,0,Normal
0.947,1.01,0.8,1,1,0.95,0,0,Normal
0.919,1.03,1.7,1,1,0.97,0,0,Normal
0.955,1.0,0.6,1,1,0.94,0,0,Normal
0.906,1.01,0.1,1,1,0.98,0,0,Normal
0.896,0.97,0.3,1,1,0.97,0,0,Normal
0.559,4.7,23.6,5,4,0.49,0,1,High_Risk
0.989,1.04,1.4,1,1,0.97,0,0,Normal
0.961,0.95,0.7,1,1,0.98,0,0,Normal
0.918,1.03,2.0,1,1,0.96,0,0,Normal
0.985,1.05,1.6,1,1,0.98,0,0,Normal
0.884,0.97,1.6,1,1,0.96,0,0,Normal
0.865,1.03,0.3,1,1,0.93,0,0,Normal
0.906,1.0,0.6,1,1,0.91,0,0,Normal
0.862,1.01,1.0,1,1,0.92,0,0,Normal
0.875,1.0,2.0,1,1,0.97,0,0,Normal
0.898,1.04,0.9,1,1,0.96,0,0,Normal
0.898,1.03,1.4,1,1,0.91,0,0,Normal
0.868,0.96,1.6,1,1,0.93,0,0,Normal
0.224,3.55,10.2,2,3,0.65,0,1,High_Risk
0.88,0.98,1.1,1,1,0.95,0,0,Normal
0.926,0.97,0.2,1,1,0.98,0,0,Normal
0.867,1.02,0.8,1,1,0.95,0,0,Normal
0.936,0.97,0.4,1,1,1.0,0,0,Normal
0.863,1.01,0.9,1,1,0.91,0,0,Normal
0.984,1.02,1.0,1,1,0.94,0,0,Normal
0.97,0.98,1.6,1,1,0.92,0,0,Normal
0.516,4.66,19.9,5,2,0.49,1,1,Suspicious
0.88,1.02,0.9,1,1,0.92,0,0,Normal
0.973,0.95,0.1,1,1,0.94,0,0,Normal
0.356,4.34,27.3,3,4,0.42,1,1,High_Risk
0.881,0.97,0.7,1,1,0.92,0,0,Normal
0.875,0.99,0.6,1,1,1.0,0,0,Normal
0.897,1.0,0.3,1,1,0.99,0,0,Normal
0.958,0.97,1.9,1,1,0.91,0,0,Normal
0.947,1.0,1.7,1,1,0.97,0,0,Normal
0.587,3.68,32.4,3,4,0.54,1,1,High_Risk
0.867,0.99,1.1,1,1,0.93,0,0,Normal
0.907,1.04,0.7,1,1,0.94,0,0,Normal
0.886,1.03,1.0,1,1,0.98,0,0,Normal
0.856,1.01,2.0,1,1,0.99,0,0,Normal
0.883,1.02,2.0,1,1,0.9,0,0,Normal
0.935,0.96,1.0,1,1,0.99,0,0,Normal
0.96,0.97,0.0,1,1,0.95,0,0,Normal
0.921,0.97,1.7,1,1,0.94,0,0,Normal
0.851,0.96,1.3,1,1,0.94,0,0,Normal
0.369,3.83,13.8,4,3,0.66,1,1,High_Risk
0.891,0.98,1.3,1,1,0.91,0,0,Normal
0.868,1.03,1.7,1,1,0.91,0,0,Normal
0.619,1.98,33.4,2,3,0.61,1,1,High_Risk
0.872,0.97,0.7,1,1,0.99,0,0,Normal
0.93,0.99,1.3,1,1,0.96,0,0,Normal
0.876,0.97,0.5,1,1,1.0,0,0,Normal
0.875,0.98,0.6,1,1,0.99,0,0,Normal
0.918,0.99,0.4,1,1,0.98,0,0,Normal
0.962,1.01,1.2,1,1,0.93,0,0,Normal
0.955,0.99,1.9,1,1,0.95,0,0,Normal
0.962,0.96,1.8,1,1,0.98,0,0,Normal
0.964,1.05,0.2,1,1,0.96,0,0,Normal
0.396,3.67,24.8,3,3,0.66,0,1,High_Risk
0.913,1.02,0.8,1,1,0.96,0,0,Normal
0.89,1.02,0.1,1,1,0.97,0,0,Normal
0.955,0.96,1.2,1,1,0.92,0,0,Normal
0.951,0.96,1.4,1,1,0.94,0,0,Normal
0.986,1.0,0.8,1,1,0.95,0,0,Normal
0.939,0.99,1.4,1,1,1.0,0,0,Normal
0.864,0.97,0.3,1,1,0.9,0,0,Normal
0.861,1.0,1.3,1,1,0.92,0,0,Normal
0.871,1.03,1.2,1,1,0.99,0,0,Normal
0.86,0.99,1.8,1,1,0.93,0,0,Normal
0.929,0.96,0.9,1,1,0.97,0,0,Normal
0.904,0.97,0.3,1,1,1.0,0,0,Normal
0.57,4.05,18.3,4,4,0.65,0,1,Suspicious
0.861,1.03,0.1,1,1,0.94,0,0,Normal
0.557,4.47,23.4,3,2,0.69,0,1,High_Risk
0.939,1.0,0.8,1,1,0.92,0,0,Normal
0.976,0.95,0.6,1,1,0.91,0,0,Normal
0.879,0.96,1.3,1,1,0.93,0,0,Normal
0.917,1.0,0.7,1,1,0.94,0,0,Normal
0.943,1.02,0.4,1,1,0.91,0,0,Normal
0.954,0.95,1.5,1,1,0.95,0,0,Normal
0.969,0.97,0.0,1,1,1.0,0,0,Normal
0.905,0.98,1.5,1,1,1.0,0,0,Normal
0.914,0.95,0.6,1,1,0.99,0,0,Normal
0.956,0.98,1.0,1,1,0.94,0,0,Normal
0.858,1.01,1.7,1,1,0.96,0,0,Normal
0.941,0.97,1.9,1,1,0.91,0,0,Normal
0.957,0.96,1.9,1,1,0.93,0,0,Normal
0.893,1.02,0.3,1,1,0.95,0,0,Normal
0.854,1.04,0.8,1,1,0.95,0,0,Normal
0.897,1.03,1.9,1,1,0.91,0,0,Normal
0.891,0.96,1.1,1,1,0.91,0,0,Normal
0.884,1.03,0.2,1,1,0.91,0,0,Normal
0.93,1.01,0.8,1,1,0.99,0,0,Normal
0.964,1.04,1.8,1,1,0.96,0,0,Normal
0.855,0.96,1.5,1,1,0.98,0,0,Normal
0.899,1.02,0.1,1,1,0.9,0,0,Normal
0.933,1.02,0.8,1,1,0.94,0,0,Normal
0.949,1.05,0.8,1,1,0.94,0,0,Normal
0.962,1.03,0.9,1,1,0.97,0,0,Normal
0.966,1.0,1.5,1,1,0.96,0,0,Normal
0.928,0.95,1.8,1,1,1.0,0,0,Normal
0.883,1.0,1.8,1,1,0.98,0,0,Normal
0.909,1.02,0.6,1,1,0.99,0,0,Normal
0.891,1.02,0.6,1,1,0.95,0,0,Normal
0.943,1.04,1.5,1,1,0.9,0,0,Normal
0.221,3.33,31.9,4,4,0.45,0,1,High_Risk
0.931,1.01,1.4,1,1,1.0,0,0,Normal
0.88,1.03,1.7,1,1,0.91,0,0,Normal
0.909,0.96,1.1,1,1,0.94,0,0,Normal
0.52,2.31,24.4,3,3,0.47,1,1,High_Risk
0.873,0.95,1.7,1,1,0.95,0,0,Normal
0.956,1.0,0.1,1,1,0.96,0,0,Normal
0.93,0.96,1.1,1,1,0.94,0,0,Normal
0.859,0.96,1.3,1,1,0.98,0,0,Normal
0.921,1.0,1.3,1,1,0.98,0,0,Normal
0.982,1.04,0.2,1,1,0.98,0,0,Normal
0.955,1.0,0.1,1,1,0.97,0,0,Normal
0.924,1.02,1.5,1,1,0.94,0,0,Normal
0.941,0.97,0.5,1,1,0.97,0,0,Normal
0.937,0.97,0.2,1,1,0.98,0,0,Normal
0.939,1.03,0.1,1,1,0.97,0,0,Normal
0.967,1.01,0.5,1,1,0.97,0,0,Normal
0.881,0.98,0.7,1,1,0.94,0,0,Normal
0.963,0.99,1.3,1,1,0.91,0,0,Normal
0.908,0.98,0.4,1,1,0.96,0,0,Normal
0.959,1.03,1.1,1,1,0.91,0,0,Normal
0.861,1.04,1.4,1,1,0.93,0,0,Normal
0.887,1.03,0.0,1,1,0.98,0,0,Normal
0.982,1.0,0.7,1,1,0.94,0,0,Normal
0.968,0.99,1.1,1,1,1.0,0,0,Normal
0.937,1.0,1.0,1,1,0.9,0,0,Normal
0.892,1.04,1.7,1,1,0.96,0,0,Normal
0.233,2.32,28.2,3,2,0.37,1,1,High_Risk
0.933,0.96,0.6,1,1,0.92,0,0,Normal
0.893,0.96,0.9,1,1,0.92,0,0,Normal
0.932,0.96,0.3,1,1,0.97,0,0,Normal
0.989,1.0,1.0,1,1,0.93,0,0,Normal
0.26,4.99,18.5,3,2,0.35,1,1,Suspicious
0.865,0.96,0.8,1,1,0.99,0,0,Normal
0.886,1.02,0.3,1,1,0.96,0,0,Normal
0.855,0.99,1.8,1,1,0.98,0,0,Normal
0.931,0.96,1.5,1,1,0.96,0,0,Normal
0.881,0.99,0.6,1,1,0.96,0,0,Normal
0.882,0.95,1.4,1,1,0.99,0,0,Normal
0.631,2.03,30.1,5,2,0.49,1,1,High_Risk
0.851,0.95,1.8,1,1,0.95,0,0,Normal
0.238,1.99,32.9,4,3,0.35,1,1,Suspicious
0.881,0.99,1.5,1,1,0.95,0,0,Normal
0.905,0.96,1.5,1,1,0.95,0,0,Normal
0.303,3.43,24.7,3,4,0.65,0,1,Suspicious
0.951,1.0,0.7,1,1,0.97,0,0,Normal
0.865,0.99,1.8,1,1,0.92,0,0,Normal
0.929,0.99,1.8,1,1,0.92,0,0,Normal
0.885,1.05,0.8,1,1,0.93,0,0,Normal
0.953,0.97,1.6,1,1,0.93,0,0,Normal
0.922,1.04,0.5,1,1,0.95,0,0,Normal
0.309,3.76,21.2,4,2,0.49,0,1,Suspicious
0.959,0.98,0.5,1,1,0.94,0,0,Normal
0.935,1.0,1.3,1,1,0.94,0,0,Normal
0.983,0.99,0.7,1,1,0.91,0,0,Normal
0.966,0.98,2.0,1,1,0.9,0,0,Normal
0.887,0.97,0.8,1,1,0.93,0,0,Normal
0.978,1.04,0.4,1,1,0.91,0,0,Normal
0.985,1.04,1.0,1,1,0.97,0,0,Normal
0.296,4.05,32.4,3,2,0.53,1,1,High_Risk
0.885,1.02,0.7,1,1,0.93,0,0,Normal
0.981,0.98,0.2,1,1,0.99,0,0,Normal
0.394,2.27,10.6,4,3,0.48,1,1,High_Risk
0.928,0.96,1.3,1,1,0.97,0,0,Normal
0.965,0.95,1.8,1,1,0.97,0,0,Normal
0.927,0.98,0.3,1,1,0.99,0,0,Normal
0.873,1.03,1.7,1,1,0.95,0,0,Normal
0.866,1.01,1.9,1,1,0.96,0,0,Normal
0.969,1.02,0.9,1,1,0.91,0,0,Normal
0.936,0.96,0.4,1,1,0.93,0,0,Normal
0.872,0.98,1.5,1,1,0.95,0,0,Normal
0.911,1.0,1.1,1,1,0.96,0,0,Normal
0.91,1.04,0.7,1,1,0.99,0,0,Normal
0.937,0.99,1.0,1,1,0.91,0,0,Normal
0.874,1.01,0.0,1,1,0.98,0,0,Normal
0.932,0.98,1.2,1,1,0.9,0,0,Normal
0.927,0.98,1.3,1,1,0.96,0,0,Normal
0.954,1.05,0.0,1,1,0.93,0,0,Normal
0.977,1.02,1.4,1,1,0.99,0,0,Normal
0.972,0.98,1.9,1,1,0.91,0,0,Normal
0.893,1.05,1.4,1,1,0.95,0,0,Normal
0.859,0.99,0.5,1,1,0.98,0,0,Normal
0.894,0.99,0.7,1,1,0.99,0,0,Normal
0.939,0.96,2.0,1,1,0.91,0,0,Normal
0.956,1.02,1.7,1,1,0.91,0,0,Normal
0.943,1.0,0.7,1,1,1.0,0,0,Normal
0.951,1.02,0.7,1,1,0.96,0,0,Normal
0.921,1.01,0.6,1,1,0.94,0,0,Normal
0.939,0.99,0.9,1,1,0.98,0,0,Normal
0.516,2.3,28.5,4,3,0.43,1,1,Suspicious
0.962,1.04,1.4,1,1,0.9,0,0,Normal
0.882,1.04,1.2,1,1,0.98,0,0,Normal
0.912,1.01,2.0,1,1,1.0,0,0,Normal
0.956,1.03,1.3,1,1,0.95,0,0,Normal
0.965,1.02,0.0,1,1,0.99,0,0,Normal
0.916,1.01,0.7,1,1,0.96,0,0,Normal
0.637,3.59,28.4,5,4,0.56,1,1,Suspicious
0.886,0.95,0.8,1,1,0.99,0,0,Normal
0.978,1.05,0.2,1,1,0.92,0,0,Normal
0.853,1.02,0.8,1,1,0.97,0,0,Normal
0.896,1.03,0.3,1,1,0.93,0,0,Normal
0.858,1.01,1.9,1,1,0.9,0,0,Normal
0.989,0.99,0.7,1,1,0.92,0,0,Normal
0.948,0.98,0.2,1,1,0.95,0,0,Normal
0.97,1.02,1.7,1,1,0.91,0,0,Normal
0.923,1.02,1.9,1,1,0.93,0,0,Normal
0.892,1.0,0.3,1,1,0.92,0,0,Normal
0.96,0.99,1.6,1,1,0.97,0,0,Normal
0.982,1.05,1.2,1,1,0.94,0,0,Normal
0.939,0.99,1.2,1,1,0.97,0,0,Normal
0.907,0.98,0.9,1,1,0.92,0,0,Normal
0.887,1.05,0.9,1,1,0.96,0,0,Normal
0.852,1.0,1.4,1,1,0.94,0,0,Normal
0.961,1.01,0.0,1,1,0.99,0,0,Normal
0.951,0.98,1.6,1,1,0.99,0,0,Normal
0.92,0.98,0.6,1,1,1.0,0,0,Normal
0.925,0.95,1.2,1,1,0.93,0,0,Normal
0.853,0.97,1.5,1,1,0.93,0,0,Normal
0.869,1.03,1.5,1,1,0.95,0,0,Normal
0.855,1.02,0.4,1,1,0.93,0,0,Normal
0.234,3.75,24.2,4,2,0.69,1,1,High_Risk
0.579,3.5,30.0,3,3,0.63,1,1,High_Risk
0.922,1.05,0.6,1,1,0.94,0,0,Normal
0.874,0.97,0.6,1,1,0.91,0,0,Normal
0.883,0.99,1.2,1,1,0.99,0,0,Normal
0.889,1.02,0.6,1,1,0.94,0,0,Normal
0.865,0.95,0.1,1,1,1.0,0,0,Normal
0.538,3.78,20.2,5,4,0.44,1,1,High_Risk
0.989,1.04,1.5,1,1,0.98,0,0,Normal
0.372,4.88,15.0,4,3,0.38,1,1,High_Risk
0.385,3.31,27.0,2,3,0.44,1,1,Suspicious
0.884,0.98,1.3,1,1,0.93,0,0,Normal
0.43,4.45,16.5,5,3,0.68,1,1,High_Risk
0.912,0.98,0.8,1,1,0.93,0,0,Normal
0.283,3.16,23.6,3,3,0.34,0,1,High_Risk
0.949,0.99,1.9,1,1,0.98,0,0,Normal
0.43,1.88,19.0,3,3,0.7,1,1,High_Risk
0.98,1.03,1.1,1,1,0.9,0,0,Normal
0.91,1.05,1.5,1,1,0.94,0,0,Normal
0.979,1.01,0.4,1,1,0.94,0,0,Normal
0.982,1.0,0.5,1,1,0.91,0,0,Normal
0.982,0.98,0.4,1,1,0.91,0,0,Normal
0.876,1.0,1.5,1,1,0.95,0,0,Normal
0.975,0.97,1.3,1,1,0.96,0,0,Normal
0.923,1.03,1.9,1,1,0.92,0,0,Normal
0.33,3.48,32.3,3,3,0.53,0,1,Suspicious
0.985,1.02,0.2,1,1,0.96,0,0,Normal
0.987,1.04,0.6,1,1,0.95,0,0,Normal
0.983,0.98,1.9,1,1,0.92,0,0,Normal
0.974,0.96,0.2,1,1,0.94,0,0,Normal
0.941,1.03,0.1,1,1,1.0,0,0,Normal
0.316,4.58,16.4,5,4,0.31,0,1,High_Risk
0.917,1.0,1.5,1,1,0.95,0,0,Normal
0.86,1.0,1.3,1,1,0.91,0,0,Normal
0.865,1.03,0.0,1,1,0.96,0,0,Normal
0.375,3.98,31.1,5,4,0.58,1,1,High_Risk
0.941,0.97,0.6,1,1,1.0,0,0,Normal
0.578,3.15,18.1,4,3,0.32,1,1,High_Risk
0.865,1.0,1.1,1,1,0.94,0,0,Normal
0.343,4.75,31.2,4,3,0.37,0,1,High_Risk
0.579,3.08,32.0,5,4,0.35,0,1,Suspicious
0.927,1.04,0.3,1,1,0.97,0,0,Normal
0.943,0.99,0.2,1,1,0.9,0,0,Normal
0.459,4.06,16.1,4,2,0.4,1,1,High_Risk
0.356,2.58,22.1,5,4,0.39,0,1,High_Risk
0.988,0.96,0.6,1,1,0.95,0,0,Normal
0.86,0.96,1.9,1,1,0.99,0,0,Normal
0.91,1.02,1.5,1,1,0.91,0,0,Normal
0.511,2.32,16.9,5,3,0.32,1,1,Suspicious
0.962,0.98,0.3,1,1,1.0,0,0,Normal
0.947,1.01,1.1,1,1,0.91,0,0,Normal
0.929,0.96,1.4,1,1,0.97,0,0,Normal
0.941,0.96,0.2,1,1,0.97,0,0,Normal
0.961,0.99,0.3,1,1,0.91,0,0,Normal
0.897,0.97,1.6,1,1,1.0,0,0,Normal
0.911,0.98,0.8,1,1,0.98,0,0,Normal
0.87,1.01,1.7,1,1,0.92,0,0,Normal
0.914,0.96,0.7,1,1,0.93,0,0,Normal
0.879,1.03,0.6,1,1,0.92,0,0,Normal
0.875,0.96,1.8,1,1,0.95,0,0,Normal
0.567,3.21,12.7,5,2,0.47,1,1,Suspicious
0.854,0.97,0.8,1,1,0.93,0,0,Normal
0.208,2.63,24.7,5,2,0.61,1,1,Suspicious
0.913,1.04,1.5,1,1,0.93,0,0,Normal
0.922,1.03,0.1,1,1,0.95,0,0,Normal
0.348,4.43,31.7,4,4,0.41,0,1,High_Risk
0.961,1.05,1.6,1,1,0.99,0,0,Normal
0.278,3.49,16.2,3,2,0.65,0,1,Suspicious
0.869,0.98,1.9,1,1,0.99,0,0,Normal
0.88,0.95,0.8,1,1,0.95,0,0,Normal
0.976,0.97,0.7,1,1,0.98,0,0,Normal
0.924,1.0,1.9,1,1,0.97,0,0,Normal
0.943,0.99,1.9,1,1,0.99,0,0,Normal
0.982,0.96,0.1,1,1,0.91,0,0,Normal
0.975,0.97,1.9,1,1,0.93,0,0,Normal
0.865,1.0,1.7,1,1,0.96,0,0,Normal
0.864,0.95,1.0,1,1,0.99,0,0,Normal
0.599,2.98,32.9,5,2,0.54,1,1,Suspicious
0.923,1.0,0.9,1,1,0.99,0,0,Normal
0.952,1.03,2.0,1,1,0.97,0,0,Normal
0.943,0.97,0.4,1,1,0.99,0,0,Normal
0.886,1.02,0.5,1,1,0.99,0,0,Normal
0.913,0.95,0.7,1,1,0.93,0,0,Normal
0.9,0.96,0.9,1,1,0.95,0,0,Normal
0.962,1.03,0.7,1,1,0.91,0,0,Normal
0.911,0.97,1.4,1,1,0.94,0,0,Normal
0.859,1.04,1.7,1,1,0.98,0,0,Normal
0.987,1.04,0.8,1,1,0.92,0,0,Normal
0.904,1.03,0.9,1,1,0.99,0,0,Normal
0.914,1.04,0.5,1,1,0.91,0,0,Normal
0.897,0.99,0.3,1,1,0.99,0,0,Normal
0.884,1.04,1.9,1,1,0.94,0,0,Normal
0.942,1.05,0.6,1,1,1.0,0,0,Normal
0.983,1.02,1.2,1,1,0.91,0,0,Normal
0.871,0.97,1.9,1,1,0.97,0,0,Normal
0.885,1.02,0.1,1,1,1.0,0,0,Normal
0.989,1.05,0.9,1,1,0.99,0,0,Normal
0.531,2.51,11.8,2,3,0.33,0,1,High_Risk
0.865,1.03,0.5,1,1,0.9,0,0,Normal
0.911,1.04,0.2,1,1,0.94,0,0,Normal
0.881,0.98,0.4,1,1,0.98,0,0,Normal
0.91,0.96,0.0,1,1,0.93,0,0,Normal
0.904,1.05,0.2,1,1,0.91,0,0,Normal
0.96,1.02,0.4,1,1,0.99,0,0,Normal
0.927,1.03,1.7,1,1,0.91,0,0,Normal
0.898,0.99,0.8,1,1,0.93,0,0,Normal
0.484,1.95,18.4,3,4,0.67,1,1,High_Risk
0.305,2.67,32.6,4,2,0.47,1,1,High_Risk
0.95,1.0,0.6,1,1,0.99,0,0,Normal
0.306,4.93,15.0,3,3,0.33,1,1,High_Risk
0.543,4.43,27.0,2,4,0.69,1,1,High_Risk
0.875,0.97,0.1,1,1,0.98,0,0,Normal
0.881,0.96,0.2,1,1,0.91,0,0,Normal
0.904,0.96,1.3,1,1,0.92,0,0,Normal
0.948,0.99,1.5,1,1,0.93,0,0,Normal
0.983,0.98,0.2,1,1,0.96,0,0,Normal
0.872,1.02,1.1,1,1,0.94,0,0,Normal
0.982,0.96,0.4,1,1,0.94,0,0,Normal
0.893,1.01,0.7,1,1,0.94,0,0,Normal
0.871,1.04,0.9,1,1,0.92,0,0,Normal
0.95,0.96,0.6,1,1,0.9,0,0,Normal
0.949,0.95,1.2,1,1,0.95,0,0,Normal
0.895,1.04,1.5,1,1,0.95,0,0,Normal
0.857,0.98,0.3,1,1,0.99,0,0,Normal
0.491,3.57,12.0,5,3,0.33,1,1,Suspicious
0.968,0.95,0.1,1,1,0.94,0,0,Normal
0.858,0.97,0.4,1,1,0.95,0,0,Normal
0.322,2.87,20.9,5,2,0.45,1,1,Suspicious
0.987,1.01,1.1,1,1,0.92,0,0,Normal
0.863,1.01,1.0,1,1,0.92,0,0,Normal
0.928,1.03,1.4,1,1,0.91,0,0,Normal
0.874,1.02,1.1,1,1,0.98,0,0,Normal
0.985,1.03,1.1,1,1,0.93,0,0,Normal
0.896,1.03,0.2,1,1,0.92,0,0,Normal
0.957,0.97,1.0,1,1,0.95,0,0,Normal
0.934,0.98,1.3,1,1,0.92,0,0,Normal
0.867,1.02,0.3,1,1,0.9,0,0,Normal
0.965,0.97,0.8,1,1,0.98,0,0,Normal
0.855,1.01,1.8,1,1,0.9,0,0,Normal
0.876,0.96,0.9,1,1,0.95,0,0,Normal
0.921,1.04,0.1,1,1,0.98,0,0,Normal
0.879,1.0,0.4,1,1,1.0,0,0,Normal
0.983,1.01,1.9,1,1,0.98,0,0,Normal
0.958,0.99,1.0,1,1,0.93,0,0,Normal
0.988,1.03,0.1,1,1,0.9,0,0,Normal
0.926,1.02,0.1,1,1,0.91,0,0,Normal
0.564,3.62,32.8,2,3,0.68,1,1,Suspicious
0.959,1.01,2.0,1,1,0.96,0,0,Normal
0.853,1.04,0.1,1,1,0.99,0,0,Normal
0.979,0.98,0.3,1,1,0.95,0,0,Normal
0.908,1.0,0.1,1,1,0.91,0,0,Normal
0.939,1.03,0.4,1,1,0.95,0,0,Normal
0.898,0.97,1.1,1,1,0.95,0,0,Normal
0.94,1.0,1.7,1,1,0.91,0,0,Normal
0.586,3.24,31.1,5,3,0.57,1,1,High_Risk
0.868,1.0,2.0,1,1,0.95,0,0,Normal
0.974,0.96,0.3,1,1,0.93,0,0,Normal
0.895,0.98,0.2,1,1,0.94,0,0,Normal
0.346,2.1,30.4,2,3,0.32,1,1,High_Risk
0.879,0.95,0.6,1,1,0.95,0,0,Normal
0.85,0.95,1.2,1,1,0.96,0,0,Normal
0.861,1.03,1.6,1,1,0.96,0,0,Normal
0.873,0.95,1.9,1,1,0.93,0,0,Normal
0.908,1.0,0.1,1,1,0.95,0,0,Normal
0.94,1.02,0.8,1,1,0.92,0,0,Normal
0.881,1.03,1.4,1,1,0.97,0,0,Normal
0.888,1.04,0.0,1,1,0.99,0,0,Normal
0.614,2.8,10.6,2,4,0.34,1,1,High_Risk
0.972,0.96,0.6,1,1,0.93,0,0,Normal
0.954,1.01,0.4,1,1,0.91,0,0,Normal
0.883,0.98,0.5,1,1,0.9,0,0,Normal
0.904,1.04,0.6,1,1,0.92,0,0,Normal
0.881,1.02,0.4,1,1,0.97,0,0,Normal
0.928,1.01,0.4,1,1,1.0,0,0,Normal
0.886,1.01,0.6,1,1,0.93,0,0,Normal
0.878,1.02,0.3,1,1,0.93,0,0,Normal
0.354,3.46,10.1,4,4,0.5,1,1,Suspicious
0.945,1.0,0.0,1,1,0.94,0,0,Normal
0.257,3.61,19.9,2,4,0.55,0,1,High_Risk
0.909,1.02,1.4,1,1,0.98,0,0,Normal
0.857,0.96,1.5,1,1,0.93,0,0,Normal
0.876,0.96,1.5,1,1,0.95,0,0,Normal
0.887,1.03,1.7,1,1,0.99,0,0,Normal
0.559,2.49,26.3,2,2,0.48,1,1,Suspicious
0.906,1.02,0.5,1,1,0.98,0,0,Normal
0.934,1.02,0.7,1,1,1.0,0,0,Normal
0.93,1.01,0.4,1,1,0.9,0,0,Normal
0.333,2.67,13.9,3,3,0.46,0,1,High_Risk
0.902,1.05,0.9,1,1,0.98,0,0,Normal
0.874,0.95,1.4,1,1,0.96,0,0,Normal
0.965,0.95,0.8,1,1,0.92,0,0,Normal
0.209,2.97,19.0,5,3,0.55,1,1,High_Risk
0.929,0.99,0.8,1,1,0.96,0,0,Normal
0.931,0.97,0.6,1,1,0.93,0,0,Normal
0.912,1.01,1.8,1,1,0.99,0,0,Normal
0.885,0.98,0.3,1,1,0.9,0,0,Normal
0.856,1.01,1.5,1,1,0.91,0,0,Normal
0.958,0.96,1.7,1,1,0.98,0,0,Normal
0.935,1.02,1.8,1,1,0.95,0,0,Normal
0.87,1.02,1.8,1,1,0.93,0,0,Normal
0.416,4.68,22.9,5,4,0.48,1,1,High_Risk
0.968,1.04,0.1,1,1,0.96,0,0,Normal
0.932,0.96,0.6,1,1,0.99,0,0,Normal
0.969,1.01,0.7,1,1,0.93,0,0,Normal
0.979,0.99,0.7,1,1,0.91,0,0,Normal
0.955,1.01,0.0,1,1,0.92,0,0,Normal
0.897,0.98,0.6,1,1,0.97,0,0,Normal
0.902,1.05,1.4,1,1,0.96,0,0,Normal
0.889,1.02,1.8,1,1,0.93,0,0,Normal
0.852,1.03,1.2,1,1,0.98,0,0,Normal
0.872,0.95,1.2,1,1,0.91,0,0,Normal
0.902,1.04,0.1,1,1,0.99,0,0,Normal
0.866,1.02,1.6,1,1,1.0,0,0,Normal
0.903,1.04,1.2,1,1,0.92,0,0,Normal
0.975,0.98,0.5,1,1,0.93,0,0,Normal
0.92,1.03,1.8,1,1,0.92,0,0,Normal
0.917,0.96,0.1,1,1,0.99,0,0,Normal
0.857,0.97,0.3,1,1,0.96,0,0,Normal
0.947,1.04,0.6,1,1,0.97,0,0,Normal
0.978,0.95,1.8,1,1,0.91,0,0,Normal
0.971,0.98,0.2,1,1,0.92,0,0,Normal
0.949,0.96,0.1,1,1,1.0,0,0,Normal
0.537,4.63,19.5,2,4,0.33,1,1,High_Risk
0.919,0.97,1.4,1,1,0.95,0,0,Normal
0.892,0.98,0.3,1,1,0.93,0,0,Normal
0.982,0.96,0.4,1,1,0.99,0,0,Normal
0.866,1.01,0.6,1,1,0.93,0,0,Normal
0.85,1.0,0.7,1,1,0.97,0,0,Normal
0.851,1.04,1.1,1,1,1.0,0,0,Normal
0.892,1.0,0.7,1,1,0.96,0,0,Normal
0.963,0.98,0.8,1,1,0.98,0,0,Normal
0.941,1.03,0.9,1,1,0.95,0,0,Normal
0.534,4.52,33.3,5,2,0.34,0,1,High_Risk
0.865,0.98,1.1,1,1,0.99,0,0,Normal
0.985,0.99,2.0,1,1,0.99,0,0,Normal
0.901,1.04,1.6,1,1,0.92,0,0,Normal
0.442,2.4,33.9,5,3,0.55,0,1,High_Risk
0.983,1.0,0.0,1,1,0.96,0,0,Normal
0.289,3.42,24.4,5,4,0.38,0,1,High_Risk
0.923,0.96,0.8,1,1,0.97,0,0,Normal
0.911,1.02,0.4,1,1,0.99,0,0,Normal
0.865,1.01,0.7,1,1,0.95,0,0,Normal
0.942,0.99,1.4,1,1,0.94,0,0,Normal
0.467,2.35,19.8,3,2,0.5,0,1,High_Risk
0.95,0.96,1.5,1,1,0.94,0,0,Normal
0.888,0.99,0.9,1,1,0.94,0,0,Normal
0.252,2.53,34.1,5,2,0.58,0,1,High_Risk
0.9,1.05,1.4,1,1,0.92,0,0,Normal
0.883,1.0,1.6,1,1,0.91,0,0,Normal
0.863,1.0,1.3,1,1,0.97,0,0,Normal
0.561,4.98,27.0,2,2,0.58,0,1,Suspicious
0.289,3.65,23.0,5,4,0.39,1,1,High_Risk
0.962,1.03,1.8,1,1,0.93,0,0,Normal
0.95,0.97,1.1,1,1,0.96,0,0,Normal
0.879,1.01,0.7,1,1,0.96,0,0,Normal
0.855,1.03,0.1,1,1,0.98,0,0,Normal
0.899,0.96,0.2,1,1,0.92,0,0,Normal
0.975,1.04,0.0,1,1,0.91,0,0,Normal
0.939,1.03,0.2,1,1,0.97,0,0,Normal
0.939,1.01,1.5,1,1,0.94,0,0,Normal
0.315,4.36,34.3,2,4,0.58,0,1,Suspicious
0.984,0.97,1.3,1,1,0.94,0,0,Normal
0.866,0.99,1.6,1,1,0.99,0,0,Normal
0.897,1.04,0.0,1,1,0.91,0,0,Normal
0.962,1.03,0.3,1,1,0.92,0,0,Normal
0.944,0.99,1.8,1,1,0.93,0,0,Normal
0.885,1.03,1.0,1,1,0.92,0,0,Normal
0.899,1.04,1.1,1,1,0.91,0,0,Normal
0.955,0.99,0.3,1,1,0.92,0,0,Normal
0.858,0.98,1.0,1,1,0.99,0,0,Normal
0.914,0.96,1.4,1,1,0.93,0,0,Normal
0.94,1.04,1.3,1,1,0.92,0,0,Normal
0.973,1.05,0.6,1,1,0.99,0,0,Normal
0.976,1.03,0.3,1,1,0.93,0,0,Normal
0.96,1.0,0.9,1,1,0.93,0,0,Normal
0.889,1.04,0.8,1,1,0.93,0,0,Normal
0.915,1.01,1.5,1,1,0.97,0,0,Normal
0.855,1.03,0.8,1,1,0.91,0,0,Normal
0.866,1.04,2.0,1,1,0.93,0,0,Normal
0.636,4.22,29.4,2,3,0.4,0,1,High_Risk
0.894,1.0,1.2,1,1,0.95,0,0,Normal
0.945,1.0,0.4,1,1,1.0,0,0,Normal
0.858,1.02,1.8,1,1,0.96,0,0,Normal
0.855,1.05,0.9,1,1,0.99,0,0,Normal
0.885,1.01,0.6,1,1,0.92,0,0,Normal
0.584,2.54,17.3,3,3,0.34,0,1,Suspicious
0.884,1.01,1.7,1,1,0.98,0,0,Normal
0.987,0.96,1.2,1,1,0.96,0,0,Normal
0.89,0.97,1.5,1,1,1.0,0,0,Normal
0.953,0.96,0.8,1,1,0.93,0,0,Normal
0.914,0.98,1.5,1,1,0.97,0,0,Normal
0.941,0.99,1.1,1,1,0.93,0,0,Normal
0.896,0.98,0.2,1,1,0.96,0,0,Normal
0.908,1.02,0.6,1,1,0.9,0,0,Normal
0.93,1.04,0.0,1,1,0.9,0,0,Normal
0.935,0.98,0.6,1,1,0.99,0,0,Normal
0.908,1.02,0.3,1,1,0.99,0,0,Normal
0.919,0.97,1.7,1,1,0.93,0,0,Normal
0.975,0.96,0.5,1,1,0.97,0,0,Normal
0.889,0.97,1.6,1,1,0.95,0,0,Normal
0.895,1.02,2.0,1,1,1.0,0,0,Normal
0.921,0.96,1.6,1,1,0.99,0,0,Normal
0.641,2.24,12.6,4,2,0.64,1,1,High_Risk
0.901,0.99,1.9,1,1,0.91,0,0,Normal
0.887,0.95,1.0,1,1,0.92,0,0,Normal
0.856,1.03,1.0,1,1,0.95,0,0,Normal
0.981,1.04,0.0,1,1,1.0,0,0,Normal
0.953,1.03,1.6,1,1,0.95,0,0,Normal
0.852,0.97,1.1,1,1,0.99,0,0,Normal
0.854,1.03,0.6,1,1,1.0,0,0,Normal
0.877,1.02,0.2,1,1,0.98,0,0,Normal
0.907,1.03,0.6,1,1,0.92,0,0,Normal
0.882,1.01,1.8,1,1,0.96,0,0,Normal
0.86,0.98,0.8,1,1,0.91,0,0,Normal
0.851,0.97,1.1,1,1,0.9,0,0,Normal
0.912,0.99,0.8,1,1,0.95,0,0,Normal
0.888,1.03,0.4,1,1,0.99,0,0,Normal
0.85,1.0,1.7,1,1,0.99,0,0,Normal
0.879,1.04,1.3,1,1,0.91,0,0,Normal
0.906,1.03,0.4,1,1,0.91,0,0,Normal
0.959,1.02,1.5,1,1,0.9,0,0,Normal
0.98,1.04,1.4,1,1,0.95,0,0,Normal
