scheme_code,age,gender,state,education_level,marks_percent,family_income,nirf_rank,qs_rank,has_admission_offer,is_pwd,pwd_percent,ocr_caste_ok,ocr_income_ok,ocr_academic_ok,merit_score,decision
BVOBC,19,female,Meghalaya,12th,79.5,361000.0,3,999,1,0,0,1,1,1,81.8,Ineligible
ARG45,32,male,Karnataka,phd,59.9,555000.0,85,999,1,0,0,1,1,1,53.96,Eligible
ARG45,23,male,Chhattisgarh,phd,88.1,567000.0,65,999,1,0,0,1,0,1,65.24,Borderline
A023B,23,male,Tamil Nadu,bachelors,85.3,113000.0,6,999,0,0,0,1,1,1,84.12,Ineligible
A023B,21,male,Maharashtra,masters,85.2,572000.0,3,999,1,0,0,1,1,1,74.08,Eligible
BPVGK,14,male,Gujarat,10th,56.5,40000.0,999,999,1,0,0,1,1,1,55.6,Eligible
BPVGK,17,male,Manipur,10th,64.8,323000.0,999,999,1,0,0,1,1,1,53.92,Ineligible
A023B,24,female,Kerala,masters,64.4,798000.0,65,999,1,0,0,1,1,1,55.76,Ineligible
BVOBC,24,male,Tripura,bachelors,94.5,350000.0,85,999,1,0,0,1,1,1,72.8,Ineligible
BVOBC,23,male,Manipur,12th,68.1,383000.0,5,999,1,0,0,0,1,1,72.24,Ineligible
ARG45,24,male,Telangana,phd,84.3,513000.0,250,999,0,0,0,1,1,1,56.72,Ineligible
AZKMI,28,other,Nagaland,postdoc,92.6,177000.0,999,21,1,0,0,1,1,1,87.04,Eligible
A023B,21,female,Tamil Nadu,bachelors,85.7,367000.0,1,999,1,0,0,1,1,1,84.28,Eligible
AZKMI,21,male,Gujarat,masters,81.9,153000.0,999,2,0,0,0,1,1,1,82.76,Ineligible
ARG45,25,female,Kerala,phd,86.3,220000.0,2,999,1,0,0,1,1,1,84.52,Eligible
ARG45,33,male,Chhattisgarh,phd,86.0,152000.0,1,999,1,0,0,1,1,1,84.4,Eligible
ARG45,35,male,Sikkim,masters,52.3,899000.0,85,999,0,0,0,1,1,1,45.92,Ineligible
A023B,20,female,Tripura,masters,55.1,361000.0,250,999,1,0,0,1,1,1,55.04,Ineligible
BVOBC,17,male,Rajasthan,12th,83.1,61000.0,140,999,1,0,0,1,1,1,66.24,Eligible
BPVGK,14,female,Maharashtra,10th,78.8,105000.0,999,999,1,0,0,1,1,1,69.52,Eligible
A023B,23,male,Arunachal Pradesh,masters,63.8,596000.0,1,999,1,0,0,1,1,1,65.52,Eligible
BPVGK,14,female,Tamil Nadu,10th,48.7,98000.0,999,999,1,0,0,1,0,1,57.48,Ineligible
BPVGK,16,female,Maharashtra,10th,75.6,346000.0,999,999,1,0,0,1,1,1,63.24,Ineligible
AZKMI,24,male,Assam,postdoc,74.9,345000.0,999,37,1,0,0,1,1,1,74.96,Eligible
A023B,24,male,Odisha,masters,56.9,320000.0,6,999,1,0,0,1,1,1,67.76,Eligible
ARG45,35,male,Assam,phd,76.2,184000.0,6,999,1,0,0,1,0,0,80.48,Borderline
ARG45,27,female,Gujarat,phd,93.8,690000.0,2,999,1,0,0,0,1,1,77.52,Ineligible
ARG45,28,male,Manipur,masters,62.0,721000.0,2,999,1,0,0,1,1,1,59.8,Eligible
BPVGK,15,female,Gujarat,10th,64.9,119000.0,999,999,1,0,0,1,1,1,63.96,Eligible
A023B,18,male,Karnataka,bachelors,92.7,268000.0,6,999,1,0,0,1,1,1,82.08,Eligible
A023B,21,other,Chhattisgarh,masters,56.9,394000.0,5,999,1,0,0,0,1,1,67.76,Ineligible
A023B,19,male,Manipur,masters,76.8,560000.0,6,999,1,0,0,1,1,1,70.72,Eligible
BVOBC,17,female,Kerala,bachelors,59.6,195000.0,88,999,1,0,0,1,1,1,68.84,Eligible
A023B,22,male,Maharashtra,masters,59.0,765000.0,6,999,1,0,0,1,1,1,58.6,Ineligible
A023B,21,male,Madhya Pradesh,masters,76.3,256000.0,85,999,1,0,0,1,1,1,65.52,Eligible
ARG45,30,male,Telangana,masters,91.3,162000.0,6,999,1,0,0,1,0,1,86.52,Borderline
BPVGK,17,male,Tamil Nadu,10th,86.5,205000.0,999,999,1,0,0,1,1,1,62.6,Eligible
AZKMI,37,female,Meghalaya,phd,78.2,347000.0,999,2,1,0,0,1,1,1,81.28,Ineligible
ARG45,23,female,Assam,phd,68.3,516000.0,59,999,1,0,0,1,1,1,62.32,Eligible
BPVGK,14,female,Kerala,10th,92.1,126000.0,999,999,1,0,0,1,1,1,74.84,Eligible
A023B,25,male,Tamil Nadu,bachelors,66.7,430000.0,1,999,1,0,0,1,1,0,66.68,Borderline
A023B,18,male,Kerala,bachelors,82.6,178000.0,85,999,1,0,0,1,1,1,73.04,Eligible
BPVGK,14,female,Arunachal Pradesh,10th,68.5,270000.0,999,999,1,0,0,1,0,1,60.4,Ineligible
ARG45,25,male,Odisha,masters,87.8,582000.0,2,999,1,0,0,1,1,1,75.12,Eligible
BVOBC,18,male,Maharashtra,12th,94.2,79000.0,85,999,1,0,0,1,1,1,77.68,Eligible
AZKMI,28,male,Rajasthan,masters,81.4,371000.0,999,32,1,0,0,1,1,1,77.56,Eligible
A023B,23,male,Madhya Pradesh,bachelors,91.5,672000.0,1,999,1,0,0,1,1,1,71.6,Ineligible
BVOBC,24,male,Meghalaya,bachelors,67.2,303000.0,5,999,1,0,0,1,1,1,71.88,Ineligible
AZKMI,33,female,Sikkim,phd,51.3,866000.0,999,4,1,0,0,1,1,1,60.52,Ineligible
BVOBC,20,female,Jharkhand,12th,57.3,186000.0,2,999,1,0,0,1,1,1,77.92,Eligible
BVOBC,20,female,Gujarat,bachelors,78.9,173000.0,250,999,1,0,0,1,0,1,69.56,Borderline
AZKMI,24,female,Nagaland,postdoc,58.7,208000.0,999,22,0,0,0,1,1,1,73.48,Ineligible
BVOBC,18,male,Telangana,12th,60.1,170000.0,72,999,1,0,0,1,1,1,64.04,Eligible
BPVGK,17,male,Assam,10th,50.1,34000.0,999,999,1,0,0,1,1,1,53.04,Eligible
BPVGK,14,female,Andhra Pradesh,10th,65.0,54000.0,999,999,1,0,0,1,1,1,64.0,Eligible
A023B,24,female,Gujarat,bachelors,88.4,354000.0,59,999,1,0,0,0,1,1,75.36,Ineligible
BVOBC,21,male,Rajasthan,12th,53.0,103000.0,3,999,1,0,0,1,1,1,71.2,Eligible
A023B,25,female,Nagaland,bachelors,84.6,745000.0,2,999,1,0,0,1,1,1,73.84,Ineligible
BVOBC,21,female,Maharashtra,bachelors,51.3,288000.0,110,999,1,0,0,0,1,1,53.52,Ineligible
ARG45,31,female,Arunachal Pradesh,phd,51.2,252000.0,85,999,0,0,0,1,1,1,60.48,Ineligible
BVOBC,19,female,Sikkim,bachelors,77.4,217000.0,3,999,1,0,0,1,1,1,80.96,Eligible
ARG45,26,female,Arunachal Pradesh,phd,86.6,522000.0,78,999,1,0,0,1,1,1,69.64,Eligible
BPVGK,17,male,Jharkhand,10th,65.7,90000.0,999,999,1,0,0,1,1,1,59.28,Eligible
BVOBC,21,female,Karnataka,bachelors,89.9,214000.0,85,999,1,0,0,0,1,1,75.96,Ineligible
ARG45,25,male,Karnataka,masters,70.8,159000.0,6,999,1,0,0,1,1,1,78.32,Eligible
BVOBC,19,other,Gujarat,bachelors,54.7,256000.0,6,999,1,0,0,1,1,1,66.88,Ineligible
A023B,18,male,Telangana,masters,86.2,683000.0,2,999,1,0,0,1,1,1,69.48,Ineligible
BVOBC,20,female,Manipur,bachelors,56.9,319000.0,65,999,1,0,0,1,1,1,62.76,Ineligible
AZKMI,22,other,Assam,masters,72.6,631000.0,999,2,0,0,0,1,1,1,64.04,Ineligible
ARG45,34,male,Assam,phd,65.2,642000.0,3,999,1,0,0,1,1,1,61.08,Eligible
AZKMI,22,male,Andhra Pradesh,postdoc,53.1,668000.0,999,6,0,0,0,1,0,1,56.24,Ineligible
BVOBC,17,female,Maharashtra,12th,61.5,60000.0,95,999,1,0,0,1,1,1,69.6,Eligible
A023B,24,male,Maharashtra,bachelors,76.4,500000.0,6,999,1,0,0,1,1,1,70.56,Eligible
AZKMI,32,male,Madhya Pradesh,postdoc,63.5,966000.0,999,650,1,0,0,1,1,1,40.4,Ineligible
ARG45,33,male,Kerala,phd,51.0,757000.0,110,999,1,0,0,1,1,1,38.4,Ineligible
ARG45,36,male,Andhra Pradesh,phd,84.9,253000.0,95,999,1,0,0,1,1,1,68.96,Eligible
BVOBC,17,male,Assam,bachelors,85.2,52000.0,95,999,1,0,0,1,1,1,74.08,Eligible
BVOBC,22,female,Assam,bachelors,87.4,133000.0,140,999,1,0,0,0,1,1,72.96,Ineligible
BVOBC,20,female,Madhya Pradesh,bachelors,94.3,330000.0,95,999,1,0,0,1,1,1,77.72,Ineligible
ARG45,35,female,Meghalaya,phd,54.9,256000.0,85,999,1,0,0,0,1,1,61.96,Ineligible
BVOBC,21,male,Sikkim,bachelors,51.0,56000.0,65,999,1,0,0,1,1,1,60.4,Eligible
BPVGK,17,female,Sikkim,10th,74.4,263000.0,999,999,1,0,0,1,1,1,62.76,Ineligible
BVOBC,20,male,Meghalaya,bachelors,67.7,125000.0,95,999,1,1,63,1,1,1,72.08,Eligible
BPVGK,14,female,Tripura,10th,92.5,294000.0,999,999,1,0,0,1,1,1,70.0,Ineligible
BPVGK,15,female,Manipur,10th,84.3,96000.0,999,999,1,0,0,1,1,1,71.72,Eligible
BVOBC,17,female,Assam,bachelors,88.8,92000.0,6,999,1,0,0,1,1,1,90.52,Eligible
BPVGK,15,female,Mizoram,10th,74.4,35000.0,999,999,1,0,0,1,1,1,67.76,Eligible
ARG45,30,female,Sikkim,masters,70.3,246000.0,65,999,1,0,0,1,1,1,68.12,Eligible
BVOBC,23,female,Andhra Pradesh,12th,70.0,367000.0,3,999,1,0,0,1,1,1,78.0,Ineligible
ARG45,27,male,Kerala,phd,94.8,506000.0,78,999,1,0,0,1,1,1,67.92,Eligible
BVOBC,20,male,Karnataka,bachelors,68.0,122000.0,88,999,1,0,0,1,1,1,67.2,Eligible
AZKMI,25,female,Meghalaya,postdoc,91.5,160000.0,999,2,1,0,0,1,1,1,91.6,Eligible
ARG45,23,male,Karnataka,phd,65.9,619000.0,59,999,1,0,0,1,0,1,51.36,Borderline
AZKMI,36,male,Rajasthan,masters,88.1,415000.0,999,22,1,0,0,1,1,1,75.24,Ineligible
BPVGK,14,male,Tamil Nadu,10th,75.4,241000.0,999,999,1,0,0,1,1,1,58.16,Eligible
BVOBC,23,male,Mizoram,12th,52.2,268000.0,85,999,1,1,49,1,1,1,60.88,Ineligible
A023B,19,female,Nagaland,bachelors,61.7,623000.0,65,999,1,0,0,1,1,1,54.68,Ineligible
AZKMI,24,male,Chhattisgarh,phd,80.5,634000.0,999,22,1,0,0,1,0,1,67.2,Ineligible
ARG45,26,male,Assam,phd,55.4,478000.0,59,999,1,0,0,1,1,1,52.16,Eligible
BVOBC,17,male,Madhya Pradesh,bachelors,46.0,372000.0,88,999,1,0,0,1,1,1,53.4,Ineligible
A023B,20,female,Jharkhand,masters,90.8,742000.0,65,999,1,0,0,1,1,1,66.32,Ineligible
AZKMI,23,female,Manipur,postdoc,78.5,578000.0,999,1,0,0,0,1,0,1,76.4,Ineligible
ARG45,31,female,Meghalaya,masters,84.2,611000.0,1,999,0,0,0,1,1,1,73.68,Ineligible
A023B,23,male,Kerala,masters,61.5,129000.0,6,999,1,0,0,1,1,1,74.6,Eligible
A023B,19,female,Mizoram,bachelors,81.4,445000.0,5,999,0,0,0,1,1,1,77.56,Ineligible
A023B,20,female,Tamil Nadu,bachelors,74.4,664000.0,88,999,1,0,0,1,1,1,59.76,Ineligible
A023B,22,male,Maharashtra,masters,72.6,324000.0,1,999,1,0,0,1,1,1,74.04,Eligible
BVOBC,22,male,Tamil Nadu,12th,74.7,91000.0,95,999,1,0,0,1,1,1,69.88,Eligible
ARG45,28,male,Madhya Pradesh,phd,86.6,623000.0,250,999,1,0,0,1,1,1,52.64,Eligible
AZKMI,36,male,Manipur,masters,60.2,224000.0,999,2,1,0,0,1,1,1,69.08,Ineligible
A023B,24,male,Tamil Nadu,bachelors,62.0,679000.0,3,999,1,0,0,1,1,1,59.8,Ineligible
BPVGK,15,male,Sikkim,10th,60.5,289000.0,999,999,1,0,0,1,1,1,52.2,Ineligible
BPVGK,17,other,Sikkim,10th,70.1,164000.0,999,999,1,0,0,1,1,1,61.04,Eligible
BPVGK,14,female,Andhra Pradesh,10th,80.6,195000.0,999,999,1,0,0,1,1,1,70.24,Eligible
A023B,21,male,Arunachal Pradesh,masters,93.0,750000.0,1,999,1,0,0,1,0,1,72.2,Ineligible
ARG45,24,male,Manipur,masters,62.9,757000.0,6,999,1,0,0,1,1,1,60.16,Eligible
ARG45,33,female,Assam,phd,55.0,302000.0,72,999,1,0,0,1,1,1,62.0,Eligible
ARG45,22,male,Andhra Pradesh,masters,82.3,305000.0,85,999,1,0,0,1,1,1,67.92,Eligible
ARG45,30,male,Madhya Pradesh,masters,67.6,455000.0,110,999,0,0,0,1,1,1,50.04,Ineligible
AZKMI,31,male,Chhattisgarh,masters,52.0,591000.0,999,32,1,0,0,1,1,1,60.8,Ineligible
BVOBC,17,female,Sikkim,12th,90.2,154000.0,72,999,1,1,52,1,0,1,86.08,Borderline
AZKMI,22,male,Rajasthan,postdoc,64.9,212000.0,999,8,1,0,0,1,1,1,70.96,Eligible
BPVGK,16,male,Andhra Pradesh,10th,85.1,263000.0,999,999,1,0,0,1,1,1,62.04,Ineligible
A023B,22,female,Madhya Pradesh,masters,74.2,597000.0,2,999,1,0,0,1,1,1,74.68,Eligible
BPVGK,17,female,Odisha,10th,63.2,286000.0,999,999,1,0,0,1,0,1,58.28,Ineligible
BVOBC,20,male,Odisha,bachelors,63.5,382000.0,65,999,1,0,0,1,1,1,60.4,Ineligible
AZKMI,32,male,Kerala,phd,64.1,351000.0,999,2,1,0,0,1,1,1,70.64,Eligible
AZKMI,30,female,Sikkim,postdoc,91.2,542000.0,999,2,1,0,0,1,1,1,81.48,Eligible
ARG45,33,male,Manipur,masters,74.7,304000.0,72,999,1,0,0,1,0,1,64.88,Borderline
BVOBC,19,male,Chhattisgarh,12th,85.3,49000.0,95,999,1,0,0,1,0,1,74.12,Borderline
BPVGK,17,female,Tripura,10th,71.3,276000.0,999,999,1,0,0,1,1,0,61.52,Ineligible
BVOBC,19,female,Telangana,12th,67.1,368000.0,65,999,1,0,0,1,1,1,66.84,Ineligible
ARG45,30,male,Gujarat,phd,88.1,271000.0,5,999,1,0,0,1,1,1,80.24,Eligible
ARG45,31,male,Assam,phd,87.9,533000.0,85,999,1,0,0,0,1,1,65.16,Ineligible
ARG45,29,male,Tamil Nadu,phd,78.9,314000.0,2,999,1,0,0,1,1,1,76.56,Eligible
ARG45,27,female,Andhra Pradesh,masters,64.1,663000.0,95,999,0,0,0,1,1,1,55.64,Ineligible
AZKMI,25,female,Meghalaya,masters,52.3,951000.0,999,37,1,0,0,1,0,1,60.92,Ineligible
ARG45,36,female,Telangana,phd,72.4,136000.0,110,999,1,0,0,0,1,1,66.96,Ineligible
ARG45,22,male,Andhra Pradesh,masters,69.4,801000.0,95,999,1,0,0,1,1,1,52.76,Eligible
ARG45,29,male,Madhya Pradesh,phd,87.1,584000.0,2,999,1,0,0,1,1,0,74.84,Borderline
A023B,24,female,Assam,bachelors,56.9,179000.0,2,999,1,0,0,1,1,1,77.76,Eligible
BPVGK,16,female,Tripura,10th,74.7,192000.0,999,999,1,0,0,1,1,1,67.88,Eligible
A023B,24,female,Manipur,masters,89.3,602000.0,85,999,1,0,0,1,1,0,65.72,Ineligible
A023B,20,female,Odisha,masters,61.4,570000.0,65,999,1,0,0,1,1,1,59.56,Eligible
ARG45,35,male,Tamil Nadu,masters,81.8,496000.0,88,999,0,0,0,1,1,0,62.72,Ineligible
A023B,22,male,Karnataka,masters,63.3,257000.0,2,999,1,0,0,0,1,1,70.32,Ineligible
BVOBC,21,male,Andhra Pradesh,bachelors,51.2,284000.0,110,999,1,0,0,1,1,1,48.48,Ineligible
BVOBC,18,female,Odisha,bachelors,92.1,276000.0,140,999,1,0,0,1,1,1,69.84,Ineligible
A023B,21,female,Chhattisgarh,bachelors,57.2,732000.0,2,999,1,0,0,1,1,1,62.88,Ineligible
BVOBC,19,female,Karnataka,bachelors,78.3,357000.0,140,999,1,0,0,1,1,0,64.32,Ineligible
AZKMI,28,male,Madhya Pradesh,postdoc,83.2,865000.0,999,3,0,0,0,1,1,1,68.28,Ineligible
ARG45,33,male,Andhra Pradesh,phd,89.5,68000.0,2,999,0,0,0,1,1,1,85.8,Ineligible
A023B,25,male,Assam,masters,63.3,161000.0,2,999,1,0,0,1,1,1,75.32,Eligible
AZKMI,33,male,Rajasthan,phd,73.2,178000.0,999,32,1,0,0,1,0,1,79.28,Borderline
AZKMI,30,female,Meghalaya,postdoc,82.5,110000.0,999,32,1,0,0,1,1,1,88.0,Eligible
A023B,22,male,Nagaland,masters,81.4,238000.0,3,999,1,0,0,0,1,1,77.56,Ineligible
BPVGK,14,male,Rajasthan,10th,71.3,199000.0,999,999,1,0,0,1,1,1,61.52,Eligible
BVOBC,19,male,Rajasthan,12th,61.7,227000.0,2,999,1,0,0,1,1,1,69.68,Eligible
BPVGK,17,female,Odisha,10th,67.8,48000.0,999,999,1,0,0,1,1,1,65.12,Eligible
AZKMI,22,male,Rajasthan,phd,65.5,157000.0,999,3,0,0,0,0,1,1,76.2,Ineligible
ARG45,36,female,Arunachal Pradesh,phd,70.2,830000.0,110,999,1,0,0,1,1,1,51.08,Eligible
BVOBC,23,female,Maharashtra,12th,82.1,120000.0,85,999,1,0,0,1,0,1,77.84,Borderline
BVOBC,20,female,Tripura,bachelors,62.7,139000.0,2,999,1,0,0,1,1,1,80.08,Eligible
BPVGK,14,male,Gujarat,10th,74.7,173000.0,999,999,1,0,0,1,1,1,62.88,Eligible
ARG45,35,female,Karnataka,masters,56.3,895000.0,2,999,1,0,0,1,1,1,62.52,Eligible
BVOBC,20,female,Nagaland,bachelors,60.3,62000.0,1,999,1,0,0,1,1,1,79.12,Eligible
BPVGK,16,male,Tripura,10th,79.8,161000.0,999,999,1,0,0,1,1,1,64.92,Eligible
ARG45,36,female,Assam,masters,75.3,873000.0,250,999,1,0,0,1,1,1,53.12,Eligible
BPVGK,15,male,Madhya Pradesh,10th,47.6,151000.0,999,999,1,0,0,1,1,1,52.04,Ineligible
BVOBC,20,male,Karnataka,bachelors,60.5,367000.0,1,999,1,0,0,1,0,1,69.2,Ineligible
BPVGK,15,female,Gujarat,10th,64.8,107000.0,999,999,1,0,0,1,1,1,63.92,Eligible
BVOBC,24,female,Mizoram,bachelors,50.0,393000.0,140,999,1,0,0,1,1,1,53.0,Ineligible
AZKMI,21,female,Gujarat,phd,74.9,626000.0,999,650,1,0,0,1,1,1,49.96,Ineligible
ARG45,35,male,Manipur,phd,93.5,599000.0,140,999,1,0,0,1,1,1,60.4,Eligible
A023B,18,female,Karnataka,bachelors,91.1,134000.0,72,999,1,0,0,1,1,1,81.44,Eligible
BVOBC,17,female,Telangana,bachelors,78.6,46000.0,59,999,1,0,0,1,1,1,76.44,Eligible
BPVGK,15,female,Arunachal Pradesh,10th,50.4,61000.0,999,999,1,0,0,1,1,1,58.16,Eligible
BVOBC,23,female,Tripura,bachelors,73.8,396000.0,2,999,1,0,0,1,1,1,79.52,Ineligible
BPVGK,17,male,Odisha,10th,63.9,182000.0,999,999,1,0,0,1,1,1,58.56,Eligible
BVOBC,18,male,Manipur,12th,56.7,364000.0,140,999,1,0,0,1,0,1,50.68,Ineligible
AZKMI,31,male,Odisha,masters,93.3,628000.0,999,650,1,0,0,1,1,1,52.32,Ineligible
BVOBC,19,male,Karnataka,12th,70.5,391000.0,65,999,1,0,0,1,1,1,63.2,Ineligible
BVOBC,22,male,Tamil Nadu,12th,77.3,322000.0,78,999,1,0,0,1,1,1,65.92,Ineligible
A023B,22,male,Tripura,bachelors,85.7,139000.0,3,999,1,0,0,1,1,1,84.28,Eligible
AZKMI,23,female,Meghalaya,masters,69.4,601000.0,999,22,1,0,0,1,1,1,67.76,Ineligible
BVOBC,23,male,Jharkhand,12th,82.0,241000.0,2,999,1,0,0,1,1,1,77.8,Eligible
ARG45,24,female,Andhra Pradesh,phd,62.4,312000.0,3,999,1,0,0,0,1,1,74.96,Ineligible
BVOBC,23,female,Assam,bachelors,87.9,177000.0,88,999,1,0,0,1,1,1,80.16,Eligible
BVOBC,20,male,Nagaland,bachelors,61.0,387000.0,88,999,1,0,0,1,1,1,59.4,Ineligible
A023B,24,female,Tripura,masters,59.9,486000.0,5,999,1,0,0,1,1,1,68.96,Eligible
BPVGK,14,female,Nagaland,10th,85.9,285000.0,999,999,1,0,0,1,1,1,67.36,Ineligible
ARG45,23,male,Arunachal Pradesh,phd,94.6,463000.0,110,999,1,0,0,1,1,1,60.84,Eligible
ARG45,36,male,Karnataka,masters,54.9,269000.0,95,999,1,0,0,1,1,1,56.96,Ineligible
BVOBC,23,male,Manipur,12th,45.5,133000.0,250,999,1,0,0,1,1,1,51.2,Ineligible
ARG45,31,female,Sikkim,masters,65.5,81000.0,2,999,1,0,0,1,1,1,81.2,Eligible
BVOBC,20,female,Manipur,bachelors,62.8,75000.0,78,999,1,0,0,1,1,1,70.12,Eligible
ARG45,24,male,Chhattisgarh,masters,73.2,524000.0,88,999,1,0,0,0,1,1,59.28,Ineligible
ARG45,33,male,Arunachal Pradesh,masters,70.2,421000.0,85,999,1,0,0,1,1,1,58.08,Eligible
ARG45,27,female,Karnataka,masters,70.6,280000.0,140,999,1,0,0,1,1,1,61.24,Eligible
A023B,22,female,Sikkim,bachelors,83.9,305000.0,65,999,1,0,0,1,1,1,73.56,Eligible
ARG45,30,female,Maharashtra,masters,75.0,471000.0,6,999,1,0,0,1,1,1,75.0,Eligible
BPVGK,17,male,Rajasthan,10th,65.5,187000.0,999,999,1,0,0,1,1,1,59.2,Eligible
A023B,22,male,Gujarat,bachelors,78.1,201000.0,2,999,1,0,0,1,1,1,76.24,Eligible
BVOBC,24,female,Odisha,12th,95.5,77000.0,2,999,1,0,0,1,0,1,93.2,Borderline
AZKMI,24,male,Sikkim,masters,59.4,764000.0,999,650,1,0,0,1,1,1,38.76,Ineligible
BVOBC,21,male,Odisha,12th,61.5,293000.0,72,999,1,0,0,1,0,1,59.6,Ineligible
BPVGK,17,male,Assam,10th,90.9,348000.0,999,999,1,0,0,1,1,1,64.36,Ineligible
ARG45,32,male,Gujarat,phd,72.0,545000.0,5,999,1,0,0,1,1,1,68.8,Eligible
BVOBC,22,female,Meghalaya,bachelors,93.5,158000.0,85,999,1,0,0,1,1,1,82.4,Eligible
BPVGK,17,male,Mizoram,10th,55.9,167000.0,999,999,1,0,0,1,1,1,55.36,Eligible
AZKMI,31,male,Kerala,postdoc,84.3,141000.0,999,32,1,0,0,1,0,1,83.72,Borderline
A023B,20,other,Arunachal Pradesh,masters,61.8,752000.0,1,999,1,0,0,1,1,1,59.72,Ineligible
AZKMI,23,female,Gujarat,postdoc,54.3,292000.0,999,2,1,0,0,1,1,1,71.72,Ineligible
AZKMI,36,female,Arunachal Pradesh,masters,60.3,180000.0,999,2,1,0,0,1,1,1,79.12,Ineligible
BVOBC,17,female,Assam,12th,67.4,300000.0,6,999,1,0,0,1,1,1,76.96,Ineligible
ARG45,31,male,Assam,phd,65.8,421000.0,6,999,1,0,0,1,1,1,66.32,Eligible
BVOBC,21,female,Jharkhand,12th,71.4,223000.0,110,999,1,0,0,1,1,1,61.56,Eligible
BPVGK,14,male,Chhattisgarh,10th,71.4,343000.0,999,999,1,0,0,0,0,1,56.56,Ineligible
BPVGK,15,male,Mizoram,10th,83.1,335000.0,999,999,1,0,0,1,1,1,61.24,Ineligible
AZKMI,33,female,Odisha,postdoc,62.9,741000.0,999,14,1,0,0,1,1,1,65.16,Ineligible
AZKMI,25,female,Telangana,postdoc,64.7,628000.0,999,32,1,0,0,1,1,0,65.88,Ineligible
ARG45,31,female,Arunachal Pradesh,masters,63.9,683000.0,1,999,1,0,0,1,1,1,65.56,Eligible
BPVGK,15,male,Meghalaya,10th,82.5,310000.0,999,999,1,0,0,1,1,1,61.0,Ineligible
AZKMI,23,female,Telangana,phd,70.5,424000.0,999,21,0,0,0,1,1,1,73.2,Ineligible
A023B,18,male,Gujarat,bachelors,91.9,89000.0,1,999,1,0,0,1,0,1,86.76,Borderline
A023B,21,male,Arunachal Pradesh,masters,94.4,310000.0,78,999,1,0,0,1,1,1,72.76,Eligible
A023B,25,female,Tripura,masters,88.3,304000.0,2,999,1,0,0,1,1,1,85.32,Eligible
BVOBC,20,female,Kerala,12th,52.7,376000.0,85,999,1,0,0,1,1,1,61.08,Ineligible
BPVGK,17,male,Jharkhand,10th,87.5,263000.0,999,999,1,0,0,1,1,1,63.0,Ineligible
A023B,19,female,Assam,bachelors,94.6,726000.0,1,999,1,0,0,1,1,1,77.84,Ineligible
BVOBC,23,female,Kerala,12th,57.1,134000.0,88,999,1,0,0,1,1,1,67.84,Eligible
AZKMI,27,female,Gujarat,masters,85.1,626000.0,999,4,1,0,0,1,1,1,74.04,Ineligible
BPVGK,14,female,Nagaland,10th,49.5,288000.0,999,999,1,0,0,1,1,1,52.8,Ineligible
ARG45,25,male,Assam,phd,67.8,101000.0,72,999,1,0,0,0,1,1,67.12,Ineligible
A023B,19,male,Gujarat,bachelors,60.2,124000.0,2,999,1,0,0,1,1,1,74.08,Eligible
BVOBC,18,male,Meghalaya,12th,95.9,111000.0,78,999,1,0,0,1,1,1,78.36,Eligible
BVOBC,23,female,Sikkim,bachelors,70.3,178000.0,59,999,1,0,0,1,1,1,73.12,Eligible
AZKMI,28,male,Odisha,postdoc,63.3,471000.0,999,22,1,0,0,1,1,1,65.32,Eligible
BPVGK,17,male,Karnataka,10th,84.1,145000.0,999,999,1,0,0,1,1,1,66.64,Eligible
A023B,21,female,Maharashtra,bachelors,93.5,641000.0,2,999,1,1,78,1,0,0,82.4,Ineligible
ARG45,34,male,Meghalaya,masters,84.4,856000.0,110,999,1,0,0,1,1,1,51.76,Eligible
A023B,18,male,Mizoram,masters,95.7,486000.0,2,999,1,0,0,1,0,1,78.28,Borderline
ARG45,25,female,Odisha,masters,73.7,61000.0,1,999,1,0,0,1,1,1,84.48,Eligible
BPVGK,15,female,Assam,10th,83.7,301000.0,999,999,1,0,0,1,0,1,66.48,Ineligible
BPVGK,16,female,Chhattisgarh,10th,51.8,80000.0,999,999,1,0,0,0,1,0,58.72,Borderline
BVOBC,22,female,Karnataka,12th,78.9,333000.0,110,999,1,0,0,1,1,1,64.56,Ineligible
BVOBC,17,male,Kerala,12th,75.7,372000.0,2,999,1,0,0,1,1,1,75.28,Ineligible
AZKMI,26,female,Mizoram,postdoc,89.8,180000.0,999,650,1,0,0,1,1,1,70.92,Ineligible
ARG45,33,female,Meghalaya,masters,52.2,428000.0,59,999,0,0,0,1,1,1,55.88,Ineligible
A023B,21,female,Andhra Pradesh,bachelors,74.4,655000.0,85,999,1,0,0,0,1,1,59.76,Ineligible
AZKMI,23,male,Karnataka,phd,76.7,652000.0,999,21,1,0,0,0,1,1,65.68,Ineligible
ARG45,28,female,Rajasthan,phd,79.7,310000.0,2,999,1,0,0,1,1,1,81.88,Eligible
AZKMI,36,female,Nagaland,masters,54.4,286000.0,999,32,1,0,0,1,1,1,71.76,Ineligible
A023B,24,male,Meghalaya,bachelors,71.0,355000.0,85,999,1,0,0,1,1,1,63.4,Eligible
ARG45,27,male,Chhattisgarh,phd,93.7,555000.0,65,999,1,0,0,1,1,1,67.48,Eligible
BPVGK,14,female,Gujarat,10th,64.7,303000.0,999,999,1,0,0,1,1,1,58.88,Ineligible
A023B,25,other,Assam,bachelors,95.8,200000.0,2,999,1,0,0,1,0,1,88.32,Borderline
BPVGK,14,male,Tamil Nadu,10th,49.4,208000.0,999,999,1,0,0,1,1,1,47.76,Ineligible
BPVGK,17,female,Tamil Nadu,10th,50.6,78000.0,999,999,1,0,0,1,1,0,58.24,Borderline
ARG45,35,female,Chhattisgarh,phd,89.5,282000.0,140,999,1,0,0,1,1,1,68.8,Eligible
BVOBC,20,male,Tripura,12th,83.0,372000.0,95,999,1,1,61,1,1,1,73.2,Ineligible
AZKMI,28,male,Chhattisgarh,masters,63.5,769000.0,999,8,1,0,0,1,1,1,60.4,Ineligible
BPVGK,16,female,Andhra Pradesh,10th,86.1,195000.0,999,999,1,0,0,1,1,1,72.44,Eligible
ARG45,36,male,Kerala,masters,87.7,270000.0,78,999,1,1,52,1,1,1,75.08,Eligible
A023B,21,female,Chhattisgarh,masters,76.0,401000.0,250,999,1,0,0,1,1,1,58.4,Ineligible
BVOBC,19,male,Nagaland,12th,88.7,273000.0,1,999,1,1,43,1,1,1,85.48,Ineligible
BVOBC,19,male,Jharkhand,12th,75.7,43000.0,5,999,1,0,0,1,0,1,80.28,Borderline
BVOBC,24,female,Tripura,bachelors,56.1,149000.0,250,999,1,0,0,1,1,1,60.44,Eligible
A023B,22,male,Mizoram,masters,84.4,427000.0,6,999,1,0,0,1,1,1,73.76,Eligible
BPVGK,15,female,Assam,10th,90.0,288000.0,999,999,1,0,0,1,1,1,69.0,Ineligible
BVOBC,21,male,Andhra Pradesh,bachelors,65.6,305000.0,1,999,1,0,0,1,1,1,71.24,Ineligible
BVOBC,19,female,Mizoram,12th,60.0,209000.0,5,999,1,0,0,1,1,1,74.0,Eligible
BPVGK,15,male,Madhya Pradesh,10th,82.2,128000.0,999,999,1,0,0,1,1,1,65.88,Eligible
AZKMI,23,male,Andhra Pradesh,phd,90.0,550000.0,999,32,1,0,0,1,1,1,76.0,Eligible
BPVGK,17,female,Kerala,10th,52.2,306000.0,999,999,1,0,0,1,1,1,53.88,Ineligible
BPVGK,15,female,Odisha,10th,83.1,84000.0,999,999,1,1,57,1,1,1,76.24,Eligible
ARG45,29,male,Arunachal Pradesh,phd,50.2,508000.0,95,999,0,0,0,1,1,1,50.08,Ineligible
ARG45,36,female,Gujarat,phd,64.0,146000.0,250,999,1,0,0,1,1,1,63.6,Eligible
AZKMI,34,male,Tamil Nadu,postdoc,94.8,408000.0,999,21,1,0,0,1,1,1,77.92,Eligible
ARG45,22,female,Assam,masters,55.5,657000.0,65,999,1,0,0,1,1,1,52.2,Eligible
A023B,18,female,Chhattisgarh,bachelors,84.7,380000.0,5,999,1,0,0,1,1,1,83.88,Eligible
ARG45,26,female,Chhattisgarh,masters,68.8,815000.0,250,999,1,0,0,1,1,1,50.52,Eligible
ARG45,25,female,Meghalaya,phd,81.7,308000.0,65,999,1,0,0,1,1,1,72.68,Eligible
ARG45,35,female,Madhya Pradesh,phd,56.7,136000.0,250,999,1,0,0,1,1,1,60.68,Eligible
A023B,19,male,Meghalaya,bachelors,92.6,694000.0,1,999,1,0,0,1,1,1,72.04,Ineligible
ARG45,36,female,Maharashtra,phd,93.0,285000.0,3,999,1,0,0,1,1,1,87.2,Eligible
A023B,20,male,Andhra Pradesh,bachelors,60.7,603000.0,95,999,1,0,0,1,1,1,49.28,Ineligible
A023B,20,male,Mizoram,masters,94.6,161000.0,85,999,1,0,0,1,1,1,77.84,Eligible
A023B,23,male,Kerala,bachelors,73.6,603000.0,1,999,1,0,0,1,1,1,64.44,Ineligible
ARG45,35,male,Telangana,phd,89.1,123000.0,140,999,1,0,0,1,1,1,68.64,Eligible
A023B,25,female,Gujarat,masters,58.8,439000.0,2,999,1,0,0,1,1,1,68.52,Eligible
A023B,22,male,Tamil Nadu,bachelors,83.1,408000.0,85,999,1,0,0,1,1,1,63.24,Eligible
A023B,19,male,Mizoram,bachelors,87.7,240000.0,6,999,1,0,0,1,1,1,80.08,Eligible
A023B,21,male,Arunachal Pradesh,bachelors,60.2,694000.0,2,999,1,0,0,1,1,1,59.08,Ineligible
BVOBC,19,male,Sikkim,bachelors,45.2,305000.0,59,999,1,0,0,1,1,1,53.08,Ineligible
BPVGK,15,female,Kerala,10th,50.2,240000.0,999,999,1,0,0,1,1,1,53.08,Eligible
A023B,23,male,Gujarat,masters,74.5,176000.0,5,999,1,0,0,1,1,1,79.8,Eligible
BPVGK,16,male,Rajasthan,10th,79.3,325000.0,999,999,1,0,0,1,1,0,59.72,Ineligible
ARG45,34,male,Manipur,phd,75.3,550000.0,59,999,1,0,0,1,1,1,60.12,Eligible
A023B,18,female,Chhattisgarh,bachelors,63.6,620000.0,6,999,1,1,49,1,1,1,70.44,Ineligible
ARG45,23,male,Mizoram,masters,83.4,531000.0,2,999,1,0,0,1,1,1,73.36,Eligible
ARG45,32,female,Arunachal Pradesh,phd,93.5,105000.0,5,999,1,0,0,1,1,1,92.4,Eligible
ARG45,30,male,Mizoram,masters,84.9,870000.0,72,999,1,0,0,0,1,0,58.96,Borderline
BVOBC,21,female,Odisha,12th,53.2,345000.0,85,999,1,0,0,1,1,1,61.28,Ineligible
ARG45,32,female,Odisha,phd,72.1,541000.0,95,999,1,0,0,1,1,0,63.84,Borderline
A023B,24,male,Maharashtra,bachelors,70.0,716000.0,1,999,1,0,0,1,1,1,63.0,Ineligible
BPVGK,16,male,Jharkhand,10th,67.3,319000.0,999,999,1,0,0,1,1,0,54.92,Ineligible
BVOBC,21,female,Chhattisgarh,12th,91.5,336000.0,95,999,1,0,0,1,1,1,76.6,Ineligible
AZKMI,24,male,Manipur,masters,93.7,796000.0,999,22,1,0,0,1,1,1,72.48,Ineligible
BVOBC,23,male,Rajasthan,12th,83.1,95000.0,78,999,1,0,0,1,1,1,73.24,Eligible
ARG45,25,female,Madhya Pradesh,phd,68.3,439000.0,110,999,1,0,0,1,1,1,55.32,Eligible
BVOBC,22,male,Kerala,12th,59.8,287000.0,3,999,1,1,44,1,0,1,73.92,Ineligible
BVOBC,19,female,Maharashtra,bachelors,85.6,346000.0,72,999,1,0,0,0,1,1,74.24,Ineligible
BPVGK,14,male,Mizoram,10th,72.7,208000.0,999,999,1,0,0,1,1,1,57.08,Eligible
A023B,23,male,Nagaland,bachelors,72.7,545000.0,3,999,1,0,0,1,1,1,69.08,Eligible
BVOBC,24,male,Odisha,12th,59.8,64000.0,2,999,1,0,0,1,1,0,73.92,Borderline
AZKMI,23,male,Gujarat,masters,64.3,506000.0,999,37,1,0,0,1,1,1,65.72,Eligible
AZKMI,28,female,Jharkhand,postdoc,83.3,493000.0,999,8,1,0,0,1,1,1,78.32,Eligible
BVOBC,18,male,Chhattisgarh,bachelors,88.8,90000.0,1,999,1,0,0,1,1,1,85.52,Eligible
ARG45,35,female,Telangana,phd,84.6,239000.0,65,999,1,0,0,1,0,1,73.84,Borderline
BVOBC,21,female,Gujarat,12th,68.7,224000.0,110,999,1,0,0,1,1,1,60.48,Eligible
BPVGK,15,other,Maharashtra,10th,67.3,87000.0,999,999,1,0,0,0,1,0,59.92,Borderline
BVOBC,20,male,Mizoram,12th,58.5,124000.0,1,999,1,1,71,1,1,1,78.4,Eligible
BPVGK,16,male,Odisha,10th,50.2,340000.0,999,999,1,0,0,1,1,1,48.08,Ineligible
A023B,23,male,Tripura,bachelors,77.2,351000.0,140,999,1,0,0,1,1,1,58.88,Ineligible
BVOBC,20,male,Assam,12th,71.2,141000.0,6,999,1,0,0,1,1,1,78.48,Eligible
ARG45,29,female,Manipur,phd,71.6,556000.0,59,999,1,0,0,1,1,1,63.64,Eligible
BVOBC,19,female,Kerala,bachelors,92.0,226000.0,110,999,1,0,0,1,1,1,69.8,Eligible
BVOBC,20,male,Nagaland,bachelors,75.9,210000.0,140,999,1,0,0,1,1,1,58.36,Eligible
BVOBC,21,male,Maharashtra,12th,81.9,163000.0,78,999,1,0,0,1,1,1,72.76,Eligible
ARG45,30,female,Telangana,phd,87.2,569000.0,1,999,1,0,0,1,1,1,79.88,Eligible
A023B,18,female,Andhra Pradesh,masters,77.4,347000.0,5,999,1,0,0,1,1,1,80.96,Eligible
AZKMI,25,male,Kerala,phd,71.5,309000.0,999,2,1,0,0,1,1,1,73.6,Eligible
BVOBC,23,male,Chhattisgarh,12th,80.1,154000.0,95,999,1,0,0,1,1,1,72.04,Eligible
AZKMI,29,male,Kerala,postdoc,67.9,283000.0,999,22,1,0,0,1,1,1,72.16,Eligible
BPVGK,14,male,Tripura,10th,82.4,173000.0,999,999,1,0,0,1,1,1,65.96,Eligible
A023B,18,female,Karnataka,bachelors,71.7,538000.0,95,999,1,0,0,1,1,1,63.68,Eligible
AZKMI,33,male,Tripura,postdoc,79.5,358000.0,999,37,1,0,0,1,1,1,76.8,Eligible
BVOBC,20,male,Nagaland,12th,79.4,170000.0,85,999,1,0,0,0,1,1,71.76,Ineligible
AZKMI,37,male,Tripura,masters,83.2,162000.0,999,2,1,0,0,1,1,1,83.28,Ineligible
BPVGK,17,female,Tamil Nadu,10th,91.5,214000.0,999,999,1,0,0,1,1,1,69.6,Eligible
ARG45,26,female,Chhattisgarh,phd,81.2,871000.0,140,999,1,0,0,1,0,1,55.48,Borderline
A023B,22,male,Jharkhand,bachelors,71.5,648000.0,2,999,1,0,0,1,1,1,63.6,Ineligible
BVOBC,22,female,Nagaland,12th,73.3,104000.0,88,999,1,0,0,1,1,1,74.32,Eligible
BPVGK,15,male,Rajasthan,10th,56.7,107000.0,999,999,1,0,0,1,1,1,55.68,Eligible
BVOBC,18,female,Chhattisgarh,bachelors,76.3,315000.0,65,999,1,0,0,1,1,1,70.52,Ineligible
BPVGK,17,male,Kerala,10th,54.1,275000.0,999,999,1,0,0,1,1,1,49.64,Ineligible
ARG45,30,male,Arunachal Pradesh,masters,72.6,391000.0,1,999,1,0,0,1,1,1,74.04,Eligible
ARG45,27,male,Tripura,phd,77.6,278000.0,5,999,1,0,0,1,1,1,76.04,Eligible
A023B,24,female,Mizoram,masters,74.4,491000.0,110,999,1,0,0,1,1,1,57.76,Ineligible
BPVGK,14,female,Assam,10th,53.8,190000.0,999,999,1,0,0,0,1,1,59.52,Ineligible
BVOBC,17,male,Nagaland,bachelors,50.0,99000.0,1,999,1,0,0,1,1,1,70.0,Eligible
A023B,22,female,Mizoram,masters,55.9,167000.0,110,999,1,0,0,1,1,0,60.36,Ineligible
AZKMI,35,female,Telangana,masters,67.1,358000.0,999,32,0,0,0,1,0,1,76.84,Ineligible
BVOBC,22,female,Madhya Pradesh,12th,61.0,275000.0,5,999,1,0,0,1,1,1,74.4,Ineligible
BVOBC,24,male,Kerala,bachelors,53.5,348000.0,6,999,1,0,0,1,1,1,66.4,Ineligible
BVOBC,18,female,Maharashtra,12th,92.8,210000.0,65,999,1,0,0,1,1,1,77.12,Eligible
ARG45,36,female,Assam,phd,63.9,268000.0,72,999,1,0,0,1,1,1,65.56,Eligible
ARG45,29,female,Manipur,phd,74.7,173000.0,1,999,1,0,0,1,1,1,84.88,Eligible
A023B,23,male,Karnataka,masters,78.2,659000.0,1,999,1,0,0,1,1,1,66.28,Ineligible
BVOBC,17,female,Nagaland,bachelors,93.3,212000.0,85,999,1,0,0,1,1,1,77.32,Eligible
BVOBC,23,male,Rajasthan,bachelors,57.7,297000.0,110,999,1,0,0,1,1,1,51.08,Ineligible
BVOBC,21,male,Tamil Nadu,bachelors,78.1,231000.0,5,999,1,0,0,1,1,1,76.24,Eligible
AZKMI,36,male,Tamil Nadu,masters,64.4,237000.0,999,22,1,0,0,1,1,1,70.76,Ineligible
ARG45,27,female,Jharkhand,phd,64.0,732000.0,95,999,1,0,0,1,1,1,55.6,Eligible
BPVGK,17,female,Tripura,10th,54.1,317000.0,999,999,1,0,0,1,1,1,54.64,Ineligible
BPVGK,17,male,Tripura,10th,57.4,348000.0,999,999,1,0,0,1,1,1,50.96,Ineligible
BVOBC,21,female,Tripura,bachelors,53.1,302000.0,250,999,1,0,0,1,1,1,54.24,Ineligible
AZKMI,28,female,Rajasthan,postdoc,69.5,114000.0,999,6,1,0,0,1,1,1,82.8,Eligible
BVOBC,18,female,Tamil Nadu,12th,53.0,73000.0,88,999,1,0,0,1,0,1,66.2,Borderline
ARG45,24,male,Karnataka,phd,60.5,885000.0,95,999,1,0,0,1,1,1,49.2,Eligible
AZKMI,35,female,Odisha,postdoc,63.3,727000.0,999,1,1,0,0,1,1,1,65.32,Ineligible
BVOBC,19,male,Karnataka,bachelors,60.1,135000.0,95,999,1,0,0,1,1,1,64.04,Eligible
BVOBC,20,male,Tamil Nadu,bachelors,81.8,277000.0,110,999,1,0,0,1,1,1,60.72,Ineligible
ARG45,23,female,Arunachal Pradesh,masters,73.5,116000.0,6,999,1,0,0,1,1,1,84.4,Eligible
ARG45,30,male,Tripura,phd,52.2,245000.0,3,999,1,0,0,1,1,1,65.88,Ineligible
BVOBC,23,female,Odisha,bachelors,85.5,61000.0,5,999,1,0,0,1,1,1,89.2,Eligible
ARG45,33,female,Telangana,masters,73.9,219000.0,250,999,1,0,0,1,0,1,62.56,Borderline
A023B,25,male,Kerala,masters,93.0,200000.0,1,999,1,0,0,1,1,1,87.2,Eligible
BPVGK,16,male,Karnataka,10th,87.2,162000.0,999,999,1,0,0,1,1,1,67.88,Eligible
ARG45,36,male,Tripura,phd,66.2,440000.0,110,999,1,0,0,1,1,1,49.48,Eligible
ARG45,25,male,Jharkhand,masters,88.5,78000.0,5,999,0,0,0,1,1,1,85.4,Ineligible
ARG45,27,female,Assam,masters,60.5,741000.0,3,999,1,0,0,1,1,1,64.2,Eligible
AZKMI,24,male,Andhra Pradesh,postdoc,78.9,134000.0,999,37,1,0,0,1,1,1,81.56,Eligible
A023B,21,male,Chhattisgarh,bachelors,82.3,535000.0,5,999,1,0,0,1,1,1,72.92,Eligible
ARG45,34,female,Tripura,masters,60.0,303000.0,110,999,1,0,0,1,1,1,57.0,Eligible
A023B,20,female,Tripura,bachelors,75.7,223000.0,2,999,1,0,0,0,1,1,80.28,Ineligible
AZKMI,34,female,Kerala,phd,66.4,271000.0,999,8,1,0,0,1,1,1,76.56,Eligible
BVOBC,17,male,Tamil Nadu,12th,55.2,175000.0,3,999,1,0,0,1,1,1,72.08,Eligible
BPVGK,16,male,Nagaland,10th,67.5,37000.0,999,999,1,1,47,1,1,1,65.0,Eligible
A023B,20,female,Andhra Pradesh,bachelors,71.2,732000.0,6,999,1,0,0,1,1,1,68.48,Ineligible
ARG45,32,male,Jharkhand,phd,79.8,827000.0,95,999,1,0,0,1,1,1,56.92,Eligible
ARG45,29,female,Chhattisgarh,masters,58.4,481000.0,78,999,1,0,0,1,1,1,58.36,Eligible
AZKMI,32,male,Maharashtra,postdoc,63.6,996000.0,999,22,1,1,62,1,1,1,65.44,Ineligible
BVOBC,20,female,Karnataka,12th,62.4,181000.0,6,999,1,0,0,1,1,0,79.96,Borderline
BVOBC,19,male,Gujarat,bachelors,94.5,368000.0,88,999,1,0,0,1,1,1,72.8,Ineligible
A023B,22,male,Rajasthan,bachelors,73.5,734000.0,3,999,1,0,0,1,0,1,64.4,Ineligible
AZKMI,34,male,Jharkhand,phd,63.7,771000.0,999,32,0,0,0,1,1,1,60.48,Ineligible
ARG45,31,other,Tamil Nadu,masters,76.8,254000.0,85,999,1,0,0,1,1,1,65.72,Eligible
BVOBC,23,male,Mizoram,bachelors,69.2,99000.0,2,999,1,0,0,1,1,1,77.68,Eligible
AZKMI,23,female,Rajasthan,masters,91.7,987000.0,999,37,1,0,0,1,1,1,76.68,Ineligible
BVOBC,23,male,Tripura,12th,71.6,203000.0,65,999,1,0,0,1,1,1,63.64,Eligible
BPVGK,14,female,Tripura,10th,54.5,171000.0,999,999,1,0,0,1,1,1,59.8,Eligible
ARG45,36,female,Odisha,masters,70.9,603000.0,3,999,1,0,0,1,1,1,68.36,Eligible
BVOBC,17,female,Arunachal Pradesh,12th,68.1,363000.0,1,999,1,0,0,1,1,1,77.24,Ineligible
BVOBC,18,male,Maharashtra,12th,50.8,202000.0,95,999,1,0,0,1,1,1,55.32,Eligible
BPVGK,17,male,Maharashtra,10th,47.2,85000.0,999,999,1,0,0,1,1,1,51.88,Ineligible
ARG45,26,female,Odisha,phd,63.0,212000.0,6,999,0,0,0,1,1,1,75.2,Ineligible
A023B,25,male,Jharkhand,bachelors,64.3,555000.0,2,999,1,0,0,1,1,1,65.72,Eligible
BVOBC,17,male,Rajasthan,bachelors,46.9,347000.0,72,999,1,1,49,1,1,1,58.76,Ineligible
BPVGK,15,female,Nagaland,10th,93.3,270000.0,999,999,1,0,0,1,1,1,70.32,Ineligible
AZKMI,38,male,Madhya Pradesh,masters,63.2,221000.0,999,650,0,0,0,1,1,1,50.28,Ineligible
BVOBC,24,female,Telangana,bachelors,66.8,345000.0,5,999,1,0,0,1,0,1,76.72,Ineligible
ARG45,29,male,Telangana,phd,86.4,802000.0,2,999,1,0,0,0,1,1,69.56,Ineligible
BVOBC,23,female,Rajasthan,bachelors,47.3,166000.0,1,999,1,0,0,1,1,1,73.92,Ineligible
BVOBC,17,female,Telangana,12th,80.0,163000.0,85,999,1,0,0,1,1,1,77.0,Eligible
BPVGK,15,female,Andhra Pradesh,10th,69.1,231000.0,999,999,1,0,0,1,1,1,60.64,Eligible
BVOBC,21,female,Odisha,bachelors,73.3,47000.0,88,999,1,0,0,1,1,1,74.32,Eligible
BPVGK,17,female,Jharkhand,10th,76.3,300000.0,999,999,1,0,0,1,1,1,63.52,Ineligible
BPVGK,16,male,Manipur,10th,65.7,189000.0,999,999,1,0,0,1,1,0,59.28,Borderline
ARG45,22,female,Chhattisgarh,masters,91.1,433000.0,85,999,1,0,0,1,1,1,71.44,Eligible
A023B,20,male,Nagaland,bachelors,90.4,755000.0,3,999,1,0,0,1,1,1,71.16,Ineligible
ARG45,31,female,Odisha,masters,65.0,807000.0,2,999,1,0,0,1,1,1,66.0,Eligible
AZKMI,30,male,Manipur,phd,74.0,796000.0,999,32,1,0,0,1,1,0,64.6,Ineligible
A023B,23,female,Karnataka,masters,61.1,587000.0,2,999,1,0,0,1,1,1,69.44,Eligible
ARG45,22,female,Odisha,masters,69.2,210000.0,78,999,1,0,0,1,1,1,67.68,Eligible
BVOBC,18,male,Sikkim,bachelors,50.0,152000.0,78,999,1,0,0,1,0,1,60.0,Borderline
BPVGK,16,female,Mizoram,10th,84.4,312000.0,999,999,1,0,0,1,1,1,66.76,Ineligible
AZKMI,32,female,Maharashtra,postdoc,75.9,557000.0,999,14,1,0,0,1,1,1,75.36,Eligible
A023B,21,female,Arunachal Pradesh,bachelors,96.9,356000.0,1,999,1,0,0,1,1,1,88.76,Eligible
ARG45,33,male,Madhya Pradesh,phd,55.1,561000.0,88,999,1,0,0,1,1,0,52.04,Borderline
ARG45,28,female,Tamil Nadu,phd,72.2,615000.0,3,999,1,0,0,1,1,1,68.88,Eligible
BVOBC,21,male,Assam,bachelors,76.4,201000.0,1,999,1,0,0,1,1,1,75.56,Eligible
BPVGK,16,female,Arunachal Pradesh,10th,94.5,216000.0,999,999,1,0,0,1,1,1,70.8,Eligible
BPVGK,14,female,Karnataka,10th,80.2,293000.0,999,999,1,0,0,1,1,1,65.08,Ineligible
ARG45,33,male,Tripura,phd,68.3,426000.0,1,999,1,0,0,1,1,1,67.32,Eligible
BPVGK,15,male,Assam,10th,51.7,53000.0,999,999,1,0,0,1,1,1,53.68,Eligible
A023B,24,other,Madhya Pradesh,masters,93.4,581000.0,95,999,1,0,0,1,1,1,67.36,Eligible
ARG45,35,female,Jharkhand,masters,82.0,286000.0,95,999,1,0,0,1,1,1,72.8,Eligible
A023B,22,male,Madhya Pradesh,masters,77.2,457000.0,2,999,1,0,0,1,0,1,70.88,Borderline
BVOBC,22,male,Nagaland,12th,68.9,225000.0,140,999,1,0,0,1,1,1,55.56,Eligible
BPVGK,16,female,Maharashtra,10th,81.3,210000.0,999,999,1,1,78,1,1,1,70.52,Eligible
ARG45,23,other,Tamil Nadu,masters,72.8,775000.0,5,999,1,1,71,1,1,1,69.12,Eligible
BVOBC,24,male,Kerala,bachelors,86.2,134000.0,2,999,1,0,0,1,1,1,84.48,Eligible
AZKMI,25,female,Assam,phd,83.9,472000.0,999,14,1,0,0,1,1,1,78.56,Eligible
BVOBC,18,female,Meghalaya,12th,53.5,184000.0,72,999,1,0,0,1,0,1,66.4,Borderline
ARG45,24,male,Tripura,phd,50.5,839000.0,78,999,1,0,0,1,1,0,45.2,Ineligible
ARG45,28,male,Mizoram,phd,65.1,284000.0,2,999,1,0,0,1,1,1,71.04,Eligible
ARG45,32,male,Rajasthan,masters,64.1,69000.0,85,999,1,0,0,1,1,1,65.64,Eligible
A023B,18,female,Nagaland,bachelors,81.6,121000.0,2,999,0,0,0,1,1,1,87.64,Ineligible
BPVGK,15,female,Kerala,10th,89.8,253000.0,999,999,1,0,0,1,1,1,68.92,Ineligible
BVOBC,22,male,Meghalaya,bachelors,53.3,67000.0,65,999,1,0,0,1,1,1,61.32,Eligible
BPVGK,15,female,Sikkim,10th,75.5,87000.0,999,999,1,0,0,1,1,1,68.2,Eligible
ARG45,23,male,Sikkim,masters,53.3,540000.0,5,999,1,0,0,1,1,1,61.32,Ineligible
ARG45,33,female,Tripura,phd,90.7,543000.0,250,999,1,0,0,1,1,1,64.28,Eligible
BVOBC,17,male,Madhya Pradesh,bachelors,93.7,334000.0,140,999,1,0,0,1,1,0,65.48,Ineligible
AZKMI,23,female,Odisha,phd,74.1,965000.0,999,2,1,0,0,1,1,1,69.64,Ineligible
AZKMI,32,female,Tripura,phd,53.8,670000.0,999,650,1,0,0,1,1,1,41.52,Ineligible
A023B,25,female,Karnataka,masters,96.6,92000.0,1,999,1,0,0,1,1,1,93.64,Eligible
BVOBC,20,female,Karnataka,12th,46.9,91000.0,85,999,1,0,0,1,1,1,63.76,Ineligible
BVOBC,21,female,Maharashtra,12th,68.3,101000.0,3,999,1,0,0,1,1,1,82.32,Eligible
BVOBC,23,female,Rajasthan,bachelors,51.2,286000.0,6,999,1,0,0,1,0,1,70.48,Ineligible
ARG45,24,female,Madhya Pradesh,phd,57.6,371000.0,1,999,1,0,0,1,1,1,73.04,Eligible
BVOBC,18,male,Maharashtra,12th,45.4,373000.0,72,999,1,1,71,1,1,1,58.16,Ineligible
BVOBC,23,female,Meghalaya,12th,92.8,260000.0,65,999,1,0,0,1,1,1,77.12,Ineligible
ARG45,22,male,Nagaland,masters,58.6,889000.0,2,999,1,0,0,1,0,1,58.44,Borderline
A023B,21,male,Rajasthan,bachelors,89.3,573000.0,250,999,1,0,0,1,0,1,58.72,Ineligible
AZKMI,35,female,Meghalaya,masters,54.7,147000.0,999,22,1,0,0,1,1,1,76.88,Ineligible
BVOBC,22,male,Manipur,12th,84.7,157000.0,2,999,1,0,0,1,1,1,83.88,Eligible
BPVGK,17,female,Kerala,10th,52.2,327000.0,999,999,1,0,0,1,1,1,53.88,Ineligible
BVOBC,19,male,Meghalaya,12th,80.3,61000.0,6,999,1,0,0,1,1,1,82.12,Eligible
BVOBC,19,female,Nagaland,12th,49.4,349000.0,140,999,1,0,0,1,1,1,52.76,Ineligible
A023B,21,female,Arunachal Pradesh,bachelors,69.1,497000.0,95,999,1,0,0,1,1,1,62.64,Eligible
BPVGK,17,male,Telangana,10th,69.0,285000.0,999,999,1,1,73,1,1,1,60.6,Ineligible
A023B,20,female,Arunachal Pradesh,masters,67.7,546000.0,2,999,1,0,0,1,1,1,72.08,Eligible
A023B,24,male,Sikkim,bachelors,89.0,347000.0,85,999,1,0,0,1,1,1,70.6,Eligible
ARG45,31,female,Meghalaya,masters,85.4,128000.0,88,999,1,0,0,1,0,1,79.16,Borderline
BPVGK,14,female,Mizoram,10th,63.3,86000.0,999,999,1,0,0,1,1,1,63.32,Eligible
ARG45,32,other,Gujarat,phd,83.2,692000.0,1,999,1,0,0,1,1,1,68.28,Eligible
A023B,23,female,Odisha,masters,75.9,459000.0,5,999,1,0,0,1,1,1,75.36,Eligible
BVOBC,24,male,Madhya Pradesh,12th,49.1,363000.0,72,999,1,0,0,0,1,1,54.64,Ineligible
ARG45,30,female,Assam,masters,63.2,874000.0,6,999,1,0,0,1,1,1,65.28,Eligible
ARG45,30,female,Gujarat,phd,68.5,348000.0,88,999,1,0,0,1,1,1,67.4,Eligible
A023B,22,male,Nagaland,bachelors,75.8,779000.0,85,999,1,0,0,1,0,1,55.32,Ineligible
ARG45,35,male,Maharashtra,masters,57.3,158000.0,88,999,1,0,0,1,1,1,62.92,Eligible
BVOBC,24,male,Mizoram,12th,72.2,84000.0,85,999,1,0,0,1,1,1,68.88,Eligible
A023B,23,female,Jharkhand,masters,75.4,289000.0,95,999,1,0,0,1,0,1,70.16,Borderline
ARG45,30,female,Odisha,masters,63.9,397000.0,2,999,1,0,0,1,1,1,75.56,Eligible
A023B,19,female,Meghalaya,masters,84.1,769000.0,140,999,1,0,0,1,1,1,56.64,Ineligible
BPVGK,17,female,Assam,10th,63.5,149000.0,999,999,1,0,0,1,1,0,63.4,Borderline
BPVGK,17,female,Sikkim,10th,85.2,122000.0,999,999,1,0,0,1,0,1,72.08,Borderline
BPVGK,15,female,Kerala,10th,55.4,182000.0,999,999,1,0,0,1,0,1,60.16,Borderline
BPVGK,16,male,Madhya Pradesh,10th,65.7,208000.0,999,999,1,1,80,1,1,1,59.28,Eligible
ARG45,35,female,Karnataka,phd,87.6,315000.0,78,999,1,0,0,1,1,1,75.04,Eligible
BVOBC,21,male,Chhattisgarh,bachelors,54.1,366000.0,2,999,1,0,0,1,1,1,66.64,Ineligible
BPVGK,17,male,Mizoram,10th,88.4,231000.0,999,999,1,0,0,1,1,1,63.36,Eligible
A023B,18,male,Meghalaya,bachelors,68.7,712000.0,3,999,1,0,0,1,1,0,62.48,Ineligible
ARG45,34,female,Madhya Pradesh,masters,84.4,563000.0,1,999,1,0,0,1,1,1,78.76,Eligible
AZKMI,32,male,Mizoram,masters,50.6,566000.0,999,8,1,0,0,1,1,1,60.24,Ineligible
ARG45,30,female,Rajasthan,masters,68.8,829000.0,2,999,1,0,0,1,1,1,67.52,Eligible
AZKMI,31,male,Tamil Nadu,masters,81.9,126000.0,999,2,1,0,0,1,1,1,82.76,Eligible
ARG45,34,female,Chhattisgarh,phd,84.1,96000.0,2,999,1,0,0,1,1,1,88.64,Eligible
BPVGK,14,female,Nagaland,10th,84.1,324000.0,999,999,1,0,0,1,1,1,66.64,Ineligible
AZKMI,32,female,Meghalaya,phd,57.2,551000.0,999,650,1,0,0,1,1,1,47.88,Ineligible
ARG45,24,female,Rajasthan,masters,93.8,143000.0,1,999,0,0,0,1,1,1,92.52,Ineligible
ARG45,27,male,Chhattisgarh,phd,69.1,492000.0,59,999,1,0,0,0,1,1,57.64,Ineligible
ARG45,22,male,Nagaland,masters,64.8,157000.0,72,999,1,0,0,1,1,1,65.92,Eligible
ARG45,23,female,Arunachal Pradesh,phd,92.3,369000.0,85,999,0,0,0,1,1,1,76.92,Ineligible
BVOBC,18,female,Assam,12th,48.3,391000.0,88,999,1,0,0,1,1,1,59.32,Ineligible
ARG45,33,female,Andhra Pradesh,phd,84.0,733000.0,110,999,1,0,0,1,0,0,56.6,Borderline
A023B,22,female,Sikkim,masters,76.4,532000.0,65,999,1,0,0,1,1,1,65.56,Eligible
ARG45,31,male,Manipur,masters,84.2,615000.0,250,999,1,0,0,1,1,1,51.68,Eligible
A023B,18,female,Manipur,bachelors,97.6,714000.0,2,999,1,0,0,1,1,1,79.04,Ineligible
A023B,20,male,Nagaland,masters,73.5,305000.0,65,999,1,0,0,1,1,1,64.4,Eligible
A023B,24,male,Maharashtra,masters,76.3,779000.0,1,999,1,0,0,1,1,1,65.52,Ineligible
ARG45,27,female,Kerala,phd,54.4,350000.0,95,999,1,1,80,1,1,1,66.76,Ineligible
AZKMI,24,female,Madhya Pradesh,phd,57.6,585000.0,999,3,1,0,0,1,1,1,68.04,Eligible
BVOBC,23,male,Manipur,bachelors,74.2,331000.0,2,999,1,0,0,1,1,1,74.68,Ineligible
BVOBC,22,male,Maharashtra,bachelors,55.3,269000.0,3,999,1,0,0,1,1,1,67.12,Ineligible
ARG45,31,other,Tripura,masters,82.3,546000.0,88,999,1,0,0,1,1,1,62.92,Eligible
AZKMI,30,female,Nagaland,phd,79.9,382000.0,999,14,1,0,0,1,1,1,81.96,Eligible
BPVGK,17,male,Telangana,10th,55.6,338000.0,999,999,1,0,0,1,1,1,50.24,Ineligible
A023B,18,male,Arunachal Pradesh,bachelors,70.7,186000.0,6,999,1,0,0,1,1,1,78.28,Eligible
BVOBC,19,male,Meghalaya,bachelors,80.0,125000.0,2,999,1,0,0,1,1,1,82.0,Eligible
BVOBC,23,female,Karnataka,12th,55.3,138000.0,85,999,1,0,0,1,1,1,67.12,Eligible
ARG45,22,male,Andhra Pradesh,masters,64.1,310000.0,3,999,0,0,0,1,1,1,70.64,Ineligible
ARG45,31,male,Assam,masters,73.5,756000.0,250,999,1,0,0,1,1,1,47.4,Eligible
BVOBC,20,female,Kerala,bachelors,56.1,78000.0,1,999,1,0,0,0,1,1,77.44,Ineligible
A023B,19,male,Mizoram,masters,78.5,422000.0,6,999,1,0,0,1,1,1,71.4,Eligible
BVOBC,20,female,Tamil Nadu,bachelors,73.2,151000.0,95,999,1,1,43,1,1,1,79.28,Eligible
ARG45,28,female,Jharkhand,phd,63.5,847000.0,2,999,1,0,0,1,1,1,65.4,Eligible
AZKMI,29,male,Arunachal Pradesh,masters,87.0,946000.0,999,21,1,0,0,1,1,1,69.8,Ineligible
BVOBC,23,male,Telangana,bachelors,68.1,50000.0,65,999,1,0,0,1,1,1,67.24,Eligible
BVOBC,22,female,Rajasthan,12th,50.7,130000.0,6,999,1,0,0,1,1,1,75.28,Eligible
AZKMI,31,female,Assam,phd,58.9,473000.0,999,4,1,0,0,0,1,1,68.56,Ineligible
BPVGK,14,male,Tamil Nadu,10th,93.7,93000.0,999,999,1,0,0,1,1,1,70.48,Eligible
A023B,20,female,Madhya Pradesh,bachelors,55.6,459000.0,2,999,1,0,0,1,1,1,67.24,Eligible
BPVGK,17,male,Meghalaya,10th,64.1,168000.0,999,999,1,0,0,1,1,1,58.64,Eligible
BVOBC,19,female,Maharashtra,12th,59.8,134000.0,78,999,1,0,0,1,1,1,68.92,Eligible
A023B,24,female,Assam,bachelors,85.7,590000.0,6,999,1,0,0,1,1,1,79.28,Eligible
A023B,18,female,Tamil Nadu,bachelors,65.9,526000.0,1,999,1,0,0,1,1,1,71.36,Eligible
ARG45,36,female,Andhra Pradesh,phd,55.9,327000.0,250,999,1,0,0,1,1,0,55.36,Borderline
A023B,24,male,Meghalaya,masters,93.8,270000.0,59,999,1,0,0,1,1,1,72.52,Eligible
A023B,25,male,Karnataka,bachelors,63.1,119000.0,2,999,1,0,0,1,1,0,75.24,Borderline
BPVGK,17,female,Mizoram,10th,67.9,66000.0,999,999,1,0,0,1,1,1,65.16,Eligible
ARG45,35,female,Maharashtra,phd,75.3,617000.0,1,999,1,0,0,0,1,1,70.12,Ineligible
A023B,23,female,Andhra Pradesh,bachelors,67.2,787000.0,1,999,1,0,0,0,1,1,66.88,Ineligible
ARG45,26,male,Andhra Pradesh,masters,64.8,97000.0,78,999,1,0,0,1,1,0,65.92,Borderline
A023B,22,female,Odisha,masters,89.3,616000.0,1,999,1,0,0,1,1,1,75.72,Ineligible
AZKMI,33,female,Rajasthan,phd,79.1,959000.0,999,4,1,0,0,1,1,1,71.64,Ineligible
BPVGK,16,male,Mizoram,10th,70.6,187000.0,999,999,1,0,0,1,1,1,61.24,Eligible
A023B,24,male,Mizoram,masters,59.0,450000.0,110,999,1,0,0,1,0,1,46.6,Ineligible
BVOBC,24,female,Sikkim,bachelors,52.6,86000.0,72,999,1,0,0,1,1,1,66.04,Eligible
ARG45,30,female,Odisha,phd,68.6,450000.0,5,999,1,0,0,1,1,1,72.44,Eligible
BVOBC,17,female,Maharashtra,12th,66.2,294000.0,88,999,1,0,0,1,1,1,66.48,Ineligible
BVOBC,18,female,Maharashtra,bachelors,89.5,78000.0,85,999,1,0,0,1,1,1,80.8,Eligible
A023B,22,male,Tamil Nadu,masters,84.7,773000.0,6,999,1,0,0,1,1,1,68.88,Ineligible
BVOBC,19,female,Jharkhand,12th,67.2,265000.0,1,999,1,0,0,1,1,1,76.88,Ineligible
A023B,25,female,Assam,masters,75.3,699000.0,2,999,1,0,0,1,1,1,70.12,Ineligible
ARG45,35,male,Arunachal Pradesh,phd,83.2,561000.0,72,999,1,0,0,1,1,1,63.28,Eligible
BPVGK,14,male,Andhra Pradesh,10th,71.4,165000.0,999,999,1,0,0,1,1,1,61.56,Eligible
A023B,23,female,Andhra Pradesh,masters,85.0,95000.0,2,999,1,0,0,1,1,1,89.0,Eligible
BVOBC,21,male,Sikkim,bachelors,93.9,340000.0,95,999,1,0,0,1,1,1,72.56,Ineligible
BVOBC,19,female,Madhya Pradesh,12th,55.2,258000.0,2,999,1,0,0,1,0,1,72.08,Ineligible
ARG45,26,male,Jharkhand,phd,80.5,207000.0,250,999,1,0,0,1,1,1,60.2,Eligible
ARG45,34,female,Meghalaya,phd,84.6,707000.0,5,999,1,0,0,1,1,1,73.84,Eligible
ARG45,35,female,Sikkim,masters,93.9,717000.0,2,999,1,0,0,1,1,1,77.56,Eligible
BPVGK,17,male,Maharashtra,10th,83.1,189000.0,999,999,1,0,0,1,1,1,66.24,Eligible
BVOBC,23,female,Rajasthan,12th,57.5,331000.0,88,999,1,0,0,1,1,1,63.0,Ineligible
BVOBC,23,female,Gujarat,12th,52.0,194000.0,59,999,1,0,0,1,0,1,65.8,Borderline
BVOBC,17,male,Sikkim,12th,49.3,153000.0,1,999,1,0,0,1,1,1,69.72,Ineligible
BPVGK,16,female,Kerala,10th,66.0,313000.0,999,999,1,0,0,1,1,1,59.4,Ineligible
AZKMI,25,female,Meghalaya,postdoc,68.2,679000.0,999,22,1,0,0,1,1,1,67.28,Ineligible
BVOBC,18,female,Rajasthan,12th,72.4,180000.0,6,999,1,0,0,1,1,1,83.96,Eligible
A023B,20,female,Manipur,bachelors,56.2,654000.0,2,999,1,0,0,1,1,1,62.48,Ineligible
BVOBC,22,male,Meghalaya,12th,47.4,274000.0,2,999,1,0,0,1,1,1,63.96,Ineligible
AZKMI,38,female,Kerala,postdoc,60.5,369000.0,999,32,1,0,0,1,1,1,74.2,Ineligible
BVOBC,22,female,Telangana,bachelors,50.0,296000.0,59,999,1,0,0,1,1,1,60.0,Ineligible
A023B,24,female,Mizoram,masters,92.5,501000.0,2,999,1,0,0,0,1,1,82.0,Ineligible
ARG45,24,male,Andhra Pradesh,masters,81.3,443000.0,65,999,1,0,0,0,1,0,62.52,Borderline
BVOBC,21,female,Chhattisgarh,12th,71.7,82000.0,72,999,1,0,0,0,1,1,73.68,Ineligible
BVOBC,21,female,Kerala,bachelors,56.0,335000.0,140,999,1,0,0,1,1,1,55.4,Ineligible
ARG45,36,male,Nagaland,phd,85.2,459000.0,6,999,1,0,0,1,1,1,74.08,Eligible
A023B,24,male,Manipur,masters,65.0,365000.0,2,999,1,0,0,1,1,1,71.0,Eligible
A023B,19,male,Nagaland,bachelors,63.3,525000.0,85,999,0,0,0,1,1,1,55.32,Ineligible
ARG45,22,male,Karnataka,phd,85.4,266000.0,78,999,1,0,0,1,1,1,69.16,Eligible
A023B,24,male,Manipur,bachelors,92.0,309000.0,65,999,0,0,0,1,1,1,71.8,Ineligible
BVOBC,17,female,Arunachal Pradesh,bachelors,54.3,297000.0,72,999,1,0,0,1,1,1,61.72,Ineligible
AZKMI,28,female,Chhattisgarh,postdoc,76.4,544000.0,999,22,1,0,0,1,1,1,75.56,Eligible
ARG45,22,female,Gujarat,phd,74.9,552000.0,2,999,1,0,0,1,1,1,74.96,Eligible
A023B,20,female,Telangana,masters,78.2,201000.0,1,999,0,0,0,1,1,1,81.28,Ineligible
BPVGK,16,male,Maharashtra,10th,74.9,299000.0,999,999,1,1,70,1,1,1,62.96,Ineligible
A023B,19,male,Odisha,masters,58.9,583000.0,59,999,1,0,0,1,1,1,53.56,Eligible
BPVGK,17,male,Meghalaya,10th,58.7,242000.0,999,999,1,0,0,1,1,0,51.48,Borderline
AZKMI,21,male,Assam,postdoc,71.4,911000.0,999,32,1,0,0,1,1,1,63.56,Ineligible
A023B,25,male,Madhya Pradesh,bachelors,70.2,665000.0,78,999,1,0,0,1,1,0,53.08,Ineligible
ARG45,25,female,Rajasthan,masters,84.1,632000.0,95,999,1,0,0,1,1,1,63.64,Eligible
ARG45,36,other,Mizoram,masters,50.3,887000.0,110,999,1,1,71,1,1,1,43.12,Ineligible
ARG45,23,male,Tamil Nadu,masters,83.6,167000.0,2,999,1,0,0,1,1,1,83.44,Eligible
ARG45,32,male,Karnataka,phd,50.1,419000.0,65,999,1,0,0,1,1,1,50.04,Ineligible
ARG45,34,male,Andhra Pradesh,masters,89.8,249000.0,5,999,0,0,0,1,1,1,80.92,Ineligible
AZKMI,28,male,Jharkhand,postdoc,69.1,167000.0,999,1,1,0,0,1,1,1,77.64,Eligible
A023B,23,male,Kerala,masters,65.6,421000.0,72,999,1,0,0,1,1,1,56.24,Eligible
A023B,19,female,Chhattisgarh,bachelors,96.9,740000.0,65,999,1,0,0,1,1,1,68.76,Ineligible
BVOBC,17,female,Chhattisgarh,bachelors,88.3,185000.0,59,999,1,0,0,1,1,1,80.32,Eligible
ARG45,31,female,Arunachal Pradesh,masters,65.3,848000.0,85,999,1,0,0,1,1,1,56.12,Eligible
A023B,20,female,Rajasthan,masters,70.3,427000.0,3,999,1,0,0,1,1,1,73.12,Eligible
A023B,20,male,Mizoram,bachelors,75.2,514000.0,85,999,1,0,0,1,1,1,60.08,Eligible
BVOBC,20,male,Odisha,12th,77.7,112000.0,3,999,1,0,0,1,1,1,81.08,Eligible
BPVGK,16,male,Manipur,10th,75.8,164000.0,999,999,1,0,0,1,1,1,63.32,Eligible
ARG45,33,female,Jharkhand,masters,71.0,239000.0,140,999,1,0,0,0,1,1,61.4,Ineligible
ARG45,23,female,Jharkhand,phd,51.4,157000.0,72,999,1,0,0,1,1,1,65.56,Ineligible
BPVGK,16,female,Nagaland,10th,80.9,139000.0,999,999,1,0,0,1,1,1,70.36,Eligible
BVOBC,19,male,Jharkhand,bachelors,78.4,359000.0,88,999,1,0,0,1,1,1,66.36,Ineligible
BVOBC,23,male,Telangana,12th,51.0,358000.0,6,999,1,0,0,1,1,1,65.4,Ineligible
AZKMI,27,male,Gujarat,postdoc,63.2,234000.0,999,1,1,0,0,1,1,0,70.28,Borderline
BPVGK,14,female,Madhya Pradesh,10th,53.4,154000.0,999,999,1,0,0,1,1,1,59.36,Eligible
A023B,25,female,Mizoram,masters,75.4,498000.0,85,999,1,0,0,1,1,1,65.16,Eligible
ARG45,36,female,Tripura,phd,61.5,131000.0,3,999,1,0,0,1,1,1,79.6,Eligible
A023B,24,female,Sikkim,masters,89.6,308000.0,3,999,1,0,0,1,1,1,85.84,Eligible
AZKMI,29,male,Karnataka,masters,54.4,164000.0,999,3,1,0,0,1,1,1,71.76,Ineligible
BVOBC,19,male,Meghalaya,bachelors,45.4,148000.0,95,999,1,0,0,1,1,1,58.16,Ineligible
A023B,20,male,Andhra Pradesh,masters,64.8,601000.0,2,999,1,0,0,1,1,1,60.92,Ineligible
A023B,24,male,Manipur,masters,64.0,404000.0,1,999,1,0,0,1,1,1,65.6,Eligible
A023B,24,male,Mizoram,masters,84.5,370000.0,5,999,1,0,0,1,1,1,78.8,Eligible
ARG45,34,male,Manipur,phd,94.1,232000.0,110,999,1,0,0,1,1,1,65.64,Eligible
BPVGK,14,male,Nagaland,10th,78.7,87000.0,999,999,1,0,0,1,1,1,64.48,Eligible
ARG45,25,male,Tripura,phd,79.7,119000.0,65,999,1,0,0,1,1,1,71.88,Eligible
AZKMI,36,other,Assam,postdoc,53.1,960000.0,999,1,1,0,0,1,1,1,56.24,Ineligible
ARG45,30,male,Nagaland,phd,62.4,66000.0,6,999,1,0,0,1,1,1,74.96,Eligible
AZKMI,22,male,Andhra Pradesh,postdoc,54.1,682000.0,999,21,1,0,0,1,1,1,56.64,Ineligible
BVOBC,23,female,Maharashtra,bachelors,64.6,277000.0,2,999,1,0,0,1,0,1,75.84,Ineligible
BPVGK,14,female,Karnataka,10th,79.9,261000.0,999,999,1,0,0,1,1,0,64.96,Ineligible
A023B,23,other,Madhya Pradesh,masters,74.4,262000.0,2,999,1,0,0,1,1,1,74.76,Eligible
AZKMI,21,female,Rajasthan,phd,55.2,925000.0,999,8,1,0,0,1,1,1,62.08,Ineligible
ARG45,26,male,Assam,masters,57.7,75000.0,2,999,1,0,0,1,1,1,73.08,Eligible
BVOBC,22,female,Meghalaya,12th,56.1,52000.0,1,999,1,0,0,1,1,1,77.44,Eligible
A023B,22,male,Chhattisgarh,masters,57.3,83000.0,2,999,1,0,0,1,1,1,72.92,Eligible
A023B,19,other,Manipur,bachelors,96.2,150000.0,95,999,1,0,0,1,1,1,78.48,Eligible
AZKMI,38,male,Tamil Nadu,phd,92.3,209000.0,999,1,1,0,0,1,1,1,81.92,Ineligible
AZKMI,29,female,Madhya Pradesh,postdoc,78.1,140000.0,999,1,1,0,0,1,0,1,86.24,Borderline
BVOBC,18,male,Kerala,bachelors,95.1,291000.0,6,999,1,0,0,1,1,1,83.04,Ineligible
AZKMI,21,male,Andhra Pradesh,postdoc,91.0,504000.0,999,22,1,0,0,1,1,1,76.4,Eligible
ARG45,33,male,Chhattisgarh,phd,84.1,581000.0,65,999,1,0,0,1,1,1,63.64,Eligible
BVOBC,24,female,Tamil Nadu,bachelors,51.8,154000.0,65,999,1,0,0,1,0,1,65.72,Borderline
AZKMI,27,female,Manipur,postdoc,52.4,926000.0,999,1,1,0,0,1,1,1,60.96,Ineligible
AZKMI,36,female,Jharkhand,masters,92.9,147000.0,999,4,0,0,0,1,1,1,92.16,Ineligible
BPVGK,17,female,Madhya Pradesh,10th,60.6,261000.0,999,999,1,0,0,1,1,1,57.24,Ineligible
AZKMI,36,female,Rajasthan,masters,92.8,424000.0,999,14,1,0,0,1,1,1,82.12,Ineligible
ARG45,28,male,Andhra Pradesh,masters,84.1,834000.0,6,999,1,1,64,1,1,1,73.64,Eligible
AZKMI,25,male,Andhra Pradesh,postdoc,71.1,239000.0,999,1,1,0,0,1,1,1,73.44,Eligible
A023B,22,female,Mizoram,bachelors,72.6,108000.0,140,999,1,0,0,1,1,0,67.04,Ineligible
BVOBC,24,male,Mizoram,bachelors,80.5,274000.0,59,999,1,0,0,1,1,1,67.2,Ineligible
BVOBC,19,male,Jharkhand,bachelors,75.9,380000.0,6,999,1,0,0,1,1,0,75.36,Ineligible
BVOBC,23,female,Madhya Pradesh,bachelors,81.0,391000.0,3,999,1,0,0,1,1,1,82.4,Ineligible
BVOBC,23,female,Nagaland,bachelors,82.4,311000.0,3,999,1,0,0,1,1,1,82.96,Ineligible
BVOBC,23,female,Rajasthan,bachelors,45.3,101000.0,140,999,1,0,0,1,1,1,56.12,Ineligible
A023B,23,male,Arunachal Pradesh,bachelors,85.3,223000.0,65,999,1,0,0,1,1,1,69.12,Eligible
ARG45,35,male,Meghalaya,phd,69.8,827000.0,2,999,1,0,0,1,1,1,62.92,Eligible
AZKMI,36,female,Kerala,postdoc,84.2,109000.0,999,6,1,0,0,1,1,1,88.68,Ineligible
ARG45,34,male,Tripura,phd,91.9,458000.0,88,999,1,0,0,1,1,1,66.76,Eligible
AZKMI,33,female,Mizoram,postdoc,52.6,420000.0,999,8,1,0,0,1,1,1,66.04,Ineligible
BPVGK,16,female,Tamil Nadu,10th,92.6,270000.0,999,999,1,0,0,1,1,1,70.04,Ineligible
BPVGK,16,male,Rajasthan,10th,45.8,145000.0,999,999,1,1,80,1,1,1,56.32,Ineligible
A023B,19,male,Tripura,masters,73.4,751000.0,88,999,1,0,0,1,1,1,54.36,Ineligible
A023B,19,male,Telangana,masters,90.8,797000.0,250,999,1,1,71,1,1,1,59.32,Ineligible
ARG45,33,female,Madhya Pradesh,masters,57.2,840000.0,110,999,1,0,0,1,1,1,45.88,Eligible
BPVGK,17,female,Assam,10th,49.5,251000.0,999,999,1,0,0,1,0,1,52.8,Ineligible
BVOBC,23,male,Tripura,bachelors,86.2,120000.0,2,999,1,0,0,1,1,1,84.48,Eligible
A023B,20,female,Chhattisgarh,masters,96.0,495000.0,85,999,1,0,0,1,1,1,73.4,Eligible
BVOBC,20,male,Assam,12th,65.2,234000.0,78,999,1,0,0,1,1,1,61.08,Eligible
ARG45,24,male,Assam,masters,76.9,319000.0,2,999,1,0,0,1,1,1,75.76,Eligible
ARG45,34,female,Tripura,phd,56.9,662000.0,2,999,1,0,0,1,1,1,62.76,Eligible
A023B,24,female,Maharashtra,masters,73.2,421000.0,1,999,1,0,0,1,1,1,74.28,Eligible
ARG45,27,male,Tripura,masters,88.2,656000.0,78,999,1,0,0,1,1,1,60.28,Eligible
BPVGK,14,female,Rajasthan,10th,63.1,304000.0,999,999,1,0,0,1,1,1,58.24,Ineligible
AZKMI,24,other,Maharashtra,phd,93.8,262000.0,999,3,1,0,0,1,1,0,82.52,Borderline
BVOBC,23,female,Odisha,bachelors,60.4,255000.0,1,999,1,0,0,1,1,1,74.16,Ineligible
BVOBC,23,male,Sikkim,bachelors,77.2,200000.0,85,999,1,0,0,1,1,1,70.88,Eligible
BVOBC,24,male,Jharkhand,bachelors,80.4,74000.0,1,999,1,0,0,1,0,1,82.16,Borderline
AZKMI,38,female,Manipur,masters,68.2,731000.0,999,14,1,0,0,1,1,1,67.28,Ineligible
BVOBC,20,male,Chhattisgarh,12th,54.2,256000.0,1,999,1,0,0,1,1,1,66.68,Ineligible
ARG45,26,male,Maharashtra,masters,53.8,165000.0,72,999,1,0,0,1,1,1,61.52,Ineligible
ARG45,26,female,Telangana,phd,56.3,472000.0,88,999,1,0,0,0,1,1,57.52,Ineligible
ARG45,25,female,Odisha,masters,63.5,759000.0,6,999,1,0,0,1,1,1,65.4,Eligible
BVOBC,19,female,Meghalaya,bachelors,68.3,380000.0,59,999,1,0,0,0,1,1,67.32,Ineligible
BVOBC,19,female,Rajasthan,bachelors,86.9,154000.0,59,999,1,0,0,1,0,1,79.76,Borderline
AZKMI,31,male,Karnataka,postdoc,54.0,918000.0,999,6,1,0,0,1,1,0,56.6,Ineligible
ARG45,33,male,Chhattisgarh,phd,76.5,738000.0,2,999,1,0,0,1,1,1,65.6,Eligible
BVOBC,23,male,Maharashtra,12th,62.6,307000.0,110,999,1,0,0,1,1,1,53.04,Ineligible
A023B,22,female,Assam,bachelors,94.5,540000.0,2,999,1,0,0,1,1,1,82.8,Eligible
AZKMI,34,female,Nagaland,postdoc,92.4,893000.0,999,1,1,0,0,0,1,1,76.96,Ineligible
ARG45,24,female,Gujarat,masters,53.8,300000.0,140,999,1,0,0,1,0,1,54.52,Ineligible
BPVGK,14,female,Andhra Pradesh,10th,65.3,227000.0,999,999,1,0,0,1,1,1,59.12,Eligible
BVOBC,17,male,Gujarat,bachelors,94.2,283000.0,250,999,1,0,0,1,1,1,65.68,Ineligible
ARG45,28,female,Odisha,masters,66.8,155000.0,2,999,1,0,0,1,1,1,81.72,Eligible
A023B,24,female,Jharkhand,bachelors,94.7,749000.0,72,999,1,0,0,1,1,1,67.88,Ineligible
ARG45,22,female,Nagaland,phd,90.1,216000.0,95,999,1,0,0,1,1,1,76.04,Eligible
BPVGK,15,female,Andhra Pradesh,10th,68.5,150000.0,999,999,1,1,56,1,1,1,70.4,Eligible
AZKMI,32,other,Sikkim,postdoc,69.5,423000.0,999,650,1,0,0,1,1,1,47.8,Ineligible
AZKMI,29,female,Rajasthan,masters,68.9,595000.0,999,32,1,0,0,1,1,1,72.56,Eligible
BVOBC,18,male,Tripura,12th,51.4,164000.0,85,999,1,0,0,1,1,1,60.56,Eligible
AZKMI,30,male,Jharkhand,phd,71.9,785000.0,999,1,1,0,0,1,1,1,63.76,Ineligible
BPVGK,17,other,Gujarat,10th,54.9,256000.0,999,999,1,0,0,1,1,1,49.96,Ineligible
ARG45,24,other,Kerala,masters,55.4,397000.0,5,999,0,0,0,1,1,1,67.16,Ineligible
ARG45,33,female,Arunachal Pradesh,masters,60.0,418000.0,65,999,1,0,0,1,1,1,59.0,Eligible
AZKMI,22,female,Arunachal Pradesh,masters,51.8,147000.0,999,650,1,0,0,1,1,1,55.72,Ineligible
ARG45,23,male,Mizoram,masters,80.1,634000.0,6,999,1,0,0,1,1,1,67.04,Eligible
A023B,24,female,Meghalaya,bachelors,93.1,174000.0,65,999,1,0,0,0,1,1,82.24,Ineligible
ARG45,30,female,Chhattisgarh,phd,63.6,458000.0,1,999,1,0,0,1,1,1,70.44,Eligible
BVOBC,22,male,Karnataka,bachelors,77.1,82000.0,59,999,1,0,0,1,1,1,70.84,Eligible
A023B,20,female,Tamil Nadu,masters,57.0,488000.0,2,999,1,0,0,1,1,1,67.8,Eligible
BPVGK,17,female,Telangana,10th,65.0,117000.0,999,999,1,0,0,1,1,1,64.0,Eligible
BVOBC,21,male,Telangana,bachelors,88.5,147000.0,5,999,1,0,0,1,1,1,85.4,Eligible
ARG45,26,female,Assam,masters,62.2,724000.0,2,999,0,0,0,1,1,1,64.88,Ineligible
BVOBC,21,male,Manipur,12th,65.8,260000.0,88,999,1,0,0,0,1,1,61.32,Ineligible
AZKMI,21,male,Meghalaya,postdoc,79.6,881000.0,999,37,1,0,0,1,0,1,66.84,Ineligible
BVOBC,20,male,Rajasthan,bachelors,58.7,249000.0,110,999,1,0,0,1,1,1,51.48,Eligible
AZKMI,35,male,Madhya Pradesh,masters,86.7,258000.0,999,37,1,0,0,1,1,1,79.68,Eligible
BPVGK,15,male,Tamil Nadu,10th,48.6,108000.0,999,999,1,0,0,1,0,1,52.44,Ineligible
A023B,24,male,Jharkhand,masters,55.9,675000.0,85,999,1,0,0,1,1,1,47.36,Ineligible
A023B,19,male,Jharkhand,masters,91.7,141000.0,2,999,1,0,0,1,1,1,86.68,Eligible
A023B,18,female,Karnataka,bachelors,78.4,154000.0,140,999,1,0,0,1,1,1,69.36,Ineligible
ARG45,32,male,Gujarat,phd,80.9,660000.0,2,999,1,0,0,0,1,0,67.36,Borderline
AZKMI,23,female,Manipur,masters,77.2,260000.0,999,22,1,0,0,1,1,1,80.88,Eligible
AZKMI,29,male,Mizoram,phd,79.8,940000.0,999,650,1,0,0,1,0,1,46.92,Ineligible
ARG45,34,female,Sikkim,phd,86.7,155000.0,59,999,0,0,0,1,1,0,79.68,Ineligible
ARG45,29,female,Manipur,phd,77.1,595000.0,6,999,1,0,0,1,1,1,75.84,Eligible
A023B,21,male,Karnataka,masters,58.6,595000.0,2,999,1,0,0,1,1,0,63.44,Borderline
ARG45,22,male,Assam,phd,66.2,773000.0,6,999,1,0,0,1,1,0,61.48,Borderline
BPVGK,15,female,Gujarat,10th,50.9,253000.0,999,999,1,0,0,1,1,1,53.36,Ineligible
A023B,19,female,Chhattisgarh,masters,91.0,707000.0,1,999,1,0,0,1,1,1,76.4,Ineligible
A023B,22,male,Andhra Pradesh,masters,72.7,323000.0,85,999,1,0,0,1,1,1,64.08,Eligible
BVOBC,23,male,Jharkhand,bachelors,73.3,339000.0,250,999,1,0,0,1,1,1,57.32,Ineligible
AZKMI,25,female,Tripura,postdoc,59.5,657000.0,999,1,1,0,0,0,1,1,63.8,Ineligible
BVOBC,19,female,Tripura,12th,86.0,273000.0,1,999,1,0,0,1,1,1,84.4,Ineligible
BVOBC,18,female,Gujarat,12th,55.8,44000.0,72,999,1,0,0,1,1,1,67.32,Eligible
ARG45,31,female,Kerala,phd,52.1,324000.0,72,999,1,0,0,1,1,1,60.84,Ineligible
ARG45,33,male,Mizoram,masters,64.9,813000.0,250,999,1,0,0,1,1,1,43.96,Eligible
AZKMI,25,male,Odisha,postdoc,70.8,897000.0,999,2,0,0,0,1,1,1,63.32,Ineligible
BVOBC,22,female,Telangana,bachelors,85.1,162000.0,95,999,1,0,0,1,0,1,79.04,Borderline
BVOBC,18,male,Gujarat,12th,73.9,398000.0,2,999,1,0,0,1,1,1,74.56,Ineligible
A023B,25,male,Madhya Pradesh,masters,62.3,293000.0,1,999,1,0,0,1,1,1,69.92,Eligible
BPVGK,15,male,Sikkim,10th,92.0,341000.0,999,999,1,0,0,1,1,1,64.8,Ineligible
A023B,23,male,Assam,masters,58.6,377000.0,85,999,1,0,0,1,1,1,58.44,Eligible
BVOBC,19,female,Chhattisgarh,bachelors,88.5,120000.0,78,999,1,0,0,1,1,1,80.4,Eligible
A023B,19,male,Chhattisgarh,masters,88.0,224000.0,1,999,1,0,0,1,1,1,80.2,Eligible
ARG45,29,female,Karnataka,masters,78.8,329000.0,65,999,0,0,0,1,1,1,71.52,Ineligible
BVOBC,17,male,Rajasthan,bachelors,58.8,269000.0,3,999,1,0,0,1,1,1,68.52,Ineligible
BPVGK,16,female,Arunachal Pradesh,10th,54.2,47000.0,999,999,1,0,0,1,1,0,59.68,Borderline
AZKMI,38,female,Arunachal Pradesh,postdoc,85.3,969000.0,999,14,1,0,0,1,1,1,74.12,Ineligible
BPVGK,16,female,Kerala,10th,78.2,294000.0,999,999,1,0,0,1,1,1,64.28,Ineligible
ARG45,27,male,Assam,masters,85.6,626000.0,5,999,1,0,0,1,1,1,69.24,Eligible
ARG45,25,female,Kerala,masters,68.9,519000.0,1,999,1,0,0,1,1,1,72.56,Eligible
BVOBC,17,male,Mizoram,bachelors,90.7,221000.0,2,999,1,0,0,1,1,1,81.28,Eligible
A023B,23,female,Karnataka,bachelors,94.8,410000.0,5,999,1,0,0,1,1,1,82.92,Eligible
BVOBC,18,female,Nagaland,12th,86.1,77000.0,85,999,1,0,0,1,1,1,79.44,Eligible
BVOBC,17,male,Chhattisgarh,bachelors,88.4,116000.0,78,999,1,0,0,1,1,1,75.36,Eligible
BPVGK,17,female,Sikkim,10th,45.4,150000.0,999,999,1,0,0,1,1,1,56.16,Ineligible
AZKMI,21,male,Arunachal Pradesh,phd,51.5,124000.0,999,8,1,0,0,1,1,1,70.6,Ineligible
BPVGK,17,other,Gujarat,10th,54.6,236000.0,999,999,1,0,0,1,1,1,49.84,Eligible
ARG45,27,male,Maharashtra,masters,69.7,144000.0,6,999,1,0,0,1,1,1,77.88,Eligible
BVOBC,22,female,Karnataka,12th,49.8,49000.0,85,999,1,0,0,1,1,1,64.92,Ineligible
BVOBC,17,male,Madhya Pradesh,12th,95.2,268000.0,95,999,1,0,0,1,1,1,73.08,Ineligible
ARG45,32,male,Tripura,masters,62.4,845000.0,85,999,1,0,0,1,1,1,49.96,Eligible
A023B,20,female,Nagaland,bachelors,58.3,688000.0,110,999,1,0,0,1,1,1,46.32,Ineligible
BPVGK,16,female,Arunachal Pradesh,10th,76.7,174000.0,999,999,1,0,0,1,1,1,68.68,Eligible
BVOBC,22,male,Odisha,bachelors,69.7,261000.0,85,999,1,0,0,1,1,1,62.88,Ineligible
ARG45,34,female,Jharkhand,masters,59.7,367000.0,1,999,1,0,0,1,1,1,73.88,Eligible
ARG45,27,female,Rajasthan,phd,71.0,740000.0,59,999,1,0,0,1,1,1,58.4,Eligible
BVOBC,18,male,Meghalaya,bachelors,53.4,114000.0,140,999,1,0,0,1,1,1,54.36,Eligible
AZKMI,34,female,Chhattisgarh,masters,75.5,437000.0,999,32,1,0,0,1,1,1,75.2,Eligible
A023B,18,female,Telangana,bachelors,62.7,312000.0,1,999,1,0,0,1,1,1,75.08,Eligible
AZKMI,27,female,Jharkhand,phd,75.5,389000.0,999,1,1,0,0,1,1,1,80.2,Eligible
A023B,24,male,Madhya Pradesh,masters,68.7,310000.0,2,999,1,0,0,0,1,1,72.48,Ineligible
ARG45,22,female,Tripura,phd,50.8,718000.0,85,999,0,0,0,1,1,1,50.32,Ineligible
BPVGK,14,male,Odisha,10th,48.5,60000.0,999,999,1,0,0,1,1,1,52.4,Ineligible
BVOBC,24,female,Karnataka,12th,65.1,291000.0,78,999,1,0,0,1,1,1,66.04,Ineligible
BVOBC,17,male,Chhattisgarh,12th,50.4,156000.0,59,999,1,1,43,1,1,1,65.16,Eligible
BVOBC,17,male,Karnataka,bachelors,90.0,56000.0,65,999,1,0,0,0,1,1,76.0,Ineligible
BVOBC,19,male,Meghalaya,bachelors,51.1,155000.0,6,999,1,0,0,1,1,0,70.44,Borderline
A023B,21,female,Chhattisgarh,masters,83.4,783000.0,2,999,1,0,0,1,1,1,73.36,Ineligible
A023B,19,male,Rajasthan,masters,57.6,89000.0,1,999,1,0,0,1,1,1,73.04,Eligible
A023B,20,male,Nagaland,bachelors,94.3,238000.0,2,999,1,0,0,1,1,1,82.72,Eligible
AZKMI,24,female,Nagaland,masters,70.7,196000.0,999,2,1,0,0,1,1,1,83.28,Eligible
A023B,24,female,Karnataka,bachelors,61.5,442000.0,85,999,1,0,0,1,1,1,59.6,Eligible
BPVGK,16,female,Rajasthan,10th,71.5,188000.0,999,999,1,0,0,1,1,1,66.6,Eligible
BPVGK,16,female,Odisha,10th,56.9,200000.0,999,999,1,0,0,1,1,1,60.76,Eligible
A023B,22,female,Gujarat,masters,63.8,646000.0,6,999,1,0,0,1,1,1,65.52,Ineligible
BPVGK,15,male,Nagaland,10th,53.5,248000.0,999,999,1,0,0,1,1,1,49.4,Eligible
BPVGK,15,male,Arunachal Pradesh,10th,93.7,312000.0,999,999,1,0,0,1,1,1,65.48,Ineligible
AZKMI,28,female,Jharkhand,phd,54.9,837000.0,999,37,1,0,0,1,1,1,61.96,Ineligible
ARG45,27,female,Nagaland,phd,72.1,355000.0,5,999,1,0,0,1,1,1,78.84,Eligible
AZKMI,36,female,Telangana,masters,62.1,567000.0,999,32,1,0,0,1,1,1,69.84,Ineligible
A023B,19,female,Arunachal Pradesh,bachelors,94.6,352000.0,6,999,1,0,0,1,1,1,87.84,Eligible
BPVGK,16,male,Meghalaya,10th,89.4,155000.0,999,999,1,0,0,1,0,1,68.76,Borderline
ARG45,23,male,Manipur,phd,85.8,536000.0,95,999,1,0,0,0,1,1,64.32,Ineligible
A023B,20,female,Nagaland,masters,75.9,127000.0,2,999,1,0,0,1,1,1,85.36,Eligible
AZKMI,32,female,Jharkhand,phd,85.3,552000.0,999,22,1,1,48,1,1,1,84.12,Eligible
A023B,25,male,Nagaland,masters,65.7,569000.0,1,999,0,0,0,1,1,1,66.28,Ineligible
AZKMI,25,male,Manipur,postdoc,84.5,325000.0,999,14,1,0,0,1,1,1,78.8,Eligible
A023B,25,female,Arunachal Pradesh,masters,76.7,573000.0,1,999,1,0,0,1,1,1,75.68,Eligible
A023B,20,male,Arunachal Pradesh,masters,88.8,498000.0,5,999,1,0,0,1,1,1,75.52,Eligible
ARG45,35,male,Sikkim,phd,87.8,131000.0,5,999,1,0,0,1,1,1,85.12,Eligible
AZKMI,24,male,Manipur,postdoc,76.3,560000.0,999,650,1,0,0,1,1,0,50.52,Ineligible
ARG45,26,male,Assam,masters,86.3,584000.0,1,999,1,0,0,1,1,1,74.52,Eligible
ARG45,29,female,Andhra Pradesh,phd,52.5,162000.0,110,999,1,1,72,1,1,1,64.0,Ineligible
AZKMI,24,male,Sikkim,phd,56.6,119000.0,999,4,1,0,0,1,1,1,72.64,Eligible
ARG45,31,male,Nagaland,phd,66.5,291000.0,110,999,1,0,0,1,1,1,54.6,Eligible
ARG45,31,female,Kerala,phd,51.5,606000.0,78,999,1,0,0,1,0,1,50.6,Ineligible
BVOBC,20,female,Maharashtra,bachelors,91.0,229000.0,250,999,1,0,0,1,1,1,69.4,Eligible
BVOBC,21,female,Assam,bachelors,48.5,342000.0,140,999,1,0,0,1,1,1,52.4,Ineligible
A023B,23,male,Telangana,masters,80.1,678000.0,85,999,1,0,0,1,1,1,57.04,Ineligible
BPVGK,15,female,Gujarat,10th,50.3,312000.0,999,999,1,0,0,1,1,0,53.12,Ineligible
BPVGK,14,female,Meghalaya,10th,67.1,150000.0,999,999,1,0,0,1,1,1,64.84,Eligible
ARG45,31,female,Assam,masters,58.8,473000.0,72,999,1,0,0,1,1,1,58.52,Eligible
BVOBC,18,female,Jharkhand,12th,46.7,91000.0,85,999,1,0,0,1,1,1,63.68,Ineligible
ARG45,35,female,Telangana,masters,75.7,458000.0,95,999,1,0,0,1,1,1,65.28,Eligible
A023B,20,male,Madhya Pradesh,masters,59.3,439000.0,5,999,1,0,0,1,0,1,63.72,Borderline
AZKMI,26,male,Madhya Pradesh,phd,53.4,618000.0,999,22,0,0,0,1,1,1,56.36,Ineligible
BPVGK,14,male,Meghalaya,10th,61.9,113000.0,999,999,1,0,0,1,1,1,57.76,Eligible
A023B,19,male,Odisha,bachelors,69.9,131000.0,65,999,1,0,0,1,1,1,67.96,Eligible
ARG45,28,male,Gujarat,phd,63.7,774000.0,2,999,1,0,0,1,1,1,60.48,Eligible
A023B,18,male,Jharkhand,masters,87.9,581000.0,1,999,1,0,0,1,1,1,75.16,Eligible
BPVGK,14,female,Manipur,10th,56.9,59000.0,999,999,1,0,0,1,1,1,60.76,Eligible
BVOBC,17,male,Odisha,12th,86.4,68000.0,6,999,1,0,0,1,1,1,84.56,Eligible
BVOBC,23,male,Nagaland,bachelors,78.5,276000.0,3,999,1,0,0,1,1,1,76.4,Ineligible
BVOBC,21,female,Gujarat,bachelors,84.8,145000.0,2,999,1,0,0,1,1,1,88.92,Eligible
A023B,25,female,Arunachal Pradesh,masters,58.4,737000.0,110,999,1,0,0,1,1,1,46.36,Ineligible
BVOBC,24,female,Gujarat,12th,46.1,341000.0,5,999,1,0,0,1,1,1,68.44,Ineligible
ARG45,22,female,Tamil Nadu,phd,67.3,97000.0,1,999,1,0,0,1,1,1,81.92,Eligible
ARG45,34,male,Jharkhand,phd,91.5,822000.0,1,999,1,0,0,1,1,1,71.6,Eligible
A023B,24,male,Odisha,masters,91.9,755000.0,5,999,1,0,0,0,1,0,71.76,Ineligible
ARG45,26,male,Meghalaya,masters,94.9,708000.0,72,999,1,0,0,1,1,1,62.96,Eligible
BVOBC,22,male,Tamil Nadu,bachelors,88.2,200000.0,85,999,1,1,59,1,1,0,80.28,Borderline
A023B,19,male,Rajasthan,masters,93.6,477000.0,250,999,1,0,0,1,1,1,60.44,Ineligible
ARG45,32,male,Assam,masters,60.5,610000.0,1,999,1,0,0,1,1,1,59.2,Eligible
BVOBC,17,female,Meghalaya,bachelors,72.6,56000.0,2,999,1,0,0,1,1,1,84.04,Eligible
A023B,24,female,Manipur,bachelors,82.6,711000.0,1,999,1,0,0,1,0,1,73.04,Ineligible
AZKMI,26,male,Nagaland,phd,52.0,937000.0,999,37,1,0,0,1,1,1,55.8,Ineligible
BVOBC,23,male,Mizoram,12th,78.5,94000.0,3,999,1,0,0,0,0,0,81.4,Borderline
A023B,19,other,Karnataka,bachelors,81.1,555000.0,1,999,1,0,0,1,1,1,72.44,Eligible
ARG45,27,male,Mizoram,masters,81.2,434000.0,59,999,1,0,0,1,1,1,62.48,Eligible
BVOBC,20,male,Sikkim,12th,92.2,128000.0,59,999,1,0,0,1,1,1,76.88,Eligible
BVOBC,23,female,Chhattisgarh,12th,74.4,268000.0,1,999,1,0,0,1,1,1,79.76,Ineligible
ARG45,29,female,Karnataka,masters,55.7,89000.0,59,999,1,0,0,1,1,1,67.28,Eligible
A023B,24,female,Arunachal Pradesh,bachelors,85.6,166000.0,78,999,1,0,0,1,0,1,79.24,Borderline
BVOBC,24,female,Sikkim,bachelors,59.8,212000.0,6,999,1,0,0,1,1,1,73.92,Eligible
BVOBC,22,male,Assam,bachelors,64.3,198000.0,250,999,1,0,0,1,1,1,58.72,Eligible
ARG45,36,male,Odisha,phd,62.8,383000.0,1,999,0,0,0,1,0,1,70.12,Ineligible
BVOBC,22,female,Meghalaya,12th,62.7,100000.0,72,999,1,0,0,1,1,1,70.08,Eligible
AZKMI,28,male,Tamil Nadu,postdoc,62.5,186000.0,999,22,1,0,0,1,1,0,75.0,Borderline
A023B,18,male,Jharkhand,masters,63.7,758000.0,2,999,1,0,0,1,1,1,60.48,Ineligible
BVOBC,24,male,Sikkim,bachelors,49.4,89000.0,5,999,1,0,0,1,1,1,69.76,Ineligible
ARG45,30,male,Madhya Pradesh,phd,62.4,590000.0,250,999,1,0,0,1,1,1,47.96,Eligible
ARG45,35,female,Telangana,masters,92.7,587000.0,2,999,1,0,0,1,0,1,82.08,Borderline
AZKMI,30,female,Maharashtra,masters,58.9,888000.0,999,22,0,0,0,1,1,1,63.56,Ineligible
BVOBC,21,male,Odisha,bachelors,77.2,124000.0,95,999,1,0,0,1,1,1,70.88,Eligible
AZKMI,36,female,Nagaland,postdoc,67.6,421000.0,999,21,1,0,0,1,1,1,72.04,Ineligible
AZKMI,34,male,Manipur,masters,57.9,961000.0,999,32,1,0,0,1,1,1,58.16,Ineligible
BVOBC,20,male,Tamil Nadu,12th,59.8,223000.0,59,999,1,0,0,1,1,1,58.92,Eligible
AZKMI,29,female,Sikkim,masters,62.1,755000.0,999,8,1,0,0,1,1,1,64.84,Ineligible
ARG45,31,female,Chhattisgarh,phd,55.8,513000.0,85,999,1,0,0,1,1,1,57.32,Eligible
BVOBC,22,male,Odisha,12th,95.2,342000.0,110,999,1,0,0,1,1,1,66.08,Ineligible
BPVGK,15,female,Rajasthan,10th,92.0,42000.0,999,999,1,0,0,1,0,1,74.8,Borderline
AZKMI,21,male,Maharashtra,masters,78.4,719000.0,999,3,1,0,0,1,1,1,66.36,Ineligible
BVOBC,23,male,Madhya Pradesh,12th,45.8,339000.0,6,999,1,0,0,1,1,1,63.32,Ineligible
BVOBC,17,male,Manipur,bachelors,59.0,113000.0,5,999,1,0,0,0,1,1,73.6,Ineligible
A023B,25,female,Arunachal Pradesh,masters,94.0,464000.0,85,999,0,0,0,1,0,1,72.6,Ineligible
BVOBC,23,female,Kerala,12th,67.8,212000.0,2,999,1,0,0,1,1,1,77.12,Eligible
BPVGK,17,female,Maharashtra,10th,74.7,57000.0,999,999,1,0,0,1,1,1,67.88,Eligible
BVOBC,21,male,Odisha,bachelors,60.9,162000.0,6,999,1,0,0,1,1,1,74.36,Eligible
BPVGK,17,female,Rajasthan,10th,72.3,130000.0,999,999,1,0,0,1,1,1,66.92,Eligible
A023B,24,male,Madhya Pradesh,bachelors,71.2,625000.0,65,999,1,0,0,1,0,1,53.48,Ineligible
A023B,24,female,Telangana,masters,55.4,165000.0,59,999,1,0,0,1,1,1,67.16,Eligible
ARG45,33,male,Rajasthan,phd,73.4,271000.0,78,999,1,0,0,1,1,0,64.36,Borderline
BPVGK,15,female,Andhra Pradesh,10th,52.5,51000.0,999,999,1,1,66,0,1,1,64.0,Ineligible
BVOBC,24,male,Manipur,12th,48.4,269000.0,2,999,1,0,0,1,1,1,64.36,Ineligible
AZKMI,30,male,Arunachal Pradesh,phd,78.1,463000.0,999,6,1,0,0,1,1,1,71.24,Eligible
BVOBC,19,female,Meghalaya,bachelors,61.8,318000.0,5,999,1,0,0,0,1,1,74.72,Ineligible
BPVGK,15,female,Jharkhand,10th,49.6,287000.0,999,999,1,0,0,1,1,1,52.84,Ineligible
AZKMI,35,male,Odisha,phd,79.9,394000.0,999,22,1,0,0,1,1,1,76.96,Eligible
A023B,19,female,Telangana,bachelors,96.1,761000.0,95,999,1,0,0,1,1,1,68.44,Ineligible
BVOBC,19,male,Arunachal Pradesh,12th,89.2,348000.0,95,999,1,0,0,1,1,1,70.68,Ineligible
BPVGK,14,male,Tripura,10th,54.8,146000.0,999,999,1,0,0,1,1,1,54.92,Eligible
BPVGK,16,male,Telangana,10th,46.7,118000.0,999,999,1,0,0,1,1,1,51.68,Ineligible
AZKMI,36,male,Kerala,postdoc,78.5,541000.0,999,21,1,0,0,1,1,1,71.4,Ineligible
ARG45,24,male,Assam,masters,53.7,761000.0,2,999,1,0,0,1,1,1,56.48,Ineligible
A023B,18,other,Rajasthan,masters,91.0,691000.0,3,999,1,0,0,1,0,1,71.4,Ineligible
BPVGK,15,female,Odisha,10th,81.4,57000.0,999,999,1,0,0,1,1,1,70.56,Eligible
A023B,23,female,Jharkhand,bachelors,69.7,489000.0,2,999,1,0,0,1,1,1,72.88,Eligible
AZKMI,21,male,Jharkhand,masters,78.7,514000.0,999,650,0,0,0,1,1,1,51.48,Ineligible
ARG45,28,male,Assam,phd,58.0,178000.0,88,999,1,0,0,1,1,1,63.2,Eligible
BPVGK,17,female,Sikkim,10th,62.8,146000.0,999,999,1,0,0,1,1,1,63.12,Eligible
BVOBC,20,female,Kerala,bachelors,62.7,332000.0,72,999,1,0,0,1,1,1,65.08,Ineligible
BVOBC,20,male,Madhya Pradesh,bachelors,56.1,134000.0,2,999,1,0,0,1,1,1,72.44,Eligible
A023B,18,female,Kerala,masters,85.2,533000.0,72,999,1,0,0,1,1,1,69.08,Eligible
ARG45,24,female,Maharashtra,masters,69.8,578000.0,59,999,1,0,0,1,1,1,62.92,Eligible
BVOBC,20,male,Tripura,12th,66.5,319000.0,110,999,1,0,0,1,1,1,54.6,Ineligible
AZKMI,25,male,Telangana,masters,79.9,810000.0,999,3,0,0,0,1,1,1,66.96,Ineligible
AZKMI,26,female,Assam,phd,63.8,266000.0,999,1,1,0,0,1,1,1,75.52,Eligible
AZKMI,38,female,Mizoram,postdoc,67.7,291000.0,999,21,1,0,0,1,1,1,77.08,Ineligible
ARG45,27,male,Assam,phd,86.9,674000.0,59,999,1,0,0,1,1,1,59.76,Eligible
BPVGK,15,female,Tamil Nadu,10th,63.5,139000.0,999,999,1,0,0,1,1,1,63.4,Eligible
BPVGK,14,male,Assam,10th,55.6,169000.0,999,999,1,0,0,1,1,1,55.24,Eligible
AZKMI,26,female,Andhra Pradesh,masters,67.9,566000.0,999,2,1,1,66,1,1,1,77.16,Eligible
A023B,24,male,Maharashtra,masters,55.5,551000.0,1,999,1,0,0,1,1,1,62.2,Eligible
BVOBC,24,male,Sikkim,bachelors,88.1,390000.0,2,999,1,0,0,1,0,1,80.24,Ineligible
AZKMI,29,male,Assam,masters,73.2,653000.0,999,21,1,1,77,1,1,1,69.28,Ineligible
AZKMI,31,male,Mizoram,postdoc,63.3,837000.0,999,22,1,0,0,1,1,1,60.32,Ineligible
BVOBC,23,male,Mizoram,12th,53.9,233000.0,6,999,1,0,0,1,1,1,66.56,Eligible
AZKMI,37,male,Tamil Nadu,postdoc,70.6,169000.0,999,8,1,0,0,0,1,1,78.24,Ineligible
AZKMI,30,other,Madhya Pradesh,phd,68.0,266000.0,999,650,1,0,0,1,1,1,52.2,Ineligible
BPVGK,16,male,Kerala,10th,75.8,203000.0,999,999,1,0,0,1,1,1,58.32,Eligible
A023B,20,female,Arunachal Pradesh,masters,76.6,113000.0,3,999,1,0,0,1,1,1,85.64,Eligible
A023B,23,female,Meghalaya,bachelors,64.5,93000.0,65,999,1,0,0,1,1,1,70.8,Eligible
A023B,18,male,Karnataka,masters,69.6,329000.0,2,999,1,0,0,1,1,1,72.84,Eligible
AZKMI,36,female,Kerala,postdoc,94.3,175000.0,999,650,0,0,0,1,1,1,72.72,Ineligible
A023B,23,female,Kerala,masters,72.9,631000.0,6,999,1,0,0,1,1,1,69.16,Ineligible
ARG45,25,male,Chhattisgarh,masters,94.6,539000.0,1,999,1,0,0,1,0,0,77.84,Borderline
A023B,22,female,Rajasthan,masters,88.1,534000.0,1,999,1,0,0,1,1,1,80.24,Eligible
BVOBC,19,female,Sikkim,bachelors,59.7,232000.0,88,999,1,0,0,1,1,1,63.88,Eligible
ARG45,28,male,Arunachal Pradesh,masters,78.6,580000.0,6,999,1,0,0,1,1,1,71.44,Eligible
A023B,25,female,Tamil Nadu,bachelors,95.9,96000.0,1,999,1,0,0,1,1,1,93.36,Eligible
AZKMI,27,male,Maharashtra,phd,56.0,158000.0,999,3,1,0,0,1,1,1,72.4,Eligible
ARG45,23,female,Sikkim,phd,89.2,823000.0,2,999,1,0,0,0,1,1,75.68,Ineligible
BVOBC,18,male,Andhra Pradesh,bachelors,93.8,358000.0,2,999,1,0,0,1,1,0,82.52,Ineligible
BVOBC,23,female,Odisha,12th,63.5,298000.0,250,999,1,0,0,1,1,1,58.4,Ineligible
ARG45,23,male,Kerala,masters,66.5,611000.0,6,999,0,0,0,1,1,1,61.6,Ineligible
BVOBC,21,female,Andhra Pradesh,bachelors,60.1,200000.0,78,999,1,0,0,1,1,1,69.04,Eligible
BVOBC,22,female,Nagaland,bachelors,60.6,298000.0,72,999,1,1,63,1,1,1,69.24,Ineligible
BVOBC,23,male,Assam,bachelors,77.5,50000.0,1,999,1,0,0,1,1,1,81.0,Eligible
AZKMI,26,male,Telangana,phd,79.0,628000.0,999,22,1,0,0,1,0,1,66.6,Ineligible
BPVGK,14,male,Andhra Pradesh,10th,78.4,51000.0,999,999,1,0,0,1,1,1,64.36,Eligible
BVOBC,22,male,Chhattisgarh,bachelors,68.4,369000.0,85,999,1,0,0,1,1,1,62.36,Ineligible
A023B,18,female,Rajasthan,masters,81.9,765000.0,6,999,1,0,0,1,1,1,72.76,Ineligible
BPVGK,15,female,Kerala,10th,57.8,267000.0,999,999,1,0,0,1,1,1,56.12,Ineligible
BVOBC,21,female,Odisha,bachelors,49.7,108000.0,3,999,1,0,0,1,1,1,74.88,Ineligible
ARG45,23,female,Kerala,masters,64.3,592000.0,1,999,1,0,0,1,1,1,70.72,Eligible
A023B,24,male,Nagaland,bachelors,86.0,399000.0,2,999,0,0,0,1,1,1,79.4,Ineligible
BVOBC,21,female,Andhra Pradesh,bachelors,89.2,130000.0,5,999,1,0,0,1,1,1,90.68,Eligible
ARG45,27,male,Maharashtra,phd,72.3,210000.0,59,999,1,0,0,1,1,1,63.92,Eligible
BVOBC,20,male,Rajasthan,12th,60.7,150000.0,250,999,1,0,0,1,1,1,57.28,Eligible
ARG45,34,male,Manipur,phd,85.4,776000.0,1,999,1,0,0,1,1,1,69.16,Eligible
A023B,25,male,Gujarat,masters,70.9,300000.0,1,999,1,0,0,1,1,1,73.36,Eligible
BVOBC,19,female,Arunachal Pradesh,bachelors,84.1,47000.0,1,999,1,0,0,1,1,1,88.64,Eligible
AZKMI,38,female,Tripura,postdoc,59.0,293000.0,999,22,1,0,0,1,1,1,73.6,Ineligible
A023B,18,male,Andhra Pradesh,masters,84.6,734000.0,6,999,0,0,0,1,1,1,68.84,Ineligible
AZKMI,24,male,Sikkim,phd,56.0,775000.0,999,8,0,0,0,1,1,1,57.4,Ineligible
AZKMI,31,female,Madhya Pradesh,postdoc,74.6,695000.0,999,22,1,0,0,1,1,1,69.84,Ineligible
BPVGK,16,male,Manipur,10th,90.3,173000.0,999,999,1,0,0,1,1,1,69.12,Eligible
A023B,18,female,Meghalaya,bachelors,60.1,376000.0,2,999,1,0,0,1,1,0,74.04,Borderline
AZKMI,31,male,Odisha,postdoc,72.1,617000.0,999,32,1,0,0,1,0,1,63.84,Ineligible
A023B,25,male,Madhya Pradesh,bachelors,87.3,632000.0,6,999,1,0,0,1,0,1,69.92,Ineligible
AZKMI,37,female,Kerala,postdoc,83.3,954000.0,999,3,1,0,0,1,1,1,73.32,Ineligible
ARG45,31,female,Meghalaya,phd,74.0,609000.0,1,999,1,0,0,1,1,1,69.6,Eligible
BPVGK,15,female,Assam,10th,50.0,201000.0,999,999,1,0,0,0,1,1,53.0,Ineligible
AZKMI,27,female,Manipur,masters,63.6,482000.0,999,6,1,0,0,1,1,1,70.44,Eligible
BPVGK,17,female,Tripura,10th,47.5,170000.0,999,999,1,1,53,1,1,1,62.0,Ineligible
ARG45,33,male,Telangana,masters,57.3,236000.0,140,999,1,0,0,1,0,1,50.92,Borderline
ARG45,26,female,Telangana,masters,92.5,74000.0,110,999,1,0,0,1,1,1,75.0,Eligible
BPVGK,16,male,Arunachal Pradesh,10th,56.5,254000.0,999,999,1,0,0,1,1,1,50.6,Ineligible
ARG45,24,male,Manipur,masters,55.8,191000.0,140,999,1,1,55,1,1,1,60.32,Eligible
BVOBC,23,female,Arunachal Pradesh,12th,53.9,227000.0,6,999,1,0,0,1,1,1,71.56,Eligible
BPVGK,16,female,Maharashtra,10th,65.2,149000.0,999,999,1,1,53,1,1,1,69.08,Eligible
ARG45,36,female,Andhra Pradesh,phd,52.1,377000.0,250,999,1,1,49,1,1,1,58.84,Ineligible
A023B,24,female,Andhra Pradesh,masters,60.8,514000.0,6,999,1,0,0,1,1,1,69.32,Eligible
A023B,21,male,Chhattisgarh,bachelors,64.4,173000.0,110,999,1,0,0,1,1,1,58.76,Ineligible
BVOBC,21,female,Meghalaya,bachelors,81.2,206000.0,250,999,1,0,0,1,0,1,65.48,Borderline
BPVGK,14,female,Mizoram,10th,82.4,286000.0,999,999,1,0,0,1,1,0,65.96,Ineligible
ARG45,27,male,Gujarat,masters,75.7,466000.0,95,999,1,0,0,1,0,1,60.28,Borderline
BPVGK,14,female,Meghalaya,10th,82.2,240000.0,999,999,1,0,0,1,1,0,65.88,Borderline
ARG45,29,female,Andhra Pradesh,masters,80.1,348000.0,250,999,1,0,0,1,1,1,65.04,Eligible
A023B,19,female,Sikkim,masters,60.4,330000.0,5,999,0,0,0,1,1,1,74.16,Ineligible
AZKMI,28,male,Telangana,masters,58.9,770000.0,999,22,1,0,0,1,1,1,58.56,Ineligible
A023B,20,male,Telangana,bachelors,84.3,537000.0,110,999,1,0,0,1,1,1,56.72,Ineligible
BVOBC,21,male,Meghalaya,bachelors,90.9,390000.0,140,999,1,1,65,1,1,1,69.36,Ineligible
ARG45,25,female,Karnataka,masters,52.7,405000.0,6,999,1,0,0,1,0,0,66.08,Ineligible
BPVGK,17,female,Maharashtra,10th,74.6,110000.0,999,999,1,0,0,1,1,1,67.84,Eligible
ARG45,24,female,Kerala,masters,70.0,625000.0,88,999,1,0,0,1,1,1,58.0,Eligible
BVOBC,18,female,Sikkim,bachelors,52.8,357000.0,88,999,1,0,0,1,0,1,61.12,Ineligible
BVOBC,19,female,Sikkim,bachelors,83.7,121000.0,2,999,1,0,0,1,1,0,88.48,Borderline
BPVGK,17,female,Andhra Pradesh,10th,66.1,234000.0,999,999,1,0,0,1,1,1,59.44,Eligible
AZKMI,29,female,Telangana,phd,53.7,191000.0,999,21,1,0,0,1,1,1,76.48,Ineligible
BPVGK,17,male,Andhra Pradesh,10th,75.3,309000.0,999,999,1,0,0,1,1,1,58.12,Ineligible
BVOBC,18,male,Chhattisgarh,12th,63.4,282000.0,59,999,1,0,0,1,1,1,60.36,Ineligible
BVOBC,17,female,Sikkim,bachelors,86.5,266000.0,59,999,1,0,0,1,1,1,74.6,Ineligible
ARG45,28,male,Chhattisgarh,masters,82.8,774000.0,5,999,1,0,0,1,1,0,68.12,Borderline
AZKMI,29,male,Manipur,masters,59.4,794000.0,999,22,1,0,0,1,1,1,58.76,Ineligible
BVOBC,20,male,Manipur,bachelors,87.3,76000.0,3,999,1,0,0,1,1,1,84.92,Eligible
ARG45,29,female,Meghalaya,phd,65.2,428000.0,95,999,1,0,0,0,1,1,61.08,Ineligible
A023B,20,male,Karnataka,masters,81.6,135000.0,1,999,1,0,0,1,1,1,82.64,Eligible
ARG45,23,female,Nagaland,phd,95.0,432000.0,65,999,1,0,0,1,0,1,73.0,Borderline
ARG45,25,male,Gujarat,phd,79.2,241000.0,85,999,1,0,0,0,1,1,66.68,Ineligible
A023B,20,male,Kerala,masters,82.0,720000.0,59,999,1,0,0,0,1,1,57.8,Ineligible
AZKMI,32,male,Gujarat,masters,93.1,221000.0,999,650,1,0,0,1,1,1,62.24,Ineligible
BPVGK,15,male,Karnataka,10th,81.0,260000.0,999,999,1,0,0,1,1,0,60.4,Ineligible
A023B,25,male,Odisha,masters,80.4,127000.0,72,999,1,0,0,1,1,1,72.16,Eligible
BPVGK,16,female,Mizoram,10th,73.5,333000.0,999,999,1,0,0,1,1,1,62.4,Ineligible
BVOBC,24,male,Tripura,bachelors,72.5,283000.0,88,999,1,0,0,1,1,1,64.0,Ineligible
A023B,18,male,Kerala,bachelors,85.6,338000.0,65,999,1,0,0,1,1,1,69.24,Eligible
ARG45,22,male,Maharashtra,phd,82.8,339000.0,2,999,0,0,0,1,0,1,78.12,Ineligible
A023B,20,male,Assam,bachelors,68.4,208000.0,6,999,1,0,0,1,1,1,72.36,Eligible
BPVGK,14,male,Manipur,10th,71.2,37000.0,999,999,1,0,0,1,0,1,61.48,Borderline
AZKMI,33,female,Telangana,phd,51.2,915000.0,999,37,1,1,60,0,1,1,65.48,Ineligible
ARG45,32,female,Mizoram,masters,77.0,542000.0,78,999,1,0,0,1,1,1,65.8,Eligible
BVOBC,18,female,Odisha,bachelors,92.7,79000.0,1,999,1,0,0,1,1,1,92.08,Eligible
ARG45,29,female,Tamil Nadu,phd,85.3,853000.0,3,999,1,0,0,1,1,1,74.12,Eligible
ARG45,36,female,Mizoram,phd,86.5,824000.0,2,999,1,0,0,1,1,1,74.6,Eligible
A023B,21,male,Telangana,masters,68.8,402000.0,1,999,1,0,0,1,1,1,67.52,Eligible
AZKMI,30,male,Tripura,postdoc,81.5,575000.0,999,3,1,0,0,1,1,1,72.6,Eligible
A023B,18,male,Odisha,masters,71.6,333000.0,1,999,1,0,0,1,1,1,73.64,Eligible
BVOBC,19,male,Chhattisgarh,12th,81.3,66000.0,1,999,1,0,0,1,1,1,82.52,Eligible
ARG45,22,female,Chhattisgarh,masters,79.7,829000.0,88,999,0,0,0,0,1,1,61.88,Ineligible
BVOBC,21,female,Assam,bachelors,79.7,296000.0,72,999,1,0,0,1,1,1,71.88,Ineligible
AZKMI,33,male,Arunachal Pradesh,phd,87.9,271000.0,999,21,1,0,0,1,1,1,80.16,Eligible
A023B,19,male,Gujarat,bachelors,61.8,650000.0,5,999,1,0,0,0,1,1,59.72,Ineligible
BPVGK,16,female,Karnataka,10th,50.4,68000.0,999,999,1,0,0,1,1,0,58.16,Borderline
A023B,18,male,Assam,masters,75.6,160000.0,1,999,1,0,0,1,1,1,80.24,Eligible
BVOBC,17,female,Assam,12th,84.2,301000.0,65,999,1,0,0,1,0,1,73.68,Ineligible
BPVGK,14,male,Mizoram,10th,64.6,79000.0,999,999,1,0,0,1,1,1,58.84,Eligible
ARG45,23,male,Sikkim,masters,77.1,302000.0,1,999,1,1,68,0,1,1,80.84,Ineligible
A023B,23,male,Tamil Nadu,masters,56.7,729000.0,85,999,1,0,0,1,1,1,47.68,Ineligible
ARG45,23,female,Odisha,masters,79.2,825000.0,110,999,1,0,0,1,1,1,54.68,Eligible
BVOBC,24,male,Mizoram,bachelors,91.9,95000.0,95,999,1,0,0,1,1,1,76.76,Eligible
BPVGK,16,female,Meghalaya,10th,82.0,168000.0,999,999,1,0,0,1,1,1,70.8,Eligible
BPVGK,16,male,Tripura,10th,55.4,160000.0,999,999,1,0,0,1,1,1,55.16,Eligible
BPVGK,17,female,Manipur,10th,51.7,200000.0,999,999,1,0,0,1,1,1,58.68,Eligible
BPVGK,17,male,Tamil Nadu,10th,72.4,274000.0,999,999,1,0,0,1,1,1,56.96,Ineligible
ARG45,35,female,Sikkim,phd,52.3,242000.0,1,999,1,0,0,1,1,1,70.92,Ineligible
ARG45,26,female,Kerala,masters,78.9,543000.0,1,999,1,0,0,1,1,1,76.56,Eligible
BVOBC,17,male,Tamil Nadu,12th,85.1,71000.0,85,999,1,0,0,1,1,1,74.04,Eligible
ARG45,24,male,Mizoram,masters,63.8,115000.0,88,999,1,0,0,1,1,1,65.52,Eligible
AZKMI,25,female,Karnataka,masters,68.7,579000.0,999,37,1,0,0,1,1,0,72.48,Borderline
BVOBC,19,male,Chhattisgarh,bachelors,50.0,54000.0,110,999,1,0,0,1,1,1,53.0,Eligible
A023B,20,other,Mizoram,masters,93.4,779000.0,78,999,1,0,0,0,1,1,62.36,Ineligible
ARG45,23,female,Tripura,masters,93.3,329000.0,3,999,1,0,0,0,1,1,87.32,Ineligible
A023B,21,other,Mizoram,masters,97.2,731000.0,1,999,1,0,0,1,1,1,73.88,Ineligible
A023B,25,female,Odisha,bachelors,69.3,103000.0,72,999,1,0,0,1,1,1,72.72,Eligible
AZKMI,31,female,Meghalaya,phd,86.1,868000.0,999,14,1,0,0,1,1,1,74.44,Ineligible
ARG45,36,female,Madhya Pradesh,masters,86.2,827000.0,250,999,1,0,0,1,1,1,57.48,Eligible
ARG45,34,female,Madhya Pradesh,masters,85.0,785000.0,85,999,1,0,0,1,1,1,64.0,Eligible
ARG45,27,male,Sikkim,masters,77.6,107000.0,6,999,1,0,0,1,1,1,81.04,Eligible
BPVGK,14,female,Gujarat,10th,64.3,230000.0,999,999,1,0,0,1,1,1,58.72,Eligible
A023B,18,male,Andhra Pradesh,masters,63.0,85000.0,2,999,1,0,0,1,1,1,75.2,Eligible
ARG45,27,male,Rajasthan,masters,57.3,594000.0,72,999,1,0,0,1,1,1,52.92,Eligible
BVOBC,21,male,Telangana,12th,48.3,63000.0,95,999,1,1,56,1,1,1,64.32,Ineligible
A023B,23,male,Sikkim,masters,85.0,516000.0,59,999,1,1,45,1,1,1,69.0,Eligible
AZKMI,27,female,Andhra Pradesh,masters,76.4,138000.0,999,8,1,0,0,1,1,1,85.56,Eligible
A023B,20,male,Sikkim,masters,73.0,98000.0,1,999,1,0,0,1,1,1,79.2,Eligible
A023B,20,male,Maharashtra,bachelors,59.1,362000.0,1,999,1,0,0,1,1,1,68.64,Eligible
BPVGK,17,female,Rajasthan,10th,66.6,333000.0,999,999,1,0,0,1,0,1,59.64,Ineligible
BPVGK,16,female,Manipur,10th,52.1,196000.0,999,999,1,0,0,1,1,1,58.84,Eligible
BPVGK,17,male,Manipur,10th,75.6,222000.0,999,999,1,0,0,1,1,1,58.24,Eligible
BVOBC,18,female,Kerala,12th,67.8,190000.0,1,999,1,0,0,0,1,1,82.12,Ineligible
BPVGK,16,male,Andhra Pradesh,10th,73.9,136000.0,999,999,1,0,0,1,1,1,62.56,Eligible
BVOBC,20,male,Gujarat,12th,69.9,209000.0,85,999,1,0,0,1,1,1,62.96,Eligible
ARG45,31,female,Telangana,phd,53.0,387000.0,1,999,1,0,0,1,1,1,71.2,Ineligible
ARG45,35,female,Jharkhand,phd,75.3,718000.0,88,999,1,0,0,1,1,1,60.12,Eligible
BVOBC,21,female,Tamil Nadu,12th,82.5,110000.0,250,999,1,0,0,1,1,1,71.0,Eligible
BVOBC,21,female,Meghalaya,12th,46.5,272000.0,59,999,1,0,0,1,1,1,58.6,Ineligible
ARG45,29,male,Karnataka,phd,54.8,290000.0,5,999,1,0,0,1,1,1,66.92,Ineligible
AZKMI,38,female,Odisha,phd,66.6,384000.0,999,650,1,0,0,1,1,1,56.64,Ineligible
AZKMI,31,male,Odisha,postdoc,84.0,135000.0,999,22,1,0,0,1,1,1,83.6,Eligible
ARG45,25,female,Maharashtra,masters,84.0,877000.0,88,999,1,0,0,1,1,1,63.6,Eligible
ARG45,30,female,Tripura,masters,86.6,437000.0,2,999,1,0,0,1,1,1,79.64,Eligible
BVOBC,17,female,Gujarat,12th,83.7,382000.0,6,999,1,0,0,1,1,1,83.48,Ineligible
BVOBC,23,female,Nagaland,12th,47.0,252000.0,1,999,1,0,0,1,1,1,68.8,Ineligible
ARG45,24,male,Telangana,phd,59.6,510000.0,72,999,1,0,0,1,1,1,53.84,Eligible
BVOBC,21,female,Rajasthan,bachelors,51.1,143000.0,85,999,1,0,0,1,0,1,65.44,Borderline
BVOBC,20,female,Chhattisgarh,12th,83.7,305000.0,72,999,1,1,46,1,1,1,78.48,Ineligible
BVOBC,20,female,Odisha,bachelors,56.1,49000.0,85,999,1,0,0,1,1,1,67.44,Eligible
A023B,24,male,Manipur,bachelors,94.6,426000.0,2,999,1,0,0,1,1,1,77.84,Eligible
ARG45,26,female,Meghalaya,phd,67.2,537000.0,1,999,1,0,0,1,1,0,71.88,Borderline
BVOBC,17,female,Meghalaya,bachelors,84.3,363000.0,72,999,1,0,0,1,1,1,73.72,Ineligible
BPVGK,14,male,Chhattisgarh,10th,89.0,328000.0,999,999,1,0,0,1,1,1,63.6,Ineligible
A023B,18,male,Karnataka,masters,57.7,578000.0,1,999,1,0,0,1,1,1,63.08,Eligible
A023B,19,male,Kerala,masters,85.5,598000.0,6,999,1,0,0,1,1,1,74.2,Eligible
A023B,24,female,Odisha,masters,89.1,595000.0,6,999,1,0,0,1,1,1,80.64,Eligible
ARG45,30,male,Mizoram,masters,64.4,597000.0,59,999,1,0,0,1,1,1,55.76,Eligible
AZKMI,34,male,Andhra Pradesh,phd,93.3,178000.0,999,6,0,0,0,1,1,1,87.32,Ineligible
A023B,20,male,Odisha,masters,78.2,679000.0,3,999,0,0,0,1,1,1,66.28,Ineligible
BVOBC,18,male,Telangana,12th,58.0,238000.0,1,999,1,0,0,1,1,1,68.2,Eligible
A023B,24,female,Mizoram,masters,64.4,333000.0,65,999,1,0,0,1,1,1,65.76,Eligible
BVOBC,24,male,Telangana,12th,91.7,290000.0,72,999,1,0,0,1,1,1,71.68,Ineligible
A023B,22,female,Rajasthan,bachelors,63.9,676000.0,65,999,1,1,41,0,1,1,60.56,Ineligible
A023B,23,male,Nagaland,bachelors,68.1,526000.0,72,999,1,0,0,0,1,1,57.24,Ineligible
AZKMI,24,female,Tripura,phd,81.0,658000.0,999,8,0,0,0,1,1,1,72.4,Ineligible
A023B,19,male,Andhra Pradesh,bachelors,65.6,678000.0,65,999,1,0,0,1,1,0,51.24,Ineligible
ARG45,28,female,Sikkim,masters,50.5,168000.0,85,999,0,0,0,1,1,1,65.2,Ineligible
BVOBC,17,female,Karnataka,bachelors,74.9,291000.0,140,999,1,0,0,1,1,1,62.96,Ineligible
ARG45,24,male,Arunachal Pradesh,masters,59.0,468000.0,85,999,1,0,0,1,1,1,53.6,Eligible
AZKMI,36,female,Gujarat,masters,82.1,828000.0,999,2,1,0,0,1,0,1,72.84,Ineligible
ARG45,36,male,Arunachal Pradesh,phd,78.6,149000.0,140,999,1,1,73,1,1,1,69.44,Eligible
ARG45,30,male,Mizoram,masters,90.8,795000.0,2,999,1,0,0,1,1,1,71.32,Eligible
BVOBC,18,male,Karnataka,12th,74.7,82000.0,65,999,1,0,0,1,1,1,69.88,Eligible
BVOBC,17,female,Odisha,12th,71.8,136000.0,250,999,1,0,0,1,1,1,66.72,Eligible
BPVGK,17,male,Rajasthan,10th,68.9,99000.0,999,999,1,0,0,1,1,1,60.56,Eligible
BPVGK,15,female,Assam,10th,88.1,52000.0,999,999,1,0,0,1,0,1,73.24,Borderline
ARG45,35,male,Mizoram,phd,68.3,692000.0,65,999,1,0,0,1,1,1,52.32,Eligible
BPVGK,15,female,Tamil Nadu,10th,82.4,71000.0,999,999,1,0,0,1,1,1,70.96,Eligible
BVOBC,21,male,Maharashtra,bachelors,84.4,196000.0,85,999,1,0,0,1,1,1,73.76,Eligible
BVOBC,23,male,Odisha,bachelors,68.7,330000.0,88,999,1,0,0,1,1,1,62.48,Ineligible
AZKMI,38,male,Telangana,postdoc,77.2,695000.0,999,37,1,0,0,1,1,1,65.88,Ineligible
A023B,22,male,Meghalaya,masters,80.6,244000.0,78,999,1,0,0,1,1,1,67.24,Eligible
BVOBC,23,male,Arunachal Pradesh,12th,84.2,361000.0,6,999,1,0,0,1,1,1,78.68,Ineligible
BVOBC,24,male,Karnataka,12th,51.0,300000.0,72,999,1,0,0,1,1,1,55.4,Ineligible
BVOBC,23,female,Andhra Pradesh,bachelors,81.6,376000.0,78,999,1,0,0,1,1,1,72.64,Ineligible
AZKMI,21,male,Karnataka,masters,58.5,941000.0,999,21,1,0,0,1,1,1,58.4,Ineligible
ARG45,29,female,Arunachal Pradesh,masters,71.4,385000.0,2,999,1,0,0,1,1,0,78.56,Borderline
ARG45,26,female,Chhattisgarh,masters,85.3,838000.0,59,999,1,0,0,1,1,1,64.12,Eligible
AZKMI,28,male,Meghalaya,masters,59.9,643000.0,999,6,0,0,0,1,1,1,58.96,Ineligible
AZKMI,21,female,Tripura,masters,54.1,766000.0,999,6,1,0,0,1,1,1,61.64,Ineligible
A023B,22,female,Maharashtra,bachelors,55.1,563000.0,1,999,1,0,0,1,1,1,67.04,Eligible
A023B,24,female,Tripura,bachelors,78.3,276000.0,250,999,1,0,0,1,1,1,64.32,Ineligible
A023B,23,female,Sikkim,bachelors,85.2,513000.0,1,999,1,0,0,1,1,1,79.08,Eligible
AZKMI,36,male,Gujarat,masters,80.9,607000.0,999,32,1,0,0,1,1,1,67.36,Ineligible
AZKMI,34,female,Arunachal Pradesh,masters,69.7,413000.0,999,6,1,0,0,1,1,1,72.88,Eligible
BVOBC,23,male,Rajasthan,bachelors,47.4,122000.0,1,999,1,0,0,1,1,1,68.96,Ineligible
ARG45,24,male,Sikkim,phd,62.5,829000.0,2,999,1,0,0,1,1,1,60.0,Eligible
BVOBC,24,male,Maharashtra,bachelors,90.6,125000.0,1,999,1,0,0,1,1,1,86.24,Eligible
AZKMI,35,male,Karnataka,postdoc,84.2,751000.0,999,4,1,0,0,1,1,1,68.68,Ineligible
BVOBC,17,male,Jharkhand,bachelors,51.9,57000.0,6,999,1,0,0,1,1,1,70.76,Eligible
AZKMI,26,male,Sikkim,postdoc,54.9,323000.0,999,32,1,0,0,1,1,1,66.96,Ineligible
A023B,24,male,Tripura,masters,96.4,759000.0,1,999,1,0,0,1,1,1,73.56,Ineligible
A023B,23,male,Rajasthan,masters,60.0,731000.0,6,999,1,0,0,1,1,1,59.0,Ineligible
A023B,20,male,Assam,masters,72.0,182000.0,250,999,1,0,0,1,1,1,61.8,Ineligible
ARG45,24,female,Odisha,masters,63.3,105000.0,78,999,0,0,0,1,1,1,70.32,Ineligible
AZKMI,36,male,Karnataka,masters,65.9,274000.0,999,22,1,0,0,1,1,1,71.36,Ineligible
ARG45,29,female,Telangana,phd,65.0,575000.0,95,999,1,0,0,1,1,1,61.0,Eligible
ARG45,30,female,Andhra Pradesh,masters,80.0,520000.0,250,999,1,0,0,0,0,1,60.0,Borderline
BVOBC,20,female,Meghalaya,12th,76.5,139000.0,2,999,1,0,0,1,1,0,85.6,Borderline
ARG45,36,male,Arunachal Pradesh,masters,69.2,537000.0,1,999,1,0,0,1,1,1,67.68,Eligible
A023B,20,female,Sikkim,masters,59.9,562000.0,78,999,1,0,0,0,1,0,58.96,Borderline
AZKMI,31,male,Manipur,postdoc,57.0,714000.0,999,650,1,0,0,1,1,1,37.8,Ineligible
ARG45,30,female,Andhra Pradesh,phd,72.4,668000.0,110,999,1,0,0,1,1,1,51.96,Eligible
BVOBC,20,male,Gujarat,bachelors,91.2,373000.0,250,999,1,0,0,1,1,1,64.48,Ineligible
AZKMI,23,female,Maharashtra,phd,91.7,151000.0,999,14,1,0,0,1,0,1,91.68,Borderline
AZKMI,36,female,Andhra Pradesh,phd,76.5,465000.0,999,1,1,0,0,1,1,1,75.6,Ineligible
A023B,18,male,Chhattisgarh,bachelors,78.2,435000.0,3,999,0,0,0,1,1,1,71.28,Ineligible
BPVGK,14,female,Mizoram,10th,47.0,316000.0,999,999,1,0,0,1,1,1,51.8,Ineligible
BPVGK,17,male,Rajasthan,10th,86.2,187000.0,999,999,1,0,0,1,1,1,67.48,Eligible
ARG45,31,male,Assam,phd,57.1,712000.0,250,999,1,0,0,1,1,1,40.84,Eligible
BPVGK,16,male,Andhra Pradesh,10th,92.6,128000.0,999,999,1,0,0,1,1,1,70.04,Eligible
BPVGK,15,male,Nagaland,10th,57.0,78000.0,999,999,1,0,0,1,1,1,55.8,Eligible
ARG45,33,female,Sikkim,masters,62.7,339000.0,88,999,1,0,0,1,1,1,65.08,Eligible
BVOBC,21,male,Karnataka,12th,90.7,276000.0,95,999,1,0,0,1,1,1,71.28,Ineligible
ARG45,35,male,Meghalaya,phd,70.9,872000.0,88,999,1,0,0,1,1,1,53.36,Eligible
BVOBC,19,male,Kerala,12th,89.3,99000.0,5,999,1,0,0,1,1,0,85.72,Borderline
ARG45,29,male,Gujarat,phd,90.8,665000.0,59,999,1,0,0,1,1,1,61.32,Eligible
BVOBC,20,female,Chhattisgarh,12th,52.5,285000.0,250,999,1,0,0,1,1,1,54.0,Ineligible
A023B,18,male,Rajasthan,masters,96.5,506000.0,2,999,1,0,0,1,1,1,78.6,Eligible
BVOBC,20,female,Arunachal Pradesh,bachelors,87.6,120000.0,5,999,1,0,0,1,1,1,90.04,Eligible
ARG45,22,male,Meghalaya,masters,51.8,860000.0,78,999,1,0,0,1,1,1,45.72,Ineligible
BVOBC,17,male,Karnataka,bachelors,84.2,279000.0,140,999,1,0,0,0,1,1,61.68,Ineligible
AZKMI,33,female,Gujarat,postdoc,82.7,260000.0,999,32,1,0,0,1,1,1,83.08,Eligible
A023B,22,female,Meghalaya,masters,72.9,732000.0,3,999,1,0,0,1,1,0,69.16,Ineligible
BVOBC,18,male,Madhya Pradesh,12th,93.6,64000.0,5,999,1,0,0,0,1,1,87.44,Ineligible
ARG45,23,male,Karnataka,phd,80.1,294000.0,3,999,1,0,0,1,1,1,77.04,Eligible
A023B,19,female,Jharkhand,bachelors,62.0,326000.0,5,999,1,0,0,0,1,1,74.8,Ineligible
AZKMI,37,female,Arunachal Pradesh,phd,59.6,271000.0,999,32,1,0,0,1,1,0,73.84,Ineligible
ARG45,29,male,Andhra Pradesh,phd,64.5,370000.0,65,999,1,0,0,1,1,1,60.8,Eligible
BVOBC,17,female,Manipur,bachelors,89.0,71000.0,2,999,1,0,0,1,1,1,90.6,Eligible
ARG45,27,male,Karnataka,masters,78.1,87000.0,88,999,1,0,0,1,1,1,71.24,Eligible
ARG45,35,male,Assam,phd,95.0,296000.0,59,999,0,0,0,0,1,1,73.0,Ineligible
BVOBC,22,female,Jharkhand,12th,81.3,353000.0,250,999,1,0,0,1,1,1,65.52,Ineligible
ARG45,23,female,Manipur,masters,75.9,549000.0,3,999,1,0,0,1,1,1,75.36,Eligible
A023B,22,male,Karnataka,masters,59.3,371000.0,59,999,1,0,0,1,1,1,58.72,Eligible
ARG45,22,female,Kerala,phd,86.4,401000.0,2,999,1,1,70,1,1,1,84.56,Eligible
ARG45,23,female,Kerala,masters,71.2,672000.0,6,999,1,0,0,0,1,1,68.48,Ineligible
BPVGK,15,female,Telangana,10th,69.6,106000.0,999,999,1,0,0,1,1,1,65.84,Eligible
BVOBC,23,female,Assam,bachelors,58.7,262000.0,2,999,1,0,0,1,1,1,73.48,Ineligible
ARG45,26,female,Kerala,masters,75.9,744000.0,2,999,0,0,0,1,1,1,70.36,Ineligible
ARG45,24,female,Madhya Pradesh,masters,62.4,155000.0,85,999,1,0,0,1,1,1,69.96,Eligible
ARG45,32,female,Assam,masters,89.1,333000.0,59,999,1,0,0,1,1,1,75.64,Eligible
BPVGK,15,female,Tripura,10th,69.5,334000.0,999,999,1,0,0,1,1,1,60.8,Ineligible
ARG45,30,male,Odisha,phd,59.2,153000.0,72,999,1,0,0,1,1,1,63.68,Eligible
BVOBC,21,male,Kerala,12th,67.9,288000.0,5,999,1,0,0,1,0,1,72.16,Ineligible
A023B,25,female,Assam,masters,64.4,763000.0,3,999,1,1,55,1,1,1,70.76,Ineligible
AZKMI,21,male,Nagaland,masters,75.5,896000.0,999,1,0,0,0,1,1,1,65.2,Ineligible
A023B,25,male,Telangana,bachelors,61.4,94000.0,5,999,1,0,0,1,1,1,74.56,Eligible
BVOBC,21,male,Arunachal Pradesh,12th,77.1,281000.0,95,999,1,0,0,1,1,1,65.84,Ineligible
ARG45,34,female,Manipur,masters,74.0,474000.0,59,999,0,0,0,1,1,1,64.6,Ineligible
ARG45,28,female,Odisha,masters,54.6,891000.0,78,999,1,0,0,1,1,1,51.84,Ineligible
ARG45,26,female,Kerala,phd,90.2,139000.0,2,999,1,0,0,1,1,1,91.08,Eligible
BVOBC,19,male,Gujarat,12th,92.2,216000.0,1,999,1,1,57,1,1,1,86.88,Eligible
A023B,24,female,Kerala,masters,95.2,622000.0,3,999,1,0,0,1,1,1,78.08,Ineligible
AZKMI,22,female,Maharashtra,postdoc,58.1,845000.0,999,1,1,0,0,1,1,1,63.24,Ineligible
ARG45,34,male,Rajasthan,phd,87.6,423000.0,3,999,1,0,0,1,1,1,75.04,Eligible
ARG45,34,female,Arunachal Pradesh,masters,59.5,189000.0,2,999,1,0,0,1,1,1,78.8,Eligible
BVOBC,22,male,Telangana,bachelors,53.0,399000.0,1,999,1,0,0,0,1,1,66.2,Ineligible
BVOBC,17,female,Meghalaya,12th,65.7,175000.0,78,999,1,0,0,1,1,1,71.28,Eligible
BVOBC,18,male,Gujarat,bachelors,65.1,274000.0,6,999,1,0,0,1,1,1,71.04,Ineligible
BVOBC,18,female,Odisha,12th,72.5,70000.0,250,999,1,0,0,1,1,1,67.0,Eligible
ARG45,35,female,Arunachal Pradesh,masters,56.3,724000.0,3,999,1,0,0,1,1,1,62.52,Eligible
A023B,22,male,Manipur,masters,56.3,631000.0,85,999,1,0,0,1,1,1,47.52,Ineligible
BVOBC,20,male,Madhya Pradesh,bachelors,93.6,75000.0,95,999,1,0,0,1,1,0,77.44,Borderline
ARG45,32,female,Mizoram,masters,85.8,483000.0,72,999,1,0,0,1,1,1,69.32,Eligible
BVOBC,18,male,Andhra Pradesh,12th,54.0,315000.0,250,999,1,0,0,1,1,1,49.6,Ineligible
ARG45,22,female,Jharkhand,phd,89.9,377000.0,88,999,1,1,43,1,1,1,80.96,Eligible
AZKMI,29,female,Arunachal Pradesh,postdoc,60.3,389000.0,999,32,1,0,0,1,1,1,74.12,Eligible
ARG45,25,male,Andhra Pradesh,masters,68.5,779000.0,78,999,1,0,0,1,1,1,52.4,Eligible
BVOBC,18,male,Telangana,12th,58.7,57000.0,2,999,1,0,0,1,1,1,73.48,Eligible
BPVGK,16,male,Jharkhand,10th,93.1,236000.0,999,999,1,0,0,1,1,1,65.24,Eligible
ARG45,23,female,Rajasthan,phd,62.1,190000.0,3,999,1,0,0,1,1,1,79.84,Eligible
A023B,20,male,Nagaland,bachelors,65.4,382000.0,1,999,1,0,0,1,1,1,71.16,Eligible
BPVGK,17,female,Sikkim,10th,59.6,344000.0,999,999,1,0,0,1,1,1,56.84,Ineligible
BVOBC,20,male,Odisha,bachelors,62.3,286000.0,72,999,1,0,0,1,1,1,59.92,Ineligible
BVOBC,21,female,Nagaland,bachelors,71.2,386000.0,250,999,1,0,0,1,1,1,61.48,Ineligible
BVOBC,19,female,Karnataka,bachelors,61.9,390000.0,78,999,1,0,0,1,1,1,64.76,Ineligible
AZKMI,30,female,Odisha,masters,59.2,295000.0,999,8,1,0,0,1,1,1,73.68,Eligible
AZKMI,23,female,Assam,masters,82.0,509000.0,999,21,1,0,0,1,1,1,77.8,Eligible
A023B,20,male,Rajasthan,masters,82.7,800000.0,1,999,1,0,0,1,0,1,68.08,Ineligible
BVOBC,18,male,Manipur,bachelors,94.0,349000.0,250,999,1,0,0,1,1,1,65.6,Ineligible
BVOBC,22,other,Jharkhand,bachelors,50.7,86000.0,250,999,1,0,0,1,1,1,53.28,Eligible
A023B,19,male,Meghalaya,masters,94.4,715000.0,1,999,1,0,0,1,1,1,72.76,Ineligible
AZKMI,30,female,Chhattisgarh,masters,74.3,303000.0,999,14,1,0,0,1,1,1,79.72,Eligible
A023B,20,female,Maharashtra,bachelors,65.3,278000.0,65,999,1,0,0,1,1,1,66.12,Eligible
AZKMI,22,male,Arunachal Pradesh,phd,78.4,800000.0,999,8,1,0,0,1,0,1,66.36,Ineligible
A023B,18,female,Assam,bachelors,95.6,710000.0,2,999,1,0,0,1,1,1,78.24,Ineligible
BVOBC,20,female,Sikkim,12th,93.6,316000.0,5,999,1,0,0,1,1,1,87.44,Ineligible
A023B,25,female,Kerala,masters,87.8,544000.0,2,999,0,0,0,1,1,0,80.12,Ineligible
ARG45,29,female,Karnataka,masters,65.4,259000.0,250,999,1,1,73,1,1,1,64.16,Eligible
BVOBC,17,female,Mizoram,12th,70.9,398000.0,3,999,1,0,0,1,1,1,78.36,Ineligible
ARG45,24,other,Meghalaya,phd,84.0,653000.0,59,999,1,0,0,1,1,1,58.6,Eligible
AZKMI,35,male,Tamil Nadu,masters,90.0,366000.0,999,22,1,0,0,1,0,1,81.0,Borderline
AZKMI,30,female,Jharkhand,postdoc,77.8,977000.0,999,1,0,0,0,1,1,1,71.12,Ineligible
ARG45,30,male,Arunachal Pradesh,masters,68.4,648000.0,140,999,1,0,0,1,1,1,45.36,Eligible
BPVGK,16,male,Maharashtra,10th,73.1,348000.0,999,999,1,0,0,1,1,1,57.24,Ineligible
BVOBC,19,male,Gujarat,12th,87.6,393000.0,85,999,1,0,0,1,0,1,70.04,Ineligible
ARG45,27,female,Kerala,masters,74.7,773000.0,6,999,1,0,0,1,1,1,69.88,Eligible
BVOBC,23,female,Karnataka,bachelors,65.8,66000.0,1,999,1,0,0,1,1,1,81.32,Eligible
BVOBC,22,male,Assam,bachelors,95.0,310000.0,5,999,1,0,0,1,1,1,83.0,Ineligible
ARG45,26,male,Nagaland,masters,88.5,759000.0,1,999,1,0,0,1,1,1,70.4,Eligible
A023B,18,female,Tripura,bachelors,90.8,630000.0,65,999,1,0,0,1,1,1,66.32,Ineligible
BVOBC,17,female,Madhya Pradesh,bachelors,49.1,267000.0,3,999,1,0,0,1,1,1,69.64,Ineligible
BVOBC,24,male,Telangana,bachelors,77.0,58000.0,95,999,1,0,0,1,1,1,70.8,Eligible
A023B,18,female,Nagaland,masters,93.1,603000.0,1,999,1,0,0,1,1,1,77.24,Ineligible
ARG45,36,male,Andhra Pradesh,masters,94.2,535000.0,3,999,1,0,0,1,1,1,77.68,Eligible
A023B,25,female,Rajasthan,bachelors,58.8,176000.0,78,999,1,0,0,1,1,0,68.52,Borderline
ARG45,25,male,Madhya Pradesh,masters,80.5,126000.0,1,999,1,0,0,1,1,1,82.2,Eligible
A023B,23,male,Assam,masters,60.2,237000.0,5,999,1,0,0,1,1,0,69.08,Borderline
BPVGK,16,female,Assam,10th,70.5,341000.0,999,999,1,0,0,1,1,0,61.2,Ineligible
ARG45,28,female,Meghalaya,phd,74.0,839000.0,78,999,1,0,0,1,1,1,59.6,Eligible
ARG45,36,male,Madhya Pradesh,masters,54.6,222000.0,250,999,0,0,0,1,1,1,49.84,Ineligible
BVOBC,23,male,Tamil Nadu,12th,89.6,234000.0,2,999,1,0,0,1,1,1,80.84,Eligible
AZKMI,35,female,Gujarat,postdoc,51.0,807000.0,999,37,1,0,0,1,1,0,60.4,Ineligible
A023B,25,male,Tripura,bachelors,93.7,453000.0,72,999,1,0,0,1,1,1,67.48,Eligible
BVOBC,19,female,Mizoram,12th,95.6,284000.0,95,999,1,0,0,1,1,0,78.24,Ineligible
BPVGK,14,male,Tripura,10th,71.1,276000.0,999,999,1,0,0,1,0,1,56.44,Ineligible
A023B,22,male,Tamil Nadu,bachelors,73.5,518000.0,5,999,1,0,0,0,1,1,69.4,Ineligible
BPVGK,15,male,Tamil Nadu,10th,78.1,204000.0,999,999,1,0,0,0,1,1,59.24,Ineligible
A023B,23,female,Assam,bachelors,82.8,284000.0,5,999,1,0,0,0,1,1,83.12,Ineligible
BVOBC,23,female,Maharashtra,bachelors,64.9,111000.0,1,999,1,0,0,1,1,1,80.96,Eligible
BVOBC,24,male,Madhya Pradesh,bachelors,76.1,217000.0,6,999,1,0,0,1,1,1,75.44,Eligible
A023B,21,male,Assam,masters,97.8,107000.0,1,999,1,0,0,1,1,1,89.12,Eligible
BVOBC,22,female,Meghalaya,bachelors,64.4,263000.0,78,999,1,0,0,1,1,1,65.76,Ineligible
AZKMI,29,male,Manipur,phd,58.2,571000.0,999,21,1,0,0,1,1,1,63.28,Eligible
ARG45,33,female,Assam,phd,85.5,757000.0,2,999,1,0,0,1,0,1,74.2,Borderline
BPVGK,16,female,Maharashtra,10th,54.3,274000.0,999,999,1,0,0,1,0,1,54.72,Ineligible
BPVGK,15,female,Kerala,10th,88.4,101000.0,999,999,1,0,0,1,1,1,73.36,Eligible
ARG45,33,other,Telangana,phd,66.6,82000.0,140,999,1,0,0,0,0,1,59.64,Borderline
ARG45,26,female,Andhra Pradesh,phd,60.1,223000.0,2,999,1,0,0,1,1,1,74.04,Eligible
BVOBC,17,male,Tamil Nadu,12th,71.6,294000.0,2,999,1,0,0,1,1,1,73.64,Ineligible
ARG45,23,female,Manipur,phd,87.2,230000.0,1,999,1,0,0,1,1,1,84.88,Eligible
A023B,24,male,Telangana,masters,91.6,113000.0,59,999,0,0,0,1,1,1,76.64,Ineligible
AZKMI,26,male,Madhya Pradesh,phd,67.2,576000.0,999,2,1,1,62,1,1,1,71.88,Eligible
ARG45,25,female,Meghalaya,phd,68.1,808000.0,88,999,1,0,0,1,1,1,57.24,Eligible
BPVGK,17,male,Kerala,10th,71.9,119000.0,999,999,1,0,0,1,1,1,61.76,Eligible
A023B,23,other,Meghalaya,masters,96.5,654000.0,6,999,1,0,0,1,0,1,73.6,Ineligible
BPVGK,14,male,Arunachal Pradesh,10th,51.8,302000.0,999,999,1,0,0,1,1,1,48.72,Ineligible
AZKMI,28,female,Gujarat,masters,78.9,843000.0,999,2,1,0,0,1,1,1,71.56,Ineligible
ARG45,24,female,Arunachal Pradesh,masters,62.8,299000.0,250,999,1,0,0,1,1,0,58.12,Borderline
A023B,25,male,Gujarat,masters,82.7,188000.0,1,999,1,0,0,0,1,1,83.08,Ineligible
AZKMI,26,male,Madhya Pradesh,postdoc,74.5,835000.0,999,650,1,0,0,1,1,1,44.8,Ineligible
BVOBC,23,male,Tamil Nadu,12th,90.2,227000.0,59,999,1,0,0,1,1,1,71.08,Eligible
A023B,24,female,Maharashtra,bachelors,83.6,207000.0,1,999,1,0,0,1,1,1,83.44,Eligible
BVOBC,17,male,Tripura,bachelors,52.3,72000.0,78,999,1,0,0,1,1,1,60.92,Eligible
ARG45,23,female,Maharashtra,phd,57.9,444000.0,1,999,1,0,0,1,1,1,68.16,Eligible
BVOBC,19,male,Jharkhand,12th,74.4,244000.0,1,999,1,0,0,1,1,0,74.76,Borderline
BVOBC,21,male,Kerala,12th,73.2,92000.0,1,999,1,0,0,1,1,0,79.28,Borderline
BVOBC,21,male,Karnataka,bachelors,66.3,216000.0,78,999,1,0,0,1,1,1,61.52,Eligible
BVOBC,21,female,Jharkhand,bachelors,74.5,383000.0,140,999,1,0,0,1,1,1,62.8,Ineligible
A023B,20,male,Kerala,bachelors,73.9,197000.0,2,999,1,0,0,1,1,1,79.56,Eligible
BVOBC,20,male,Assam,12th,52.6,332000.0,2,999,1,0,0,1,1,1,66.04,Ineligible
BVOBC,17,female,Rajasthan,bachelors,83.8,216000.0,78,999,1,0,0,1,1,1,73.52,Eligible
AZKMI,32,female,Mizoram,masters,60.7,581000.0,999,3,1,0,0,1,1,1,69.28,Eligible
BPVGK,16,male,Kerala,10th,50.5,51000.0,999,999,1,0,0,1,1,1,53.2,Eligible
BVOBC,19,male,Madhya Pradesh,bachelors,78.9,73000.0,1,999,1,1,49,1,1,1,86.56,Eligible
ARG45,31,male,Rajasthan,phd,94.6,129000.0,140,999,1,0,0,0,1,1,70.84,Ineligible
ARG45,35,female,Rajasthan,phd,68.5,692000.0,6,999,1,0,0,1,1,1,67.4,Eligible
ARG45,22,female,Assam,masters,77.8,87000.0,6,999,1,0,0,1,0,1,86.12,Borderline
BPVGK,15,female,Tamil Nadu,10th,46.9,213000.0,999,999,1,0,0,1,1,1,51.76,Ineligible
BVOBC,18,female,Nagaland,12th,84.0,142000.0,2,999,1,0,0,1,1,1,88.6,Eligible
AZKMI,31,male,Manipur,masters,56.8,358000.0,999,4,1,0,0,1,1,0,67.72,Borderline
AZKMI,21,female,Madhya Pradesh,masters,82.2,612000.0,999,8,1,0,0,1,1,1,72.88,Ineligible
ARG45,28,female,Assam,phd,74.7,513000.0,110,999,1,0,0,1,1,1,57.88,Eligible
BPVGK,14,male,Assam,10th,66.1,146000.0,999,999,1,1,70,1,1,1,64.44,Eligible
ARG45,33,male,Odisha,masters,69.4,784000.0,85,999,1,0,0,1,1,1,52.76,Eligible
BPVGK,15,female,Manipur,10th,86.4,249000.0,999,999,1,0,0,1,1,1,67.56,Eligible
AZKMI,33,female,Chhattisgarh,phd,75.4,792000.0,999,21,1,1,63,1,1,1,75.16,Ineligible
BVOBC,19,female,Nagaland,12th,57.8,343000.0,6,999,1,0,0,1,1,1,73.12,Ineligible
ARG45,30,male,Chhattisgarh,masters,51.7,82000.0,59,999,1,0,0,1,1,1,60.68,Ineligible
ARG45,30,female,Telangana,masters,86.6,623000.0,78,999,1,1,40,1,1,1,69.64,Eligible
AZKMI,22,female,Madhya Pradesh,phd,70.4,322000.0,999,21,1,0,0,1,1,1,78.16,Eligible
AZKMI,27,male,Meghalaya,phd,57.9,734000.0,999,3,1,0,0,1,1,1,58.16,Ineligible
AZKMI,36,female,Arunachal Pradesh,masters,59.2,605000.0,999,8,1,0,0,1,1,1,63.68,Ineligible
ARG45,35,male,Sikkim,phd,90.0,427000.0,6,999,1,0,0,1,1,1,76.0,Eligible
BVOBC,21,female,Odisha,bachelors,66.2,76000.0,88,999,1,0,0,1,1,1,71.48,Eligible
ARG45,23,female,Andhra Pradesh,phd,51.7,689000.0,5,999,1,0,0,1,0,1,60.68,Ineligible
BVOBC,22,male,Meghalaya,12th,79.1,295000.0,88,999,1,0,0,1,1,1,66.64,Ineligible
A023B,25,male,Nagaland,masters,88.7,461000.0,2,999,1,0,0,1,1,1,75.48,Eligible
BVOBC,18,female,Karnataka,bachelors,91.3,384000.0,6,999,1,0,0,1,1,1,86.52,Ineligible
A023B,23,female,Gujarat,masters,62.9,611000.0,59,999,1,0,0,1,0,1,55.16,Ineligible
ARG45,28,male,Meghalaya,masters,51.2,453000.0,250,999,1,0,0,1,1,1,43.48,Ineligible
A023B,22,male,Jharkhand,bachelors,91.5,729000.0,65,999,1,0,0,1,1,1,61.6,Ineligible
A023B,20,male,Kerala,bachelors,58.6,400000.0,5,999,1,0,0,1,1,1,68.44,Eligible
ARG45,36,male,Madhya Pradesh,phd,90.2,315000.0,6,999,1,0,0,1,0,1,81.08,Borderline
A023B,25,male,Gujarat,masters,73.8,88000.0,85,999,1,0,0,1,1,1,69.52,Eligible
ARG45,23,male,Rajasthan,phd,76.8,137000.0,3,999,0,0,0,1,1,1,80.72,Ineligible
AZKMI,37,female,Arunachal Pradesh,masters,70.9,777000.0,999,37,0,0,0,1,1,1,68.36,Ineligible
AZKMI,29,male,Gujarat,masters,85.6,481000.0,999,8,1,0,0,1,1,1,74.24,Eligible
AZKMI,31,male,Karnataka,postdoc,67.0,196000.0,999,21,1,0,0,1,1,1,76.8,Eligible
ARG45,26,male,Arunachal Pradesh,phd,67.3,269000.0,5,999,0,0,0,1,1,1,71.92,Ineligible
ARG45,23,female,Assam,phd,56.4,884000.0,95,999,1,0,0,1,1,1,52.56,Eligible
A023B,21,female,Kerala,masters,78.0,464000.0,85,999,1,0,0,1,1,1,66.2,Eligible
BPVGK,14,male,Sikkim,10th,66.2,229000.0,999,999,1,0,0,1,1,1,54.48,Eligible
BVOBC,19,male,Gujarat,12th,81.5,79000.0,1,999,1,0,0,1,1,1,82.6,Eligible
ARG45,30,female,Meghalaya,masters,68.0,715000.0,85,999,0,0,0,1,0,1,57.2,Ineligible
A023B,23,female,Tamil Nadu,bachelors,92.5,582000.0,1,999,1,0,0,1,1,1,82.0,Eligible
BPVGK,16,male,Telangana,10th,74.7,213000.0,999,999,1,0,0,1,1,1,57.88,Eligible
BPVGK,15,female,Tripura,10th,49.8,55000.0,999,999,1,0,0,1,1,0,57.92,Ineligible
BVOBC,23,male,Tamil Nadu,bachelors,93.3,237000.0,2,999,1,0,0,1,1,1,82.32,Eligible
A023B,22,female,Telangana,bachelors,69.1,504000.0,72,999,1,0,0,1,1,1,62.64,Eligible
ARG45,25,male,Andhra Pradesh,phd,90.0,97000.0,2,999,1,0,0,1,1,1,86.0,Eligible
BVOBC,20,male,Karnataka,bachelors,61.0,188000.0,6,999,1,0,0,1,1,1,74.4,Eligible
A023B,22,female,Jharkhand,bachelors,67.8,779000.0,85,999,1,1,78,1,1,1,62.12,Ineligible
BVOBC,23,male,Karnataka,bachelors,65.9,158000.0,59,999,1,0,0,1,1,1,66.36,Eligible
AZKMI,35,female,Mizoram,phd,74.2,126000.0,999,21,1,0,0,1,0,1,84.68,Borderline
A023B,23,male,Arunachal Pradesh,masters,89.4,711000.0,3,999,1,0,0,1,1,1,70.76,Ineligible
BVOBC,17,male,Mizoram,12th,80.4,283000.0,1,999,1,0,0,1,1,1,77.16,Ineligible
ARG45,36,male,Sikkim,phd,81.2,458000.0,110,999,1,0,0,1,1,1,55.48,Eligible
ARG45,36,female,Chhattisgarh,phd,74.0,494000.0,110,999,0,0,0,1,1,1,57.6,Ineligible
ARG45,29,male,Tripura,masters,58.8,126000.0,95,999,1,0,0,1,1,1,63.52,Eligible
A023B,20,other,Arunachal Pradesh,masters,58.3,606000.0,72,999,1,0,0,1,1,1,48.32,Ineligible
AZKMI,38,female,Kerala,masters,70.8,415000.0,999,32,1,0,0,0,1,1,73.32,Ineligible
BVOBC,21,male,Gujarat,bachelors,85.6,393000.0,5,999,1,0,0,1,1,1,79.24,Ineligible
AZKMI,25,female,Sikkim,masters,88.0,169000.0,999,4,0,0,0,1,0,1,90.2,Ineligible
A023B,19,male,Andhra Pradesh,masters,73.9,637000.0,2,999,1,0,0,1,1,1,64.56,Ineligible
ARG45,32,female,Karnataka,masters,86.9,814000.0,95,999,1,0,0,1,1,1,64.76,Eligible
BVOBC,21,female,Gujarat,bachelors,81.5,110000.0,110,999,1,0,0,1,1,1,70.6,Eligible
BVOBC,20,male,Assam,bachelors,88.2,357000.0,85,999,1,0,0,1,0,1,70.28,Ineligible
BVOBC,23,female,Madhya Pradesh,bachelors,69.2,143000.0,3,999,1,0,0,1,1,1,82.68,Eligible
AZKMI,34,male,Mizoram,masters,87.2,289000.0,999,22,0,0,0,1,1,1,79.88,Ineligible
BVOBC,22,male,Jharkhand,12th,77.8,84000.0,78,999,1,0,0,0,1,1,71.12,Ineligible
A023B,24,female,Tamil Nadu,bachelors,93.0,630000.0,6,999,0,0,0,1,1,1,77.2,Ineligible
A023B,22,female,Sikkim,masters,65.0,663000.0,140,999,1,0,0,1,1,1,49.0,Ineligible
A023B,21,female,Sikkim,bachelors,79.4,154000.0,250,999,1,0,0,1,1,1,69.76,Ineligible
ARG45,33,female,Telangana,masters,57.6,162000.0,2,999,1,0,0,1,1,1,78.04,Eligible
BVOBC,17,female,Arunachal Pradesh,12th,70.9,267000.0,140,999,1,0,0,1,1,1,61.36,Ineligible
BVOBC,21,female,Tripura,12th,91.8,125000.0,72,999,1,0,0,1,1,1,81.72,Eligible
ARG45,26,male,Odisha,phd,85.2,704000.0,6,999,1,0,0,1,1,1,69.08,Eligible
BVOBC,24,male,Odisha,bachelors,91.7,41000.0,5,999,1,1,41,0,0,1,91.68,Borderline
A023B,18,female,Jharkhand,masters,73.6,726000.0,6,999,1,0,0,1,1,1,69.44,Ineligible
AZKMI,28,female,Madhya Pradesh,phd,50.1,502000.0,999,8,1,0,0,1,1,1,65.04,Ineligible
BVOBC,20,female,Tamil Nadu,bachelors,66.4,113000.0,6,999,1,1,75,1,1,1,86.56,Eligible
A023B,21,female,Sikkim,masters,79.0,454000.0,65,999,1,0,0,0,1,1,66.6,Ineligible
BVOBC,23,female,Mizoram,12th,63.5,344000.0,78,999,1,0,0,1,1,1,65.4,Ineligible
ARG45,33,male,Assam,phd,70.5,869000.0,250,999,1,0,0,1,1,1,46.2,Eligible
BPVGK,16,male,Jharkhand,10th,91.7,331000.0,999,999,1,0,0,1,1,1,64.68,Ineligible
BPVGK,14,female,Andhra Pradesh,10th,78.5,74000.0,999,999,1,0,0,1,1,1,69.4,Eligible
ARG45,23,male,Karnataka,phd,92.3,426000.0,1,999,1,0,0,1,1,1,76.92,Eligible
ARG45,27,female,Meghalaya,phd,91.2,148000.0,95,999,1,0,0,1,1,1,81.48,Eligible
A023B,20,male,Jharkhand,bachelors,91.3,344000.0,72,999,1,0,0,1,1,1,71.52,Eligible
BVOBC,24,female,Meghalaya,12th,55.8,89000.0,140,999,1,0,0,0,1,1,60.32,Ineligible
BVOBC,24,male,Meghalaya,12th,53.2,134000.0,78,999,1,1,45,1,1,1,66.28,Eligible
AZKMI,22,male,Mizoram,phd,92.4,677000.0,999,3,1,1,44,1,1,1,76.96,Ineligible
A023B,24,male,Madhya Pradesh,bachelors,87.1,111000.0,2,999,1,0,0,1,1,1,84.84,Eligible
ARG45,22,female,Manipur,phd,61.5,649000.0,3,999,1,0,0,1,1,1,64.6,Eligible
BVOBC,24,female,Assam,bachelors,75.2,246000.0,59,999,1,0,0,1,1,1,70.08,Eligible
A023B,20,female,Madhya Pradesh,masters,63.7,304000.0,2,999,1,0,0,1,1,1,75.48,Eligible
ARG45,28,female,Karnataka,masters,80.8,118000.0,72,999,1,0,0,1,1,1,77.32,Eligible
AZKMI,25,male,Gujarat,phd,73.8,465000.0,999,6,0,0,0,1,1,1,69.52,Ineligible
A023B,21,other,Meghalaya,masters,96.6,309000.0,6,999,1,0,0,1,1,1,83.64,Eligible
A023B,24,female,Meghalaya,masters,74.3,322000.0,1,999,1,0,0,1,1,1,79.72,Eligible
ARG45,29,male,Manipur,phd,82.9,620000.0,2,999,1,0,0,1,1,1,68.16,Eligible
BVOBC,17,male,Chhattisgarh,12th,61.8,146000.0,78,999,1,0,0,1,1,1,64.72,Eligible
ARG45,25,female,Tamil Nadu,phd,86.8,843000.0,3,999,1,0,0,0,1,1,74.72,Ineligible
ARG45,22,male,Kerala,masters,57.1,411000.0,65,999,1,0,0,1,1,1,52.84,Eligible
ARG45,32,male,Kerala,phd,51.4,297000.0,140,999,1,0,0,1,1,1,48.56,Ineligible
A023B,23,female,Mizoram,bachelors,94.3,560000.0,72,999,1,0,0,1,0,1,72.72,Borderline
BPVGK,14,male,Jharkhand,10th,45.2,141000.0,999,999,1,0,0,1,1,1,51.08,Ineligible
A023B,22,male,Nagaland,bachelors,96.1,793000.0,3,999,0,0,0,1,1,1,73.44,Ineligible
AZKMI,23,male,Assam,masters,52.7,967000.0,999,37,0,1,64,1,1,1,61.08,Ineligible
BPVGK,17,male,Odisha,10th,80.9,183000.0,999,999,1,0,0,1,1,1,65.36,Eligible
A023B,21,female,Assam,bachelors,79.5,288000.0,1,999,1,0,0,1,1,1,81.8,Eligible
BVOBC,20,male,Manipur,12th,77.3,338000.0,3,999,1,0,0,1,0,1,75.92,Ineligible
ARG45,30,female,Nagaland,phd,58.3,111000.0,1,999,1,0,0,1,1,1,78.32,Eligible
ARG45,33,female,Chhattisgarh,masters,75.7,600000.0,59,999,1,0,0,1,1,1,65.28,Eligible
BPVGK,15,male,Arunachal Pradesh,10th,45.7,314000.0,999,999,1,0,0,1,1,1,46.28,Ineligible
BVOBC,22,male,Jharkhand,bachelors,62.0,356000.0,78,999,1,0,0,1,1,1,59.8,Ineligible
ARG45,28,male,Arunachal Pradesh,masters,60.4,768000.0,59,999,1,0,0,1,1,1,49.16,Eligible
ARG45,26,female,Telangana,phd,94.2,808000.0,6,999,1,0,0,1,1,1,77.68,Eligible
ARG45,28,male,Karnataka,masters,54.5,728000.0,1,999,1,1,52,1,1,1,61.8,Ineligible
A023B,19,male,Jharkhand,masters,59.6,161000.0,5,999,1,0,0,1,1,1,73.84,Eligible
AZKMI,24,male,Andhra Pradesh,phd,75.0,140000.0,999,3,1,0,0,1,1,1,80.0,Eligible
BVOBC,23,male,Madhya Pradesh,12th,70.9,249000.0,1,999,1,0,0,1,1,0,73.36,Borderline
AZKMI,25,female,Chhattisgarh,masters,82.5,529000.0,999,3,1,0,0,1,1,1,78.0,Eligible
BPVGK,15,male,Assam,10th,48.0,58000.0,999,999,1,0,0,1,0,1,52.2,Ineligible
BVOBC,18,male,Telangana,bachelors,94.7,384000.0,1,999,1,0,0,1,1,1,82.88,Ineligible
BVOBC,21,female,Rajasthan,12th,56.2,87000.0,78,999,1,0,0,1,1,1,67.48,Eligible
BPVGK,14,female,Rajasthan,10th,65.9,314000.0,999,999,1,1,48,1,1,1,64.36,Ineligible
BPVGK,17,female,Tamil Nadu,10th,67.8,144000.0,999,999,1,0,0,1,1,1,65.12,Eligible
ARG45,31,female,Jharkhand,masters,68.7,802000.0,3,999,1,0,0,1,1,1,67.48,Eligible
ARG45,34,male,Telangana,masters,61.9,767000.0,5,999,1,0,0,1,1,1,59.76,Eligible
BVOBC,17,female,Chhattisgarh,12th,63.7,241000.0,95,999,1,0,0,0,1,0,65.48,Borderline
AZKMI,33,male,Odisha,masters,53.8,561000.0,999,14,1,0,0,1,1,1,61.52,Ineligible
AZKMI,33,male,Sikkim,masters,80.8,644000.0,999,1,1,0,0,1,1,1,67.32,Ineligible
AZKMI,33,female,Assam,masters,69.5,851000.0,999,2,1,0,0,1,1,1,67.8,Ineligible
BPVGK,16,male,Karnataka,10th,78.7,62000.0,999,999,1,0,0,1,1,1,64.48,Eligible
ARG45,31,male,Tamil Nadu,masters,83.3,841000.0,6,999,1,0,0,1,1,1,68.32,Eligible
BVOBC,20,male,Tripura,bachelors,86.1,359000.0,72,999,1,0,0,0,0,1,69.44,Ineligible
AZKMI,28,female,Karnataka,phd,92.7,954000.0,999,3,1,0,0,1,1,1,77.08,Ineligible
BVOBC,21,male,Jharkhand,bachelors,89.0,320000.0,110,999,1,0,0,1,1,1,63.6,Ineligible
AZKMI,29,female,Kerala,postdoc,84.7,911000.0,999,32,1,0,0,1,1,1,73.88,Ineligible
A023B,24,male,Tripura,bachelors,73.5,732000.0,3,999,1,0,0,1,1,1,64.4,Ineligible
A023B,22,male,Tamil Nadu,bachelors,90.0,213000.0,3,999,1,0,0,1,1,1,81.0,Eligible
BVOBC,19,female,Gujarat,12th,63.8,298000.0,2,999,1,1,57,1,1,1,80.52,Ineligible
AZKMI,27,other,Meghalaya,masters,85.7,242000.0,999,14,1,0,0,1,1,1,79.28,Eligible
BVOBC,24,female,Arunachal Pradesh,12th,50.3,367000.0,85,999,1,0,0,1,1,1,60.12,Ineligible
A023B,20,male,Mizoram,bachelors,58.4,606000.0,5,999,1,0,0,1,1,0,58.36,Ineligible
AZKMI,37,male,Arunachal Pradesh,phd,61.7,860000.0,999,32,0,0,0,1,1,1,59.68,Ineligible
ARG45,28,male,Jharkhand,phd,89.4,749000.0,2,999,0,0,0,1,1,1,70.76,Ineligible
BVOBC,18,female,Rajasthan,bachelors,91.5,272000.0,65,999,1,0,0,1,1,1,76.6,Ineligible
ARG45,36,female,Karnataka,phd,64.6,496000.0,65,999,1,0,0,1,1,1,60.84,Eligible
BVOBC,20,female,Maharashtra,12th,66.7,258000.0,2,999,1,0,0,0,1,1,76.68,Ineligible
BPVGK,14,male,Telangana,10th,69.7,83000.0,999,999,1,0,0,1,1,1,60.88,Eligible
AZKMI,26,male,Telangana,postdoc,51.2,680000.0,999,37,1,0,0,1,1,1,55.48,Ineligible
BPVGK,15,female,Rajasthan,10th,53.4,235000.0,999,999,1,0,0,1,1,1,54.36,Eligible
ARG45,26,male,Tamil Nadu,phd,88.4,641000.0,2,999,1,0,0,1,1,1,70.36,Eligible
A023B,18,male,Andhra Pradesh,masters,57.0,215000.0,65,999,1,0,0,1,1,1,57.8,Eligible
ARG45,23,female,Chhattisgarh,phd,79.0,860000.0,2,999,1,0,0,1,1,0,71.6,Borderline
BVOBC,23,male,Andhra Pradesh,bachelors,72.2,133000.0,110,999,1,0,0,1,1,1,61.88,Eligible
ARG45,24,female,Rajasthan,masters,92.9,832000.0,250,999,1,0,0,1,1,1,60.16,Eligible
ARG45,35,male,Kerala,masters,58.0,865000.0,110,999,1,0,0,1,1,0,41.2,Borderline
AZKMI,28,female,Odisha,postdoc,85.6,531000.0,999,1,1,0,0,1,1,1,79.24,Eligible
BVOBC,20,female,Gujarat,bachelors,84.4,275000.0,88,999,1,1,60,1,1,1,78.76,Ineligible
BVOBC,21,female,Odisha,bachelors,56.7,338000.0,140,999,1,0,0,1,1,1,55.68,Ineligible
AZKMI,23,female,Mizoram,masters,92.2,694000.0,999,8,1,0,0,1,1,1,76.88,Ineligible
BVOBC,23,female,Meghalaya,12th,75.1,202000.0,140,999,1,1,45,1,1,1,68.04,Eligible
ARG45,24,female,Meghalaya,masters,53.2,788000.0,140,999,1,0,0,1,1,1,44.28,Ineligible
BPVGK,17,male,Arunachal Pradesh,10th,68.1,211000.0,999,999,1,0,0,1,1,0,55.24,Borderline
A023B,25,female,Arunachal Pradesh,bachelors,58.4,513000.0,3,999,1,0,0,1,1,1,68.36,Eligible
AZKMI,36,male,Telangana,postdoc,74.5,417000.0,999,32,0,0,0,1,1,1,69.8,Ineligible
AZKMI,33,female,Madhya Pradesh,phd,63.9,128000.0,999,22,1,0,0,1,1,1,80.56,Eligible
ARG45,22,female,Madhya Pradesh,phd,71.9,378000.0,72,999,1,0,0,1,0,1,68.76,Borderline
BVOBC,24,female,Arunachal Pradesh,bachelors,60.6,236000.0,59,999,1,0,0,1,1,1,64.24,Eligible
A023B,21,female,Madhya Pradesh,masters,93.3,387000.0,59,999,1,0,0,1,1,1,77.32,Eligible
BVOBC,23,female,Odisha,bachelors,73.8,262000.0,78,999,1,0,0,1,1,1,69.52,Ineligible
BVOBC,20,female,Tripura,12th,80.4,254000.0,85,999,1,0,0,1,1,1,72.16,Ineligible
ARG45,25,female,Rajasthan,masters,88.4,576000.0,250,999,1,0,0,1,1,1,63.36,Eligible
AZKMI,28,male,Arunachal Pradesh,phd,93.8,778000.0,999,6,1,0,0,1,1,1,72.52,Ineligible
AZKMI,28,female,Kerala,postdoc,60.9,735000.0,999,6,1,0,0,1,1,1,64.36,Ineligible
A023B,21,female,Karnataka,bachelors,80.5,440000.0,2,999,1,0,0,1,1,1,77.2,Eligible
BVOBC,21,male,Kerala,12th,57.7,77000.0,85,999,1,0,0,0,1,1,63.08,Ineligible
ARG45,29,female,Andhra Pradesh,phd,63.6,775000.0,95,999,1,0,0,1,1,1,55.44,Eligible
A023B,18,male,Assam,masters,67.0,392000.0,65,999,1,1,40,1,1,1,66.8,Eligible
ARG45,34,male,Mizoram,masters,59.2,786000.0,88,999,1,0,0,1,1,1,48.68,Eligible
ARG45,30,male,Andhra Pradesh,phd,93.7,126000.0,1,999,0,0,0,1,1,1,87.48,Ineligible
AZKMI,23,female,Tripura,masters,92.1,596000.0,999,3,0,0,0,1,1,1,81.84,Ineligible
BPVGK,15,male,Odisha,10th,60.5,124000.0,999,999,1,0,0,1,1,1,57.2,Eligible
AZKMI,33,male,Kerala,postdoc,87.4,129000.0,999,32,1,0,0,1,1,1,84.96,Eligible
BVOBC,18,male,Assam,bachelors,67.3,143000.0,78,999,1,0,0,1,0,1,66.92,Borderline
BVOBC,22,female,Gujarat,12th,53.3,333000.0,5,999,1,0,0,1,1,1,71.32,Ineligible
AZKMI,25,male,Maharashtra,postdoc,94.7,661000.0,999,1,1,0,0,1,1,0,72.88,Ineligible
ARG45,26,male,Gujarat,phd,71.1,117000.0,2,999,1,1,52,1,1,1,83.44,Eligible
ARG45,31,male,Assam,phd,83.8,325000.0,65,999,1,0,0,1,1,1,68.52,Eligible
BPVGK,16,male,Kerala,10th,85.8,85000.0,999,999,1,0,0,1,1,1,67.32,Eligible
BVOBC,18,female,Karnataka,12th,49.6,298000.0,1,999,1,0,0,1,1,1,69.84,Ineligible
AZKMI,29,female,Arunachal Pradesh,postdoc,89.7,516000.0,999,2,1,0,0,1,1,1,80.88,Eligible
AZKMI,26,female,Tamil Nadu,phd,52.3,424000.0,999,22,1,0,0,1,1,1,65.92,Ineligible
AZKMI,31,male,Madhya Pradesh,postdoc,51.8,960000.0,999,650,1,0,0,1,1,1,35.72,Ineligible
A023B,21,male,Gujarat,masters,79.7,757000.0,65,999,1,0,0,1,1,1,56.88,Ineligible
BPVGK,17,female,Mizoram,10th,85.4,268000.0,999,999,1,0,0,1,1,0,67.16,Ineligible
ARG45,22,male,Andhra Pradesh,masters,76.9,356000.0,5,999,1,0,0,1,1,1,75.76,Eligible
BVOBC,24,male,Maharashtra,bachelors,83.2,130000.0,78,999,1,0,0,1,1,1,73.28,Eligible
ARG45,27,female,Maharashtra,phd,76.6,603000.0,1,999,0,0,0,1,1,1,70.64,Ineligible
ARG45,36,male,Nagaland,masters,63.7,766000.0,140,999,1,0,0,1,1,1,43.48,Eligible
ARG45,28,female,Mizoram,phd,53.2,704000.0,88,999,1,0,0,1,1,1,51.28,Ineligible
BPVGK,16,female,Rajasthan,10th,65.7,116000.0,999,999,1,0,0,1,1,1,64.28,Eligible
ARG45,28,male,Kerala,masters,89.9,353000.0,3,999,1,0,0,1,1,1,80.96,Eligible
BVOBC,18,female,Kerala,bachelors,92.1,384000.0,59,999,1,0,0,1,1,1,76.84,Ineligible
BVOBC,20,male,Tripura,bachelors,79.1,332000.0,59,999,1,0,0,1,1,1,66.64,Ineligible
BVOBC,22,female,Arunachal Pradesh,bachelors,76.8,50000.0,88,999,1,0,0,1,1,1,75.72,Eligible
BVOBC,20,male,Odisha,12th,48.3,271000.0,1,999,1,1,76,1,1,1,69.32,Ineligible
BVOBC,18,female,Nagaland,bachelors,72.5,353000.0,59,999,1,0,0,1,0,1,69.0,Ineligible
ARG45,26,male,Chhattisgarh,masters,67.5,891000.0,6,999,1,0,0,1,1,1,62.0,Eligible
A023B,25,male,Andhra Pradesh,bachelors,90.8,455000.0,1,999,1,0,0,1,1,1,76.32,Eligible
BVOBC,20,female,Arunachal Pradesh,bachelors,78.6,80000.0,6,999,1,0,0,1,1,1,86.44,Eligible
ARG45,22,female,Nagaland,phd,57.3,272000.0,1,999,1,0,0,1,1,1,72.92,Eligible
BPVGK,17,male,Chhattisgarh,10th,52.7,273000.0,999,999,1,0,0,1,1,1,49.08,Ineligible
A023B,21,male,Maharashtra,bachelors,86.6,94000.0,1,999,1,0,0,1,1,1,84.64,Eligible
ARG45,30,female,Rajasthan,phd,58.7,393000.0,2,999,1,0,0,1,1,1,73.48,Eligible
ARG45,22,male,Gujarat,phd,74.9,196000.0,59,999,1,0,0,1,1,1,69.96,Eligible
BVOBC,23,female,Tripura,12th,87.0,312000.0,2,999,1,0,0,1,1,1,84.8,Ineligible
BPVGK,17,male,Telangana,10th,78.7,312000.0,999,999,1,0,0,1,1,1,59.48,Ineligible
BVOBC,23,male,Chhattisgarh,12th,65.3,78000.0,59,999,1,0,0,1,0,1,66.12,Borderline
BPVGK,15,female,Telangana,10th,90.0,259000.0,999,999,1,0,0,1,1,1,69.0,Ineligible
BVOBC,18,female,Maharashtra,bachelors,61.6,378000.0,85,999,1,0,0,1,1,1,64.64,Ineligible
ARG45,24,female,Mizoram,masters,78.6,845000.0,250,999,1,0,0,1,1,1,54.44,Eligible
BVOBC,18,female,Sikkim,bachelors,91.8,290000.0,95,999,1,0,0,0,1,1,76.72,Ineligible
BVOBC,24,male,Nagaland,12th,82.5,46000.0,6,999,1,0,0,1,1,1,83.0,Eligible
BVOBC,22,male,Maharashtra,12th,52.1,201000.0,72,999,1,0,0,1,1,1,55.84,Eligible
ARG45,28,female,Tamil Nadu,masters,84.4,680000.0,6,999,1,0,0,1,1,1,73.76,Eligible
ARG45,26,male,Arunachal Pradesh,masters,84.4,542000.0,110,999,1,0,0,1,1,1,56.76,Eligible
AZKMI,30,male,Meghalaya,phd,62.4,958000.0,999,1,1,0,0,1,1,1,59.96,Ineligible
AZKMI,38,female,Manipur,postdoc,54.8,443000.0,999,37,1,0,0,1,1,1,66.92,Ineligible
BVOBC,22,male,Tripura,12th,51.0,360000.0,65,999,1,0,0,1,1,1,55.4,Ineligible
AZKMI,21,female,Tamil Nadu,postdoc,58.1,581000.0,999,6,1,0,0,1,1,1,68.24,Eligible
A023B,22,female,Odisha,bachelors,81.6,611000.0,65,999,1,0,0,1,1,1,62.64,Ineligible
BPVGK,14,female,Mizoram,10th,45.0,45000.0,999,999,1,0,0,1,1,1,56.0,Ineligible
ARG45,25,male,Tamil Nadu,masters,91.0,858000.0,110,999,1,0,0,1,1,1,54.4,Eligible
A023B,18,male,Nagaland,masters,94.3,737000.0,5,999,1,0,0,1,1,1,72.72,Ineligible
ARG45,33,male,Arunachal Pradesh,masters,52.1,288000.0,72,999,1,0,0,0,1,1,55.84,Ineligible
ARG45,30,male,Manipur,phd,86.8,374000.0,72,999,0,0,0,1,1,1,69.72,Ineligible
AZKMI,36,female,Tamil Nadu,masters,64.2,483000.0,999,4,1,0,0,1,1,1,70.68,Ineligible
BPVGK,14,male,Nagaland,10th,57.9,128000.0,999,999,1,0,0,1,1,1,56.16,Eligible
BVOBC,22,female,Gujarat,12th,49.9,337000.0,2,999,1,0,0,1,1,1,69.96,Ineligible
ARG45,25,female,Manipur,masters,57.5,756000.0,65,999,1,0,0,1,1,1,53.0,Eligible
ARG45,34,male,Andhra Pradesh,masters,78.5,449000.0,1,999,1,0,0,1,1,1,71.4,Eligible
BVOBC,19,male,Manipur,12th,74.8,150000.0,95,999,1,0,0,1,1,1,69.92,Eligible
ARG45,23,male,Andhra Pradesh,phd,53.0,342000.0,65,999,1,0,0,1,1,1,56.2,Ineligible
AZKMI,32,female,Meghalaya,postdoc,59.7,795000.0,999,6,1,0,0,1,1,1,63.88,Ineligible
BVOBC,21,male,Chhattisgarh,bachelors,55.2,144000.0,1,999,1,0,0,1,1,1,72.08,Eligible
ARG45,23,female,Telangana,masters,81.0,261000.0,250,999,0,0,0,0,1,1,65.4,Ineligible
A023B,19,male,Maharashtra,masters,89.2,426000.0,85,999,1,0,0,1,1,1,65.68,Eligible
AZKMI,27,female,Nagaland,phd,82.8,534000.0,999,22,1,0,0,1,1,1,78.12,Eligible
A023B,25,female,Tripura,masters,86.9,752000.0,1,999,1,0,0,1,1,1,74.76,Ineligible
AZKMI,33,male,Kerala,postdoc,85.7,336000.0,999,8,1,0,0,1,1,1,79.28,Eligible
ARG45,25,male,Karnataka,masters,73.9,257000.0,88,999,1,0,0,1,1,1,64.56,Eligible
A023B,24,male,Maharashtra,masters,86.7,451000.0,2,999,1,0,0,1,1,1,74.68,Eligible
BVOBC,22,male,Manipur,12th,93.2,307000.0,65,999,1,0,0,1,1,1,72.28,Ineligible
A023B,22,male,Madhya Pradesh,bachelors,82.5,733000.0,65,999,1,0,0,1,1,1,58.0,Ineligible
BPVGK,16,female,Manipur,10th,84.7,96000.0,999,999,1,0,0,1,1,1,71.88,Eligible
AZKMI,27,male,Madhya Pradesh,postdoc,51.3,575000.0,999,8,1,0,0,1,1,1,60.52,Ineligible
BPVGK,16,male,Karnataka,10th,73.8,314000.0,999,999,1,0,0,1,1,1,57.52,Ineligible
BPVGK,15,male,Kerala,10th,86.7,172000.0,999,999,1,0,0,1,1,1,67.68,Eligible
BPVGK,16,male,Kerala,10th,49.5,295000.0,999,999,1,0,0,1,1,1,47.8,Ineligible
BVOBC,22,female,Jharkhand,12th,51.5,182000.0,2,999,1,0,0,1,1,1,75.6,Eligible
ARG45,31,male,Karnataka,phd,63.8,603000.0,88,999,1,0,0,1,1,1,50.52,Eligible
BVOBC,18,female,Karnataka,12th,59.5,62000.0,6,999,1,0,0,1,1,1,78.8,Eligible
ARG45,28,female,Telangana,phd,56.3,429000.0,1,999,1,0,0,1,1,1,67.52,Eligible
ARG45,22,female,Tamil Nadu,phd,74.5,879000.0,59,999,1,0,0,1,1,1,59.8,Eligible
ARG45,25,female,Tripura,phd,75.6,360000.0,2,999,1,0,0,1,1,1,80.24,Eligible
ARG45,29,female,Telangana,phd,58.2,84000.0,1,999,1,0,0,1,1,1,78.28,Eligible
ARG45,23,male,Nagaland,phd,86.3,275000.0,59,999,1,0,0,1,1,1,69.52,Eligible
BPVGK,16,female,Rajasthan,10th,65.5,115000.0,999,999,1,0,0,0,0,1,64.2,Borderline
BVOBC,20,male,Assam,12th,58.5,215000.0,1,999,1,0,0,1,0,1,68.4,Borderline
ARG45,30,male,Meghalaya,masters,76.6,727000.0,85,999,1,0,0,1,1,1,55.64,Eligible
AZKMI,21,male,Tamil Nadu,postdoc,57.8,555000.0,999,6,0,0,0,1,1,1,63.12,Ineligible
BPVGK,16,female,Gujarat,10th,71.9,316000.0,999,999,1,0,0,1,1,1,61.76,Ineligible
BPVGK,14,female,Arunachal Pradesh,10th,84.4,272000.0,999,999,1,0,0,1,1,1,66.76,Ineligible
BVOBC,18,female,Nagaland,bachelors,55.5,209000.0,95,999,1,0,0,0,1,1,62.2,Ineligible
A023B,19,male,Sikkim,bachelors,85.9,516000.0,65,999,1,1,56,1,1,1,69.36,Eligible
A023B,20,female,Karnataka,masters,66.4,200000.0,6,999,1,0,0,1,1,1,81.56,Eligible
ARG45,24,female,Mizoram,masters,62.1,295000.0,85,999,1,0,0,1,1,1,64.84,Eligible
AZKMI,28,male,Maharashtra,postdoc,78.9,154000.0,999,21,1,0,0,1,1,1,81.56,Eligible
BVOBC,24,male,Sikkim,12th,83.0,394000.0,59,999,1,1,75,1,1,1,73.2,Ineligible
A023B,18,female,Assam,masters,90.8,580000.0,3,999,1,0,0,1,1,1,81.32,Eligible
ARG45,28,female,Arunachal Pradesh,masters,52.3,70000.0,110,999,1,0,0,1,1,1,58.92,Ineligible
BVOBC,20,female,Manipur,bachelors,90.6,189000.0,6,999,1,0,0,1,1,1,91.24,Eligible
A023B,23,female,Manipur,bachelors,57.6,436000.0,85,999,1,0,0,1,1,1,58.04,Eligible
BVOBC,18,female,Sikkim,12th,55.4,333000.0,65,999,1,0,0,1,1,1,62.16,Ineligible
AZKMI,31,female,Chhattisgarh,postdoc,84.8,769000.0,999,2,0,1,56,1,1,0,78.92,Ineligible
ARG45,25,male,Sikkim,phd,52.4,882000.0,2,999,1,0,0,1,1,1,55.96,Ineligible
ARG45,24,female,Tripura,masters,91.0,287000.0,3,999,1,1,61,1,0,1,91.4,Borderline
A023B,25,female,Sikkim,bachelors,71.2,96000.0,1,999,1,0,0,1,1,1,83.48,Eligible
A023B,22,female,Sikkim,bachelors,96.7,568000.0,1,999,1,0,0,1,1,1,83.68,Eligible
ARG45,27,female,Kerala,masters,57.7,421000.0,110,999,0,0,0,1,1,1,51.08,Ineligible
BPVGK,17,female,Karnataka,10th,51.3,178000.0,999,999,1,0,0,0,1,1,58.52,Ineligible
AZKMI,28,female,Jharkhand,phd,86.9,602000.0,999,2,0,0,0,1,1,1,74.76,Ineligible
A023B,21,female,Nagaland,masters,81.1,606000.0,2,999,1,1,65,0,1,1,77.44,Ineligible
A023B,19,female,Odisha,bachelors,79.7,460000.0,1,999,1,0,0,1,1,1,76.88,Eligible
ARG45,33,male,Andhra Pradesh,masters,89.0,362000.0,88,999,1,0,0,1,1,1,70.6,Eligible
ARG45,33,male,Gujarat,phd,70.4,559000.0,85,999,1,0,0,1,1,1,58.16,Eligible
ARG45,22,female,Tripura,masters,67.3,692000.0,6,999,1,0,0,1,1,1,66.92,Eligible
BVOBC,24,male,Karnataka,12th,64.8,235000.0,88,999,1,0,0,1,0,0,60.92,Borderline
BPVGK,16,male,Karnataka,10th,64.4,43000.0,999,999,1,0,0,1,1,1,58.76,Eligible
A023B,19,female,Gujarat,bachelors,86.1,256000.0,65,999,1,0,0,1,1,1,74.44,Eligible
BVOBC,21,male,Manipur,12th,94.6,108000.0,5,999,1,0,0,1,1,1,87.84,Eligible
ARG45,22,male,Meghalaya,phd,64.5,852000.0,5,999,1,0,0,1,1,1,60.8,Eligible
A023B,20,male,Chhattisgarh,masters,92.9,599000.0,88,999,1,0,0,1,1,1,67.16,Eligible
A023B,20,male,Nagaland,masters,61.1,462000.0,65,999,1,0,0,1,1,1,54.44,Eligible
BVOBC,19,female,Rajasthan,12th,62.6,204000.0,85,999,1,0,0,1,1,1,65.04,Eligible
BVOBC,18,male,Karnataka,12th,80.0,378000.0,1,999,1,0,0,1,0,1,77.0,Ineligible
ARG45,22,male,Tripura,masters,70.9,205000.0,65,999,1,0,0,1,1,1,63.36,Eligible
ARG45,25,female,Madhya Pradesh,masters,75.6,892000.0,59,999,1,1,51,1,1,1,65.24,Eligible
BPVGK,17,male,Jharkhand,10th,66.8,134000.0,999,999,1,0,0,0,1,1,59.72,Ineligible
BPVGK,16,female,Tripura,10th,77.8,316000.0,999,999,1,0,0,0,1,1,64.12,Ineligible
BVOBC,18,female,Jharkhand,bachelors,57.1,172000.0,1,999,1,0,0,0,1,1,77.84,Ineligible
AZKMI,34,female,Arunachal Pradesh,postdoc,57.6,946000.0,999,2,1,0,0,1,1,1,63.04,Ineligible
A023B,24,female,Tripura,masters,95.1,644000.0,95,999,1,0,0,1,0,1,68.04,Ineligible
BPVGK,16,female,Karnataka,10th,84.5,124000.0,999,999,1,0,0,1,1,1,71.8,Eligible
ARG45,34,female,Jharkhand,phd,72.5,466000.0,72,999,0,1,46,1,1,1,69.0,Ineligible
ARG45,34,female,Arunachal Pradesh,phd,74.6,856000.0,6,999,1,0,0,1,1,1,69.84,Eligible
BVOBC,19,female,Mizoram,12th,94.5,278000.0,5,999,1,0,0,1,1,1,87.8,Ineligible
ARG45,25,male,Tamil Nadu,masters,73.9,449000.0,85,999,1,0,0,1,1,1,59.56,Eligible
A023B,19,female,Telangana,masters,80.2,382000.0,1,999,1,0,0,1,1,1,82.08,Eligible
BVOBC,22,other,Maharashtra,bachelors,55.0,310000.0,3,999,1,0,0,1,1,1,67.0,Ineligible
ARG45,30,female,Nagaland,phd,50.2,855000.0,140,999,1,0,0,1,1,1,43.08,Ineligible
ARG45,33,female,Maharashtra,masters,54.7,435000.0,65,999,1,0,0,1,1,1,56.88,Ineligible
AZKMI,36,male,Chhattisgarh,postdoc,54.5,840000.0,999,32,1,0,0,1,1,1,56.8,Ineligible
AZKMI,22,male,Mizoram,postdoc,72.8,189000.0,999,32,1,0,0,1,1,1,79.12,Eligible
BPVGK,17,male,Madhya Pradesh,10th,62.0,138000.0,999,999,1,0,0,1,1,1,57.8,Eligible
ARG45,22,male,Sikkim,phd,56.2,453000.0,65,999,1,0,0,1,0,1,52.48,Borderline
ARG45,29,male,Chhattisgarh,masters,55.8,230000.0,110,999,1,0,0,1,1,1,50.32,Eligible
AZKMI,38,female,Sikkim,masters,90.5,106000.0,999,6,1,0,0,1,1,1,91.2,Ineligible
A023B,22,male,Odisha,bachelors,89.3,177000.0,95,999,1,1,56,1,1,1,80.72,Eligible
BPVGK,17,male,Tripura,10th,58.0,243000.0,999,999,1,0,0,1,1,1,51.2,Eligible
AZKMI,32,female,Chhattisgarh,postdoc,83.7,890000.0,999,4,1,0,0,1,1,1,73.48,Ineligible
BVOBC,17,female,Jharkhand,12th,55.1,57000.0,250,999,1,0,0,1,1,1,60.04,Eligible
BVOBC,20,male,Chhattisgarh,12th,59.7,348000.0,250,999,1,0,0,1,1,1,51.88,Ineligible
ARG45,27,female,Madhya Pradesh,masters,52.1,145000.0,3,999,1,0,0,1,1,1,75.84,Ineligible
BPVGK,15,male,Tripura,10th,56.6,308000.0,999,999,1,0,0,1,1,1,50.64,Ineligible
ARG45,36,female,Jharkhand,phd,91.0,413000.0,6,999,1,0,0,1,1,1,81.4,Eligible
BPVGK,16,female,Gujarat,10th,82.2,323000.0,999,999,1,0,0,1,1,1,65.88,Ineligible
A023B,23,male,Chhattisgarh,masters,76.8,326000.0,1,999,1,0,0,1,1,1,75.72,Eligible
A023B,22,female,Tripura,masters,87.6,687000.0,6,999,1,1,58,1,1,1,80.04,Ineligible
A023B,25,female,Rajasthan,bachelors,70.6,660000.0,2,999,1,0,0,1,1,1,68.24,Ineligible
ARG45,25,female,Manipur,masters,84.9,806000.0,72,999,1,0,0,1,1,1,63.96,Eligible
A023B,20,female,Odisha,masters,66.2,621000.0,1,999,0,0,0,1,1,1,66.48,Ineligible
AZKMI,25,female,Arunachal Pradesh,masters,70.0,903000.0,999,32,1,0,0,0,1,1,68.0,Ineligible
BPVGK,17,female,Karnataka,10th,68.8,251000.0,999,999,1,0,0,1,1,1,60.52,Ineligible
A023B,24,male,Andhra Pradesh,bachelors,89.3,452000.0,140,999,1,0,0,1,1,1,58.72,Ineligible
AZKMI,21,female,Jharkhand,postdoc,73.6,851000.0,999,4,1,0,0,1,1,1,69.44,Ineligible
A023B,23,female,Meghalaya,bachelors,84.3,611000.0,85,999,1,0,0,1,1,1,63.72,Ineligible
AZKMI,21,female,Arunachal Pradesh,masters,87.4,574000.0,999,4,1,0,0,1,1,1,79.96,Eligible
A023B,20,female,Odisha,bachelors,75.7,157000.0,2,999,1,0,0,1,1,1,85.28,Eligible
BPVGK,16,female,Maharashtra,10th,52.9,313000.0,999,999,1,0,0,1,1,1,54.16,Ineligible
A023B,19,male,Odisha,masters,96.1,86000.0,3,999,1,0,0,1,1,0,88.44,Borderline
BPVGK,16,male,Jharkhand,10th,54.2,157000.0,999,999,1,0,0,1,1,1,54.68,Eligible
ARG45,34,female,Sikkim,masters,91.5,737000.0,3,999,1,0,0,1,1,1,76.6,Eligible
AZKMI,27,female,Odisha,masters,58.3,852000.0,999,4,1,0,0,1,1,1,63.32,Ineligible
BVOBC,23,female,Meghalaya,12th,91.7,42000.0,2,999,1,0,0,0,1,1,91.68,Ineligible
BPVGK,16,female,Maharashtra,10th,50.4,223000.0,999,999,1,0,0,1,1,1,53.16,Eligible
ARG45,23,male,Maharashtra,masters,90.3,159000.0,110,999,1,0,0,1,1,1,69.12,Eligible
BVOBC,24,female,Arunachal Pradesh,bachelors,77.9,337000.0,78,999,1,0,0,1,1,1,71.16,Ineligible
BPVGK,16,male,Meghalaya,10th,46.2,261000.0,999,999,1,0,0,1,1,1,46.48,Ineligible
ARG45,35,male,Mizoram,masters,57.6,518000.0,2,999,1,0,0,1,1,1,63.04,Eligible
ARG45,26,female,Mizoram,masters,77.9,295000.0,65,999,1,0,0,1,1,0,71.16,Borderline
ARG45,23,female,Maharashtra,masters,56.9,374000.0,88,999,1,0,0,0,1,1,62.76,Ineligible
ARG45,32,female,Manipur,masters,60.2,400000.0,250,999,1,0,0,1,1,1,57.08,Eligible
BVOBC,19,male,Gujarat,bachelors,88.3,182000.0,1,999,1,0,0,1,1,1,85.32,Eligible
ARG45,25,male,Karnataka,masters,55.7,871000.0,5,999,1,0,0,1,1,1,57.28,Eligible
BVOBC,19,male,Tripura,12th,51.0,127000.0,140,999,1,0,0,1,1,1,53.4,Eligible
A023B,24,female,Madhya Pradesh,bachelors,80.6,704000.0,2,999,1,0,0,1,0,1,72.24,Ineligible
ARG45,23,female,Madhya Pradesh,phd,66.8,667000.0,6,999,0,0,0,1,1,1,66.72,Ineligible
BVOBC,18,male,Tripura,12th,80.8,361000.0,59,999,1,0,0,1,1,1,67.32,Ineligible
ARG45,27,male,Karnataka,masters,62.2,220000.0,2,999,1,0,0,1,1,1,69.88,Eligible
AZKMI,24,female,Assam,phd,60.7,857000.0,999,22,0,0,0,1,1,1,64.28,Ineligible
A023B,22,male,Mizoram,bachelors,61.6,147000.0,6,999,1,0,0,1,1,1,74.64,Eligible
ARG45,30,female,Jharkhand,phd,72.2,422000.0,110,999,1,0,0,1,1,1,56.88,Eligible
ARG45,23,male,Karnataka,phd,89.3,852000.0,1,999,1,0,0,1,1,0,70.72,Borderline
AZKMI,32,male,Manipur,postdoc,73.7,273000.0,999,650,1,0,0,1,1,1,54.48,Ineligible
A023B,25,female,Telangana,bachelors,83.3,641000.0,2,999,1,0,0,1,1,1,73.32,Ineligible
BVOBC,19,female,Karnataka,bachelors,45.4,78000.0,1,999,1,0,0,1,1,1,73.16,Ineligible
A023B,24,male,Nagaland,bachelors,80.3,261000.0,85,999,1,0,0,0,1,1,67.12,Ineligible
AZKMI,21,female,Kerala,masters,77.2,690000.0,999,14,1,0,0,1,1,1,70.88,Ineligible
AZKMI,22,male,Manipur,postdoc,66.3,275000.0,999,2,1,0,0,1,1,1,71.52,Eligible
ARG45,25,male,Madhya Pradesh,phd,84.3,513000.0,1,999,1,0,0,1,1,1,73.72,Eligible
A023B,24,female,Jharkhand,bachelors,95.1,183000.0,85,999,1,0,0,1,1,1,83.04,Eligible
A023B,20,male,Andhra Pradesh,masters,67.1,590000.0,1,999,1,0,0,1,1,1,66.84,Eligible
AZKMI,28,female,Arunachal Pradesh,postdoc,55.0,985000.0,999,1,1,0,0,1,0,1,62.0,Ineligible
AZKMI,27,female,Arunachal Pradesh,postdoc,54.5,414000.0,999,6,1,0,0,1,1,1,66.8,Ineligible
BPVGK,14,male,Andhra Pradesh,10th,66.1,252000.0,999,999,1,0,0,1,1,1,54.44,Ineligible
BPVGK,17,male,Arunachal Pradesh,10th,61.4,139000.0,999,999,1,0,0,1,1,0,57.56,Borderline
BVOBC,19,male,Tamil Nadu,bachelors,80.6,55000.0,1,999,1,0,0,1,1,1,82.24,Eligible
BVOBC,21,female,Andhra Pradesh,bachelors,66.8,161000.0,1,999,1,0,0,1,1,1,81.72,Eligible
A023B,22,other,Maharashtra,masters,87.1,353000.0,1,999,1,0,0,1,1,1,79.84,Eligible
A023B,18,male,Meghalaya,bachelors,80.6,244000.0,78,999,1,0,0,0,1,1,67.24,Ineligible
AZKMI,22,female,Kerala,postdoc,85.1,529000.0,999,2,1,0,0,1,1,1,79.04,Eligible
A023B,22,female,Gujarat,masters,64.1,117000.0,65,999,1,0,0,1,1,1,70.64,Eligible
BPVGK,15,female,Arunachal Pradesh,10th,79.0,154000.0,999,999,1,0,0,1,1,1,69.6,Eligible
BPVGK,14,female,Nagaland,10th,71.0,291000.0,999,999,1,0,0,1,1,1,61.4,Ineligible
ARG45,23,female,Maharashtra,masters,85.0,319000.0,65,999,1,0,0,1,1,1,74.0,Eligible
AZKMI,34,female,Arunachal Pradesh,masters,65.2,133000.0,999,650,1,0,0,1,1,1,61.08,Ineligible
ARG45,22,male,Sikkim,phd,71.2,725000.0,2,999,1,0,0,1,1,1,63.48,Eligible
BPVGK,14,female,Kerala,10th,75.7,277000.0,999,999,1,0,0,1,1,1,63.28,Ineligible
ARG45,22,male,Tamil Nadu,phd,71.2,232000.0,59,999,1,0,0,1,1,1,63.48,Eligible
BVOBC,17,male,Andhra Pradesh,bachelors,85.7,270000.0,85,999,1,0,0,1,1,1,69.28,Ineligible
ARG45,32,female,Sikkim,phd,84.4,702000.0,110,999,1,0,0,1,1,1,56.76,Eligible
BVOBC,17,male,Tripura,bachelors,54.8,331000.0,1,999,1,0,0,1,1,1,66.92,Ineligible
BVOBC,24,male,Karnataka,12th,73.7,191000.0,88,999,1,0,0,0,1,1,69.48,Ineligible
ARG45,35,female,Jharkhand,phd,77.5,204000.0,72,999,1,0,0,1,1,1,71.0,Eligible
BPVGK,15,female,Madhya Pradesh,10th,92.9,127000.0,999,999,1,0,0,0,1,1,75.16,Ineligible
AZKMI,35,male,Tamil Nadu,masters,94.7,639000.0,999,2,1,0,0,1,1,1,72.88,Ineligible
BVOBC,21,female,Meghalaya,12th,86.4,291000.0,3,999,1,0,0,1,1,1,84.56,Ineligible
A023B,22,male,Tripura,bachelors,84.1,327000.0,85,999,1,0,0,1,1,1,68.64,Eligible
BPVGK,14,male,Telangana,10th,55.0,174000.0,999,999,1,0,0,1,1,1,55.0,Eligible
BPVGK,15,female,Nagaland,10th,46.6,231000.0,999,999,1,1,43,1,1,1,56.64,Ineligible
BPVGK,15,female,Tripura,10th,75.0,163000.0,999,999,1,0,0,1,1,1,68.0,Eligible
AZKMI,21,male,Jharkhand,phd,56.6,557000.0,999,37,0,0,0,1,1,1,62.64,Ineligible
ARG45,31,female,Jharkhand,masters,82.4,803000.0,110,999,1,0,0,1,1,1,55.96,Eligible
ARG45,25,female,Assam,masters,70.5,594000.0,1,999,0,0,0,1,1,1,73.2,Ineligible
AZKMI,26,female,Tamil Nadu,postdoc,61.4,998000.0,999,32,1,0,0,1,1,1,64.56,Ineligible
BVOBC,22,male,Assam,12th,65.8,47000.0,3,999,1,0,0,1,1,1,76.32,Eligible
AZKMI,35,female,Karnataka,phd,87.0,934000.0,999,3,1,0,0,1,1,1,74.8,Ineligible
BVOBC,21,female,Manipur,12th,62.9,120000.0,59,999,1,0,0,1,1,1,70.16,Eligible
BVOBC,20,male,Meghalaya,bachelors,87.2,138000.0,250,999,1,0,0,1,1,1,67.88,Eligible
A023B,22,other,Gujarat,masters,72.7,799000.0,110,999,1,0,0,1,1,1,47.08,Ineligible
BVOBC,19,male,Nagaland,bachelors,74.7,244000.0,140,999,1,0,0,0,1,1,57.88,Ineligible
ARG45,30,male,Meghalaya,phd,58.3,867000.0,6,999,1,0,0,1,1,1,58.32,Eligible
BPVGK,16,male,Maharashtra,10th,63.8,345000.0,999,999,1,0,0,1,0,1,53.52,Ineligible
ARG45,33,male,Tamil Nadu,masters,59.7,691000.0,140,999,1,0,0,1,1,1,41.88,Eligible
A023B,21,female,Arunachal Pradesh,masters,77.6,115000.0,59,999,1,1,47,1,1,1,81.04,Eligible
A023B,20,female,Tamil Nadu,masters,55.4,83000.0,6,999,1,0,0,0,1,1,77.16,Ineligible
ARG45,26,male,Madhya Pradesh,masters,88.4,791000.0,3,999,1,0,0,1,1,1,70.36,Eligible
A023B,18,female,Karnataka,masters,82.7,680000.0,3,999,1,0,0,1,1,1,73.08,Ineligible
ARG45,24,male,Assam,masters,65.2,255000.0,140,999,0,0,0,1,0,1,54.08,Ineligible
BPVGK,14,male,Tamil Nadu,10th,77.5,304000.0,999,999,1,0,0,1,1,1,59.0,Ineligible
A023B,24,female,Jharkhand,masters,59.3,459000.0,2,999,1,0,0,1,1,1,68.72,Eligible
BVOBC,21,male,Jharkhand,bachelors,58.1,296000.0,88,999,1,0,0,1,1,1,58.24,Ineligible
BVOBC,17,female,Tripura,bachelors,70.0,111000.0,1,999,1,0,0,1,0,1,83.0,Borderline
ARG45,24,female,Kerala,masters,56.6,340000.0,3,999,1,0,0,1,1,1,72.64,Eligible
ARG45,26,male,Nagaland,phd,88.1,301000.0,85,999,1,0,0,1,1,1,70.24,Eligible
A023B,19,male,Gujarat,bachelors,84.7,419000.0,65,999,1,0,0,1,0,1,63.88,Borderline
BPVGK,15,male,Madhya Pradesh,10th,93.1,83000.0,999,999,1,0,0,1,1,1,70.24,Eligible
AZKMI,23,male,Odisha,postdoc,85.8,558000.0,999,8,1,0,0,1,1,1,74.32,Eligible
BPVGK,17,female,Meghalaya,10th,78.5,110000.0,999,999,1,0,0,1,0,1,69.4,Borderline
A023B,21,female,Odisha,bachelors,85.8,310000.0,5,999,1,0,0,1,1,1,84.32,Eligible
BVOBC,17,male,Maharashtra,12th,75.0,182000.0,1,999,1,0,0,1,1,1,80.0,Eligible
A023B,22,male,Karnataka,bachelors,83.4,465000.0,1,999,1,0,0,1,1,0,73.36,Borderline
AZKMI,27,male,Tamil Nadu,postdoc,60.7,749000.0,999,4,1,0,0,1,1,1,59.28,Ineligible
ARG45,35,male,Odisha,phd,71.9,485000.0,140,999,0,0,0,1,1,0,51.76,Ineligible
BVOBC,21,male,Tamil Nadu,12th,49.0,112000.0,6,999,1,0,0,1,1,1,69.6,Ineligible
A023B,24,male,Karnataka,bachelors,63.0,166000.0,1,999,1,1,50,0,1,1,80.2,Ineligible
ARG45,29,female,Gujarat,masters,71.4,860000.0,95,999,1,0,0,1,1,0,58.56,Borderline
ARG45,36,male,Assam,masters,53.6,691000.0,72,999,1,0,0,1,1,1,46.44,Ineligible
ARG45,28,female,Andhra Pradesh,masters,89.3,211000.0,88,999,1,0,0,1,0,1,75.72,Borderline
BPVGK,16,female,Tripura,10th,45.8,150000.0,999,999,1,0,0,1,1,1,56.32,Ineligible
BPVGK,14,male,Odisha,10th,64.7,43000.0,999,999,1,0,0,1,1,1,58.88,Eligible
ARG45,28,male,Madhya Pradesh,phd,87.7,584000.0,2,999,1,0,0,1,1,1,75.08,Eligible
ARG45,24,male,Gujarat,phd,56.1,571000.0,88,999,1,0,0,1,0,1,52.44,Borderline
A023B,19,male,Mizoram,bachelors,96.7,110000.0,5,999,1,0,0,1,0,1,88.68,Borderline
BVOBC,21,male,Nagaland,bachelors,95.1,253000.0,6,999,1,0,0,1,1,1,83.04,Ineligible
BVOBC,18,male,Manipur,12th,73.4,267000.0,2,999,1,0,0,1,1,1,74.36,Ineligible
AZKMI,33,female,Nagaland,phd,57.1,251000.0,999,32,1,0,0,1,1,1,72.84,Eligible
A023B,24,female,Arunachal Pradesh,bachelors,68.3,385000.0,6,999,1,0,0,1,1,1,77.32,Eligible
A023B,19,female,Mizoram,masters,76.7,100000.0,2,999,1,0,0,1,1,1,85.68,Eligible
BPVGK,14,female,Chhattisgarh,10th,62.3,171000.0,999,999,1,0,0,1,1,1,62.92,Eligible
ARG45,31,female,Manipur,phd,52.5,375000.0,5,999,1,0,0,1,1,1,71.0,Ineligible
BVOBC,22,other,Sikkim,bachelors,51.3,376000.0,3,999,1,0,0,1,0,1,65.52,Ineligible
A023B,24,female,Nagaland,bachelors,73.5,360000.0,2,999,1,0,0,1,1,1,79.4,Eligible
BVOBC,22,female,Karnataka,bachelors,47.5,107000.0,2,999,1,0,0,0,1,1,74.0,Ineligible
BVOBC,17,female,Meghalaya,12th,73.7,99000.0,95,999,1,0,0,1,1,1,74.48,Eligible
BVOBC,20,male,Tamil Nadu,12th,55.7,399000.0,110,999,1,0,0,1,1,1,50.28,Ineligible
BPVGK,17,female,Maharashtra,10th,63.8,305000.0,999,999,1,0,0,1,1,1,58.52,Ineligible
BPVGK,16,male,Maharashtra,10th,77.6,45000.0,999,999,1,0,0,1,1,1,64.04,Eligible
AZKMI,27,other,Madhya Pradesh,masters,84.3,258000.0,999,6,1,0,0,0,1,1,78.72,Ineligible
A023B,23,female,Tamil Nadu,masters,92.1,316000.0,1,999,1,1,70,1,1,1,91.84,Eligible
A023B,21,male,Tamil Nadu,bachelors,56.3,596000.0,6,999,0,0,0,1,1,1,62.52,Ineligible
A023B,25,male,Assam,masters,75.1,237000.0,140,999,1,0,0,1,0,0,58.04,Ineligible
A023B,18,female,Andhra Pradesh,bachelors,79.0,118000.0,85,999,1,1,68,1,1,1,81.6,Eligible
ARG45,34,female,Odisha,phd,82.8,171000.0,140,999,1,0,0,1,1,1,71.12,Eligible
BVOBC,19,male,Arunachal Pradesh,bachelors,74.0,41000.0,59,999,1,0,0,1,1,1,69.6,Eligible
BVOBC,22,female,Telangana,bachelors,90.0,326000.0,59,999,1,0,0,1,1,1,76.0,Ineligible
AZKMI,37,male,Kerala,masters,94.1,729000.0,999,37,1,0,0,1,1,1,72.64,Ineligible
BPVGK,17,male,Meghalaya,10th,46.7,267000.0,999,999,1,0,0,1,1,1,46.68,Ineligible
AZKMI,34,male,Rajasthan,phd,63.3,215000.0,999,650,1,0,0,1,1,1,50.32,Ineligible
ARG45,23,male,Karnataka,masters,64.8,302000.0,88,999,1,0,0,1,1,1,60.92,Eligible
A023B,21,male,Maharashtra,masters,95.4,296000.0,95,999,1,0,0,1,1,1,73.16,Eligible
ARG45,36,male,Telangana,masters,59.2,502000.0,140,999,1,0,0,1,0,1,46.68,Borderline
AZKMI,27,female,Madhya Pradesh,postdoc,82.6,618000.0,999,8,1,0,0,1,1,1,73.04,Ineligible
BPVGK,16,female,Jharkhand,10th,70.8,250000.0,999,999,1,0,0,1,1,1,61.32,Eligible
ARG45,35,male,Gujarat,phd,56.9,392000.0,2,999,1,0,0,1,1,1,67.76,Eligible
ARG45,27,female,Jharkhand,phd,90.5,675000.0,250,999,1,0,0,1,1,1,59.2,Eligible
BPVGK,16,female,Mizoram,10th,50.0,339000.0,999,999,1,0,0,1,1,1,53.0,Ineligible
ARG45,34,male,Manipur,phd,86.4,779000.0,72,999,1,0,0,1,1,1,59.56,Eligible
AZKMI,29,female,Meghalaya,masters,84.6,630000.0,999,21,0,0,0,1,1,1,73.84,Ineligible
A023B,23,male,Arunachal Pradesh,masters,92.3,606000.0,2,999,1,1,54,1,1,1,76.92,Ineligible
AZKMI,22,male,Telangana,masters,52.0,724000.0,999,650,1,0,0,1,1,0,35.8,Ineligible
BVOBC,17,female,Madhya Pradesh,bachelors,77.5,337000.0,140,999,1,0,0,1,1,1,64.0,Ineligible
BPVGK,16,male,Assam,10th,94.5,208000.0,999,999,1,0,0,1,1,1,65.8,Eligible
A023B,23,female,Odisha,masters,87.3,434000.0,72,999,1,0,0,1,1,1,69.92,Eligible
AZKMI,38,female,Manipur,masters,56.3,984000.0,999,3,1,0,0,1,1,1,62.52,Ineligible
BPVGK,15,male,Madhya Pradesh,10th,61.6,120000.0,999,999,1,0,0,1,1,1,57.64,Eligible
AZKMI,35,female,Chhattisgarh,postdoc,70.7,357000.0,999,14,1,0,0,1,0,1,78.28,Borderline
ARG45,32,male,Meghalaya,masters,59.1,481000.0,6,999,1,0,0,1,1,1,63.64,Eligible
BVOBC,23,male,Meghalaya,12th,57.5,316000.0,1,999,1,0,0,0,1,1,68.0,Ineligible
AZKMI,26,male,Tamil Nadu,phd,68.9,533000.0,999,22,1,0,0,1,1,1,67.56,Eligible
BVOBC,18,female,Madhya Pradesh,bachelors,72.6,94000.0,6,999,1,0,0,1,1,1,84.04,Eligible
A023B,18,female,Karnataka,masters,94.9,250000.0,3,999,1,0,0,1,1,1,87.96,Eligible
A023B,18,other,Maharashtra,bachelors,85.5,654000.0,78,999,1,0,0,1,1,1,59.2,Ineligible
A023B,25,male,Karnataka,masters,80.0,586000.0,2,999,1,0,0,1,1,1,72.0,Eligible
BPVGK,14,male,Karnataka,10th,87.1,270000.0,999,999,1,0,0,1,1,1,62.84,Ineligible
AZKMI,32,male,Karnataka,postdoc,94.4,786000.0,999,32,1,0,0,1,1,1,72.76,Ineligible
A023B,18,female,Telangana,masters,72.1,189000.0,65,999,1,1,49,1,1,1,78.84,Eligible
BVOBC,18,female,Madhya Pradesh,12th,92.3,273000.0,250,999,1,0,0,1,1,1,69.92,Ineligible
ARG45,29,male,Jharkhand,masters,91.2,386000.0,65,999,1,0,0,1,1,1,71.48,Eligible
BVOBC,20,male,Assam,12th,59.0,294000.0,59,999,1,0,0,1,1,1,58.6,Ineligible
ARG45,27,male,Odisha,phd,73.0,408000.0,250,999,1,0,0,1,0,1,52.2,Borderline
AZKMI,24,female,Andhra Pradesh,masters,87.8,692000.0,999,1,1,0,0,1,1,1,75.12,Ineligible
AZKMI,23,male,Odisha,postdoc,71.5,643000.0,999,650,1,0,0,1,1,1,43.6,Ineligible
AZKMI,23,male,Rajasthan,phd,52.9,899000.0,999,3,1,0,0,1,1,1,56.16,Ineligible
BVOBC,24,female,Odisha,12th,61.5,310000.0,3,999,1,0,0,1,1,1,74.6,Ineligible
BPVGK,15,male,Karnataka,10th,56.6,342000.0,999,999,1,0,0,1,1,1,50.64,Ineligible
A023B,22,female,Andhra Pradesh,bachelors,94.3,793000.0,140,999,1,0,0,1,1,1,60.72,Ineligible
A023B,21,male,Tamil Nadu,masters,76.8,230000.0,2,999,1,0,0,1,1,1,75.72,Eligible
BVOBC,23,male,Gujarat,12th,81.2,89000.0,3,999,1,0,0,1,1,1,82.48,Eligible
AZKMI,30,female,Gujarat,masters,66.9,993000.0,999,8,1,0,0,1,1,1,66.76,Ineligible
A023B,22,female,Sikkim,masters,89.2,690000.0,1,999,1,0,0,1,1,1,75.68,Ineligible
A023B,19,male,Andhra Pradesh,masters,57.7,82000.0,3,999,1,0,0,1,1,1,73.08,Eligible
A023B,19,male,Nagaland,bachelors,88.9,296000.0,2,999,1,0,0,1,1,1,80.56,Eligible
A023B,20,male,Sikkim,bachelors,78.0,288000.0,2,999,0,0,0,1,1,1,76.2,Ineligible
BPVGK,17,male,Jharkhand,10th,80.4,90000.0,999,999,1,0,0,1,1,1,65.16,Eligible
A023B,24,male,Tripura,masters,96.0,81000.0,140,999,1,0,0,1,1,1,71.4,Ineligible
ARG45,33,male,Assam,masters,62.1,554000.0,65,999,1,0,0,0,1,0,54.84,Borderline
A023B,18,male,Andhra Pradesh,bachelors,75.4,406000.0,3,999,1,0,0,1,1,1,70.16,Eligible
ARG45,27,female,Gujarat,masters,70.6,775000.0,95,999,1,0,0,1,1,1,58.24,Eligible
ARG45,24,male,Gujarat,phd,59.8,537000.0,95,999,1,0,0,1,1,1,53.92,Eligible
AZKMI,35,male,Maharashtra,phd,88.3,336000.0,999,2,1,0,0,1,0,0,80.32,Borderline
BPVGK,16,male,Jharkhand,10th,62.2,263000.0,999,999,1,0,0,0,1,1,52.88,Ineligible
AZKMI,33,female,Meghalaya,phd,56.3,580000.0,999,22,1,0,0,1,1,0,67.52,Borderline
ARG45,33,male,Meghalaya,masters,66.8,465000.0,1,999,1,0,0,1,1,1,66.72,Eligible
A023B,21,male,Kerala,bachelors,60.8,576000.0,1,999,1,0,0,1,1,1,64.32,Eligible
A023B,18,female,Telangana,bachelors,59.3,582000.0,2,999,1,0,0,1,1,1,68.72,Eligible
ARG45,24,female,Andhra Pradesh,masters,92.5,72000.0,3,999,1,0,0,1,1,1,92.0,Eligible
A023B,25,female,Assam,bachelors,72.5,474000.0,95,999,1,0,0,1,1,1,64.0,Eligible
BVOBC,20,female,Meghalaya,12th,65.6,59000.0,1,999,1,0,0,1,0,1,81.24,Borderline
AZKMI,21,male,Manipur,postdoc,64.7,848000.0,999,4,1,0,0,1,1,1,60.88,Ineligible
A023B,23,female,Manipur,bachelors,55.8,788000.0,2,999,1,0,0,1,1,1,62.32,Ineligible
ARG45,31,female,Manipur,masters,58.3,208000.0,95,999,1,0,0,1,1,1,63.32,Eligible
BVOBC,20,female,Madhya Pradesh,bachelors,72.2,115000.0,2,999,1,0,0,1,1,1,83.88,Eligible
A023B,20,male,Chhattisgarh,bachelors,86.5,263000.0,140,999,1,0,0,1,1,1,62.6,Ineligible
AZKMI,34,male,Nagaland,masters,57.8,625000.0,999,14,1,0,0,1,1,1,58.12,Ineligible
BPVGK,17,female,Sikkim,10th,76.3,307000.0,999,999,1,0,0,1,1,1,63.52,Ineligible
BVOBC,22,female,Andhra Pradesh,bachelors,87.6,73000.0,1,999,1,0,0,0,0,1,90.04,Borderline
BVOBC,23,male,Madhya Pradesh,12th,63.9,129000.0,250,999,1,0,0,1,1,1,58.56,Eligible
ARG45,28,female,Mizoram,phd,57.2,798000.0,5,999,0,0,0,1,1,1,62.88,Ineligible
AZKMI,38,male,Arunachal Pradesh,phd,83.7,239000.0,999,1,0,0,0,1,1,1,78.48,Ineligible
ARG45,32,female,Andhra Pradesh,phd,88.9,646000.0,59,999,0,0,0,1,1,1,65.56,Ineligible
AZKMI,31,male,Nagaland,postdoc,83.7,322000.0,999,37,1,0,0,1,1,1,78.48,Eligible
A023B,19,male,Tamil Nadu,masters,59.1,700000.0,5,999,1,0,0,1,1,1,58.64,Ineligible
BVOBC,24,female,Gujarat,12th,64.4,210000.0,1,999,1,1,53,1,1,1,80.76,Eligible
AZKMI,21,male,Andhra Pradesh,postdoc,90.3,448000.0,999,6,1,0,0,1,1,1,76.12,Eligible
BVOBC,24,male,Nagaland,bachelors,54.4,271000.0,6,999,1,0,0,1,0,1,66.76,Ineligible
AZKMI,27,male,Mizoram,masters,76.9,514000.0,999,650,0,0,0,1,1,1,50.76,Ineligible
BVOBC,18,female,Madhya Pradesh,12th,77.7,293000.0,110,999,1,0,0,1,1,1,64.08,Ineligible
A023B,21,other,Jharkhand,bachelors,69.1,512000.0,1,999,1,0,0,1,1,1,67.64,Eligible
A023B,18,male,Kerala,bachelors,63.4,247000.0,110,999,1,0,0,1,1,1,53.36,Ineligible
ARG45,26,male,Karnataka,masters,87.1,518000.0,5,999,1,0,0,1,1,1,74.84,Eligible
BVOBC,18,female,Meghalaya,12th,65.4,391000.0,3,999,1,0,0,1,1,1,76.16,Ineligible
BPVGK,17,female,Odisha,10th,87.7,326000.0,999,999,1,0,0,1,1,1,68.08,Ineligible
BPVGK,15,male,Tamil Nadu,10th,51.1,301000.0,999,999,1,1,58,1,1,1,53.44,Ineligible
AZKMI,27,male,Assam,phd,58.9,483000.0,999,650,1,0,0,1,1,1,43.56,Ineligible
ARG45,27,male,Tripura,phd,54.4,650000.0,3,999,1,0,0,1,1,1,56.76,Ineligible
ARG45,26,male,Jharkhand,phd,80.1,64000.0,250,999,1,0,0,1,1,1,65.04,Eligible
BVOBC,24,female,Nagaland,12th,84.4,259000.0,59,999,1,0,0,1,1,1,73.76,Ineligible
AZKMI,38,female,Tamil Nadu,masters,51.7,673000.0,999,6,1,0,0,1,1,1,60.68,Ineligible
BPVGK,16,female,Assam,10th,88.8,54000.0,999,999,1,0,0,1,0,1,73.52,Borderline
ARG45,24,male,Arunachal Pradesh,phd,53.0,520000.0,95,999,1,0,0,0,1,1,51.2,Ineligible
BVOBC,22,male,Jharkhand,bachelors,69.8,331000.0,78,999,1,0,0,1,1,1,62.92,Ineligible
A023B,22,male,Mizoram,bachelors,97.2,102000.0,1,999,1,0,0,1,1,1,88.88,Eligible
AZKMI,26,male,Nagaland,phd,78.7,178000.0,999,4,1,0,0,1,1,1,81.48,Eligible
AZKMI,23,male,Andhra Pradesh,phd,88.7,689000.0,999,6,1,1,42,1,1,1,75.48,Ineligible
BPVGK,17,female,Maharashtra,10th,83.9,63000.0,999,999,1,0,0,1,0,0,71.56,Borderline
A023B,19,male,Odisha,masters,60.8,181000.0,3,999,1,0,0,1,1,1,74.32,Eligible
BVOBC,19,female,Assam,12th,73.4,142000.0,5,999,1,0,0,1,1,1,84.36,Eligible
AZKMI,21,male,Tamil Nadu,phd,54.2,754000.0,999,22,1,0,0,1,1,1,56.68,Ineligible
ARG45,22,female,Gujarat,phd,58.7,872000.0,78,999,0,0,0,1,1,1,53.48,Ineligible
BPVGK,16,female,Arunachal Pradesh,10th,92.8,208000.0,999,999,1,0,0,1,1,1,70.12,Eligible
ARG45,22,male,Jharkhand,phd,54.6,302000.0,88,999,1,0,0,1,1,1,56.84,Ineligible
BVOBC,21,male,Chhattisgarh,bachelors,68.9,188000.0,78,999,1,0,0,1,1,1,67.56,Eligible
ARG45,36,female,Telangana,masters,51.0,246000.0,95,999,1,0,0,1,1,0,60.4,Ineligible
BVOBC,18,female,Karnataka,12th,50.0,337000.0,78,999,1,0,0,1,1,1,60.0,Ineligible
BVOBC,22,male,Jharkhand,bachelors,93.8,369000.0,95,999,1,0,0,1,1,1,72.52,Ineligible
A023B,18,female,Kerala,masters,80.9,390000.0,6,999,1,0,0,1,1,1,82.36,Eligible
ARG45,28,female,Odisha,phd,60.8,440000.0,5,999,1,0,0,1,1,1,69.32,Eligible
A023B,19,female,Gujarat,masters,80.3,477000.0,2,999,1,0,0,1,1,1,77.12,Eligible
BVOBC,21,female,Tamil Nadu,bachelors,60.4,319000.0,140,999,1,0,0,1,1,1,57.16,Ineligible
BVOBC,19,male,Maharashtra,bachelors,53.9,149000.0,85,999,1,0,0,1,1,1,61.56,Eligible
ARG45,35,female,Manipur,phd,77.0,335000.0,88,999,1,0,0,1,0,1,70.8,Borderline
AZKMI,21,male,Kerala,masters,62.5,432000.0,999,3,1,0,0,1,1,1,65.0,Eligible
BVOBC,18,female,Maharashtra,bachelors,77.6,372000.0,6,999,1,0,0,1,1,1,81.04,Ineligible
BPVGK,14,female,Arunachal Pradesh,10th,67.1,62000.0,999,999,1,0,0,1,1,1,64.84,Eligible
ARG45,36,female,Arunachal Pradesh,masters,90.7,362000.0,2,999,1,0,0,1,1,1,86.28,Eligible
BPVGK,15,male,Tripura,10th,86.0,270000.0,999,999,1,0,0,0,1,1,62.4,Ineligible
ARG45,35,female,Karnataka,phd,50.3,187000.0,59,999,1,0,0,1,1,1,65.12,Ineligible
ARG45,29,female,Gujarat,masters,77.2,62000.0,85,999,1,0,0,1,1,1,75.88,Eligible
ARG45,32,male,Tripura,phd,81.5,114000.0,95,999,1,0,0,1,1,1,72.6,Eligible
BPVGK,16,male,Assam,10th,84.7,140000.0,999,999,1,0,0,1,1,1,66.88,Eligible
ARG45,34,female,Sikkim,masters,62.8,377000.0,78,999,1,0,0,1,1,1,65.12,Eligible
ARG45,31,female,Mizoram,masters,91.4,623000.0,140,999,1,0,0,1,1,1,59.56,Eligible
ARG45,22,female,Arunachal Pradesh,masters,74.9,750000.0,88,999,1,0,0,1,1,1,59.96,Eligible
BVOBC,18,female,Gujarat,bachelors,69.4,237000.0,78,999,1,0,0,1,1,1,67.76,Eligible
A023B,25,female,Assam,bachelors,78.2,502000.0,3,999,1,0,0,1,1,1,76.28,Eligible
AZKMI,30,female,Andhra Pradesh,masters,77.3,273000.0,999,3,1,0,0,1,1,1,80.92,Eligible
ARG45,24,male,Kerala,masters,81.6,121000.0,6,999,1,0,0,1,1,1,82.64,Eligible
AZKMI,38,male,Assam,postdoc,61.6,542000.0,999,22,1,0,0,1,1,1,64.64,Ineligible
BPVGK,14,male,Telangana,10th,49.9,118000.0,999,999,1,0,0,1,1,1,52.96,Ineligible
ARG45,29,female,Nagaland,masters,89.2,370000.0,6,999,1,0,0,0,1,1,85.68,Ineligible
BPVGK,16,male,Andhra Pradesh,10th,78.6,130000.0,999,999,1,0,0,1,1,0,64.44,Borderline
AZKMI,26,female,Nagaland,masters,62.5,822000.0,999,6,1,0,0,1,1,1,65.0,Ineligible
ARG45,28,female,Assam,phd,67.2,840000.0,2,999,1,0,0,1,1,1,66.88,Eligible
BVOBC,20,male,Andhra Pradesh,bachelors,80.8,261000.0,1,999,1,0,0,1,1,1,77.32,Ineligible
ARG45,34,male,Nagaland,phd,90.5,216000.0,1,999,1,0,0,1,1,1,81.2,Eligible
BPVGK,16,male,Jharkhand,10th,93.6,261000.0,999,999,1,0,0,1,1,1,65.44,Ineligible
BPVGK,15,female,Odisha,10th,56.5,226000.0,999,999,1,0,0,1,1,1,55.6,Eligible
BVOBC,20,male,Assam,bachelors,77.9,357000.0,65,999,1,0,0,1,1,1,66.16,Ineligible
ARG45,33,male,Andhra Pradesh,phd,50.5,226000.0,2,999,1,0,0,1,1,1,65.2,Ineligible
A023B,20,female,Madhya Pradesh,bachelors,90.3,686000.0,59,999,1,0,0,1,1,1,66.12,Ineligible
BPVGK,15,male,Rajasthan,10th,66.1,174000.0,999,999,1,0,0,1,1,1,59.44,Eligible
ARG45,29,male,Karnataka,masters,81.4,380000.0,88,999,1,0,0,1,1,1,67.56,Eligible
BPVGK,16,male,Jharkhand,10th,90.9,120000.0,999,999,1,0,0,1,1,1,69.36,Eligible
ARG45,36,male,Madhya Pradesh,masters,66.8,753000.0,85,999,1,0,0,1,1,1,51.72,Eligible
AZKMI,22,male,Odisha,masters,92.8,760000.0,999,37,1,0,0,1,1,1,72.12,Ineligible
ARG45,28,female,Gujarat,phd,90.2,346000.0,1,999,1,0,0,1,1,1,86.08,Eligible
A023B,23,female,Nagaland,bachelors,63.5,530000.0,1,999,1,0,0,1,1,1,70.4,Eligible
BVOBC,17,female,Meghalaya,12th,90.3,325000.0,2,999,1,1,78,1,1,1,91.12,Ineligible
BVOBC,18,female,Chhattisgarh,bachelors,71.3,180000.0,250,999,1,0,0,0,1,1,66.52,Ineligible
A023B,21,male,Sikkim,bachelors,61.9,127000.0,78,999,1,0,0,1,0,1,64.76,Borderline
ARG45,27,female,Karnataka,phd,64.7,653000.0,95,999,1,0,0,0,0,1,55.88,Borderline
A023B,24,male,Maharashtra,masters,83.4,148000.0,250,999,1,0,0,1,1,1,66.36,Ineligible
AZKMI,27,female,Karnataka,masters,86.7,799000.0,999,3,1,0,0,1,1,1,74.68,Ineligible
ARG45,34,male,Arunachal Pradesh,masters,61.5,118000.0,95,999,1,0,0,1,1,1,64.6,Eligible
A023B,21,male,Arunachal Pradesh,bachelors,89.6,416000.0,85,999,1,0,0,1,1,1,65.84,Eligible
BVOBC,19,male,Gujarat,bachelors,85.5,209000.0,2,999,1,0,0,1,1,1,79.2,Eligible
AZKMI,33,male,Andhra Pradesh,masters,50.0,642000.0,999,3,1,0,0,1,1,1,55.0,Ineligible
BPVGK,17,female,Nagaland,10th,55.8,247000.0,999,999,1,0,0,1,1,1,55.32,Eligible
BVOBC,23,male,Andhra Pradesh,12th,79.6,250000.0,140,999,1,0,0,1,1,1,59.84,Eligible
AZKMI,22,female,Sikkim,postdoc,77.4,713000.0,999,22,0,0,0,1,1,1,70.96,Ineligible
BVOBC,23,female,Nagaland,bachelors,55.0,205000.0,1,999,1,0,0,0,1,1,72.0,Ineligible
A023B,18,male,Gujarat,masters,55.9,579000.0,2,999,1,0,0,1,1,1,62.36,Eligible
A023B,18,female,Manipur,bachelors,72.1,677000.0,85,999,1,1,46,1,1,1,63.84,Ineligible
BVOBC,24,male,Sikkim,12th,56.3,144000.0,250,999,1,0,0,1,1,1,55.52,Eligible
BVOBC,18,female,Kerala,bachelors,64.6,389000.0,250,999,1,0,0,1,0,1,58.84,Ineligible
AZKMI,23,male,Assam,phd,81.2,836000.0,999,14,1,1,53,1,1,1,72.48,Ineligible
AZKMI,36,male,Kerala,postdoc,55.8,102000.0,999,3,1,0,0,1,1,1,72.32,Ineligible
BVOBC,22,female,Tripura,12th,75.1,241000.0,88,999,1,0,0,1,1,1,70.04,Eligible
ARG45,36,male,Rajasthan,masters,94.5,329000.0,59,999,1,0,0,1,1,1,72.8,Eligible
BVOBC,17,female,Jharkhand,12th,81.8,252000.0,250,999,1,0,0,1,1,1,65.72,Ineligible
A023B,22,female,Jharkhand,bachelors,62.5,543000.0,78,999,1,0,0,1,1,1,60.0,Eligible
BVOBC,20,female,Odisha,12th,92.1,294000.0,78,999,1,0,0,1,1,1,76.84,Ineligible
AZKMI,23,male,Jharkhand,masters,94.3,707000.0,999,14,1,0,0,1,1,1,72.72,Ineligible
BVOBC,17,male,Meghalaya,bachelors,91.5,119000.0,3,999,1,0,0,1,1,1,86.6,Eligible
ARG45,28,male,Gujarat,phd,91.8,568000.0,250,999,1,1,79,1,1,0,64.72,Borderline
BVOBC,24,female,Arunachal Pradesh,bachelors,82.4,168000.0,85,999,1,0,0,1,1,1,77.96,Eligible
A023B,25,male,Chhattisgarh,masters,92.4,170000.0,2,999,1,0,0,1,1,1,86.96,Eligible
BVOBC,19,female,Tripura,bachelors,92.1,102000.0,1,999,1,0,0,1,1,1,91.84,Eligible
BVOBC,20,male,Kerala,bachelors,77.8,71000.0,110,999,1,0,0,0,1,1,64.12,Ineligible
BPVGK,14,male,Karnataka,10th,68.2,216000.0,999,999,1,0,0,1,1,1,55.28,Eligible
ARG45,24,female,Andhra Pradesh,phd,64.5,567000.0,140,999,1,0,0,1,1,1,53.8,Eligible
AZKMI,23,male,Jharkhand,postdoc,92.4,362000.0,999,21,1,0,0,1,1,1,81.96,Eligible
ARG45,35,male,Kerala,phd,89.0,355000.0,3,999,1,0,0,1,1,1,80.6,Eligible
AZKMI,32,female,Odisha,masters,50.2,643000.0,999,6,1,0,0,1,1,1,60.08,Ineligible
BVOBC,20,male,Sikkim,12th,84.5,252000.0,85,999,1,0,0,1,1,1,68.8,Ineligible
BVOBC,17,female,Telangana,bachelors,59.0,246000.0,85,999,1,0,0,1,1,1,63.6,Eligible
BPVGK,15,female,Rajasthan,10th,86.0,233000.0,999,999,1,0,0,1,1,1,67.4,Eligible
BVOBC,21,male,Rajasthan,12th,91.1,274000.0,59,999,1,1,48,1,1,1,76.44,Ineligible
AZKMI,31,female,Nagaland,phd,89.8,721000.0,999,32,1,0,0,1,1,1,75.92,Ineligible
BPVGK,17,male,Andhra Pradesh,10th,72.1,188000.0,999,999,1,0,0,1,1,1,61.84,Eligible
AZKMI,34,female,Madhya Pradesh,postdoc,93.9,696000.0,999,14,1,0,0,1,1,1,77.56,Ineligible
ARG45,36,female,Gujarat,phd,79.5,854000.0,1,999,1,0,0,1,1,0,71.8,Borderline
BVOBC,24,male,Gujarat,bachelors,63.6,210000.0,250,999,1,0,0,1,1,1,53.44,Eligible
BPVGK,16,female,Tamil Nadu,10th,60.0,309000.0,999,999,1,0,0,1,0,1,57.0,Ineligible
BPVGK,16,female,Jharkhand,10th,61.0,49000.0,999,999,1,0,0,0,1,1,62.4,Ineligible
AZKMI,27,female,Jharkhand,phd,57.7,987000.0,999,37,1,0,0,1,1,1,63.08,Ineligible
BVOBC,22,male,Kerala,12th,57.3,373000.0,3,999,1,0,0,1,1,0,67.92,Ineligible
ARG45,32,female,Assam,masters,63.5,349000.0,1,999,0,0,0,1,1,1,75.4,Ineligible
ARG45,32,male,Tamil Nadu,masters,87.1,691000.0,88,999,1,0,0,1,1,1,59.84,Eligible
ARG45,28,male,Kerala,phd,58.3,447000.0,5,999,1,1,50,1,1,1,68.32,Eligible
BVOBC,24,female,Odisha,12th,72.0,239000.0,95,999,1,0,0,1,1,1,68.8,Eligible
BVOBC,18,female,Odisha,12th,61.5,68000.0,72,999,1,0,0,1,1,1,69.6,Eligible
ARG45,28,female,Odisha,masters,71.3,517000.0,2,999,1,0,0,1,1,1,73.52,Eligible
BPVGK,17,female,Madhya Pradesh,10th,63.7,165000.0,999,999,1,0,0,1,1,1,63.48,Eligible
A023B,18,male,Maharashtra,masters,77.6,448000.0,2,999,1,0,0,1,1,1,71.04,Eligible
A023B,21,female,Arunachal Pradesh,masters,95.8,394000.0,85,999,1,0,0,1,1,1,78.32,Eligible
A023B,24,female,Assam,masters,64.8,659000.0,110,999,1,0,0,1,1,1,48.92,Ineligible
A023B,19,female,Telangana,masters,83.0,121000.0,2,999,1,0,0,1,1,1,88.2,Eligible
ARG45,24,male,Chhattisgarh,phd,66.3,372000.0,110,999,1,0,0,1,1,1,54.52,Eligible
AZKMI,27,female,Nagaland,masters,73.5,737000.0,999,32,1,0,0,1,1,1,69.4,Ineligible
ARG45,31,female,Maharashtra,phd,71.8,630000.0,2,999,1,0,0,1,1,1,68.72,Eligible
BVOBC,22,female,Assam,12th,91.4,117000.0,1,999,1,0,0,1,1,1,91.56,Eligible
BVOBC,19,male,Telangana,12th,50.0,238000.0,110,999,1,0,0,1,1,1,48.0,Eligible
ARG45,22,female,Andhra Pradesh,phd,56.2,492000.0,78,999,1,0,0,1,1,1,57.48,Eligible
BVOBC,20,male,Madhya Pradesh,12th,58.0,154000.0,85,999,1,0,0,1,1,1,63.2,Eligible
BVOBC,24,male,Telangana,12th,90.2,308000.0,72,999,1,0,0,1,1,1,71.08,Ineligible
AZKMI,29,female,Tripura,masters,77.2,747000.0,999,1,1,1,43,1,1,1,75.88,Ineligible
ARG45,28,male,Assam,masters,52.0,806000.0,6,999,1,0,0,1,1,1,55.8,Ineligible
ARG45,26,female,Odisha,masters,56.7,143000.0,1,999,1,0,0,1,1,1,77.68,Eligible
ARG45,33,male,Tripura,phd,60.0,767000.0,2,999,1,0,0,1,1,1,59.0,Eligible
BVOBC,24,other,Tripura,bachelors,78.0,194000.0,1,999,1,0,0,1,1,1,81.2,Eligible
AZKMI,21,male,Odisha,phd,55.1,317000.0,999,22,1,0,0,1,1,1,67.04,Eligible
AZKMI,23,female,Sikkim,masters,89.7,626000.0,999,2,1,1,63,1,1,1,80.88,Ineligible
BVOBC,23,female,Tripura,12th,75.6,203000.0,140,999,1,0,0,1,1,1,63.24,Eligible
BVOBC,19,male,Telangana,bachelors,57.3,168000.0,2,999,1,0,0,1,1,1,72.92,Eligible
BPVGK,16,female,Gujarat,10th,63.2,96000.0,999,999,1,0,0,1,1,1,63.28,Eligible
A023B,20,female,Odisha,bachelors,84.6,748000.0,6,999,1,0,0,0,1,1,73.84,Ineligible
BPVGK,15,female,Arunachal Pradesh,10th,45.0,334000.0,999,999,1,0,0,1,1,1,51.0,Ineligible
ARG45,26,female,Chhattisgarh,masters,55.1,393000.0,59,999,1,0,0,1,1,1,62.04,Eligible
AZKMI,33,female,Karnataka,postdoc,73.0,535000.0,999,3,1,0,0,1,0,1,74.2,Borderline
AZKMI,28,female,Tamil Nadu,phd,82.8,721000.0,999,2,1,0,0,0,1,1,73.12,Ineligible
BPVGK,15,other,Tamil Nadu,10th,69.1,48000.0,999,999,1,0,0,1,1,1,60.64,Eligible
BPVGK,14,female,Assam,10th,72.2,85000.0,999,999,1,0,0,1,1,1,66.88,Eligible
ARG45,31,female,Chhattisgarh,phd,79.3,772000.0,140,999,1,0,0,1,1,1,54.72,Eligible
BVOBC,21,male,Kerala,bachelors,76.8,60000.0,1,999,1,0,0,1,1,1,80.72,Eligible
ARG45,28,male,Arunachal Pradesh,phd,73.3,140000.0,2,999,0,0,0,1,1,1,79.32,Ineligible
ARG45,25,male,Manipur,masters,94.7,228000.0,2,999,1,0,0,1,0,1,82.88,Borderline
A023B,22,female,Arunachal Pradesh,masters,64.4,738000.0,65,999,1,0,0,1,1,1,55.76,Ineligible
A023B,20,male,Kerala,bachelors,59.9,229000.0,250,999,1,0,0,0,1,1,51.96,Ineligible
BVOBC,20,female,Gujarat,bachelors,92.0,329000.0,2,999,1,0,0,1,1,1,86.8,Ineligible
AZKMI,22,female,Odisha,masters,71.4,247000.0,999,8,1,0,0,1,1,1,78.56,Eligible
BVOBC,18,male,Gujarat,12th,69.6,140000.0,1,999,1,0,0,1,1,1,77.84,Eligible
BVOBC,21,male,Chhattisgarh,12th,87.5,292000.0,1,999,1,0,0,1,1,1,80.0,Ineligible
BVOBC,23,other,Meghalaya,12th,91.1,78000.0,1,999,1,0,0,1,1,1,86.44,Eligible
BVOBC,22,female,Kerala,bachelors,50.0,115000.0,5,999,1,0,0,1,1,1,75.0,Eligible
BVOBC,24,male,Jharkhand,bachelors,71.6,305000.0,65,999,1,0,0,1,1,1,63.64,Ineligible
AZKMI,29,male,Karnataka,postdoc,51.4,987000.0,999,37,1,0,0,1,1,1,55.56,Ineligible
BPVGK,14,female,Madhya Pradesh,10th,48.3,96000.0,999,999,1,0,0,0,1,1,57.32,Ineligible
A023B,21,female,Assam,masters,96.9,589000.0,3,999,1,0,0,1,1,1,83.76,Eligible
ARG45,22,male,Gujarat,phd,80.3,266000.0,2,999,1,0,0,1,1,1,77.12,Eligible
ARG45,26,male,Nagaland,phd,57.0,888000.0,85,999,1,0,0,1,1,1,47.8,Eligible
ARG45,33,male,Sikkim,masters,55.3,678000.0,59,999,1,0,0,0,1,1,47.12,Ineligible
BVOBC,22,male,Chhattisgarh,12th,76.7,263000.0,3,999,1,0,0,1,1,1,75.68,Ineligible
BVOBC,17,female,Manipur,12th,64.7,67000.0,3,999,1,0,0,1,1,1,80.88,Eligible
BVOBC,19,female,Kerala,12th,77.3,103000.0,140,999,1,0,0,1,1,1,68.92,Eligible
BPVGK,16,female,Maharashtra,10th,56.7,202000.0,999,999,1,0,0,1,1,1,55.68,Eligible
BVOBC,17,male,Rajasthan,12th,85.0,150000.0,5,999,1,0,0,1,1,1,84.0,Eligible
AZKMI,29,male,Telangana,phd,58.6,825000.0,999,32,1,0,0,1,1,1,58.44,Ineligible
AZKMI,29,male,Telangana,postdoc,51.7,491000.0,999,8,1,0,0,1,1,1,60.68,Ineligible
BPVGK,14,male,Karnataka,10th,67.5,95000.0,999,999,1,0,0,1,1,1,60.0,Eligible
ARG45,36,male,Karnataka,phd,77.4,798000.0,140,999,1,0,0,1,1,1,48.96,Eligible
BPVGK,15,male,Arunachal Pradesh,10th,61.1,61000.0,999,999,1,0,0,1,1,1,57.44,Eligible
A023B,18,male,Telangana,masters,66.8,476000.0,110,999,1,0,0,0,1,1,49.72,Ineligible
A023B,22,female,Arunachal Pradesh,masters,55.7,585000.0,85,999,1,0,0,1,1,1,57.28,Eligible
BVOBC,20,male,Madhya Pradesh,bachelors,85.6,382000.0,78,999,1,0,0,1,1,1,69.24,Ineligible
A023B,19,male,Jharkhand,masters,95.6,574000.0,6,999,1,0,0,1,1,1,78.24,Eligible
BVOBC,23,male,Mizoram,bachelors,46.0,392000.0,5,999,1,0,0,1,1,1,63.4,Ineligible
BVOBC,20,female,Kerala,bachelors,62.5,56000.0,5,999,1,0,0,1,1,1,80.0,Eligible
A023B,23,male,Kerala,masters,60.3,770000.0,78,999,1,0,0,1,1,1,49.12,Ineligible
BPVGK,17,other,Arunachal Pradesh,10th,88.7,126000.0,999,999,1,0,0,0,1,1,68.48,Ineligible
BVOBC,23,male,Nagaland,12th,79.2,111000.0,250,999,1,0,0,1,1,1,64.68,Eligible
ARG45,31,female,Assam,phd,77.0,131000.0,1,999,1,0,0,1,0,1,85.8,Borderline
ARG45,30,male,Andhra Pradesh,phd,84.2,101000.0,1,999,1,0,0,1,1,1,83.68,Eligible
A023B,22,female,Nagaland,masters,76.9,510000.0,2,999,1,0,0,1,1,1,75.76,Eligible
ARG45,33,female,Arunachal Pradesh,masters,70.2,245000.0,2,999,1,0,0,1,1,1,78.08,Eligible
BPVGK,17,female,Arunachal Pradesh,10th,57.3,156000.0,999,999,1,0,0,1,1,1,60.92,Eligible
BPVGK,17,male,Tamil Nadu,10th,58.2,189000.0,999,999,1,0,0,1,1,1,56.28,Eligible
AZKMI,31,female,Nagaland,masters,76.4,864000.0,999,21,1,0,0,1,1,0,70.56,Ineligible
BVOBC,24,female,Sikkim,bachelors,46.3,354000.0,85,999,1,0,0,0,1,1,58.52,Ineligible
ARG45,23,male,Mizoram,masters,64.3,456000.0,1,999,1,0,0,1,1,1,65.72,Eligible
ARG45,33,male,Kerala,masters,85.8,373000.0,95,999,1,0,0,1,1,1,69.32,Eligible
AZKMI,34,male,Manipur,phd,61.1,958000.0,999,1,0,0,0,0,1,1,59.44,Ineligible
BVOBC,17,male,Jharkhand,bachelors,68.8,348000.0,3,999,1,0,0,1,1,1,72.52,Ineligible
A023B,19,male,Mizoram,bachelors,80.8,631000.0,1,999,1,0,0,0,1,1,67.32,Ineligible
BPVGK,16,male,Sikkim,10th,65.1,54000.0,999,999,1,0,0,1,1,1,59.04,Eligible
ARG45,32,male,Arunachal Pradesh,masters,62.6,448000.0,59,999,1,0,0,1,1,1,55.04,Eligible
BPVGK,15,male,Jharkhand,10th,63.4,140000.0,999,999,1,0,0,1,1,1,58.36,Eligible
BVOBC,20,female,Maharashtra,12th,82.2,247000.0,1,999,1,0,0,1,1,1,82.88,Eligible
AZKMI,34,male,Gujarat,masters,91.2,160000.0,999,3,1,0,0,1,1,1,86.48,Eligible
AZKMI,23,female,Gujarat,phd,70.4,767000.0,999,8,1,0,0,1,1,1,68.16,Ineligible
ARG45,36,male,Nagaland,masters,91.2,250000.0,250,999,1,0,0,1,1,1,64.48,Eligible
BPVGK,17,male,Arunachal Pradesh,10th,69.0,61000.0,999,999,1,0,0,1,1,1,60.6,Eligible
A023B,23,female,Assam,bachelors,66.5,760000.0,1,999,1,0,0,1,1,1,66.6,Ineligible
A023B,25,male,Maharashtra,masters,69.8,528000.0,5,999,1,0,0,1,1,1,67.92,Eligible
ARG45,34,other,Tripura,masters,67.0,350000.0,1,999,1,0,0,1,1,1,71.8,Eligible
AZKMI,22,male,Kerala,postdoc,52.5,276000.0,999,22,1,0,0,1,1,1,66.0,Ineligible
BVOBC,18,male,Nagaland,bachelors,74.3,308000.0,2,999,1,0,0,0,1,1,74.72,Ineligible
BVOBC,19,female,Madhya Pradesh,bachelors,91.1,146000.0,3,999,1,0,0,1,1,1,91.44,Eligible
ARG45,35,male,Mizoram,masters,92.9,329000.0,65,999,1,0,0,1,1,1,72.16,Eligible
A023B,24,male,Chhattisgarh,masters,81.4,298000.0,1,999,1,0,0,1,1,1,77.56,Eligible
BVOBC,19,female,Nagaland,12th,52.2,378000.0,5,999,1,0,0,1,1,1,70.88,Ineligible
ARG45,36,male,Chhattisgarh,phd,94.2,380000.0,3,999,1,1,46,1,1,1,87.68,Eligible
BVOBC,19,male,Maharashtra,12th,65.6,91000.0,250,999,1,0,0,1,1,1,59.24,Eligible
BVOBC,23,female,Tripura,bachelors,93.7,51000.0,1,999,1,0,0,1,1,1,92.48,Eligible
BVOBC,20,male,Jharkhand,12th,78.8,268000.0,95,999,1,0,0,1,1,1,66.52,Ineligible
A023B,18,male,Maharashtra,masters,94.3,272000.0,2,999,1,0,0,1,1,1,82.72,Eligible
ARG45,24,male,Madhya Pradesh,masters,64.9,897000.0,85,999,1,0,0,1,1,1,50.96,Eligible
ARG45,24,female,Nagaland,masters,61.8,412000.0,95,999,1,0,0,1,1,0,59.72,Borderline
AZKMI,21,male,Manipur,phd,89.2,671000.0,999,650,1,1,77,1,0,1,55.68,Ineligible
ARG45,27,male,Manipur,phd,86.2,245000.0,140,999,1,0,0,1,1,1,62.48,Eligible
AZKMI,28,male,Tamil Nadu,masters,59.3,693000.0,999,3,1,0,0,1,1,1,58.72,Ineligible
BPVGK,14,other,Rajasthan,10th,91.1,184000.0,999,999,1,0,0,1,1,1,69.44,Eligible
BPVGK,14,male,Tamil Nadu,10th,55.4,69000.0,999,999,1,1,72,1,1,0,60.16,Borderline
A023B,20,other,Manipur,masters,68.2,504000.0,6,999,1,0,0,1,1,1,67.28,Eligible
AZKMI,23,female,Gujarat,postdoc,68.4,294000.0,999,3,1,0,0,1,1,1,77.36,Eligible
A023B,24,male,Meghalaya,masters,90.9,319000.0,3,999,1,0,0,1,1,1,81.36,Eligible
A023B,20,female,Maharashtra,bachelors,87.7,160000.0,2,999,1,0,0,1,1,1,90.08,Eligible
A023B,24,male,Arunachal Pradesh,masters,76.6,520000.0,1,999,1,0,0,1,0,1,70.64,Borderline
A023B,19,male,Andhra Pradesh,bachelors,70.4,224000.0,78,999,1,0,0,1,1,1,63.16,Eligible
ARG45,30,male,Tamil Nadu,phd,93.4,133000.0,3,999,1,0,0,1,1,1,87.36,Eligible
BPVGK,14,female,Sikkim,10th,87.0,239000.0,999,999,1,0,0,1,1,1,67.8,Eligible
AZKMI,31,female,Arunachal Pradesh,masters,84.5,801000.0,999,14,1,0,0,1,1,1,73.8,Ineligible
ARG45,25,male,Odisha,phd,83.1,747000.0,65,999,1,0,0,1,1,1,58.24,Eligible
BVOBC,19,female,Andhra Pradesh,12th,92.0,92000.0,250,999,1,0,0,1,1,1,74.8,Eligible
AZKMI,34,male,Maharashtra,postdoc,52.2,666000.0,999,6,1,0,0,1,1,1,55.88,Ineligible
A023B,21,female,Jharkhand,masters,78.8,132000.0,110,999,1,0,0,1,1,1,69.52,Ineligible
A023B,23,male,Chhattisgarh,masters,66.7,714000.0,3,999,1,0,0,1,1,1,61.68,Ineligible
AZKMI,25,male,Tripura,phd,56.1,666000.0,999,650,1,0,0,1,1,1,37.44,Ineligible
ARG45,27,male,Telangana,phd,70.0,586000.0,6,999,1,0,0,1,1,0,68.0,Borderline
BPVGK,15,male,Manipur,10th,72.9,305000.0,999,999,1,0,0,1,1,1,57.16,Ineligible
A023B,24,female,Maharashtra,masters,64.4,517000.0,5,999,1,0,0,1,1,1,70.76,Eligible
BVOBC,18,female,Andhra Pradesh,12th,76.0,63000.0,140,999,1,0,0,1,1,1,68.4,Eligible
BVOBC,19,female,Nagaland,bachelors,55.5,76000.0,5,999,1,0,0,1,1,1,77.2,Eligible
BVOBC,24,male,Manipur,bachelors,67.4,196000.0,110,999,1,0,0,1,1,1,59.96,Eligible
ARG45,34,female,Tamil Nadu,masters,78.7,317000.0,59,999,1,0,0,1,1,1,71.48,Eligible
BVOBC,21,female,Assam,12th,69.8,381000.0,2,999,1,0,0,1,1,1,77.92,Ineligible
A023B,19,female,Odisha,bachelors,95.8,543000.0,2,999,1,0,0,1,1,1,83.32,Eligible
BVOBC,19,male,Karnataka,bachelors,93.1,209000.0,250,999,1,0,0,1,1,1,65.24,Eligible
AZKMI,33,male,Andhra Pradesh,postdoc,64.8,684000.0,999,21,1,0,0,1,1,1,60.92,Ineligible
AZKMI,32,female,Karnataka,phd,83.6,371000.0,999,21,1,1,77,1,1,1,88.44,Eligible
BVOBC,18,male,Meghalaya,12th,65.9,126000.0,72,999,1,0,0,1,1,1,66.36,Eligible
AZKMI,24,male,Sikkim,phd,82.8,543000.0,999,37,1,0,0,1,1,1,73.12,Eligible
BVOBC,20,male,Odisha,bachelors,92.9,174000.0,110,999,1,0,0,1,1,1,70.16,Eligible
BVOBC,17,female,Madhya Pradesh,12th,83.7,198000.0,65,999,1,0,0,0,1,1,78.48,Ineligible
AZKMI,26,female,Karnataka,postdoc,64.1,712000.0,999,14,0,0,0,1,1,1,65.64,Ineligible
BVOBC,23,male,Kerala,12th,63.0,111000.0,59,999,1,0,0,1,1,1,65.2,Eligible
BVOBC,24,male,Tamil Nadu,12th,68.2,88000.0,1,999,1,0,0,1,1,1,77.28,Eligible
BVOBC,18,male,Rajasthan,bachelors,54.7,257000.0,72,999,1,0,0,1,1,0,56.88,Ineligible
ARG45,33,female,Gujarat,phd,69.9,749000.0,3,999,0,0,0,1,0,1,67.96,Ineligible
BVOBC,24,male,Jharkhand,12th,86.0,319000.0,59,999,1,0,0,1,1,1,69.4,Ineligible
BVOBC,23,male,Manipur,12th,90.7,210000.0,5,999,1,0,0,1,1,1,81.28,Eligible
A023B,19,male,Tripura,bachelors,89.8,564000.0,95,999,1,0,0,1,1,1,65.92,Eligible
BVOBC,19,female,Chhattisgarh,bachelors,86.3,351000.0,110,999,1,0,0,0,1,1,67.52,Ineligible
AZKMI,27,male,Tripura,masters,66.9,837000.0,999,6,1,0,0,1,1,1,61.76,Ineligible
A023B,24,male,Manipur,masters,63.1,776000.0,3,999,1,0,0,1,1,1,60.24,Ineligible
BVOBC,18,female,Arunachal Pradesh,bachelors,89.0,378000.0,5,999,1,0,0,1,1,1,85.6,Ineligible
ARG45,27,male,Gujarat,phd,93.9,815000.0,2,999,1,0,0,1,1,1,72.56,Eligible
ARG45,29,male,Tripura,phd,52.1,541000.0,59,999,1,0,0,1,1,1,50.84,Ineligible
BVOBC,24,female,Tamil Nadu,bachelors,78.4,288000.0,3,999,1,0,0,1,1,1,81.36,Ineligible
ARG45,28,female,Telangana,masters,79.6,147000.0,110,999,1,0,0,1,1,1,69.84,Eligible
ARG45,26,male,Manipur,phd,71.0,152000.0,3,999,1,0,0,1,1,1,78.4,Eligible
BVOBC,17,female,Meghalaya,bachelors,77.9,123000.0,6,999,1,0,0,1,1,1,86.16,Eligible
BPVGK,14,female,Odisha,10th,81.9,150000.0,999,999,1,0,0,1,1,0,70.76,Borderline
ARG45,24,female,Jharkhand,masters,93.2,835000.0,3,999,1,0,0,1,1,1,77.28,Eligible
BPVGK,15,male,Tripura,10th,53.7,166000.0,999,999,1,0,0,1,1,1,54.48,Eligible
A023B,20,female,Meghalaya,bachelors,63.6,795000.0,5,999,1,0,0,1,1,1,65.44,Ineligible
ARG45,27,female,Gujarat,masters,71.6,344000.0,5,999,1,0,0,1,1,1,78.64,Eligible
ARG45,36,female,Madhya Pradesh,masters,56.8,516000.0,1,999,1,0,0,1,1,1,67.72,Eligible
BVOBC,22,male,Jharkhand,bachelors,50.1,374000.0,3,999,1,0,0,1,1,1,65.04,Ineligible
AZKMI,30,male,Odisha,masters,55.8,919000.0,999,650,1,0,0,1,1,1,37.32,Ineligible
ARG45,25,male,Karnataka,masters,70.2,529000.0,2,999,1,0,0,1,1,1,68.08,Eligible
BPVGK,15,female,Odisha,10th,60.5,331000.0,999,999,1,1,57,1,1,1,62.2,Ineligible
BVOBC,24,male,Gujarat,12th,47.3,121000.0,5,999,1,0,0,1,1,1,68.92,Ineligible
BVOBC,21,female,Andhra Pradesh,bachelors,50.9,40000.0,5,999,1,0,0,1,1,1,75.36,Eligible
BVOBC,18,other,Rajasthan,bachelors,64.7,348000.0,72,999,1,0,0,1,1,1,60.88,Ineligible
BVOBC,21,male,Mizoram,bachelors,66.1,82000.0,2,999,1,0,0,1,0,1,76.44,Borderline
AZKMI,32,male,Mizoram,phd,65.4,235000.0,999,37,1,0,0,1,1,1,71.16,Eligible
A023B,18,female,Jharkhand,masters,96.1,354000.0,140,999,1,0,0,1,1,1,71.44,Ineligible
ARG45,30,male,Arunachal Pradesh,masters,91.9,717000.0,140,999,1,0,0,1,1,1,54.76,Eligible
A023B,24,male,Sikkim,bachelors,71.2,438000.0,2,999,1,1,53,1,1,1,73.48,Eligible
ARG45,28,female,Assam,masters,58.4,726000.0,59,999,1,0,0,1,1,1,53.36,Eligible
ARG45,24,female,Gujarat,masters,77.8,840000.0,5,999,1,0,0,1,1,1,71.12,Eligible
ARG45,26,male,Tripura,masters,80.6,62000.0,95,999,1,0,0,1,1,1,72.24,Eligible
AZKMI,37,female,Nagaland,phd,60.9,744000.0,999,3,1,0,0,1,1,1,64.36,Ineligible
BVOBC,22,female,Karnataka,12th,50.4,386000.0,250,999,1,0,0,1,1,1,53.16,Ineligible
BPVGK,16,male,Telangana,10th,57.4,172000.0,999,999,1,0,0,1,1,1,55.96,Eligible
AZKMI,34,female,Karnataka,postdoc,73.9,965000.0,999,22,1,0,0,1,1,1,69.56,Ineligible
ARG45,22,female,Madhya Pradesh,masters,78.0,662000.0,88,999,1,0,0,0,0,0,61.2,Borderline
BVOBC,24,male,Karnataka,12th,91.9,227000.0,1,999,1,0,0,1,1,1,81.76,Eligible
ARG45,24,female,Mizoram,masters,71.3,620000.0,110,999,1,0,0,1,1,1,51.52,Eligible
ARG45,22,male,Jharkhand,phd,53.5,95000.0,250,999,1,0,0,1,1,1,54.4,Ineligible
ARG45,36,female,Jharkhand,phd,66.2,368000.0,5,999,1,0,0,1,1,1,76.48,Eligible
BPVGK,15,female,Meghalaya,10th,88.7,132000.0,999,999,1,0,0,1,1,1,73.48,Eligible
A023B,20,male,Sikkim,bachelors,64.9,599000.0,5,999,1,0,0,1,1,1,65.96,Eligible
BVOBC,24,female,Kerala,12th,91.0,288000.0,1,999,1,0,0,1,1,1,86.4,Ineligible
ARG45,31,female,Meghalaya,masters,60.3,397000.0,3,999,1,0,0,1,1,1,74.12,Eligible
BVOBC,18,female,Chhattisgarh,bachelors,70.3,393000.0,140,999,1,0,0,1,1,1,61.12,Ineligible
ARG45,24,female,Chhattisgarh,phd,55.7,251000.0,6,999,0,0,0,1,1,1,72.28,Ineligible
BVOBC,19,female,Andhra Pradesh,12th,62.5,387000.0,95,999,1,0,0,1,1,1,65.0,Ineligible
BVOBC,19,male,Sikkim,12th,91.1,208000.0,78,999,1,0,0,1,1,0,71.44,Borderline
BPVGK,17,male,Nagaland,10th,86.3,217000.0,999,999,1,0,0,1,1,1,62.52,Eligible
A023B,25,male,Madhya Pradesh,masters,65.1,745000.0,2,999,1,0,0,1,1,1,61.04,Ineligible
AZKMI,35,male,Manipur,postdoc,72.3,643000.0,999,14,1,0,0,1,1,1,63.92,Ineligible
AZKMI,22,male,Odisha,masters,62.2,581000.0,999,3,1,0,0,1,1,1,64.88,Eligible
ARG45,22,female,Odisha,masters,68.9,358000.0,2,999,1,0,0,1,1,1,77.56,Eligible
BVOBC,21,male,Assam,12th,92.1,119000.0,2,999,1,0,0,1,1,1,86.84,Eligible
AZKMI,31,male,Odisha,masters,71.0,198000.0,999,650,1,0,0,1,1,1,58.4,Ineligible
ARG45,34,male,Manipur,masters,89.5,593000.0,250,999,1,0,0,1,1,1,58.8,Eligible
AZKMI,30,male,Meghalaya,masters,57.1,585000.0,999,1,1,0,0,1,1,1,62.84,Eligible
BPVGK,14,male,Andhra Pradesh,10th,94.1,110000.0,999,999,1,0,0,1,1,1,70.64,Eligible
BVOBC,20,female,Nagaland,bachelors,61.5,55000.0,1,999,1,0,0,1,1,1,79.6,Eligible
BVOBC,24,male,Arunachal Pradesh,bachelors,48.4,343000.0,72,999,1,0,0,1,1,1,54.36,Ineligible
BVOBC,17,male,Manipur,bachelors,54.0,129000.0,110,999,1,0,0,1,1,1,54.6,Eligible
BVOBC,21,male,Sikkim,12th,76.7,150000.0,2,999,1,0,0,1,1,1,80.68,Eligible
AZKMI,32,female,Kerala,masters,73.1,602000.0,999,1,1,0,0,1,1,1,69.24,Ineligible
BPVGK,16,female,Andhra Pradesh,10th,57.4,317000.0,999,999,1,0,0,1,1,0,55.96,Ineligible
A023B,25,female,Maharashtra,masters,55.9,490000.0,2,999,1,0,0,1,1,1,67.36,Eligible
ARG45,27,female,Gujarat,masters,86.8,469000.0,3,999,1,0,0,1,1,1,79.72,Eligible
BVOBC,17,male,Meghalaya,bachelors,52.7,362000.0,72,999,1,0,0,0,1,1,56.08,Ineligible
A023B,20,female,Mizoram,masters,65.0,657000.0,2,999,1,0,0,1,1,1,66.0,Ineligible
BPVGK,16,male,Mizoram,10th,80.8,101000.0,999,999,1,0,0,1,1,1,65.32,Eligible
BVOBC,24,female,Andhra Pradesh,bachelors,63.3,382000.0,110,999,1,0,0,1,1,0,58.32,Ineligible
BVOBC,17,female,Meghalaya,bachelors,51.1,188000.0,3,999,1,0,0,1,1,1,75.44,Eligible
BPVGK,14,male,Gujarat,10th,88.7,30000.0,999,999,1,0,0,1,1,1,68.48,Eligible
ARG45,30,female,Karnataka,phd,80.0,413000.0,78,999,1,0,0,1,1,1,67.0,Eligible
BPVGK,14,female,Telangana,10th,50.5,55000.0,999,999,1,1,77,1,1,1,63.2,Eligible
BVOBC,18,male,Tamil Nadu,12th,47.0,328000.0,110,999,1,0,0,1,1,1,46.8,Ineligible
A023B,23,female,Telangana,bachelors,77.7,573000.0,72,999,0,0,0,1,1,1,66.08,Ineligible
BPVGK,17,male,Karnataka,10th,68.9,198000.0,999,999,1,0,0,1,0,1,60.56,Borderline
ARG45,32,female,Karnataka,phd,70.1,591000.0,78,999,1,0,0,1,1,1,63.04,Eligible
BVOBC,20,male,Jharkhand,12th,84.2,257000.0,250,999,1,0,0,1,1,0,61.68,Ineligible
AZKMI,38,male,Mizoram,masters,68.5,903000.0,999,6,1,0,0,1,0,1,62.4,Ineligible
A023B,23,female,Mizoram,masters,93.4,140000.0,1,999,1,0,0,1,1,1,92.36,Eligible
ARG45,36,female,Madhya Pradesh,phd,59.4,843000.0,85,999,1,0,0,1,1,0,53.76,Borderline
A023B,25,male,Rajasthan,masters,75.7,254000.0,65,999,1,0,0,1,1,1,65.28,Eligible
ARG45,29,female,Mizoram,masters,50.6,147000.0,5,999,1,0,0,1,1,1,75.24,Ineligible
AZKMI,30,female,Odisha,postdoc,94.7,557000.0,999,650,1,0,0,1,1,1,62.88,Ineligible
A023B,25,male,Sikkim,bachelors,68.3,150000.0,2,999,1,0,0,1,1,1,77.32,Eligible
BVOBC,20,female,Kerala,bachelors,53.0,151000.0,2,999,1,0,0,0,1,0,76.2,Borderline
AZKMI,34,female,Kerala,phd,94.6,472000.0,999,14,1,0,0,1,1,1,82.84,Eligible
BVOBC,24,female,Assam,bachelors,77.2,60000.0,1,999,1,0,0,1,1,1,85.88,Eligible
BPVGK,17,female,Tripura,10th,87.7,342000.0,999,999,1,0,0,1,1,1,68.08,Ineligible
A023B,20,male,Meghalaya,bachelors,69.5,377000.0,5,999,1,0,0,1,1,1,72.8,Eligible
A023B,18,female,Meghalaya,masters,89.4,380000.0,2,999,1,0,0,1,1,1,85.76,Eligible
BPVGK,16,female,Assam,10th,79.7,78000.0,999,999,1,1,50,1,1,1,74.88,Eligible
ARG45,26,male,Gujarat,phd,51.9,852000.0,2,999,0,0,0,1,1,1,55.76,Ineligible
BVOBC,20,male,Meghalaya,bachelors,45.3,71000.0,5,999,1,0,0,1,1,1,68.12,Ineligible
A023B,20,male,Chhattisgarh,masters,91.4,352000.0,3,999,1,0,0,1,1,1,81.56,Eligible
BVOBC,18,female,Odisha,bachelors,49.8,312000.0,250,999,1,0,0,1,0,0,52.92,Ineligible
A023B,23,female,Jharkhand,bachelors,85.0,247000.0,65,999,1,0,0,1,1,1,74.0,Eligible
ARG45,26,female,Jharkhand,masters,86.3,818000.0,78,999,1,0,0,1,1,1,64.52,Eligible
ARG45,27,female,Meghalaya,phd,62.2,458000.0,6,999,1,0,0,1,1,1,69.88,Eligible
ARG45,35,male,Jharkhand,phd,61.9,579000.0,250,999,1,0,0,1,1,1,47.76,Eligible
BVOBC,19,female,Tamil Nadu,bachelors,94.1,65000.0,110,999,1,0,0,1,1,1,75.64,Eligible
A023B,18,female,Madhya Pradesh,masters,76.0,763000.0,85,999,1,0,0,0,1,1,60.4,Ineligible
AZKMI,33,male,Maharashtra,masters,67.5,360000.0,999,3,1,0,0,0,1,1,72.0,Ineligible
BPVGK,16,female,Kerala,10th,70.4,195000.0,999,999,1,0,0,1,1,1,66.16,Eligible
BVOBC,24,female,Odisha,bachelors,45.2,66000.0,140,999,1,0,0,0,1,1,56.08,Ineligible
A023B,21,male,Nagaland,bachelors,74.1,154000.0,88,999,1,0,0,1,1,1,69.64,Eligible
BPVGK,14,female,Jharkhand,10th,58.4,124000.0,999,999,1,0,0,0,1,1,61.36,Ineligible
A023B,22,female,Gujarat,masters,97.4,746000.0,3,999,1,0,0,0,1,1,78.96,Ineligible
BVOBC,17,male,Mizoram,12th,60.9,290000.0,1,999,1,0,0,1,1,1,69.36,Ineligible
BVOBC,24,male,Tamil Nadu,12th,50.3,204000.0,72,999,1,0,0,1,1,1,55.12,Eligible
A023B,21,male,Assam,masters,91.4,351000.0,2,999,1,0,0,1,1,1,81.56,Eligible
A023B,21,male,Meghalaya,masters,79.8,650000.0,250,999,1,0,0,1,0,1,49.92,Ineligible
AZKMI,28,male,Chhattisgarh,phd,70.8,213000.0,999,650,1,0,0,1,1,1,53.32,Ineligible
A023B,24,female,Mizoram,masters,72.2,670000.0,2,999,1,0,0,1,1,1,68.88,Ineligible
AZKMI,28,male,Gujarat,phd,79.8,528000.0,999,2,1,0,0,1,1,0,71.92,Borderline
AZKMI,26,female,Odisha,phd,94.3,106000.0,999,32,1,0,0,1,1,1,92.72,Eligible
AZKMI,35,female,Madhya Pradesh,masters,75.3,809000.0,999,650,1,0,0,1,0,1,50.12,Ineligible
ARG45,32,male,Karnataka,masters,73.9,314000.0,110,999,1,0,0,1,1,1,57.56,Eligible
BPVGK,17,male,Karnataka,10th,51.4,246000.0,999,999,1,0,0,1,1,1,48.56,Eligible
A023B,21,male,Sikkim,masters,91.8,756000.0,140,999,1,0,0,1,0,1,54.72,Ineligible
A023B,19,female,Assam,masters,90.3,168000.0,2,999,1,1,53,1,1,1,96.12,Eligible
BVOBC,20,female,Gujarat,bachelors,91.6,259000.0,3,999,1,0,0,1,1,1,86.64,Ineligible
BVOBC,20,female,Kerala,12th,94.9,90000.0,6,999,1,0,0,1,1,1,92.96,Eligible
A023B,21,female,Tripura,masters,80.1,516000.0,1,999,1,0,0,1,1,1,77.04,Eligible
BVOBC,21,male,Meghalaya,12th,85.9,309000.0,59,999,1,0,0,1,1,1,69.36,Ineligible
ARG45,34,male,Chhattisgarh,masters,59.9,418000.0,85,999,1,0,0,1,1,1,53.96,Eligible
ARG45,32,female,Mizoram,masters,84.7,824000.0,1,999,1,0,0,1,0,1,73.88,Borderline
BPVGK,17,male,Assam,10th,92.7,180000.0,999,999,1,1,57,1,1,1,75.08,Eligible
AZKMI,31,male,Rajasthan,postdoc,63.4,582000.0,999,3,1,0,0,1,1,1,65.36,Eligible
A023B,21,male,Sikkim,masters,97.0,694000.0,1,999,1,0,0,0,1,1,73.8,Ineligible
A023B,21,male,Madhya Pradesh,masters,96.4,408000.0,5,999,1,0,0,0,1,1,78.56,Ineligible
BPVGK,16,female,Maharashtra,10th,81.5,81000.0,999,999,1,0,0,1,1,1,70.6,Eligible
AZKMI,37,male,Odisha,postdoc,56.6,968000.0,999,32,1,0,0,1,1,1,57.64,Ineligible
BPVGK,15,male,Chhattisgarh,10th,49.2,234000.0,999,999,1,1,70,1,1,1,52.68,Ineligible
BPVGK,17,male,Assam,10th,51.7,50000.0,999,999,1,0,0,1,1,1,53.68,Eligible
A023B,20,female,Madhya Pradesh,masters,81.4,390000.0,140,999,1,0,0,1,1,1,65.56,Ineligible
AZKMI,23,male,Jharkhand,masters,73.1,657000.0,999,650,1,1,63,1,1,1,49.24,Ineligible
ARG45,29,female,Rajasthan,masters,55.8,331000.0,6,999,1,0,0,1,1,1,72.32,Eligible
BVOBC,24,male,Meghalaya,bachelors,86.2,247000.0,59,999,1,0,0,1,1,0,69.48,Borderline
ARG45,25,male,Arunachal Pradesh,masters,69.0,816000.0,59,999,1,0,0,1,1,1,52.6,Eligible
ARG45,26,female,Jharkhand,phd,52.9,76000.0,2,999,1,0,0,1,1,1,76.16,Ineligible
A023B,19,female,Manipur,masters,86.3,148000.0,3,999,1,0,0,1,1,1,89.52,Eligible
A023B,23,female,Chhattisgarh,bachelors,83.1,774000.0,1,999,1,0,0,1,1,1,73.24,Ineligible
ARG45,33,female,Maharashtra,masters,56.0,726000.0,65,999,1,0,0,1,1,1,52.4,Eligible
A023B,18,female,Mizoram,masters,76.4,371000.0,110,999,1,0,0,1,1,1,63.56,Ineligible
AZKMI,34,female,Manipur,masters,70.8,734000.0,999,22,1,0,0,1,1,1,68.32,Ineligible
A023B,18,female,Gujarat,masters,60.1,471000.0,6,999,1,1,62,1,1,1,74.04,Eligible
AZKMI,32,male,Nagaland,postdoc,89.6,141000.0,999,650,1,0,0,1,1,1,65.84,Ineligible
BVOBC,24,male,Chhattisgarh,12th,45.9,150000.0,88,999,1,0,0,1,0,1,58.36,Ineligible
AZKMI,33,male,Chhattisgarh,masters,74.7,981000.0,999,8,0,0,0,1,0,1,64.88,Ineligible
ARG45,34,female,Maharashtra,masters,59.1,656000.0,110,999,1,0,0,1,1,1,46.64,Eligible
BVOBC,20,female,Telangana,12th,80.0,371000.0,5,999,1,0,0,1,1,1,82.0,Ineligible
ARG45,29,male,Tamil Nadu,masters,71.0,592000.0,88,999,1,0,0,1,1,1,58.4,Eligible
ARG45,36,male,Andhra Pradesh,phd,89.7,182000.0,95,999,1,0,0,0,1,1,75.88,Ineligible
AZKMI,29,male,Karnataka,masters,93.6,521000.0,999,650,1,0,0,1,1,1,57.44,Ineligible
A023B,22,male,Nagaland,masters,68.4,572000.0,6,999,1,0,0,1,1,0,67.36,Borderline
A023B,20,male,Maharashtra,masters,82.5,747000.0,2,999,1,0,0,1,1,1,68.0,Ineligible
BVOBC,20,female,Meghalaya,bachelors,93.7,269000.0,65,999,1,0,0,1,1,1,77.48,Ineligible
BPVGK,15,female,Manipur,10th,91.1,189000.0,999,999,1,0,0,1,0,1,74.44,Borderline
AZKMI,22,male,Rajasthan,phd,87.8,724000.0,999,3,0,0,0,1,1,1,70.12,Ineligible
A023B,18,female,Rajasthan,bachelors,76.2,465000.0,3,999,1,0,0,1,1,1,75.48,Eligible
ARG45,31,male,Arunachal Pradesh,phd,55.8,526000.0,65,999,1,0,0,1,1,0,52.32,Borderline
BPVGK,15,male,Tripura,10th,67.9,130000.0,999,999,1,0,0,1,1,1,60.16,Eligible
BVOBC,20,female,Tamil Nadu,12th,94.4,128000.0,140,999,1,0,0,1,1,1,75.76,Eligible
AZKMI,31,female,Gujarat,phd,65.5,506000.0,999,3,0,0,0,1,1,1,71.2,Ineligible
ARG45,36,female,Nagaland,phd,75.4,731000.0,110,999,1,0,0,1,1,1,53.16,Eligible
BVOBC,17,female,Assam,bachelors,61.6,198000.0,110,999,1,0,0,1,1,1,62.64,Eligible
BPVGK,14,male,Gujarat,10th,63.2,125000.0,999,999,1,0,0,1,1,1,58.28,Eligible
ARG45,27,female,Mizoram,phd,52.3,874000.0,1,999,1,0,0,1,1,1,60.92,Ineligible
A023B,21,male,Nagaland,bachelors,82.8,431000.0,110,999,1,0,0,1,1,1,56.12,Ineligible
ARG45,28,male,Gujarat,masters,92.7,416000.0,85,999,1,0,0,1,1,1,67.08,Eligible
AZKMI,35,female,Jharkhand,postdoc,51.7,679000.0,999,21,1,0,0,1,1,1,60.68,Ineligible
ARG45,31,female,Rajasthan,masters,70.6,563000.0,1,999,0,0,0,1,1,1,73.24,Ineligible
ARG45,32,female,Gujarat,masters,83.3,192000.0,110,999,1,0,0,1,1,1,71.32,Eligible
ARG45,28,male,Maharashtra,masters,89.0,814000.0,6,999,1,0,0,1,1,1,70.6,Eligible
AZKMI,38,female,Odisha,phd,72.1,587000.0,999,21,1,0,0,1,1,1,73.84,Ineligible
ARG45,24,male,Jharkhand,phd,93.9,525000.0,72,999,1,0,0,1,1,1,67.56,Eligible
ARG45,35,male,Andhra Pradesh,phd,86.8,750000.0,59,999,1,0,0,0,1,1,59.72,Ineligible
AZKMI,35,male,Manipur,masters,70.4,519000.0,999,6,1,0,0,1,1,1,68.16,Eligible
BVOBC,24,male,Meghalaya,bachelors,68.4,352000.0,59,999,1,0,0,1,1,1,62.36,Ineligible
BVOBC,19,male,Assam,bachelors,71.6,326000.0,6,999,1,0,0,1,0,1,73.64,Ineligible
BVOBC,24,female,Tripura,12th,45.1,111000.0,140,999,1,0,0,1,1,1,56.04,Ineligible
AZKMI,21,male,Tripura,masters,53.3,855000.0,999,32,1,0,0,0,0,1,56.32,Ineligible
AZKMI,27,female,Sikkim,masters,89.6,785000.0,999,6,1,0,0,1,0,1,75.84,Ineligible
AZKMI,23,male,Jharkhand,postdoc,75.0,336000.0,999,3,1,0,0,1,1,1,75.0,Eligible
A023B,19,male,Tripura,masters,62.3,425000.0,85,999,1,0,0,1,1,1,54.92,Eligible
BPVGK,17,male,Sikkim,10th,80.0,237000.0,999,999,1,0,0,1,1,1,60.0,Eligible
BPVGK,14,female,Kerala,10th,78.8,46000.0,999,999,1,0,0,1,1,1,69.52,Eligible
BVOBC,21,female,Odisha,bachelors,53.3,315000.0,2,999,1,0,0,1,1,1,71.32,Ineligible
ARG45,29,male,Tamil Nadu,phd,90.7,724000.0,140,999,1,0,0,1,1,1,54.28,Eligible
BPVGK,17,male,Tamil Nadu,10th,82.4,111000.0,999,999,1,0,0,1,1,1,65.96,Eligible
BVOBC,19,male,Meghalaya,12th,59.3,186000.0,2,999,1,0,0,1,1,1,73.72,Eligible
ARG45,36,male,Mizoram,masters,60.7,847000.0,2,999,1,0,0,1,1,1,59.28,Eligible
A023B,19,male,Tamil Nadu,masters,88.0,83000.0,1,999,1,0,0,1,1,1,85.2,Eligible
BVOBC,23,male,Telangana,12th,59.0,252000.0,65,999,1,0,0,1,1,1,58.6,Ineligible
AZKMI,32,female,Nagaland,phd,61.5,398000.0,999,37,1,0,0,1,1,1,74.6,Eligible
ARG45,23,female,Sikkim,masters,90.6,136000.0,65,999,0,0,0,1,1,1,81.24,Ineligible
BPVGK,16,female,Arunachal Pradesh,10th,74.8,292000.0,999,999,1,0,0,1,1,1,62.92,Ineligible
ARG45,29,male,Odisha,masters,79.3,642000.0,85,999,1,0,0,1,1,1,56.72,Eligible
A023B,25,female,Tamil Nadu,bachelors,55.4,693000.0,3,999,1,0,0,1,1,1,62.16,Ineligible
BVOBC,18,male,Tamil Nadu,bachelors,69.0,286000.0,5,999,1,0,0,1,1,1,72.6,Ineligible
A023B,22,male,Chhattisgarh,masters,97.4,713000.0,1,999,1,0,0,1,1,1,73.96,Ineligible
AZKMI,26,male,Tamil Nadu,phd,70.1,948000.0,999,14,1,0,0,1,1,1,63.04,Ineligible
A023B,22,female,Andhra Pradesh,masters,77.0,716000.0,65,999,1,0,0,1,1,1,60.8,Ineligible
ARG45,36,male,Rajasthan,masters,81.1,869000.0,59,999,1,0,0,1,1,1,57.44,Eligible
BVOBC,17,female,Tripura,12th,52.8,140000.0,250,999,1,0,0,1,1,1,59.12,Eligible
A023B,19,male,Mizoram,masters,72.6,658000.0,3,999,1,0,0,1,1,0,64.04,Ineligible
BVOBC,21,female,Arunachal Pradesh,12th,89.2,388000.0,2,999,1,0,0,1,1,1,85.68,Ineligible
BVOBC,24,female,Gujarat,12th,86.2,369000.0,140,999,1,0,0,1,1,1,67.48,Ineligible
AZKMI,23,female,Mizoram,masters,55.9,169000.0,999,22,1,0,0,1,1,1,77.36,Eligible
A023B,23,male,Tripura,masters,69.9,700000.0,1,999,1,0,0,1,1,1,62.96,Ineligible
ARG45,30,male,Maharashtra,masters,65.2,124000.0,1,999,0,0,0,1,1,1,76.08,Ineligible
ARG45,31,male,Tamil Nadu,phd,57.9,481000.0,1,999,0,0,0,1,0,1,63.16,Ineligible
ARG45,25,female,Gujarat,masters,86.7,514000.0,78,999,1,0,0,1,1,1,69.68,Eligible
ARG45,30,female,Arunachal Pradesh,phd,94.1,166000.0,78,999,0,0,0,1,1,1,82.64,Ineligible
BPVGK,15,male,Manipur,10th,71.5,266000.0,999,999,1,0,0,0,1,1,56.6,Ineligible
A023B,22,male,Sikkim,masters,96.7,769000.0,3,999,1,0,0,1,1,1,73.68,Ineligible
AZKMI,31,male,Mizoram,phd,57.8,959000.0,999,4,0,0,0,1,1,1,58.12,Ineligible
AZKMI,36,female,Telangana,masters,52.7,213000.0,999,21,1,0,0,1,1,1,71.08,Ineligible
BVOBC,19,male,Jharkhand,bachelors,47.1,302000.0,6,999,1,0,0,1,1,1,63.84,Ineligible
A023B,25,male,Gujarat,masters,82.9,291000.0,2,999,0,0,0,1,0,1,78.16,Ineligible
A023B,25,male,Nagaland,bachelors,77.7,686000.0,78,999,1,0,0,1,0,1,56.08,Ineligible
BVOBC,20,male,Arunachal Pradesh,12th,54.6,104000.0,3,999,1,0,0,0,1,1,71.84,Ineligible
AZKMI,26,male,Sikkim,masters,80.5,336000.0,999,8,1,1,67,1,1,1,82.2,Eligible
AZKMI,31,male,Jharkhand,masters,52.7,216000.0,999,650,1,0,0,1,1,1,46.08,Ineligible
BVOBC,23,male,Madhya Pradesh,12th,72.8,129000.0,59,999,1,0,0,1,1,1,69.12,Eligible
A023B,18,other,Odisha,bachelors,70.7,237000.0,2,999,1,0,0,1,1,1,73.28,Eligible
A023B,23,male,Sikkim,masters,70.7,391000.0,2,999,1,0,0,1,1,1,73.28,Eligible
A023B,23,male,Tamil Nadu,bachelors,93.3,313000.0,1,999,1,0,0,1,1,1,82.32,Eligible
A023B,21,male,Nagaland,masters,95.5,577000.0,1,999,1,0,0,1,0,1,78.2,Borderline
BVOBC,18,male,Telangana,bachelors,78.2,75000.0,3,999,1,0,0,1,1,1,81.28,Eligible
BVOBC,22,female,Nagaland,12th,48.1,114000.0,6,999,1,0,0,1,1,1,74.24,Ineligible
AZKMI,38,female,Telangana,masters,63.5,151000.0,999,650,1,0,0,1,0,1,60.4,Ineligible
BVOBC,20,female,Nagaland,bachelors,56.9,272000.0,85,999,1,1,51,1,1,1,67.76,Ineligible
ARG45,35,male,Odisha,masters,65.9,540000.0,65,999,1,0,0,1,1,1,56.36,Eligible
AZKMI,31,female,Gujarat,phd,68.3,178000.0,999,37,1,0,0,1,1,0,82.32,Borderline
BPVGK,17,female,Telangana,10th,48.4,99000.0,999,999,1,0,0,1,1,1,57.36,Ineligible
BPVGK,17,female,Arunachal Pradesh,10th,57.0,292000.0,999,999,1,0,0,1,1,1,55.8,Ineligible
ARG45,25,female,Rajasthan,masters,54.2,557000.0,72,999,1,0,0,1,1,1,56.68,Ineligible
A023B,24,male,Madhya Pradesh,masters,89.8,194000.0,65,999,1,0,0,1,1,1,75.92,Eligible
BVOBC,20,female,Tripura,12th,67.6,95000.0,59,999,1,0,0,1,1,1,72.04,Eligible
BPVGK,14,male,Madhya Pradesh,10th,45.6,240000.0,999,999,1,0,0,1,1,1,46.24,Ineligible
ARG45,27,male,Andhra Pradesh,masters,55.0,667000.0,1,999,1,0,0,1,1,0,57.0,Borderline
AZKMI,23,female,Jharkhand,phd,90.2,527000.0,999,14,1,0,0,1,1,1,81.08,Eligible
AZKMI,23,male,Sikkim,phd,84.0,288000.0,999,14,1,0,0,1,0,1,78.6,Borderline
ARG45,36,male,Odisha,phd,93.9,876000.0,1,999,1,0,0,1,1,1,72.56,Eligible
ARG45,31,female,Sikkim,phd,68.1,562000.0,110,999,1,1,62,1,1,1,60.24,Eligible
BVOBC,24,female,Sikkim,12th,82.9,155000.0,85,999,1,0,0,1,1,1,78.16,Eligible
ARG45,25,male,Karnataka,masters,59.7,241000.0,85,999,1,0,0,1,1,1,58.88,Eligible
AZKMI,38,male,Karnataka,masters,78.0,686000.0,999,1,1,0,0,1,1,1,66.2,Ineligible
ARG45,35,male,Manipur,masters,80.9,522000.0,88,999,1,0,0,1,0,1,62.36,Borderline
BVOBC,17,female,Kerala,12th,91.9,227000.0,1,999,1,0,0,1,1,1,86.76,Eligible
A023B,21,female,Andhra Pradesh,bachelors,96.0,463000.0,2,999,1,0,0,1,1,1,83.4,Eligible
BPVGK,16,female,Arunachal Pradesh,10th,49.9,104000.0,999,999,1,0,0,1,1,1,57.96,Ineligible
ARG45,29,female,Maharashtra,phd,51.7,279000.0,250,999,1,0,0,1,1,1,53.68,Ineligible
AZKMI,24,female,Sikkim,postdoc,64.0,293000.0,999,14,0,0,0,1,1,1,75.6,Ineligible
AZKMI,23,female,Rajasthan,masters,73.2,250000.0,999,650,1,0,0,1,1,1,59.28,Ineligible
BPVGK,15,male,Maharashtra,10th,64.0,271000.0,999,999,1,0,0,1,0,0,53.6,Ineligible
BPVGK,14,male,Madhya Pradesh,10th,54.9,311000.0,999,999,1,0,0,1,1,1,49.96,Ineligible
BPVGK,17,male,Mizoram,10th,46.4,104000.0,999,999,1,0,0,1,1,1,51.56,Ineligible
A023B,20,male,Assam,bachelors,96.7,351000.0,6,999,1,0,0,1,1,1,83.68,Eligible
BVOBC,20,male,Rajasthan,bachelors,78.6,355000.0,88,999,1,0,0,1,1,1,66.44,Ineligible
BVOBC,18,female,Jharkhand,bachelors,79.8,366000.0,65,999,1,0,0,1,1,1,71.92,Ineligible
BVOBC,21,female,Jharkhand,bachelors,54.6,308000.0,140,999,1,0,0,1,1,1,54.84,Ineligible
ARG45,32,male,Kerala,phd,89.4,164000.0,1,999,1,0,0,1,1,1,85.76,Eligible
A023B,25,female,Assam,masters,91.3,174000.0,5,999,1,0,0,1,1,1,91.52,Eligible
BPVGK,17,male,Madhya Pradesh,10th,55.2,128000.0,999,999,1,0,0,1,1,1,55.08,Eligible
AZKMI,34,female,Manipur,postdoc,59.6,305000.0,999,4,1,0,0,1,1,1,73.84,Eligible
BPVGK,14,male,Odisha,10th,68.3,339000.0,999,999,1,0,0,1,1,1,55.32,Ineligible
BVOBC,20,female,Tripura,12th,88.7,355000.0,72,999,1,0,0,1,1,1,75.48,Ineligible
AZKMI,32,male,Gujarat,masters,85.4,898000.0,999,22,1,0,0,1,1,1,69.16,Ineligible
BVOBC,18,male,Andhra Pradesh,12th,47.5,90000.0,88,999,1,0,0,1,1,0,59.0,Ineligible
A023B,20,male,Manipur,bachelors,90.9,703000.0,72,999,1,0,0,1,1,1,61.36,Ineligible
BVOBC,23,female,Kerala,12th,48.9,376000.0,5,999,1,0,0,1,1,1,69.56,Ineligible
ARG45,34,male,Telangana,phd,66.3,315000.0,72,999,1,0,0,1,0,1,61.52,Borderline
BVOBC,19,male,Manipur,12th,70.3,300000.0,140,999,1,0,0,0,1,1,56.12,Ineligible
BVOBC,18,female,Odisha,12th,62.4,102000.0,2,999,1,0,0,1,1,1,79.96,Eligible
A023B,24,female,Maharashtra,masters,79.6,502000.0,1,999,1,0,0,1,1,1,76.84,Eligible
BVOBC,22,female,Rajasthan,bachelors,48.2,151000.0,250,999,1,0,0,1,1,1,57.28,Ineligible
BVOBC,17,female,Andhra Pradesh,bachelors,47.4,129000.0,250,999,1,1,77,1,1,1,61.96,Ineligible
BVOBC,20,male,Arunachal Pradesh,12th,46.9,328000.0,65,999,1,0,0,1,1,1,53.76,Ineligible
AZKMI,34,female,Assam,phd,82.5,587000.0,999,14,0,0,0,1,1,1,78.0,Ineligible
BVOBC,23,male,Meghalaya,bachelors,67.5,194000.0,110,999,1,0,0,1,1,1,60.0,Eligible
A023B,22,male,Sikkim,masters,75.5,332000.0,72,999,1,0,0,1,1,1,65.2,Eligible
ARG45,25,male,Tripura,masters,59.8,770000.0,110,999,1,0,0,1,1,0,41.92,Borderline
AZKMI,35,female,Gujarat,phd,84.9,135000.0,999,14,1,1,42,1,1,1,93.96,Eligible
AZKMI,25,female,Andhra Pradesh,phd,81.9,280000.0,999,32,1,0,0,1,1,1,82.76,Eligible
BPVGK,15,female,Arunachal Pradesh,10th,54.7,188000.0,999,999,1,0,0,1,0,1,59.88,Borderline
A023B,21,female,Tripura,masters,61.0,646000.0,110,999,1,0,0,1,1,1,47.4,Ineligible
ARG45,35,female,Gujarat,masters,50.3,642000.0,72,999,1,0,0,1,0,1,50.12,Ineligible
BVOBC,20,female,Rajasthan,12th,77.2,233000.0,250,999,1,0,0,1,1,1,63.88,Eligible
BVOBC,17,female,Mizoram,bachelors,68.7,198000.0,250,999,1,0,0,1,1,1,65.48,Eligible
BPVGK,17,male,Andhra Pradesh,10th,72.0,316000.0,999,999,1,0,0,1,1,1,56.8,Ineligible
BVOBC,24,female,Assam,12th,68.6,281000.0,59,999,1,0,0,1,1,1,67.44,Ineligible
BVOBC,22,female,Tamil Nadu,12th,58.4,386000.0,250,999,1,0,0,0,1,1,56.36,Ineligible
ARG45,29,male,Tamil Nadu,masters,80.5,127000.0,95,999,1,0,0,1,1,1,72.2,Eligible
A023B,19,male,Mizoram,bachelors,60.5,88000.0,5,999,1,0,0,1,1,1,74.2,Eligible
ARG45,35,female,Arunachal Pradesh,phd,87.3,545000.0,59,999,1,0,0,1,1,1,69.92,Eligible
BPVGK,16,female,Telangana,10th,52.3,180000.0,999,999,1,0,0,1,1,1,58.92,Eligible
BVOBC,23,female,Sikkim,12th,75.4,133000.0,88,999,1,0,0,1,1,1,75.16,Eligible
A023B,24,female,Nagaland,masters,63.5,418000.0,2,999,1,0,0,1,1,1,70.4,Eligible
ARG45,28,male,Sikkim,phd,60.0,684000.0,1,999,1,0,0,1,1,1,59.0,Eligible
BVOBC,24,female,Rajasthan,bachelors,73.8,255000.0,3,999,1,0,0,1,1,1,79.52,Ineligible
A023B,24,female,Jharkhand,masters,86.0,604000.0,2,999,0,0,0,1,1,1,74.4,Ineligible
BVOBC,20,male,Karnataka,bachelors,71.2,261000.0,5,999,1,0,0,1,0,1,73.48,Ineligible
BVOBC,24,male,Jharkhand,12th,91.8,145000.0,95,999,1,0,0,1,1,1,76.72,Eligible
AZKMI,34,male,Gujarat,phd,93.3,852000.0,999,6,0,0,0,1,0,1,72.32,Ineligible
BVOBC,17,male,Manipur,bachelors,64.8,164000.0,3,999,1,0,0,1,1,1,75.92,Eligible
AZKMI,38,female,Madhya Pradesh,postdoc,60.6,501000.0,999,1,1,0,0,1,1,1,69.24,Ineligible
BVOBC,22,male,Tripura,12th,52.6,56000.0,110,999,1,0,0,1,1,0,54.04,Borderline
ARG45,25,male,Nagaland,phd,61.3,401000.0,88,999,1,0,0,1,1,1,54.52,Eligible
AZKMI,21,male,Telangana,postdoc,74.6,289000.0,999,6,1,0,0,1,1,1,74.84,Eligible
BVOBC,21,female,Tripura,bachelors,66.9,369000.0,2,999,1,0,0,1,1,1,76.76,Ineligible
ARG45,33,female,Manipur,phd,81.4,882000.0,59,999,1,1,55,1,1,1,67.56,Eligible
BPVGK,15,female,Nagaland,10th,55.7,149000.0,999,999,1,0,0,1,1,1,60.28,Eligible
A023B,23,female,Gujarat,bachelors,88.0,99000.0,2,999,1,0,0,1,1,1,90.2,Eligible
ARG45,35,female,Nagaland,phd,54.3,515000.0,95,999,1,0,0,1,1,1,56.72,Ineligible
A023B,24,male,Kerala,masters,56.6,336000.0,65,999,1,0,0,1,1,1,57.64,Eligible
A023B,25,male,Madhya Pradesh,bachelors,75.8,466000.0,3,999,1,0,0,1,1,1,70.32,Eligible
BPVGK,17,male,Mizoram,10th,49.2,338000.0,999,999,1,1,46,1,1,1,52.68,Ineligible
ARG45,22,male,Maharashtra,phd,51.9,104000.0,1,999,1,0,0,1,0,1,70.76,Ineligible
AZKMI,35,male,Tripura,phd,74.3,450000.0,999,2,1,0,0,1,1,1,69.72,Eligible
BVOBC,22,male,Odisha,12th,66.9,217000.0,3,999,1,0,0,1,1,1,71.76,Eligible
BVOBC,19,female,Madhya Pradesh,12th,89.6,261000.0,2,999,1,0,0,1,1,1,85.84,Ineligible
BPVGK,15,male,Andhra Pradesh,10th,48.0,282000.0,999,999,1,0,0,1,1,1,47.2,Ineligible
AZKMI,24,female,Telangana,masters,89.7,734000.0,999,32,1,0,0,1,1,1,75.88,Ineligible
ARG45,22,female,Madhya Pradesh,masters,85.7,65000.0,2,999,1,0,0,1,1,1,89.28,Eligible
A023B,24,female,Meghalaya,bachelors,92.7,585000.0,2,999,1,0,0,1,1,1,82.08,Eligible
ARG45,31,female,Manipur,phd,51.3,399000.0,88,999,1,0,0,1,1,1,60.52,Ineligible
BVOBC,20,female,Manipur,bachelors,74.1,55000.0,5,999,1,0,0,1,0,1,84.64,Borderline
ARG45,27,male,Jharkhand,phd,91.8,897000.0,78,999,0,0,0,1,1,1,61.72,Ineligible
BVOBC,18,female,Tripura,bachelors,55.0,74000.0,72,999,1,0,0,1,1,1,67.0,Eligible
ARG45,27,other,Tripura,masters,56.1,717000.0,110,999,1,0,0,1,0,1,40.44,Borderline
BVOBC,17,female,Karnataka,12th,60.7,228000.0,5,999,1,0,0,1,1,1,74.28,Eligible
BPVGK,14,other,Arunachal Pradesh,10th,51.2,148000.0,999,999,1,0,0,1,1,1,53.48,Eligible
BVOBC,24,female,Madhya Pradesh,12th,55.5,298000.0,6,999,1,0,0,1,1,0,72.2,Ineligible
AZKMI,21,female,Tripura,postdoc,64.4,853000.0,999,37,1,0,0,1,1,1,65.76,Ineligible
BPVGK,15,female,Assam,10th,61.5,276000.0,999,999,1,1,63,1,1,1,62.6,Ineligible
BPVGK,15,female,Tamil Nadu,10th,59.4,78000.0,999,999,1,0,0,1,1,1,61.76,Eligible
ARG45,31,female,Assam,phd,91.2,807000.0,2,999,1,0,0,1,1,1,76.48,Eligible
BVOBC,24,female,Jharkhand,12th,58.5,366000.0,1,999,1,0,0,1,1,1,73.4,Ineligible
A023B,22,male,Assam,bachelors,87.5,150000.0,5,999,1,0,0,1,1,1,85.0,Eligible
BPVGK,14,male,Telangana,10th,77.7,337000.0,999,999,1,0,0,1,1,1,59.08,Ineligible
AZKMI,37,male,Mizoram,postdoc,84.0,492000.0,999,1,1,0,0,1,1,1,73.6,Ineligible
BPVGK,16,female,Assam,10th,70.1,334000.0,999,999,1,0,0,1,1,0,61.04,Ineligible
BVOBC,19,female,Nagaland,12th,77.6,113000.0,2,999,1,0,0,1,1,1,86.04,Eligible
A023B,21,female,Jharkhand,masters,69.5,246000.0,3,999,1,0,0,1,1,1,77.8,Eligible
AZKMI,38,female,Tripura,masters,74.3,973000.0,999,6,1,0,0,1,1,1,69.72,Ineligible
ARG45,32,male,Manipur,masters,82.3,388000.0,95,999,1,0,0,1,1,1,67.92,Eligible
AZKMI,30,female,Odisha,postdoc,90.4,174000.0,999,6,1,0,0,1,1,1,91.16,Eligible
AZKMI,33,female,Assam,phd,65.9,515000.0,999,6,0,0,0,1,1,1,71.36,Ineligible
ARG45,35,female,Mizoram,masters,89.9,720000.0,78,999,1,0,0,1,1,1,65.96,Eligible
ARG45,26,female,Rajasthan,masters,63.3,564000.0,140,999,1,0,0,1,1,1,53.32,Eligible
BVOBC,18,male,Telangana,bachelors,71.1,59000.0,6,999,1,0,0,1,1,1,78.44,Eligible
BVOBC,20,female,Arunachal Pradesh,12th,70.0,144000.0,65,999,1,0,0,0,1,1,73.0,Ineligible
ARG45,30,female,Tamil Nadu,masters,91.8,429000.0,72,999,1,0,0,1,0,1,71.72,Borderline
BPVGK,17,male,Telangana,10th,72.8,129000.0,999,999,1,0,0,1,1,1,62.12,Eligible
A023B,23,female,Tripura,masters,55.5,564000.0,3,999,1,0,0,0,1,1,67.2,Ineligible
BPVGK,15,male,Karnataka,10th,87.9,191000.0,999,999,1,0,0,1,1,1,68.16,Eligible
BVOBC,20,male,Assam,12th,55.1,44000.0,72,999,1,0,0,1,1,1,62.04,Eligible
BVOBC,23,male,Odisha,bachelors,46.7,138000.0,95,999,1,0,0,0,1,1,58.68,Ineligible
BVOBC,21,female,Manipur,12th,50.7,228000.0,72,999,1,0,0,0,1,1,60.28,Ineligible
ARG45,33,female,Chhattisgarh,masters,71.0,633000.0,140,999,1,1,64,1,1,1,56.4,Eligible
ARG45,33,female,Telangana,phd,82.7,547000.0,95,999,1,0,0,1,1,1,68.08,Eligible
A023B,25,female,Madhya Pradesh,bachelors,94.6,230000.0,110,999,1,0,0,1,1,1,70.84,Ineligible
AZKMI,32,female,Andhra Pradesh,postdoc,59.4,809000.0,999,14,1,0,0,1,1,1,63.76,Ineligible
A023B,22,female,Karnataka,bachelors,73.6,434000.0,2,999,1,1,75,1,1,1,79.44,Eligible
ARG45,23,male,Odisha,masters,77.4,341000.0,250,999,0,0,0,1,1,1,58.96,Ineligible
BPVGK,16,male,Maharashtra,10th,94.6,223000.0,999,999,1,0,0,1,1,1,65.84,Eligible
AZKMI,29,male,Tripura,phd,81.7,117000.0,999,32,0,0,0,1,0,1,82.68,Ineligible
BPVGK,17,female,Jharkhand,10th,68.1,104000.0,999,999,1,0,0,1,0,1,65.24,Borderline
AZKMI,35,female,Maharashtra,masters,69.5,301000.0,999,4,1,0,0,1,1,1,77.8,Eligible
ARG45,29,female,Mizoram,masters,79.9,692000.0,95,999,1,0,0,1,1,1,61.96,Eligible
BPVGK,16,female,Chhattisgarh,10th,60.4,228000.0,999,999,1,0,0,1,1,1,57.16,Eligible
BVOBC,23,female,Arunachal Pradesh,bachelors,65.7,239000.0,59,999,1,1,77,1,1,1,71.28,Eligible
AZKMI,37,male,Rajasthan,phd,94.4,531000.0,999,37,1,0,0,0,1,0,77.76,Ineligible
A023B,24,female,Andhra Pradesh,bachelors,61.5,365000.0,1,999,1,0,0,1,1,1,74.6,Eligible
BPVGK,17,female,Manipur,10th,64.3,113000.0,999,999,1,0,0,1,1,1,63.72,Eligible
ARG45,29,female,Gujarat,phd,88.9,604000.0,6,999,1,0,0,1,1,1,75.56,Eligible
BVOBC,23,female,Meghalaya,bachelors,89.8,271000.0,5,999,1,0,0,1,1,1,85.92,Ineligible
BVOBC,24,female,Odisha,12th,64.1,232000.0,1,999,1,0,0,1,1,1,75.64,Eligible
ARG45,31,male,Chhattisgarh,phd,63.6,682000.0,65,999,1,0,0,1,1,1,50.44,Eligible
A023B,18,female,Meghalaya,masters,64.4,664000.0,85,999,1,0,0,1,1,1,55.76,Ineligible
AZKMI,34,female,Karnataka,masters,59.1,362000.0,999,14,1,0,0,1,1,0,73.64,Borderline
BPVGK,15,female,Arunachal Pradesh,10th,55.9,304000.0,999,999,1,0,0,1,1,1,55.36,Ineligible
A023B,20,female,Chhattisgarh,bachelors,85.5,626000.0,65,999,1,0,0,1,1,1,64.2,Ineligible
ARG45,31,male,Chhattisgarh,phd,55.2,311000.0,250,999,1,0,0,1,1,1,50.08,Eligible
ARG45,22,female,Gujarat,phd,53.9,271000.0,88,999,1,0,0,1,1,1,61.56,Ineligible
A023B,20,female,Manipur,masters,56.4,628000.0,1,999,1,1,62,1,1,1,67.56,Ineligible
A023B,19,male,Karnataka,bachelors,80.8,252000.0,65,999,1,0,0,1,1,1,67.32,Eligible
AZKMI,30,male,Kerala,postdoc,54.6,763000.0,999,1,0,0,0,1,0,1,56.84,Ineligible
AZKMI,23,male,Jharkhand,masters,78.3,778000.0,999,32,1,0,0,1,1,1,66.32,Ineligible
BPVGK,16,male,Karnataka,10th,67.1,264000.0,999,999,1,0,0,1,1,1,54.84,Ineligible
AZKMI,34,male,Mizoram,phd,79.7,721000.0,999,3,0,0,0,1,1,1,66.88,Ineligible
BVOBC,20,female,Sikkim,bachelors,86.0,132000.0,3,999,1,0,0,1,1,1,89.4,Eligible
BVOBC,17,male,Meghalaya,bachelors,95.8,252000.0,85,999,1,0,0,1,1,1,73.32,Ineligible
A023B,20,male,Arunachal Pradesh,masters,81.6,642000.0,1,999,1,1,61,1,1,1,72.64,Ineligible
BVOBC,20,male,Tamil Nadu,12th,46.1,256000.0,1,999,1,0,0,1,1,0,63.44,Ineligible
AZKMI,24,male,Gujarat,phd,62.4,815000.0,999,3,1,1,78,1,0,1,64.96,Ineligible
ARG45,23,male,Tamil Nadu,phd,50.2,305000.0,1,999,1,0,0,0,1,1,65.08,Ineligible
BPVGK,14,male,Telangana,10th,60.0,310000.0,999,999,1,0,0,1,1,1,52.0,Ineligible
BPVGK,16,male,Mizoram,10th,80.4,100000.0,999,999,1,0,0,1,1,1,65.16,Eligible
BVOBC,19,male,Kerala,bachelors,87.4,159000.0,88,999,1,0,0,1,1,1,74.96,Eligible
ARG45,25,female,Assam,masters,69.6,291000.0,6,999,1,0,0,1,1,1,77.84,Eligible
BPVGK,14,female,Sikkim,10th,61.8,138000.0,999,999,1,0,0,1,1,1,62.72,Eligible
A023B,22,male,Tamil Nadu,masters,86.9,407000.0,1,999,1,0,0,1,1,1,74.76,Eligible
A023B,20,female,Manipur,masters,67.4,593000.0,1,999,1,0,0,1,1,1,71.96,Eligible
AZKMI,31,female,Rajasthan,postdoc,73.0,873000.0,999,22,1,0,0,1,1,1,69.2,Ineligible
AZKMI,36,male,Sikkim,phd,66.7,886000.0,999,8,1,0,0,1,1,1,61.68,Ineligible
BPVGK,17,male,Gujarat,10th,75.8,35000.0,999,999,1,0,0,1,1,1,63.32,Eligible
AZKMI,34,other,Karnataka,phd,90.3,930000.0,999,2,1,0,0,1,1,1,71.12,Ineligible
BVOBC,20,male,Assam,bachelors,91.0,375000.0,78,999,1,0,0,1,1,1,71.4,Ineligible
ARG45,24,female,Assam,phd,56.6,465000.0,95,999,1,0,0,1,1,1,57.64,Eligible
ARG45,36,male,Meghalaya,masters,52.5,298000.0,95,999,1,0,0,1,1,1,56.0,Ineligible
BPVGK,15,male,Mizoram,10th,92.9,166000.0,999,999,1,0,0,1,0,1,70.16,Borderline
AZKMI,34,male,Andhra Pradesh,phd,72.9,604000.0,999,37,1,0,0,1,1,1,64.16,Ineligible
ARG45,23,female,Odisha,phd,54.0,825000.0,140,999,1,0,0,1,1,1,44.6,Ineligible
A023B,18,female,Tripura,bachelors,92.4,561000.0,5,999,1,0,0,0,1,1,81.96,Ineligible
AZKMI,38,male,Madhya Pradesh,masters,76.9,184000.0,999,8,1,1,63,1,1,1,85.76,Ineligible
BVOBC,23,female,Gujarat,12th,70.5,55000.0,85,999,1,0,0,1,1,1,73.2,Eligible
BVOBC,20,male,Madhya Pradesh,bachelors,59.4,378000.0,250,999,1,0,0,1,1,1,51.76,Ineligible
A023B,20,female,Meghalaya,bachelors,78.4,295000.0,3,999,1,0,0,1,1,1,81.36,Eligible
AZKMI,21,male,Arunachal Pradesh,phd,70.8,603000.0,999,32,1,0,0,1,1,1,63.32,Ineligible
A023B,25,male,Telangana,masters,90.5,298000.0,3,999,1,0,0,1,1,1,81.2,Eligible
BPVGK,16,female,Tamil Nadu,10th,57.5,289000.0,999,999,1,0,0,1,1,1,56.0,Ineligible
ARG45,32,male,Jharkhand,phd,85.7,550000.0,85,999,1,0,0,1,1,1,64.28,Eligible
BPVGK,14,female,Arunachal Pradesh,10th,92.9,69000.0,999,999,1,0,0,0,1,1,75.16,Ineligible
BVOBC,24,female,Assam,12th,54.5,59000.0,78,999,1,0,0,1,1,1,66.8,Eligible
AZKMI,34,other,Madhya Pradesh,phd,91.4,736000.0,999,22,0,0,0,1,1,1,71.56,Ineligible
AZKMI,35,male,Manipur,postdoc,68.0,838000.0,999,8,1,0,0,1,1,1,62.2,Ineligible
BPVGK,17,female,Assam,10th,77.6,114000.0,999,999,1,0,0,1,1,1,69.04,Eligible
A023B,19,female,Sikkim,masters,96.4,336000.0,59,999,1,1,66,1,1,0,83.56,Borderline
A023B,23,female,Sikkim,bachelors,57.2,315000.0,65,999,1,0,0,1,1,1,62.88,Eligible
BVOBC,22,female,Chhattisgarh,bachelors,47.5,72000.0,5,999,1,0,0,0,1,1,74.0,Ineligible
BVOBC,23,male,Andhra Pradesh,12th,54.5,216000.0,65,999,1,0,0,1,1,1,56.8,Eligible
ARG45,23,female,Telangana,phd,51.9,365000.0,6,999,1,0,0,1,1,1,70.76,Ineligible
BVOBC,23,male,Nagaland,bachelors,76.5,48000.0,6,999,1,0,0,1,1,1,80.6,Eligible
BVOBC,20,female,Chhattisgarh,bachelors,91.1,221000.0,1,999,1,0,0,1,0,1,86.44,Borderline
A023B,18,male,Mizoram,masters,58.3,509000.0,3,999,1,0,0,1,1,1,63.32,Eligible
BPVGK,17,male,Chhattisgarh,10th,57.0,297000.0,999,999,1,0,0,1,1,1,50.8,Ineligible
A023B,24,female,Madhya Pradesh,masters,70.1,696000.0,2,999,1,0,0,1,0,1,68.04,Ineligible
ARG45,27,male,Meghalaya,phd,56.7,444000.0,6,999,1,0,0,1,1,1,62.68,Eligible
BVOBC,17,female,Manipur,bachelors,91.1,344000.0,59,999,1,0,0,1,1,1,76.44,Ineligible
AZKMI,23,male,Madhya Pradesh,postdoc,73.5,864000.0,999,21,0,0,0,1,1,1,64.4,Ineligible
BVOBC,20,female,Gujarat,12th,77.1,173000.0,250,999,1,0,0,1,1,1,68.84,Eligible
ARG45,22,male,Manipur,phd,76.2,218000.0,2,999,1,0,0,1,1,1,75.48,Eligible
BVOBC,22,female,Telangana,12th,74.3,91000.0,65,999,1,0,0,1,1,1,74.72,Eligible
ARG45,34,male,Karnataka,phd,54.4,570000.0,1,999,1,0,0,1,1,1,61.76,Ineligible
A023B,23,male,Jharkhand,masters,63.3,584000.0,5,999,1,0,0,1,1,1,65.32,Eligible
A023B,25,female,Assam,bachelors,90.6,618000.0,65,999,1,0,0,1,1,1,66.24,Ineligible
A023B,25,male,Gujarat,bachelors,74.3,685000.0,1,999,1,0,0,1,1,1,64.72,Ineligible
AZKMI,28,female,Gujarat,masters,84.4,162000.0,999,3,1,0,0,1,1,1,88.76,Eligible
AZKMI,23,male,Rajasthan,phd,76.5,996000.0,999,14,1,0,0,1,1,1,65.6,Ineligible
BVOBC,21,female,Mizoram,bachelors,87.2,392000.0,88,999,1,0,0,1,0,1,74.88,Ineligible
ARG45,22,male,Tripura,phd,67.6,790000.0,140,999,1,0,0,1,1,1,45.04,Eligible
BVOBC,19,female,Kerala,bachelors,46.3,86000.0,110,999,1,0,0,1,1,1,56.52,Ineligible
A023B,18,male,Jharkhand,bachelors,73.7,82000.0,6,999,1,0,0,1,1,1,79.48,Eligible
ARG45,28,male,Assam,masters,73.7,350000.0,250,999,1,0,0,1,1,1,57.48,Eligible
ARG45,28,male,Sikkim,masters,89.6,144000.0,88,999,1,0,0,1,1,1,75.84,Eligible
AZKMI,31,female,Andhra Pradesh,postdoc,66.3,726000.0,999,37,1,0,0,1,1,1,66.52,Ineligible
BVOBC,20,male,Rajasthan,bachelors,85.7,303000.0,1,999,1,0,0,1,1,1,79.28,Ineligible
A023B,25,male,Telangana,bachelors,70.6,167000.0,65,999,1,0,0,1,1,1,68.24,Eligible
AZKMI,31,female,Gujarat,postdoc,74.8,295000.0,999,1,1,0,0,1,1,1,79.92,Eligible
AZKMI,22,male,Madhya Pradesh,postdoc,67.1,329000.0,999,32,1,0,0,1,1,1,71.84,Eligible
A023B,23,male,Kerala,bachelors,84.2,233000.0,5,999,1,0,0,1,1,1,78.68,Eligible
ARG45,25,male,Andhra Pradesh,phd,87.9,209000.0,1,999,1,0,0,1,1,1,80.16,Eligible
A023B,20,male,Chhattisgarh,masters,80.4,558000.0,1,999,1,0,0,1,0,1,72.16,Borderline
ARG45,30,female,Sikkim,phd,65.1,843000.0,2,999,1,0,0,1,1,1,66.04,Eligible
AZKMI,36,male,Odisha,postdoc,79.7,752000.0,999,37,1,0,0,1,1,1,66.88,Ineligible
ARG45,30,male,Rajasthan,masters,53.1,338000.0,95,999,1,0,0,1,1,1,56.24,Ineligible
ARG45,25,female,Odisha,phd,76.6,778000.0,78,999,1,0,0,0,1,1,60.64,Ineligible
ARG45,36,male,Arunachal Pradesh,phd,93.9,738000.0,88,999,1,0,0,1,1,1,62.56,Eligible
BPVGK,14,male,Meghalaya,10th,48.0,259000.0,999,999,1,0,0,1,1,1,47.2,Ineligible
BVOBC,21,female,Tamil Nadu,12th,50.9,385000.0,2,999,1,0,0,1,1,1,70.36,Ineligible
BPVGK,14,male,Tamil Nadu,10th,55.7,80000.0,999,999,1,0,0,1,1,1,55.28,Eligible
A023B,19,male,Rajasthan,bachelors,58.8,596000.0,2,999,1,0,0,1,1,1,63.52,Eligible
BPVGK,16,female,Maharashtra,10th,86.6,137000.0,999,999,1,0,0,1,1,1,72.64,Eligible
BPVGK,16,male,Gujarat,10th,84.7,229000.0,999,999,1,0,0,1,1,1,61.88,Eligible
AZKMI,28,male,Madhya Pradesh,postdoc,63.3,349000.0,999,14,0,0,0,1,1,1,70.32,Ineligible
BVOBC,20,male,Odisha,12th,47.6,248000.0,95,999,1,0,0,1,1,1,54.04,Ineligible
AZKMI,21,male,Madhya Pradesh,masters,57.4,670000.0,999,21,1,0,0,1,1,1,57.96,Ineligible
A023B,23,male,Madhya Pradesh,masters,60.2,237000.0,1,999,1,0,0,1,1,1,69.08,Eligible
BPVGK,17,male,Madhya Pradesh,10th,79.8,311000.0,999,999,1,0,0,1,1,1,59.92,Ineligible
BVOBC,17,male,Karnataka,bachelors,54.1,329000.0,1,999,1,0,0,1,1,1,66.64,Ineligible
BVOBC,21,female,Nagaland,12th,59.8,142000.0,3,999,1,0,0,1,1,1,78.92,Eligible
BVOBC,18,male,Kerala,bachelors,88.6,188000.0,6,999,1,0,0,1,1,1,85.44,Eligible
BVOBC,19,female,Nagaland,12th,76.6,222000.0,72,999,1,0,0,1,1,0,70.64,Borderline
A023B,22,male,Tripura,bachelors,84.7,186000.0,65,999,1,0,0,1,1,1,73.88,Eligible
BVOBC,21,female,Arunachal Pradesh,12th,95.8,388000.0,1,999,1,0,0,1,1,1,88.32,Ineligible
ARG45,27,female,Rajasthan,masters,59.8,362000.0,1,999,1,0,0,1,1,1,73.92,Eligible
BVOBC,21,female,Assam,bachelors,53.9,182000.0,3,999,1,0,0,1,0,1,76.56,Borderline
BPVGK,17,female,Meghalaya,10th,67.1,43000.0,999,999,1,0,0,1,1,1,64.84,Eligible
ARG45,32,male,Rajasthan,phd,78.8,824000.0,59,999,1,0,0,1,1,0,56.52,Borderline
BVOBC,19,male,Andhra Pradesh,12th,47.0,274000.0,1,999,1,0,0,1,1,1,63.8,Ineligible
ARG45,27,female,Odisha,masters,50.8,625000.0,140,999,0,0,0,1,1,1,43.32,Ineligible
ARG45,36,female,Arunachal Pradesh,masters,69.7,741000.0,1,999,1,0,0,1,1,1,67.88,Eligible
BPVGK,16,male,Gujarat,10th,80.0,100000.0,999,999,1,0,0,1,1,1,65.0,Eligible
BPVGK,15,male,Tripura,10th,83.9,177000.0,999,999,1,0,0,1,1,1,66.56,Eligible
BPVGK,15,male,Meghalaya,10th,62.6,323000.0,999,999,1,0,0,1,1,1,53.04,Ineligible
BVOBC,23,male,Madhya Pradesh,12th,79.4,274000.0,88,999,1,0,0,1,1,1,66.76,Ineligible
AZKMI,32,male,Jharkhand,masters,82.5,596000.0,999,6,1,0,0,1,1,1,73.0,Eligible
ARG45,33,female,Tripura,phd,55.6,119000.0,85,999,1,0,0,1,1,1,67.24,Eligible
BVOBC,19,male,Mizoram,12th,90.9,250000.0,88,999,1,0,0,1,1,1,71.36,Eligible
BVOBC,21,male,Tamil Nadu,12th,74.7,115000.0,95,999,1,0,0,1,1,1,69.88,Eligible
ARG45,23,male,Andhra Pradesh,masters,94.0,738000.0,59,999,1,0,0,1,1,1,62.6,Eligible
BPVGK,15,male,Meghalaya,10th,69.8,325000.0,999,999,1,0,0,1,1,1,55.92,Ineligible
BPVGK,17,male,Telangana,10th,88.4,336000.0,999,999,1,0,0,0,1,0,63.36,Ineligible
BVOBC,18,female,Karnataka,bachelors,48.2,325000.0,250,999,1,0,0,1,1,1,52.28,Ineligible
ARG45,33,male,Nagaland,phd,89.5,862000.0,2,999,1,0,0,1,1,1,70.8,Eligible
A023B,21,male,Andhra Pradesh,bachelors,58.8,517000.0,110,999,0,0,0,1,1,1,46.52,Ineligible
A023B,23,male,Odisha,masters,84.0,99000.0,5,999,1,0,0,1,1,1,83.6,Eligible
A023B,18,female,Madhya Pradesh,bachelors,57.9,190000.0,6,999,1,0,0,1,1,1,78.16,Eligible
BPVGK,17,female,Karnataka,10th,77.1,232000.0,999,999,1,0,0,1,1,1,63.84,Eligible
A023B,20,male,Jharkhand,bachelors,67.0,544000.0,6,999,1,0,0,1,1,1,66.8,Eligible
A023B,22,female,Odisha,masters,55.1,89000.0,2,999,1,0,0,1,1,1,77.04,Eligible
A023B,20,female,Andhra Pradesh,bachelors,84.2,510000.0,2,999,1,0,0,1,1,1,78.68,Eligible
BVOBC,24,male,Tamil Nadu,bachelors,70.0,211000.0,78,999,1,0,0,1,1,1,63.0,Eligible
A023B,19,male,Assam,bachelors,81.4,543000.0,85,999,1,0,0,1,1,1,62.56,Eligible
A023B,19,female,Telangana,masters,90.6,241000.0,5,999,1,0,0,1,0,1,86.24,Borderline
A023B,19,female,Odisha,masters,92.7,659000.0,2,999,1,0,0,1,0,1,77.08,Ineligible
ARG45,35,female,Assam,phd,77.0,704000.0,1,999,1,1,57,1,1,1,75.8,Eligible
A023B,18,male,Arunachal Pradesh,bachelors,97.0,612000.0,88,999,1,0,0,1,1,1,63.8,Ineligible
ARG45,27,male,Mizoram,phd,84.0,626000.0,5,999,1,0,0,1,1,1,68.6,Eligible
BPVGK,15,male,Arunachal Pradesh,10th,77.2,317000.0,999,999,1,0,0,1,0,1,58.88,Ineligible
BPVGK,14,male,Sikkim,10th,91.3,37000.0,999,999,1,0,0,1,1,1,69.52,Eligible
ARG45,23,female,Maharashtra,phd,66.5,473000.0,85,999,1,0,0,1,0,1,61.6,Borderline
BVOBC,18,female,Arunachal Pradesh,bachelors,58.1,138000.0,59,999,1,0,0,1,1,1,68.24,Eligible
BPVGK,17,female,Meghalaya,10th,68.5,67000.0,999,999,1,0,0,1,1,1,65.4,Eligible
BVOBC,17,female,Maharashtra,bachelors,78.6,121000.0,85,999,1,0,0,1,1,1,76.44,Eligible
BVOBC,24,male,Kerala,bachelors,75.6,332000.0,65,999,1,0,0,1,1,1,65.24,Ineligible
BVOBC,24,female,Chhattisgarh,12th,58.3,343000.0,1,999,1,0,0,1,1,1,73.32,Ineligible
ARG45,30,male,Rajasthan,phd,84.6,302000.0,6,999,1,0,0,1,0,1,78.84,Borderline
BVOBC,22,female,Chhattisgarh,12th,90.8,211000.0,85,999,1,0,0,1,1,1,76.32,Eligible
AZKMI,33,male,Assam,postdoc,71.1,126000.0,999,650,1,0,0,1,1,1,58.44,Ineligible
ARG45,32,female,Manipur,masters,55.1,762000.0,85,999,1,0,0,1,1,1,52.04,Eligible
BVOBC,17,male,Rajasthan,bachelors,89.4,104000.0,72,999,1,0,0,1,1,1,75.76,Eligible
BPVGK,16,male,Gujarat,10th,85.8,209000.0,999,999,1,0,0,1,1,1,62.32,Eligible
ARG45,31,female,Manipur,phd,62.2,179000.0,3,999,1,0,0,1,1,1,79.88,Eligible
BVOBC,19,other,Manipur,bachelors,72.0,299000.0,95,999,1,0,0,1,1,1,63.8,Ineligible
A023B,20,male,Nagaland,bachelors,60.7,330000.0,2,999,1,0,0,1,1,1,69.28,Eligible
BVOBC,17,male,Maharashtra,bachelors,46.4,330000.0,88,999,1,0,0,1,1,1,53.56,Ineligible
ARG45,27,male,Sikkim,phd,85.5,751000.0,6,999,1,0,0,1,1,1,69.2,Eligible
A023B,22,female,Meghalaya,bachelors,56.5,388000.0,72,999,1,0,0,1,1,1,62.6,Eligible
ARG45,33,female,Arunachal Pradesh,phd,66.4,367000.0,1,999,1,0,0,1,1,1,76.56,Eligible
A023B,24,male,Nagaland,bachelors,80.1,181000.0,6,999,1,0,0,1,1,1,82.04,Eligible
AZKMI,22,female,Arunachal Pradesh,postdoc,87.5,653000.0,999,1,1,1,67,1,1,1,80.0,Ineligible
ARG45,36,male,Mizoram,masters,81.8,309000.0,2,999,1,0,0,1,1,1,77.72,Eligible
BVOBC,21,female,Kerala,bachelors,92.8,206000.0,95,999,1,0,0,1,0,1,77.12,Borderline
BVOBC,21,male,Meghalaya,bachelors,92.2,150000.0,95,999,1,0,0,1,1,1,76.88,Eligible
A023B,19,female,Sikkim,masters,85.5,287000.0,3,999,1,0,0,1,1,1,84.2,Eligible
BPVGK,15,female,Jharkhand,10th,64.7,243000.0,999,999,1,0,0,1,1,1,58.88,Eligible
BPVGK,16,female,Jharkhand,10th,93.9,119000.0,999,999,1,0,0,1,1,1,75.56,Eligible
ARG45,23,male,Gujarat,masters,65.8,848000.0,6,999,1,0,0,1,1,1,61.32,Eligible
AZKMI,37,male,Kerala,postdoc,92.6,498000.0,999,14,1,0,0,1,1,1,77.04,Ineligible
AZKMI,35,male,Gujarat,masters,82.9,220000.0,999,21,1,0,0,1,1,1,78.16,Eligible
ARG45,28,male,Chhattisgarh,masters,72.0,696000.0,3,999,1,1,48,1,1,0,68.8,Borderline
BVOBC,23,female,Kerala,bachelors,56.0,219000.0,95,999,1,0,0,1,1,1,62.4,Eligible
ARG45,25,female,Karnataka,masters,75.0,246000.0,95,999,1,0,0,1,1,1,70.0,Eligible
BVOBC,24,male,Chhattisgarh,12th,90.3,139000.0,3,999,1,0,0,1,1,1,86.12,Eligible
BPVGK,16,female,Sikkim,10th,75.3,295000.0,999,999,1,0,0,1,1,1,63.12,Ineligible
BVOBC,19,female,Odisha,12th,73.6,266000.0,3,999,1,0,0,1,0,1,79.44,Ineligible
A023B,21,male,Meghalaya,masters,79.5,636000.0,2,999,1,0,0,1,1,1,66.8,Ineligible
BVOBC,22,male,Mizoram,bachelors,85.3,51000.0,1,999,1,0,0,1,1,1,84.12,Eligible
A023B,22,male,Jharkhand,bachelors,75.0,88000.0,59,999,1,0,0,1,1,1,70.0,Eligible
BVOBC,24,female,Mizoram,bachelors,62.4,235000.0,85,999,1,0,0,1,1,1,64.96,Eligible
AZKMI,28,female,Sikkim,phd,68.6,362000.0,999,14,1,0,0,1,0,1,77.44,Borderline
BPVGK,16,female,Assam,10th,83.3,134000.0,999,999,1,1,54,1,0,1,76.32,Borderline
A023B,21,female,Tripura,masters,81.0,225000.0,6,999,1,0,0,1,0,1,82.4,Borderline
BPVGK,17,female,Odisha,10th,73.2,265000.0,999,999,1,0,0,1,1,1,62.28,Ineligible
AZKMI,23,female,Meghalaya,masters,67.8,830000.0,999,14,1,0,0,0,1,1,67.12,Ineligible
A023B,23,female,Kerala,bachelors,74.5,118000.0,59,999,1,0,0,1,1,1,74.8,Eligible
AZKMI,29,male,Telangana,masters,94.4,495000.0,999,3,1,0,0,1,1,1,77.76,Eligible
AZKMI,32,female,Telangana,phd,85.4,261000.0,999,14,0,0,0,1,1,0,84.16,Ineligible
BVOBC,20,male,Maharashtra,bachelors,84.6,82000.0,95,999,1,0,0,1,1,1,73.84,Eligible
ARG45,29,male,Jharkhand,phd,85.4,157000.0,2,999,1,1,61,1,1,1,89.16,Eligible
ARG45,27,male,Jharkhand,phd,86.5,239000.0,65,999,1,0,0,1,1,1,69.6,Eligible
ARG45,28,male,Gujarat,phd,79.4,165000.0,250,999,1,0,0,1,1,1,64.76,Eligible
BVOBC,24,other,Sikkim,12th,82.6,328000.0,59,999,1,0,0,1,1,1,68.04,Ineligible
ARG45,29,female,Gujarat,masters,94.7,719000.0,3,999,1,0,0,1,0,1,77.88,Borderline
AZKMI,33,female,Sikkim,masters,72.7,732000.0,999,14,1,0,0,1,1,1,69.08,Ineligible
BVOBC,22,male,Manipur,bachelors,66.9,228000.0,72,999,1,0,0,1,1,1,61.76,Eligible
AZKMI,23,male,Mizoram,phd,54.9,761000.0,999,22,1,0,0,1,1,1,56.96,Ineligible
ARG45,25,male,Assam,masters,55.5,533000.0,85,999,1,0,0,1,1,1,52.2,Eligible
ARG45,30,male,Nagaland,phd,91.5,355000.0,78,999,0,0,0,1,1,1,71.6,Ineligible
AZKMI,33,male,Sikkim,phd,50.3,384000.0,999,22,1,0,0,1,1,1,65.12,Ineligible
BVOBC,24,female,Sikkim,bachelors,83.3,184000.0,95,999,1,0,0,1,1,1,78.32,Eligible
BPVGK,15,male,Tripura,10th,45.4,245000.0,999,999,1,1,62,1,1,1,51.16,Ineligible
A023B,19,female,Manipur,masters,70.6,287000.0,5,999,1,0,0,1,1,1,78.24,Eligible
ARG45,22,female,Meghalaya,phd,53.5,648000.0,95,999,1,0,0,1,1,1,51.4,Ineligible
A023B,24,male,Gujarat,masters,56.5,354000.0,6,999,1,0,0,0,1,1,67.6,Ineligible
ARG45,25,male,Meghalaya,masters,74.5,220000.0,2,999,1,0,0,1,1,1,74.8,Eligible
BVOBC,21,male,Jharkhand,bachelors,62.5,219000.0,95,999,1,0,0,1,1,1,60.0,Eligible
AZKMI,35,female,Meghalaya,phd,65.6,737000.0,999,22,1,0,0,1,0,1,66.24,Ineligible
ARG45,27,male,Madhya Pradesh,phd,93.6,862000.0,59,999,0,0,0,1,0,1,62.44,Ineligible
A023B,24,male,Mizoram,masters,57.9,550000.0,78,999,1,0,0,1,1,1,53.16,Eligible
BVOBC,23,male,Chhattisgarh,12th,58.5,193000.0,72,999,1,0,0,1,1,1,63.4,Eligible
A023B,24,female,Karnataka,masters,91.0,429000.0,2,999,1,0,0,1,1,1,81.4,Eligible
ARG45,36,male,Jharkhand,phd,86.6,570000.0,65,999,1,0,0,0,1,1,64.64,Ineligible
BVOBC,24,female,Jharkhand,12th,50.1,86000.0,95,999,1,0,0,1,1,1,65.04,Eligible
BPVGK,16,male,Tripura,10th,85.8,261000.0,999,999,1,0,0,1,1,1,62.32,Ineligible
AZKMI,28,female,Rajasthan,postdoc,59.5,710000.0,999,3,1,0,0,1,1,1,63.8,Ineligible
ARG45,32,male,Meghalaya,phd,64.1,853000.0,250,999,1,1,43,1,1,1,48.64,Eligible
ARG45,27,female,Nagaland,masters,72.0,370000.0,1,999,1,0,0,1,1,1,78.8,Eligible
A023B,25,male,Kerala,bachelors,61.0,274000.0,2,999,1,0,0,1,1,1,69.4,Eligible
BVOBC,20,female,Manipur,12th,83.6,216000.0,2,999,1,0,0,1,1,1,83.44,Eligible
AZKMI,28,female,Sikkim,phd,64.4,602000.0,999,2,1,0,0,1,1,1,65.76,Ineligible
AZKMI,25,male,Kerala,postdoc,62.0,516000.0,999,3,1,0,0,1,0,1,64.8,Borderline
BPVGK,14,male,Gujarat,10th,66.8,181000.0,999,999,1,0,0,1,1,1,59.72,Eligible
BPVGK,17,male,Nagaland,10th,54.4,256000.0,999,999,1,0,0,1,1,1,49.76,Ineligible
BPVGK,14,male,Gujarat,10th,79.4,65000.0,999,999,1,0,0,0,1,1,64.76,Ineligible
BVOBC,18,female,Sikkim,bachelors,85.9,70000.0,3,999,1,0,0,1,1,0,89.36,Borderline
ARG45,33,male,Tripura,phd,76.9,99000.0,5,999,1,0,0,1,1,1,80.76,Eligible
AZKMI,34,female,Maharashtra,postdoc,54.2,233000.0,999,650,1,0,0,1,1,1,51.68,Ineligible
ARG45,30,male,Sikkim,masters,64.4,448000.0,65,999,1,0,0,1,1,1,55.76,Eligible
A023B,21,male,Chhattisgarh,bachelors,78.2,348000.0,85,999,1,0,0,1,1,1,66.28,Eligible
BPVGK,17,female,Arunachal Pradesh,10th,91.6,313000.0,999,999,1,0,0,1,1,1,69.64,Ineligible
A023B,18,male,Nagaland,bachelors,67.4,658000.0,2,999,1,0,0,1,1,1,61.96,Ineligible
BPVGK,14,male,Telangana,10th,61.7,270000.0,999,999,1,0,0,1,1,1,52.68,Ineligible
A023B,23,female,Madhya Pradesh,bachelors,88.9,687000.0,1,999,1,0,0,1,1,1,75.56,Ineligible
AZKMI,28,female,Odisha,postdoc,59.9,770000.0,999,4,1,0,0,1,1,1,63.96,Ineligible
ARG45,24,male,Maharashtra,phd,54.2,283000.0,95,999,1,0,0,1,1,1,56.68,Ineligible
A023B,18,female,Andhra Pradesh,masters,58.0,184000.0,2,999,1,0,0,1,1,1,78.2,Eligible
ARG45,24,male,Maharashtra,masters,50.7,714000.0,95,999,1,0,0,1,1,1,45.28,Ineligible
BVOBC,23,female,Mizoram,12th,73.4,49000.0,59,999,1,1,59,1,1,1,79.36,Eligible
ARG45,36,female,Karnataka,masters,79.7,611000.0,140,999,1,0,0,1,1,0,54.88,Borderline
A023B,24,female,Nagaland,masters,81.1,575000.0,85,999,1,0,0,1,1,1,67.44,Eligible
A023B,18,male,Mizoram,masters,69.4,210000.0,1,999,1,0,0,1,1,1,72.76,Eligible
BVOBC,19,female,Assam,bachelors,57.5,380000.0,59,999,1,0,0,1,1,1,63.0,Ineligible
ARG45,25,male,Meghalaya,masters,61.4,271000.0,59,999,1,0,0,1,1,1,59.56,Eligible
AZKMI,22,male,Tripura,phd,89.2,456000.0,999,22,1,0,0,1,1,1,75.68,Eligible
BPVGK,16,male,Tamil Nadu,10th,93.6,223000.0,999,999,1,0,0,0,1,1,65.44,Ineligible
BVOBC,23,male,Tamil Nadu,bachelors,66.3,71000.0,72,999,1,0,0,1,1,0,66.52,Borderline
ARG45,30,male,Chhattisgarh,masters,55.5,547000.0,1,999,1,0,0,1,1,1,62.2,Eligible
BVOBC,20,male,Andhra Pradesh,12th,49.6,282000.0,1,999,1,0,0,1,1,1,64.84,Ineligible
ARG45,22,male,Mizoram,masters,60.8,144000.0,6,999,1,0,0,1,1,1,74.32,Eligible
BVOBC,17,male,Madhya Pradesh,12th,49.1,215000.0,1,999,1,0,0,1,1,1,64.64,Ineligible
A023B,23,female,Chhattisgarh,bachelors,93.6,763000.0,2,999,1,0,0,1,1,1,77.44,Ineligible
ARG45,32,male,Chhattisgarh,masters,92.8,376000.0,88,999,1,0,0,1,1,1,72.12,Eligible
AZKMI,27,female,Gujarat,postdoc,90.9,533000.0,999,8,0,0,0,1,1,1,81.36,Ineligible
ARG45,33,female,Odisha,phd,50.5,465000.0,1,999,0,0,0,1,1,1,65.2,Ineligible
BVOBC,20,male,Telangana,bachelors,77.0,244000.0,2,999,1,1,74,1,1,1,80.8,Eligible
BVOBC,20,female,Mizoram,12th,58.5,67000.0,2,999,1,0,0,1,1,1,78.4,Eligible
BVOBC,17,female,Mizoram,12th,49.5,80000.0,59,999,1,0,0,1,1,1,64.8,Ineligible
A023B,24,male,Rajasthan,masters,84.2,153000.0,1,999,1,0,0,1,1,0,83.68,Borderline
A023B,20,male,Karnataka,bachelors,62.7,149000.0,1,999,1,0,0,1,1,1,75.08,Eligible
ARG45,23,female,Tamil Nadu,phd,80.9,842000.0,88,999,1,0,0,1,1,1,62.36,Eligible
AZKMI,23,female,Tamil Nadu,masters,79.9,125000.0,999,8,1,0,0,1,1,1,86.96,Eligible
AZKMI,36,male,Sikkim,postdoc,61.3,507000.0,999,21,1,0,0,1,1,0,64.52,Ineligible
BVOBC,22,female,Nagaland,12th,61.4,298000.0,85,999,1,0,0,1,1,1,64.56,Ineligible
A023B,20,male,Sikkim,bachelors,79.3,165000.0,2,999,1,0,0,1,1,1,81.72,Eligible
BVOBC,23,female,Arunachal Pradesh,12th,48.7,262000.0,65,999,1,0,0,1,1,1,59.48,Ineligible
AZKMI,29,female,Andhra Pradesh,phd,86.1,747000.0,999,21,1,0,0,1,1,1,74.44,Ineligible
A023B,21,female,Telangana,bachelors,62.0,768000.0,85,999,1,0,0,1,1,1,54.8,Ineligible
A023B,19,female,Gujarat,bachelors,94.3,152000.0,6,999,1,0,0,1,1,1,92.72,Eligible
A023B,23,female,Madhya Pradesh,bachelors,66.5,367000.0,2,999,1,0,0,1,1,1,76.6,Eligible
AZKMI,35,male,Andhra Pradesh,masters,55.8,237000.0,999,1,1,0,0,1,1,1,67.32,Eligible
A023B,20,male,Sikkim,masters,92.1,605000.0,1,999,1,0,0,1,1,1,71.84,Ineligible
A023B,25,female,Gujarat,bachelors,97.1,769000.0,2,999,1,0,0,1,1,1,78.84,Ineligible
BVOBC,20,female,Meghalaya,bachelors,79.0,110000.0,250,999,1,1,79,1,1,1,74.6,Eligible
AZKMI,28,male,Gujarat,phd,82.5,454000.0,999,32,1,0,0,1,1,1,73.0,Eligible
A023B,20,female,Maharashtra,masters,65.7,781000.0,110,999,1,0,0,1,0,1,49.28,Ineligible
ARG45,26,female,Arunachal Pradesh,masters,55.3,641000.0,6,999,1,0,0,1,1,1,62.12,Eligible
BPVGK,15,female,Arunachal Pradesh,10th,85.0,199000.0,999,999,1,0,0,1,1,1,72.0,Eligible
A023B,19,female,Meghalaya,masters,63.7,707000.0,88,999,1,0,0,1,1,1,55.48,Ineligible
AZKMI,26,male,Andhra Pradesh,masters,78.4,578000.0,999,6,1,0,0,1,1,1,71.36,Eligible
BPVGK,17,female,Tamil Nadu,10th,58.7,187000.0,999,999,1,0,0,1,1,1,61.48,Eligible
AZKMI,26,male,Telangana,phd,69.8,284000.0,999,1,1,0,0,1,1,1,72.92,Eligible
BVOBC,17,male,Mizoram,12th,68.7,331000.0,5,999,1,0,0,1,0,1,72.48,Ineligible
A023B,20,male,Andhra Pradesh,bachelors,57.1,770000.0,95,999,1,0,0,1,0,1,47.84,Ineligible
A023B,21,female,Tripura,masters,78.0,570000.0,95,999,1,0,0,1,0,1,66.2,Borderline
BPVGK,17,male,Jharkhand,10th,50.7,38000.0,999,999,1,0,0,1,1,1,53.28,Eligible
BVOBC,19,male,Tamil Nadu,12th,71.5,217000.0,65,999,1,0,0,1,1,1,63.6,Eligible
BVOBC,18,female,Mizoram,12th,90.9,155000.0,6,999,1,0,0,1,1,1,91.36,Eligible
ARG45,29,female,Odisha,masters,75.1,742000.0,59,999,1,0,0,0,1,1,60.04,Ineligible
ARG45,36,male,Odisha,masters,61.9,650000.0,72,999,1,0,0,1,1,1,49.76,Eligible
AZKMI,29,male,Sikkim,masters,51.5,155000.0,999,2,1,0,0,1,1,1,70.6,Ineligible
BVOBC,23,female,Andhra Pradesh,12th,81.6,167000.0,95,999,1,0,0,1,1,1,77.64,Eligible
BVOBC,22,male,Tamil Nadu,bachelors,80.6,117000.0,140,999,1,0,0,1,1,1,65.24,Eligible
ARG45,29,female,Andhra Pradesh,masters,67.5,425000.0,140,999,1,0,0,1,1,1,55.0,Eligible
BVOBC,17,male,Karnataka,bachelors,86.7,123000.0,65,999,1,0,0,0,1,1,74.68,Ineligible
BVOBC,23,male,Telangana,bachelors,66.7,45000.0,59,999,1,0,0,1,1,1,66.68,Eligible
BPVGK,14,female,Andhra Pradesh,10th,84.9,58000.0,999,999,1,0,0,1,1,1,71.96,Eligible
BVOBC,17,female,Nagaland,12th,88.6,164000.0,72,999,1,0,0,1,1,1,80.44,Eligible
BVOBC,19,female,Mizoram,bachelors,77.7,209000.0,78,999,1,0,0,1,0,1,71.08,Borderline
BVOBC,22,male,Arunachal Pradesh,bachelors,68.4,120000.0,5,999,1,0,0,1,1,1,77.36,Eligible
BVOBC,19,male,Manipur,bachelors,92.8,308000.0,72,999,1,0,0,1,1,1,72.12,Ineligible
ARG45,35,male,Manipur,masters,88.3,555000.0,1,999,1,0,0,1,1,0,75.32,Borderline
AZKMI,29,female,Tamil Nadu,postdoc,89.3,955000.0,999,37,1,0,0,1,1,1,75.72,Ineligible
AZKMI,23,female,Odisha,phd,75.7,174000.0,999,4,1,0,0,1,1,1,85.28,Eligible
ARG45,25,male,Manipur,phd,66.9,268000.0,1,999,1,0,0,1,1,1,71.76,Eligible
BVOBC,19,female,Odisha,12th,65.3,129000.0,5,999,1,0,0,1,1,1,81.12,Eligible
A023B,20,male,Sikkim,masters,93.8,798000.0,110,999,1,0,0,1,1,1,55.52,Ineligible
BPVGK,17,female,Madhya Pradesh,10th,47.4,108000.0,999,999,1,0,0,0,1,1,56.96,Ineligible
ARG45,30,male,Nagaland,phd,61.2,608000.0,59,999,1,0,0,1,1,1,49.48,Eligible
ARG45,33,female,Karnataka,masters,80.8,116000.0,2,999,0,0,0,1,0,1,87.32,Ineligible
A023B,24,female,Sikkim,masters,87.9,408000.0,1,999,1,0,0,1,1,1,80.16,Eligible
BPVGK,16,female,Manipur,10th,55.1,277000.0,999,999,1,0,0,1,1,1,55.04,Ineligible
AZKMI,28,female,Manipur,masters,74.2,758000.0,999,4,1,0,0,1,0,1,69.68,Ineligible
AZKMI,37,male,Madhya Pradesh,phd,65.1,807000.0,999,21,1,0,0,1,1,1,61.04,Ineligible
A023B,23,female,Nagaland,bachelors,87.1,294000.0,250,999,1,0,0,1,0,0,67.84,Ineligible
BPVGK,16,male,Gujarat,10th,78.0,175000.0,999,999,1,0,0,1,1,1,64.2,Eligible
ARG45,27,male,Odisha,phd,91.3,350000.0,65,999,1,0,0,1,1,1,71.52,Eligible
BVOBC,19,female,Chhattisgarh,bachelors,72.1,316000.0,3,999,1,0,0,1,1,1,78.84,Ineligible
BPVGK,14,female,Tamil Nadu,10th,64.2,262000.0,999,999,1,0,0,1,1,1,58.68,Ineligible
A023B,22,female,Tripura,masters,73.6,633000.0,85,999,1,0,0,1,1,1,59.44,Ineligible
ARG45,30,male,Telangana,phd,64.9,475000.0,85,999,1,0,0,1,1,1,55.96,Eligible
BVOBC,21,male,Chhattisgarh,bachelors,68.0,56000.0,2,999,1,0,0,1,1,1,77.2,Eligible
AZKMI,21,female,Assam,masters,85.9,379000.0,999,2,1,0,0,1,1,1,84.36,Eligible
BVOBC,18,female,Gujarat,12th,78.8,45000.0,140,999,1,0,0,1,1,1,69.52,Eligible
ARG45,35,male,Mizoram,masters,72.0,302000.0,1,999,1,0,0,1,1,1,73.8,Eligible
ARG45,36,male,Tripura,phd,91.4,866000.0,65,999,1,0,0,1,1,1,61.56,Eligible
AZKMI,32,male,Chhattisgarh,phd,80.5,173000.0,999,14,1,0,0,1,0,1,82.2,Borderline
A023B,18,male,Tripura,masters,79.5,347000.0,1,999,1,0,0,1,1,1,76.8,Eligible
A023B,23,female,Assam,bachelors,77.0,349000.0,65,999,1,0,0,1,1,1,70.8,Eligible
BPVGK,17,female,Nagaland,10th,74.0,207000.0,999,999,1,0,0,1,1,1,62.6,Eligible
BVOBC,23,other,Rajasthan,12th,48.0,98000.0,65,999,1,0,0,1,1,1,59.2,Ineligible
BVOBC,18,female,Mizoram,bachelors,57.8,125000.0,2,999,1,0,0,1,1,1,78.12,Eligible
BVOBC,18,female,Andhra Pradesh,12th,74.1,221000.0,59,999,1,0,0,1,0,1,69.64,Borderline
BVOBC,23,female,Mizoram,12th,66.4,94000.0,1,999,1,0,0,1,1,1,81.56,Eligible
ARG45,28,male,Andhra Pradesh,phd,57.5,571000.0,72,999,1,0,0,1,1,1,53.0,Eligible
BPVGK,14,female,Maharashtra,10th,55.9,71000.0,999,999,1,0,0,1,1,1,60.36,Eligible
BPVGK,16,other,Rajasthan,10th,51.4,262000.0,999,999,1,0,0,1,1,1,48.56,Ineligible
A023B,18,male,Assam,masters,91.8,564000.0,1,999,1,1,55,0,0,1,81.72,Borderline
A023B,19,female,Madhya Pradesh,bachelors,76.6,137000.0,85,999,1,0,0,1,1,1,75.64,Eligible
ARG45,24,male,Tamil Nadu,masters,79.3,193000.0,88,999,1,0,0,1,1,1,71.72,Eligible
BVOBC,21,male,Maharashtra,12th,87.5,217000.0,1,999,1,0,0,1,1,1,80.0,Eligible
ARG45,24,female,Meghalaya,phd,92.9,337000.0,78,999,1,0,0,1,1,1,77.16,Eligible
BVOBC,24,male,Odisha,12th,68.3,64000.0,110,999,1,0,0,1,1,1,60.32,Eligible
AZKMI,26,male,Madhya Pradesh,postdoc,77.0,555000.0,999,22,1,0,0,1,1,1,70.8,Eligible
ARG45,26,male,Sikkim,masters,61.1,670000.0,59,999,1,0,0,1,1,1,49.44,Eligible
BPVGK,17,female,Assam,10th,50.4,212000.0,999,999,1,0,0,1,1,1,53.16,Eligible
BVOBC,21,female,Assam,bachelors,54.7,347000.0,5,999,1,0,0,1,1,1,71.88,Ineligible
BVOBC,20,female,Tripura,bachelors,62.5,162000.0,65,999,1,0,0,1,1,1,70.0,Eligible
AZKMI,37,female,Tripura,masters,56.4,287000.0,999,650,1,0,0,1,1,1,52.56,Ineligible
A023B,22,female,Jharkhand,bachelors,61.6,411000.0,65,999,1,0,0,1,1,1,59.64,Eligible
A023B,20,male,Sikkim,bachelors,93.8,730000.0,110,999,1,0,0,1,0,1,55.52,Ineligible
BVOBC,24,male,Arunachal Pradesh,bachelors,94.9,199000.0,85,999,1,0,0,1,1,1,77.96,Eligible
AZKMI,36,female,Tripura,masters,70.7,191000.0,999,32,1,0,0,1,1,1,83.28,Ineligible
AZKMI,36,male,Rajasthan,phd,51.5,335000.0,999,21,1,0,0,1,1,1,65.6,Ineligible
A023B,24,male,Manipur,masters,87.1,254000.0,1,999,1,0,0,1,1,1,79.84,Eligible
ARG45,31,female,Chhattisgarh,masters,69.0,801000.0,6,999,1,0,0,0,1,1,67.6,Ineligible
BVOBC,17,male,Telangana,12th,84.8,179000.0,88,999,1,0,0,1,1,1,73.92,Eligible
ARG45,36,female,Kerala,masters,70.3,496000.0,88,999,1,0,0,1,1,1,63.12,Eligible
AZKMI,28,male,Gujarat,postdoc,78.6,129000.0,999,37,1,0,0,1,1,1,81.44,Eligible
AZKMI,27,female,Gujarat,masters,65.8,213000.0,999,32,1,0,0,1,1,1,76.32,Eligible
ARG45,25,female,Kerala,phd,77.1,782000.0,85,999,1,0,0,1,1,1,60.84,Eligible
ARG45,35,male,Tamil Nadu,masters,82.8,252000.0,6,999,1,0,0,1,1,1,78.12,Eligible
A023B,24,male,Odisha,bachelors,91.2,457000.0,88,999,1,0,0,1,1,1,66.48,Eligible
ARG45,30,male,Andhra Pradesh,phd,62.9,622000.0,1,999,1,0,0,1,1,1,60.16,Eligible
BVOBC,24,male,Rajasthan,12th,54.2,311000.0,2,999,1,0,0,1,1,1,66.68,Ineligible
AZKMI,24,female,Madhya Pradesh,masters,60.0,880000.0,999,2,1,0,0,1,1,1,64.0,Ineligible
A023B,20,female,Madhya Pradesh,bachelors,92.6,123000.0,2,999,1,0,0,1,1,1,92.04,Eligible
BVOBC,17,female,Jharkhand,bachelors,67.3,231000.0,2,999,1,0,0,1,1,1,76.92,Eligible
A023B,23,male,Maharashtra,masters,57.8,745000.0,1,999,1,0,0,1,1,1,58.12,Ineligible
AZKMI,32,female,Mizoram,phd,82.4,975000.0,999,6,1,0,0,1,0,1,72.96,Ineligible
BVOBC,17,male,Tamil Nadu,12th,86.6,172000.0,2,999,1,0,0,1,1,1,84.64,Eligible
BVOBC,22,female,Gujarat,12th,61.3,194000.0,59,999,1,0,0,1,1,1,69.52,Eligible
BVOBC,20,male,Karnataka,12th,95.6,349000.0,2,999,1,1,78,1,1,1,88.24,Ineligible
BVOBC,21,female,Arunachal Pradesh,bachelors,64.2,288000.0,1,999,1,0,0,1,1,1,75.68,Ineligible
BVOBC,22,male,Assam,bachelors,47.7,68000.0,88,999,1,0,0,1,1,1,59.08,Ineligible
BVOBC,20,female,Karnataka,12th,94.0,398000.0,6,999,1,0,0,1,1,1,87.6,Ineligible
BVOBC,23,female,Maharashtra,bachelors,93.9,130000.0,59,999,1,0,0,1,1,1,82.56,Eligible
ARG45,27,female,Rajasthan,phd,71.1,696000.0,1,999,1,0,0,1,0,1,68.44,Borderline
ARG45,26,male,Maharashtra,masters,84.7,659000.0,1,999,0,0,0,1,1,1,68.88,Ineligible
ARG45,25,male,Tripura,phd,89.0,140000.0,250,999,1,0,0,1,1,1,68.6,Eligible
BVOBC,20,female,Telangana,12th,58.3,41000.0,2,999,1,0,0,1,1,1,78.32,Eligible
BPVGK,16,male,Arunachal Pradesh,10th,78.4,309000.0,999,999,1,0,0,1,0,1,59.36,Ineligible
BVOBC,23,male,Mizoram,bachelors,78.4,73000.0,6,999,1,0,0,1,1,1,81.36,Eligible
A023B,23,male,Arunachal Pradesh,masters,67.6,530000.0,1,999,1,0,0,1,1,1,67.04,Eligible
ARG45,30,female,Maharashtra,phd,58.0,562000.0,72,999,1,0,0,1,1,1,58.2,Eligible
ARG45,26,female,Jharkhand,phd,51.9,454000.0,110,999,0,0,0,1,1,1,48.76,Ineligible
ARG45,30,male,Nagaland,phd,85.2,621000.0,72,999,1,0,0,1,1,0,59.08,Borderline
AZKMI,22,male,Gujarat,masters,92.4,155000.0,999,650,1,0,0,1,1,1,66.96,Ineligible
BVOBC,22,female,Meghalaya,bachelors,48.7,310000.0,88,999,1,0,0,1,1,1,59.48,Ineligible
AZKMI,24,female,Kerala,postdoc,50.1,381000.0,999,14,1,0,0,1,1,1,70.04,Ineligible
BVOBC,17,male,Maharashtra,bachelors,66.4,46000.0,2,999,1,0,0,1,1,1,76.56,Eligible
A023B,24,male,Chhattisgarh,bachelors,93.8,280000.0,140,999,1,0,0,1,1,1,65.52,Ineligible
A023B,24,male,Assam,masters,57.4,208000.0,3,999,1,0,0,1,1,1,67.96,Eligible
BVOBC,18,male,Jharkhand,12th,80.0,312000.0,250,999,1,0,0,1,1,1,60.0,Ineligible
ARG45,28,female,Jharkhand,phd,54.2,514000.0,2,999,0,0,0,1,1,1,66.68,Ineligible
ARG45,33,female,Manipur,masters,57.7,832000.0,1,999,1,0,0,1,1,1,63.08,Eligible
BVOBC,19,male,Karnataka,12th,71.0,349000.0,95,999,1,0,0,1,1,1,63.4,Ineligible
A023B,24,female,Maharashtra,bachelors,69.4,113000.0,85,999,1,0,0,1,1,1,72.76,Eligible
BPVGK,14,female,Tamil Nadu,10th,57.4,339000.0,999,999,1,0,0,1,1,1,55.96,Ineligible
ARG45,34,female,Tripura,masters,75.3,485000.0,72,999,1,0,0,1,0,0,65.12,Borderline
BVOBC,20,female,Tripura,bachelors,52.9,303000.0,95,999,1,0,0,1,1,1,61.16,Ineligible
ARG45,26,female,Meghalaya,phd,79.5,757000.0,65,999,1,0,0,1,1,1,61.8,Eligible
BVOBC,18,male,Telangana,bachelors,74.8,341000.0,2,999,1,0,0,1,1,1,74.92,Ineligible
ARG45,26,female,Odisha,phd,71.2,640000.0,2,999,1,0,0,1,1,1,68.48,Eligible
BVOBC,21,female,Meghalaya,bachelors,61.8,376000.0,1,999,1,0,0,1,1,1,74.72,Ineligible
A023B,24,male,Sikkim,masters,86.4,633000.0,250,999,1,0,0,1,1,1,52.56,Ineligible
ARG45,24,male,Rajasthan,phd,87.8,172000.0,72,999,1,0,0,1,1,1,75.12,Eligible
A023B,23,female,Tamil Nadu,masters,96.9,349000.0,1,999,1,0,0,1,1,1,88.76,Eligible
BVOBC,18,female,Rajasthan,bachelors,61.1,134000.0,3,999,1,0,0,1,1,1,79.44,Eligible
AZKMI,28,male,Telangana,masters,59.4,662000.0,999,8,1,0,0,1,1,1,58.76,Ineligible
ARG45,31,male,Mizoram,phd,89.6,304000.0,85,999,1,0,0,1,1,1,70.84,Eligible
BVOBC,24,female,Manipur,12th,79.3,276000.0,78,999,1,0,0,1,1,0,71.72,Ineligible
ARG45,31,other,Sikkim,phd,66.4,725000.0,88,999,1,0,0,0,1,1,51.56,Ineligible
BVOBC,21,female,Rajasthan,12th,62.5,114000.0,110,999,1,0,0,1,1,1,63.0,Eligible
BPVGK,14,male,Jharkhand,10th,80.3,189000.0,999,999,1,0,0,1,1,1,65.12,Eligible
BPVGK,17,female,Maharashtra,10th,78.1,287000.0,999,999,1,0,0,1,1,1,64.24,Ineligible
A023B,21,female,Telangana,masters,65.6,630000.0,6,999,1,0,0,1,0,1,66.24,Ineligible
A023B,24,male,Chhattisgarh,masters,89.8,580000.0,65,999,1,0,0,1,1,1,65.92,Eligible
ARG45,35,male,Karnataka,phd,91.0,198000.0,3,999,1,0,0,1,1,1,86.4,Eligible
BVOBC,22,female,Karnataka,12th,68.7,122000.0,5,999,1,0,0,1,1,1,82.48,Eligible
A023B,18,female,Tripura,masters,90.3,393000.0,6,999,1,0,0,1,1,1,86.12,Eligible
AZKMI,32,female,Meghalaya,phd,52.0,315000.0,999,2,1,1,68,1,1,1,75.8,Ineligible
BPVGK,15,male,Kerala,10th,53.8,210000.0,999,999,1,0,0,1,1,1,49.52,Eligible
ARG45,31,male,Meghalaya,phd,75.9,682000.0,6,999,1,0,0,1,1,1,65.36,Eligible
A023B,23,male,Arunachal Pradesh,masters,74.2,757000.0,2,999,1,0,0,1,0,0,64.68,Ineligible
ARG45,35,male,Madhya Pradesh,phd,58.4,553000.0,6,999,1,0,0,1,1,1,63.36,Eligible
BVOBC,23,female,Karnataka,12th,84.2,78000.0,72,999,1,0,0,1,1,1,78.68,Eligible
BPVGK,14,female,Tripura,10th,47.3,69000.0,999,999,1,0,0,1,1,1,56.92,Ineligible
A023B,18,female,Andhra Pradesh,masters,59.8,192000.0,2,999,1,0,0,1,1,1,78.92,Eligible
A023B,25,male,Nagaland,bachelors,79.5,517000.0,6,999,1,0,0,1,1,1,71.8,Eligible
A023B,25,female,Maharashtra,bachelors,61.2,330000.0,65,999,1,0,0,0,1,1,64.48,Ineligible
A023B,20,other,Meghalaya,masters,73.0,675000.0,2,999,0,0,0,1,0,1,64.2,Ineligible
ARG45,23,male,Tripura,phd,82.0,650000.0,65,999,1,0,0,1,1,1,57.8,Eligible
ARG45,35,male,Andhra Pradesh,masters,57.0,707000.0,65,999,1,0,0,1,1,1,47.8,Eligible
BPVGK,15,female,Jharkhand,10th,58.9,231000.0,999,999,1,0,0,1,1,1,56.56,Eligible
A023B,24,female,Gujarat,bachelors,75.1,559000.0,65,999,1,0,0,0,1,1,65.04,Ineligible
ARG45,29,female,Tripura,phd,63.3,339000.0,95,999,1,0,0,1,1,1,65.32,Eligible
BPVGK,14,female,Mizoram,10th,63.2,336000.0,999,999,1,0,0,1,1,1,58.28,Ineligible
A023B,20,male,Meghalaya,bachelors,69.8,565000.0,5,999,1,0,0,1,0,1,67.92,Borderline
AZKMI,34,female,Tripura,masters,51.6,683000.0,999,8,1,0,0,1,1,1,60.64,Ineligible
A023B,21,male,Mizoram,masters,92.7,260000.0,65,999,1,0,0,1,1,1,72.08,Eligible
BPVGK,14,male,Manipur,10th,78.5,230000.0,999,999,1,0,0,1,1,1,59.4,Eligible
BPVGK,17,female,Madhya Pradesh,10th,48.8,78000.0,999,999,1,0,0,1,1,1,57.52,Ineligible
ARG45,34,male,Assam,phd,90.6,710000.0,65,999,1,0,0,1,0,1,61.24,Borderline
AZKMI,35,male,Maharashtra,masters,77.7,582000.0,999,3,1,0,0,1,0,1,71.08,Borderline
A023B,19,male,Nagaland,bachelors,93.5,451000.0,2,999,1,0,0,1,1,1,77.4,Eligible
A023B,18,male,Jharkhand,bachelors,66.5,219000.0,85,999,1,0,0,1,1,1,61.6,Eligible
BVOBC,20,female,Tripura,bachelors,93.8,227000.0,59,999,1,0,0,1,1,1,77.52,Eligible
ARG45,23,female,Gujarat,phd,81.6,537000.0,59,999,1,0,0,1,1,1,67.64,Eligible
BPVGK,17,female,Arunachal Pradesh,10th,83.8,76000.0,999,999,1,0,0,1,1,1,71.52,Eligible
AZKMI,26,male,Rajasthan,masters,70.6,828000.0,999,37,1,0,0,1,1,1,63.24,Ineligible
BVOBC,19,male,Maharashtra,12th,57.5,68000.0,5,999,1,0,0,1,1,0,73.0,Borderline
AZKMI,33,male,Chhattisgarh,phd,72.1,875000.0,999,22,1,0,0,1,0,1,63.84,Ineligible
BVOBC,23,female,Telangana,bachelors,78.1,183000.0,95,999,1,0,0,1,1,1,76.24,Eligible
BVOBC,19,male,Manipur,12th,88.2,48000.0,6,999,1,0,0,0,1,0,85.28,Borderline
A023B,20,male,Meghalaya,masters,59.2,237000.0,78,999,1,0,0,1,1,1,58.68,Eligible
A023B,21,female,Jharkhand,bachelors,68.4,774000.0,1,999,1,0,0,1,1,1,67.36,Ineligible
BVOBC,18,male,Mizoram,12th,45.8,260000.0,95,999,1,0,0,1,1,1,53.32,Ineligible
BPVGK,17,female,Assam,10th,79.4,74000.0,999,999,1,0,0,1,1,1,69.76,Eligible
A023B,21,female,Meghalaya,masters,96.5,537000.0,5,999,1,0,0,1,1,1,83.6,Eligible
BVOBC,17,male,Assam,12th,88.9,219000.0,85,999,1,0,0,1,1,1,70.56,Eligible
BPVGK,16,female,Tripura,10th,58.4,101000.0,999,999,1,0,0,1,1,1,61.36,Eligible
BPVGK,14,male,Gujarat,10th,82.1,90000.0,999,999,1,0,0,1,1,1,65.84,Eligible
A023B,18,male,Arunachal Pradesh,masters,73.1,430000.0,2,999,1,0,0,1,1,1,69.24,Eligible
ARG45,30,male,Odisha,masters,72.9,267000.0,78,999,1,0,0,1,1,1,64.16,Eligible
A023B,23,female,Andhra Pradesh,bachelors,63.1,752000.0,95,999,1,0,0,1,1,1,55.24,Ineligible
ARG45,34,female,Andhra Pradesh,masters,70.5,272000.0,78,999,1,0,0,1,0,1,68.2,Borderline
A023B,22,male,Maharashtra,masters,73.6,105000.0,2,999,1,0,0,1,1,1,79.44,Eligible
A023B,18,male,Nagaland,masters,74.9,728000.0,5,999,1,0,0,1,1,1,64.96,Ineligible
BVOBC,20,female,Tripura,12th,71.8,127000.0,65,999,1,0,0,1,0,1,73.72,Borderline
A023B,22,male,Andhra Pradesh,masters,87.1,400000.0,65,999,1,0,0,1,1,1,69.84,Eligible
BVOBC,22,male,Madhya Pradesh,bachelors,84.8,158000.0,6,999,1,0,0,1,1,1,83.92,Eligible
AZKMI,31,female,Gujarat,postdoc,52.3,657000.0,999,21,1,0,0,1,1,1,60.92,Ineligible
A023B,23,male,Tripura,masters,87.9,485000.0,2,999,1,0,0,1,1,1,75.16,Eligible
BVOBC,18,male,Assam,12th,85.2,75000.0,5,999,1,1,75,1,1,1,89.08,Eligible
A023B,25,female,Manipur,masters,80.2,158000.0,72,999,1,0,0,1,1,1,77.08,Eligible
BVOBC,22,male,Telangana,bachelors,90.9,138000.0,1,999,1,1,56,1,1,1,91.36,Eligible
BPVGK,17,male,Kerala,10th,62.5,241000.0,999,999,1,0,0,1,1,1,53.0,Eligible
ARG45,31,other,Chhattisgarh,phd,57.0,339000.0,1,999,1,0,0,1,1,1,67.8,Eligible
ARG45,32,female,Arunachal Pradesh,phd,80.6,478000.0,1,999,1,0,0,1,1,1,77.24,Eligible
BVOBC,20,female,Andhra Pradesh,12th,45.5,295000.0,78,999,1,0,0,1,1,1,58.2,Ineligible
A023B,18,male,Maharashtra,masters,58.7,555000.0,85,999,1,0,0,1,1,1,53.48,Eligible
BPVGK,16,male,Andhra Pradesh,10th,68.7,284000.0,999,999,1,0,0,1,1,1,55.48,Ineligible
BVOBC,23,female,Gujarat,12th,84.9,305000.0,1,999,1,0,0,1,1,1,83.96,Ineligible
BPVGK,16,male,Mizoram,10th,61.3,173000.0,999,999,1,0,0,1,1,1,57.52,Eligible
BVOBC,17,female,Karnataka,bachelors,54.0,288000.0,72,999,1,0,0,1,1,1,61.6,Ineligible
BVOBC,23,male,Madhya Pradesh,12th,58.3,291000.0,1,999,1,0,0,1,1,1,68.32,Ineligible
BVOBC,21,female,Sikkim,bachelors,56.4,352000.0,65,999,1,0,0,1,1,1,62.56,Ineligible
AZKMI,21,male,Tripura,masters,79.3,281000.0,999,4,1,0,0,1,1,1,76.72,Eligible
AZKMI,22,female,Telangana,phd,87.8,551000.0,999,2,1,0,0,1,1,1,80.12,Eligible
BPVGK,15,male,Andhra Pradesh,10th,75.2,147000.0,999,999,1,0,0,1,0,1,63.08,Borderline
BVOBC,23,male,Kerala,bachelors,68.5,291000.0,88,999,1,0,0,1,1,1,62.4,Ineligible
BVOBC,23,female,Maharashtra,12th,61.6,293000.0,1,999,1,0,0,0,0,1,74.64,Ineligible
BVOBC,18,male,Rajasthan,12th,95.0,181000.0,1,999,1,0,0,1,1,1,88.0,Eligible
ARG45,26,female,Karnataka,masters,66.2,465000.0,6,999,1,0,0,0,1,1,71.48,Ineligible
BVOBC,23,female,Kerala,12th,69.1,280000.0,95,999,1,0,0,1,1,1,67.64,Ineligible
BVOBC,22,female,Assam,bachelors,79.1,353000.0,59,999,1,0,0,1,1,1,71.64,Ineligible
ARG45,25,male,Maharashtra,masters,66.1,181000.0,78,999,1,0,0,1,1,1,66.44,Eligible
AZKMI,26,male,Arunachal Pradesh,phd,73.7,379000.0,999,650,1,0,0,1,1,1,54.48,Ineligible
BVOBC,17,male,Gujarat,12th,95.9,382000.0,65,999,1,0,0,1,1,1,73.36,Ineligible
AZKMI,31,male,Mizoram,postdoc,55.0,111000.0,999,22,1,0,0,1,1,1,72.0,Eligible
BVOBC,21,male,Andhra Pradesh,bachelors,70.5,69000.0,1,999,1,0,0,1,1,1,78.2,Eligible
BPVGK,16,female,Tripura,10th,64.4,136000.0,999,999,1,0,0,1,1,1,63.76,Eligible
A023B,21,male,Arunachal Pradesh,masters,79.8,700000.0,1,999,1,0,0,1,1,1,66.92,Ineligible
AZKMI,38,female,Andhra Pradesh,postdoc,72.4,359000.0,999,8,1,0,0,1,1,1,78.96,Ineligible
BVOBC,17,female,Assam,bachelors,89.1,271000.0,59,999,1,0,0,1,1,1,75.64,Ineligible
A023B,23,female,Arunachal Pradesh,bachelors,81.1,147000.0,2,999,0,0,0,1,1,1,87.44,Ineligible
A023B,22,male,Mizoram,masters,93.8,708000.0,2,999,1,0,0,1,1,0,72.52,Ineligible
AZKMI,23,male,Tamil Nadu,phd,60.9,608000.0,999,4,1,0,0,1,1,1,59.36,Ineligible
BVOBC,24,female,Gujarat,bachelors,63.8,365000.0,3,999,1,0,0,1,1,1,75.52,Ineligible
A023B,23,male,Telangana,masters,80.5,562000.0,110,999,1,0,0,1,1,1,55.2,Ineligible
ARG45,27,female,Kerala,masters,69.7,379000.0,95,999,1,1,58,1,1,1,72.88,Eligible
AZKMI,36,male,Nagaland,masters,94.1,270000.0,999,1,1,0,0,1,1,1,82.64,Ineligible
ARG45,27,male,Rajasthan,phd,64.1,822000.0,85,999,1,0,0,0,1,1,50.64,Ineligible
BVOBC,24,male,Jharkhand,bachelors,77.3,222000.0,6,999,1,0,0,1,1,0,75.92,Borderline
A023B,25,male,Gujarat,bachelors,80.0,665000.0,1,999,1,1,70,1,1,1,72.0,Ineligible
BPVGK,14,male,Manipur,10th,84.5,271000.0,999,999,1,0,0,1,1,0,61.8,Ineligible
BVOBC,19,female,Assam,12th,80.0,46000.0,78,999,1,0,0,1,1,1,77.0,Eligible
ARG45,27,female,Sikkim,phd,67.4,73000.0,72,999,1,0,0,1,1,1,71.96,Eligible
A023B,25,female,Kerala,bachelors,67.0,539000.0,5,999,1,0,0,1,1,1,71.8,Eligible
ARG45,33,female,Manipur,masters,66.4,683000.0,88,999,1,0,0,1,1,1,56.56,Eligible
BVOBC,17,female,Sikkim,bachelors,49.2,108000.0,65,999,1,0,0,1,1,1,64.68,Ineligible
BVOBC,20,male,Manipur,bachelors,84.9,338000.0,1,999,1,0,0,1,0,1,78.96,Ineligible
ARG45,23,male,Karnataka,phd,94.0,669000.0,1,999,1,0,0,1,1,1,72.6,Eligible
BPVGK,16,female,Rajasthan,10th,71.5,41000.0,999,999,1,0,0,1,1,1,66.6,Eligible
BPVGK,17,female,Telangana,10th,67.2,94000.0,999,999,1,0,0,1,1,1,64.88,Eligible
BPVGK,16,female,Mizoram,10th,73.2,174000.0,999,999,1,0,0,1,1,1,67.28,Eligible
AZKMI,35,male,Manipur,phd,90.5,218000.0,999,3,1,0,0,1,1,1,81.2,Eligible
BVOBC,22,male,Karnataka,bachelors,72.0,94000.0,88,999,1,0,0,1,1,1,68.8,Eligible
A023B,19,female,Telangana,bachelors,89.1,142000.0,2,999,1,1,58,1,1,1,95.64,Eligible
A023B,19,female,Chhattisgarh,bachelors,69.8,344000.0,1,999,1,0,0,1,1,1,77.92,Eligible
BVOBC,22,female,Odisha,bachelors,46.7,271000.0,6,999,1,1,59,1,1,1,73.68,Ineligible
BPVGK,17,male,Odisha,10th,60.5,283000.0,999,999,1,0,0,1,1,1,52.2,Ineligible
BVOBC,20,male,Telangana,bachelors,55.8,118000.0,72,999,1,0,0,1,1,1,62.32,Eligible
AZKMI,37,male,Chhattisgarh,postdoc,59.9,415000.0,999,6,0,0,0,1,1,1,63.96,Ineligible
BVOBC,20,male,Arunachal Pradesh,12th,84.3,303000.0,5,999,1,0,0,1,1,1,78.72,Ineligible
A023B,24,female,Karnataka,masters,82.2,686000.0,85,999,1,0,0,1,1,1,62.88,Ineligible
A023B,18,male,Rajasthan,bachelors,93.2,778000.0,88,999,1,0,0,1,1,1,62.28,Ineligible
AZKMI,32,female,Maharashtra,masters,54.6,327000.0,999,6,0,0,0,0,1,1,71.84,Ineligible
ARG45,29,female,Arunachal Pradesh,phd,76.7,440000.0,1,999,1,0,0,1,1,1,75.68,Eligible
AZKMI,36,male,Kerala,phd,66.4,600000.0,999,32,1,0,0,1,1,1,66.56,Ineligible
ARG45,23,female,Manipur,phd,51.7,293000.0,110,999,0,0,0,1,1,1,53.68,Ineligible
AZKMI,29,female,Arunachal Pradesh,phd,84.5,433000.0,999,14,1,0,0,1,1,1,78.8,Eligible
A023B,23,male,Tamil Nadu,masters,58.7,565000.0,65,999,1,0,0,1,1,1,53.48,Eligible
AZKMI,27,male,Arunachal Pradesh,postdoc,86.4,500000.0,999,37,1,0,0,1,1,1,74.56,Eligible
A023B,19,female,Andhra Pradesh,masters,73.8,688000.0,72,999,1,0,0,1,1,1,59.52,Ineligible
AZKMI,38,female,Manipur,masters,56.5,950000.0,999,650,1,0,0,1,1,1,42.6,Ineligible
BVOBC,22,female,Jharkhand,bachelors,92.4,353000.0,95,999,1,0,0,1,1,1,76.96,Ineligible
AZKMI,37,male,Telangana,phd,79.1,573000.0,999,4,1,0,0,1,1,1,71.64,Ineligible
ARG45,25,female,Maharashtra,phd,73.8,148000.0,2,999,1,0,0,1,1,1,84.52,Eligible
BPVGK,17,female,Sikkim,10th,66.9,169000.0,999,999,1,0,0,1,1,1,64.76,Eligible
BPVGK,17,male,Nagaland,10th,77.0,176000.0,999,999,1,0,0,1,1,0,63.8,Borderline
AZKMI,27,male,Rajasthan,phd,72.0,673000.0,999,21,1,0,0,1,1,1,63.8,Ineligible
BVOBC,22,male,Jharkhand,12th,65.6,192000.0,78,999,1,0,0,1,1,1,66.24,Eligible
ARG45,29,female,Rajasthan,phd,76.9,347000.0,72,999,1,0,0,1,1,1,70.76,Eligible
ARG45,23,male,Chhattisgarh,phd,68.1,514000.0,85,999,1,0,0,1,1,1,57.24,Eligible
BPVGK,16,female,Telangana,10th,92.8,53000.0,999,999,1,0,0,1,1,1,75.12,Eligible
ARG45,25,male,Chhattisgarh,phd,86.4,783000.0,3,999,1,0,0,1,1,1,69.56,Eligible
BVOBC,21,female,Tripura,bachelors,46.9,91000.0,1,999,1,0,0,1,1,0,73.76,Ineligible
A023B,23,male,Assam,bachelors,82.4,476000.0,1,999,0,0,0,1,1,1,72.96,Ineligible
ARG45,26,female,Madhya Pradesh,masters,53.5,788000.0,140,999,0,0,0,1,1,1,44.4,Ineligible
A023B,23,female,Tamil Nadu,bachelors,92.3,384000.0,1,999,1,0,0,1,1,1,86.92,Eligible
AZKMI,22,male,Maharashtra,phd,92.9,524000.0,999,1,1,0,0,0,1,1,77.16,Ineligible
ARG45,22,female,Tamil Nadu,masters,65.4,724000.0,110,999,1,1,49,1,1,1,54.16,Eligible
BPVGK,16,male,Andhra Pradesh,10th,89.6,174000.0,999,999,1,0,0,1,1,1,68.84,Eligible
ARG45,23,female,Sikkim,phd,92.3,188000.0,1,999,1,0,0,1,1,1,91.92,Eligible
BVOBC,20,female,Chhattisgarh,bachelors,70.0,358000.0,72,999,1,0,0,1,1,1,68.0,Ineligible
BVOBC,17,female,Meghalaya,12th,69.3,267000.0,1,999,1,0,0,1,1,1,77.72,Ineligible
AZKMI,32,other,Telangana,phd,94.0,685000.0,999,32,1,0,0,1,1,1,72.6,Ineligible
ARG45,31,male,Sikkim,masters,82.9,157000.0,6,999,1,0,0,1,1,1,83.16,Eligible
BPVGK,15,male,Jharkhand,10th,56.8,288000.0,999,999,1,0,0,1,1,1,50.72,Ineligible
ARG45,23,female,Nagaland,masters,94.5,832000.0,88,999,1,0,0,1,1,0,67.8,Borderline
BVOBC,23,female,Kerala,bachelors,51.7,179000.0,2,999,1,0,0,1,1,1,75.68,Eligible
BPVGK,14,male,Rajasthan,10th,68.8,251000.0,999,999,1,0,0,1,1,1,55.52,Ineligible
A023B,19,male,Odisha,masters,56.2,133000.0,72,999,1,0,0,1,1,1,62.48,Eligible
A023B,24,male,Mizoram,bachelors,70.7,346000.0,1,999,1,0,0,1,1,1,73.28,Eligible
ARG45,28,male,Telangana,phd,94.7,106000.0,59,999,1,0,0,1,1,1,77.88,Eligible
BPVGK,16,female,Sikkim,10th,49.1,126000.0,999,999,1,0,0,1,1,1,57.64,Ineligible
ARG45,31,female,Andhra Pradesh,phd,81.2,629000.0,95,999,1,0,0,0,1,1,62.48,Ineligible
BPVGK,14,male,Telangana,10th,65.1,263000.0,999,999,1,0,0,1,1,0,54.04,Ineligible
AZKMI,26,male,Madhya Pradesh,postdoc,61.8,241000.0,999,650,1,0,0,0,1,0,49.72,Ineligible
A023B,25,female,Rajasthan,masters,59.0,722000.0,1,999,1,0,0,1,1,1,63.6,Ineligible
ARG45,22,female,Jharkhand,masters,79.2,728000.0,140,999,1,0,0,1,1,1,54.68,Eligible
ARG45,24,male,Chhattisgarh,phd,59.6,246000.0,3,999,1,0,0,1,1,1,68.84,Eligible
ARG45,28,male,Manipur,phd,93.0,414000.0,85,999,1,0,0,1,1,1,67.2,Eligible
BPVGK,17,male,Nagaland,10th,81.1,257000.0,999,999,1,0,0,1,1,0,60.44,Ineligible
BPVGK,15,female,Arunachal Pradesh,10th,58.6,250000.0,999,999,1,0,0,1,1,0,56.44,Borderline
ARG45,26,female,Andhra Pradesh,phd,92.4,181000.0,250,999,1,0,0,1,1,1,74.96,Eligible
BPVGK,14,male,Assam,10th,66.1,194000.0,999,999,1,0,0,1,1,1,59.44,Eligible
BPVGK,16,male,Chhattisgarh,10th,75.7,106000.0,999,999,1,0,0,1,1,1,63.28,Eligible
ARG45,27,male,Nagaland,masters,84.3,256000.0,59,999,1,0,0,1,1,1,68.72,Eligible
ARG45,33,female,Nagaland,masters,71.4,900000.0,2,999,0,0,0,1,1,1,68.56,Ineligible
BPVGK,14,female,Chhattisgarh,10th,92.3,204000.0,999,999,1,0,0,1,1,1,69.92,Eligible
A023B,24,male,Manipur,bachelors,59.8,657000.0,85,999,1,0,0,1,1,1,48.92,Ineligible
AZKMI,28,female,Nagaland,masters,62.0,301000.0,999,32,1,0,0,1,1,1,74.8,Eligible
ARG45,24,male,Telangana,phd,87.7,124000.0,140,999,1,0,0,1,1,1,68.08,Eligible
A023B,19,female,Madhya Pradesh,masters,81.7,481000.0,6,999,1,0,0,1,1,1,77.68,Eligible
AZKMI,36,male,Mizoram,postdoc,56.9,161000.0,999,6,1,1,62,1,1,1,77.76,Ineligible
ARG45,24,male,Tamil Nadu,phd,53.5,850000.0,2,999,1,0,0,1,1,1,56.4,Ineligible
BVOBC,24,male,Tripura,12th,71.0,232000.0,65,999,1,0,0,1,1,1,63.4,Eligible
ARG45,31,male,Chhattisgarh,phd,77.1,798000.0,6,999,1,0,0,1,1,0,65.84,Borderline
ARG45,22,female,Andhra Pradesh,masters,73.4,349000.0,59,999,1,0,0,1,1,1,69.36,Eligible
BPVGK,17,female,Meghalaya,10th,77.6,188000.0,999,999,1,0,0,1,1,1,69.04,Eligible
BVOBC,18,male,Maharashtra,bachelors,81.8,44000.0,5,999,1,0,0,1,1,1,82.72,Eligible
A023B,22,female,Telangana,bachelors,69.7,784000.0,3,999,1,0,0,1,1,0,67.88,Ineligible
BPVGK,16,male,Jharkhand,10th,62.9,301000.0,999,999,1,0,0,1,1,1,53.16,Ineligible
BPVGK,15,male,Tripura,10th,69.4,177000.0,999,999,1,0,0,1,1,1,60.76,Eligible
BVOBC,19,female,Madhya Pradesh,12th,57.2,77000.0,3,999,1,0,0,1,1,1,77.88,Eligible
A023B,22,female,Odisha,masters,96.9,281000.0,6,999,1,0,0,1,1,1,88.76,Eligible
BVOBC,24,female,Maharashtra,12th,71.7,156000.0,140,999,1,0,0,1,1,1,66.68,Eligible
A023B,18,female,Chhattisgarh,masters,79.2,397000.0,2,999,1,0,0,1,0,1,81.68,Borderline
BVOBC,17,male,Maharashtra,12th,76.5,331000.0,1,999,1,0,0,1,1,1,75.6,Ineligible
ARG45,33,female,Karnataka,masters,74.3,226000.0,5,999,0,0,0,1,1,1,79.72,Ineligible
ARG45,32,female,Rajasthan,phd,75.9,392000.0,72,999,1,0,0,1,1,1,70.36,Eligible
BPVGK,16,female,Manipur,10th,61.1,332000.0,999,999,1,0,0,1,1,1,57.44,Ineligible
A023B,18,female,Chhattisgarh,bachelors,79.3,617000.0,1,999,1,0,0,1,1,1,71.72,Ineligible
A023B,23,male,Karnataka,masters,86.7,238000.0,1,999,1,0,0,1,1,1,79.68,Eligible
BPVGK,14,female,Odisha,10th,64.1,163000.0,999,999,1,0,0,1,1,1,63.64,Eligible
BVOBC,18,female,Gujarat,bachelors,80.5,400000.0,88,999,1,0,0,1,1,1,72.2,Ineligible
A023B,18,male,Rajasthan,bachelors,76.0,528000.0,72,999,1,0,0,1,1,1,60.4,Eligible
ARG45,36,female,Karnataka,masters,90.3,301000.0,95,999,1,0,0,1,1,1,76.12,Eligible
ARG45,28,female,Nagaland,phd,91.9,265000.0,95,999,1,0,0,1,1,1,76.76,Eligible
AZKMI,33,female,Tamil Nadu,phd,78.1,208000.0,999,3,1,1,54,1,1,1,86.24,Eligible
AZKMI,31,male,Tamil Nadu,postdoc,93.9,389000.0,999,22,1,1,54,1,1,1,87.56,Eligible
A023B,24,male,Meghalaya,masters,95.9,402000.0,88,999,1,0,0,1,1,1,68.36,Eligible
BPVGK,16,female,Mizoram,10th,91.2,243000.0,999,999,1,0,0,1,1,1,69.48,Eligible
A023B,25,female,Chhattisgarh,masters,80.9,510000.0,85,999,1,0,0,1,1,1,67.36,Eligible
BPVGK,17,female,Karnataka,10th,46.0,53000.0,999,999,1,0,0,1,1,0,56.4,Ineligible
AZKMI,21,male,Jharkhand,masters,90.0,134000.0,999,6,1,0,0,1,1,1,86.0,Eligible
A023B,23,female,Karnataka,bachelors,70.5,94000.0,95,999,1,0,0,1,1,1,73.2,Eligible
ARG45,31,male,Telangana,phd,83.2,135000.0,250,999,1,1,70,1,1,1,71.28,Eligible
AZKMI,24,male,Mizoram,phd,75.5,641000.0,999,6,1,0,0,0,1,1,65.2,Ineligible
BPVGK,17,male,Meghalaya,10th,79.2,184000.0,999,999,1,0,0,1,1,0,64.68,Borderline
BVOBC,20,male,Chhattisgarh,12th,80.7,84000.0,78,999,1,0,0,1,1,1,72.28,Eligible
BPVGK,16,female,Telangana,10th,58.9,220000.0,999,999,1,0,0,1,1,1,56.56,Eligible
BVOBC,18,male,Meghalaya,12th,54.4,362000.0,3,999,1,0,0,1,1,1,66.76,Ineligible
BPVGK,16,male,Meghalaya,10th,83.4,329000.0,999,999,1,0,0,1,1,1,61.36,Ineligible
A023B,22,male,Kerala,masters,96.8,735000.0,6,999,1,0,0,1,1,1,73.72,Ineligible
BPVGK,15,male,Meghalaya,10th,89.1,285000.0,999,999,1,0,0,1,1,1,63.64,Ineligible
BVOBC,20,male,Karnataka,bachelors,65.3,270000.0,140,999,1,1,70,1,1,1,59.12,Ineligible
BPVGK,16,female,Odisha,10th,87.8,142000.0,999,999,1,0,0,1,1,1,73.12,Eligible
A023B,25,male,Kerala,masters,89.7,391000.0,1,999,1,0,0,1,1,1,80.88,Eligible
ARG45,24,female,Tripura,phd,76.0,605000.0,1,999,1,0,0,1,1,1,70.4,Eligible
BVOBC,24,male,Mizoram,bachelors,74.3,49000.0,95,999,1,0,0,1,1,1,69.72,Eligible
BVOBC,21,male,Arunachal Pradesh,bachelors,85.0,212000.0,140,999,1,0,0,1,0,1,62.0,Borderline
AZKMI,22,female,Sikkim,masters,93.6,996000.0,999,650,1,0,0,1,0,1,57.44,Ineligible
AZKMI,38,male,Tamil Nadu,phd,70.6,391000.0,999,8,1,0,0,1,1,1,73.24,Ineligible
BPVGK,16,male,Mizoram,10th,80.5,239000.0,999,999,1,0,0,1,1,1,60.2,Eligible
A023B,20,female,Manipur,bachelors,85.5,788000.0,1,999,0,0,0,1,1,1,74.2,Ineligible
BPVGK,15,female,Telangana,10th,68.7,213000.0,999,999,1,0,0,1,1,1,60.48,Eligible
BPVGK,15,male,Meghalaya,10th,81.8,236000.0,999,999,1,0,0,1,1,1,60.72,Eligible
BPVGK,15,male,Karnataka,10th,83.9,169000.0,999,999,1,1,80,1,1,1,71.56,Eligible
BPVGK,16,male,Nagaland,10th,47.3,337000.0,999,999,1,0,0,1,1,1,46.92,Ineligible
AZKMI,29,female,Sikkim,masters,62.5,196000.0,999,6,1,0,0,1,1,1,80.0,Eligible
A023B,23,female,Andhra Pradesh,bachelors,69.8,151000.0,1,999,1,0,0,1,1,1,82.92,Eligible
ARG45,25,female,Odisha,masters,83.9,690000.0,85,999,1,1,44,0,1,1,68.56,Ineligible
BVOBC,21,female,Maharashtra,bachelors,50.0,41000.0,110,999,1,0,0,1,1,1,58.0,Eligible
BVOBC,21,female,Maharashtra,bachelors,91.0,54000.0,3,999,1,0,0,0,1,1,91.4,Ineligible
BPVGK,16,male,Meghalaya,10th,74.5,61000.0,999,999,1,0,0,1,1,1,62.8,Eligible
BVOBC,23,male,Odisha,bachelors,79.7,273000.0,5,999,1,0,0,1,1,1,76.88,Ineligible
BVOBC,22,male,Rajasthan,bachelors,90.2,231000.0,72,999,1,0,0,1,1,1,71.08,Eligible
AZKMI,28,male,Manipur,masters,86.7,758000.0,999,21,1,0,0,1,1,1,69.68,Ineligible
ARG45,35,female,Maharashtra,phd,65.9,193000.0,78,999,1,0,0,1,1,1,71.36,Eligible
AZKMI,35,male,Telangana,masters,67.8,603000.0,999,21,1,0,0,1,1,1,62.12,Ineligible
BVOBC,18,male,Meghalaya,12th,88.6,388000.0,78,999,1,0,0,1,1,1,70.44,Ineligible
BVOBC,21,female,Tamil Nadu,12th,67.6,294000.0,1,999,1,0,0,1,1,0,77.04,Ineligible
AZKMI,31,female,Nagaland,phd,59.9,699000.0,999,3,1,0,0,1,1,1,63.96,Ineligible
A023B,22,female,Madhya Pradesh,bachelors,88.8,259000.0,3,999,1,0,0,1,0,1,85.52,Borderline
AZKMI,27,male,Manipur,phd,59.4,157000.0,999,2,1,1,77,1,1,1,78.76,Eligible
A023B,25,female,Madhya Pradesh,bachelors,84.9,601000.0,2,999,1,0,0,1,1,1,73.96,Ineligible
A023B,18,female,Andhra Pradesh,bachelors,95.6,588000.0,2,999,1,0,0,1,1,1,83.24,Eligible
BVOBC,21,female,Jharkhand,12th,66.1,68000.0,1,999,1,0,0,1,1,1,81.44,Eligible
BPVGK,15,female,Jharkhand,10th,71.2,137000.0,999,999,1,0,0,1,1,1,66.48,Eligible
ARG45,26,male,Manipur,masters,65.4,666000.0,5,999,1,0,0,1,1,1,61.16,Eligible
ARG45,23,male,Nagaland,phd,83.6,835000.0,2,999,1,0,0,1,0,1,68.44,Borderline
BPVGK,15,male,Odisha,10th,69.1,222000.0,999,999,1,0,0,1,1,1,55.64,Eligible
BVOBC,23,other,Andhra Pradesh,bachelors,47.5,158000.0,250,999,1,0,0,1,1,1,52.0,Ineligible
A023B,22,female,Meghalaya,masters,92.2,625000.0,6,999,1,0,0,1,1,1,76.88,Ineligible
BVOBC,19,male,Meghalaya,bachelors,84.6,79000.0,2,999,1,0,0,1,1,1,83.84,Eligible
AZKMI,36,female,Karnataka,postdoc,85.4,397000.0,999,21,1,1,44,1,1,1,89.16,Ineligible
BPVGK,16,male,Meghalaya,10th,49.6,126000.0,999,999,1,0,0,0,1,1,52.84,Ineligible
BPVGK,14,male,Tripura,10th,71.5,49000.0,999,999,1,0,0,1,1,1,61.6,Eligible
ARG45,34,female,Telangana,masters,68.5,272000.0,78,999,1,0,0,1,1,1,67.4,Eligible
BVOBC,17,female,Assam,bachelors,94.8,277000.0,3,999,1,0,0,1,1,1,87.92,Ineligible
ARG45,29,female,Arunachal Pradesh,masters,80.2,250000.0,78,999,1,0,0,1,1,1,72.08,Eligible
ARG45,22,female,Madhya Pradesh,phd,69.5,127000.0,78,999,1,0,0,0,1,1,72.8,Ineligible
ARG45,24,male,Andhra Pradesh,phd,93.8,365000.0,59,999,1,0,0,1,0,1,72.52,Borderline
ARG45,31,female,Assam,masters,85.9,209000.0,2,999,1,0,0,1,1,1,84.36,Eligible
BVOBC,24,male,Chhattisgarh,12th,83.0,264000.0,2,999,1,0,0,1,0,1,78.2,Ineligible
BPVGK,14,male,Odisha,10th,53.5,277000.0,999,999,1,0,0,1,1,1,49.4,Ineligible
AZKMI,38,female,Tripura,postdoc,51.3,259000.0,999,4,1,0,0,1,1,1,70.52,Ineligible
ARG45,24,female,Karnataka,phd,72.1,613000.0,3,999,1,0,0,1,1,1,68.84,Eligible
BVOBC,22,male,Sikkim,bachelors,76.6,359000.0,2,999,1,0,0,1,1,1,75.64,Ineligible
BVOBC,23,female,Arunachal Pradesh,bachelors,72.6,183000.0,1,999,1,0,0,1,0,1,84.04,Borderline
AZKMI,27,other,Tripura,masters,86.4,657000.0,999,4,1,0,0,1,1,0,69.56,Ineligible
BPVGK,17,female,Meghalaya,10th,86.0,293000.0,999,999,1,1,68,1,1,1,72.4,Ineligible
ARG45,26,male,Rajasthan,masters,84.0,885000.0,85,999,1,0,0,1,1,1,58.6,Eligible
BPVGK,14,male,Kerala,10th,82.8,119000.0,999,999,1,0,0,1,1,1,66.12,Eligible
BVOBC,24,female,Karnataka,12th,64.6,243000.0,2,999,1,0,0,1,1,1,75.84,Eligible
AZKMI,31,male,Odisha,postdoc,75.0,318000.0,999,6,1,0,0,1,1,1,75.0,Eligible
BVOBC,20,female,Mizoram,12th,80.0,316000.0,88,999,1,0,0,1,1,1,72.0,Ineligible
ARG45,27,male,Manipur,phd,71.7,818000.0,250,999,1,0,0,1,1,1,46.68,Eligible
AZKMI,21,male,Telangana,phd,57.4,383000.0,999,4,1,0,0,1,1,1,67.96,Eligible
BVOBC,19,male,Chhattisgarh,bachelors,68.9,73000.0,78,999,1,0,0,1,1,1,67.56,Eligible
BVOBC,18,female,Mizoram,bachelors,49.5,49000.0,3,999,1,0,0,1,1,1,74.8,Ineligible
BVOBC,17,male,Andhra Pradesh,bachelors,82.5,175000.0,88,999,1,0,0,1,1,1,73.0,Eligible
ARG45,31,male,Andhra Pradesh,masters,85.3,381000.0,5,999,1,0,0,1,1,1,79.12,Eligible
A023B,21,female,Mizoram,bachelors,71.1,117000.0,1,999,1,0,0,1,1,1,83.44,Eligible
BVOBC,21,female,Rajasthan,12th,52.0,153000.0,3,999,1,0,0,1,1,1,75.8,Eligible
AZKMI,34,female,Nagaland,phd,80.5,275000.0,999,32,1,0,0,0,1,1,82.2,Ineligible
BVOBC,18,female,Arunachal Pradesh,bachelors,46.6,235000.0,88,999,1,0,0,0,1,1,58.64,Ineligible
ARG45,31,male,Chhattisgarh,phd,89.5,716000.0,2,999,0,0,0,1,1,1,70.8,Ineligible
ARG45,33,male,Gujarat,masters,54.7,539000.0,85,999,1,0,0,1,1,1,51.88,Ineligible
ARG45,25,female,Jharkhand,phd,91.8,420000.0,72,999,1,1,59,1,1,1,76.72,Eligible
BVOBC,23,female,Andhra Pradesh,bachelors,55.3,221000.0,95,999,1,0,0,1,0,1,62.12,Borderline
ARG45,24,male,Telangana,masters,58.5,778000.0,78,999,1,0,0,1,0,1,48.4,Borderline
AZKMI,37,male,Sikkim,postdoc,91.5,225000.0,999,3,1,0,0,1,1,1,81.6,Ineligible
A023B,20,female,Sikkim,bachelors,92.8,472000.0,85,999,1,0,0,1,1,1,72.12,Eligible
A023B,20,male,Madhya Pradesh,masters,80.3,304000.0,78,999,1,0,0,1,1,1,67.12,Eligible
ARG45,31,male,Madhya Pradesh,masters,57.1,300000.0,78,999,0,0,0,1,1,1,57.84,Ineligible
ARG45,31,female,Karnataka,phd,89.8,277000.0,250,999,0,0,0,1,1,1,68.92,Ineligible
BPVGK,16,male,Karnataka,10th,65.8,285000.0,999,999,1,0,0,1,1,1,54.32,Ineligible
BVOBC,20,female,Odisha,12th,79.2,222000.0,85,999,1,0,0,1,1,1,71.68,Eligible
AZKMI,36,female,Tamil Nadu,postdoc,80.8,300000.0,999,3,1,0,0,1,1,1,82.32,Ineligible
A023B,21,male,Manipur,masters,59.6,381000.0,250,999,1,0,0,0,1,1,51.84,Ineligible
AZKMI,35,male,Chhattisgarh,masters,82.1,355000.0,999,4,0,0,0,1,1,1,77.84,Ineligible
ARG45,33,male,Tamil Nadu,phd,61.1,761000.0,140,999,0,0,0,1,1,1,42.44,Ineligible
AZKMI,25,male,Andhra Pradesh,masters,73.8,842000.0,999,21,1,0,0,1,1,1,64.52,Ineligible
ARG45,28,female,Nagaland,masters,55.3,576000.0,140,999,1,0,0,1,1,1,50.12,Eligible
AZKMI,31,female,Nagaland,postdoc,85.5,462000.0,999,4,1,0,0,1,0,1,79.2,Borderline
BPVGK,17,female,Tamil Nadu,10th,78.3,62000.0,999,999,1,0,0,0,1,1,69.32,Ineligible
ARG45,32,male,Gujarat,masters,94.5,578000.0,1,999,1,0,0,1,1,1,77.8,Eligible
ARG45,30,male,Meghalaya,phd,58.4,406000.0,59,999,0,0,0,1,1,1,53.36,Ineligible
AZKMI,27,male,Karnataka,phd,79.3,171000.0,999,6,1,0,0,1,1,1,81.72,Eligible
AZKMI,23,male,Odisha,masters,87.0,471000.0,999,6,0,0,0,1,1,1,74.8,Ineligible
AZKMI,23,male,Kerala,masters,52.1,196000.0,999,14,1,0,0,1,1,1,70.84,Ineligible
AZKMI,36,male,Odisha,postdoc,89.1,869000.0,999,4,1,0,0,1,1,1,70.64,Ineligible
ARG45,33,male,Manipur,masters,65.3,627000.0,250,999,0,0,0,1,0,1,44.12,Ineligible
A023B,24,male,Maharashtra,masters,90.3,729000.0,65,999,1,0,0,1,1,1,61.12,Ineligible
A023B,19,male,Chhattisgarh,bachelors,83.8,262000.0,1,999,1,0,0,1,1,1,78.52,Eligible
A023B,22,female,Meghalaya,masters,69.6,741000.0,1,999,1,0,0,1,1,1,67.84,Ineligible
A023B,24,male,Madhya Pradesh,bachelors,61.7,349000.0,1,999,1,0,0,1,1,1,69.68,Eligible
BVOBC,24,female,Tamil Nadu,bachelors,73.8,306000.0,65,999,1,0,0,1,1,1,69.52,Ineligible
AZKMI,26,male,Telangana,masters,52.2,876000.0,999,14,0,0,0,1,1,1,55.88,Ineligible
BVOBC,24,other,Tamil Nadu,bachelors,60.0,319000.0,2,999,1,0,0,1,1,1,69.0,Ineligible
BVOBC,24,female,Sikkim,bachelors,89.8,59000.0,140,999,1,0,0,0,1,1,73.92,Ineligible
BVOBC,20,male,Tamil Nadu,bachelors,50.2,326000.0,59,999,1,0,0,1,1,1,55.08,Ineligible
ARG45,26,female,Kerala,phd,94.3,575000.0,1,999,1,0,0,1,1,1,82.72,Eligible
ARG45,27,male,Arunachal Pradesh,phd,93.6,102000.0,1,999,1,0,0,1,1,1,87.44,Eligible
A023B,22,male,Madhya Pradesh,bachelors,66.4,791000.0,78,999,0,0,0,1,0,1,51.56,Ineligible
ARG45,29,female,Odisha,masters,73.1,77000.0,1,999,1,0,0,1,1,1,84.24,Eligible
AZKMI,29,female,Sikkim,phd,77.9,768000.0,999,1,0,0,0,1,1,1,71.16,Ineligible
BVOBC,19,male,Maharashtra,12th,94.6,224000.0,88,999,1,0,0,1,1,0,72.84,Borderline
A023B,25,female,Sikkim,bachelors,76.0,346000.0,85,999,1,0,0,0,1,1,70.4,Ineligible
BPVGK,17,female,Rajasthan,10th,54.0,112000.0,999,999,1,0,0,1,1,0,59.6,Borderline
ARG45,31,female,Assam,masters,61.5,473000.0,140,999,1,1,71,0,1,1,57.6,Ineligible
A023B,23,male,Andhra Pradesh,bachelors,85.1,549000.0,1,999,1,0,0,1,1,1,74.04,Eligible
A023B,21,female,Meghalaya,masters,74.5,597000.0,5,999,1,0,0,1,1,1,74.8,Eligible
A023B,23,male,Chhattisgarh,bachelors,75.7,285000.0,250,999,0,0,0,1,1,1,58.28,Ineligible
BPVGK,15,female,Sikkim,10th,48.6,243000.0,999,999,1,0,0,1,1,1,52.44,Ineligible
AZKMI,35,female,Arunachal Pradesh,phd,66.2,146000.0,999,2,1,0,0,1,1,1,81.48,Eligible
AZKMI,37,male,Kerala,postdoc,91.2,881000.0,999,21,1,0,0,1,1,1,71.48,Ineligible
ARG45,34,male,Odisha,phd,58.7,576000.0,85,999,1,0,0,1,1,1,53.48,Eligible
BPVGK,15,female,Karnataka,10th,80.4,326000.0,999,999,1,0,0,1,1,1,65.16,Ineligible
BVOBC,24,female,Telangana,bachelors,54.9,68000.0,95,999,1,0,0,1,1,1,66.96,Eligible
A023B,25,female,Jharkhand,bachelors,86.5,304000.0,6,999,1,0,0,1,1,1,84.6,Eligible
BVOBC,23,female,Meghalaya,12th,77.3,281000.0,5,999,1,0,0,1,1,1,80.92,Ineligible
BVOBC,18,male,Sikkim,bachelors,68.0,372000.0,59,999,1,0,0,1,1,1,62.2,Ineligible
AZKMI,23,female,Karnataka,postdoc,90.9,811000.0,999,1,1,0,0,1,1,1,76.36,Ineligible
AZKMI,32,female,Meghalaya,phd,69.3,921000.0,999,37,1,0,0,1,1,1,67.72,Ineligible
BPVGK,15,male,Odisha,10th,58.6,30000.0,999,999,1,0,0,1,0,1,56.44,Borderline
AZKMI,34,female,Nagaland,postdoc,88.1,854000.0,999,14,1,0,0,1,1,1,75.24,Ineligible
A023B,23,male,Madhya Pradesh,bachelors,73.6,314000.0,3,999,1,0,0,1,1,1,74.44,Eligible
A023B,25,male,Chhattisgarh,bachelors,92.1,683000.0,78,999,1,0,0,1,1,1,61.84,Ineligible
BVOBC,17,female,Nagaland,bachelors,81.2,65000.0,59,999,1,0,0,1,1,1,77.48,Eligible
BVOBC,24,female,Mizoram,12th,88.8,58000.0,110,999,1,0,0,1,1,1,73.52,Eligible
BVOBC,21,female,Manipur,12th,51.1,276000.0,140,999,1,0,0,1,1,1,53.44,Ineligible
A023B,24,male,Arunachal Pradesh,bachelors,78.6,275000.0,65,999,1,0,0,1,1,1,66.44,Eligible
ARG45,26,male,Andhra Pradesh,phd,70.4,533000.0,250,999,0,0,0,1,1,1,51.16,Ineligible
BVOBC,23,other,Tripura,12th,67.8,131000.0,250,999,1,0,0,1,1,1,60.12,Eligible
BVOBC,22,female,Sikkim,bachelors,69.9,160000.0,95,999,1,0,0,1,1,1,72.96,Eligible
BVOBC,19,male,Tripura,12th,48.3,158000.0,78,999,1,0,0,1,1,1,59.32,Ineligible
ARG45,26,female,Karnataka,phd,63.9,572000.0,2,999,1,0,0,1,1,1,70.56,Eligible
A023B,21,male,Maharashtra,bachelors,71.1,490000.0,2,999,0,0,0,1,1,1,68.44,Ineligible
BVOBC,18,female,Chhattisgarh,12th,64.4,249000.0,85,999,1,0,0,1,1,1,65.76,Eligible
AZKMI,22,male,Nagaland,phd,80.7,592000.0,999,8,1,0,0,1,1,1,72.28,Eligible
A023B,20,female,Madhya Pradesh,masters,89.0,465000.0,5,999,1,0,0,1,1,1,80.6,Eligible
BVOBC,18,male,Nagaland,bachelors,90.7,194000.0,110,999,1,0,0,1,1,1,69.28,Eligible
ARG45,28,male,Maharashtra,phd,52.3,874000.0,88,999,1,0,0,1,1,1,45.92,Ineligible
BPVGK,17,female,Tamil Nadu,10th,80.6,219000.0,999,999,1,0,0,1,1,1,65.24,Eligible
BPVGK,16,female,Odisha,10th,48.2,282000.0,999,999,1,0,0,1,1,1,52.28,Ineligible
A023B,22,female,Assam,masters,73.0,545000.0,6,999,1,0,0,1,1,1,74.2,Eligible
ARG45,23,female,Tamil Nadu,masters,56.1,783000.0,110,999,1,0,0,1,1,1,45.44,Eligible
ARG45,29,male,Andhra Pradesh,masters,73.9,545000.0,1,999,1,0,0,1,1,1,69.56,Eligible
BVOBC,19,female,Meghalaya,12th,57.3,268000.0,2,999,1,0,0,1,1,1,72.92,Ineligible
A023B,23,female,Chhattisgarh,bachelors,64.1,473000.0,78,999,1,0,0,1,1,1,60.64,Eligible
AZKMI,28,male,Rajasthan,masters,70.8,908000.0,999,8,1,0,0,1,1,1,63.32,Ineligible
ARG45,33,male,Kerala,phd,85.6,804000.0,88,999,0,0,0,1,1,1,59.24,Ineligible
ARG45,35,female,Arunachal Pradesh,phd,84.7,665000.0,65,999,0,0,0,1,1,1,63.88,Ineligible
AZKMI,33,female,Karnataka,masters,66.4,413000.0,999,21,1,0,0,1,1,1,71.56,Eligible
BVOBC,22,male,Maharashtra,bachelors,81.9,177000.0,250,999,1,0,0,1,1,1,65.76,Eligible
BVOBC,18,female,Rajasthan,bachelors,95.7,174000.0,85,999,1,0,0,1,1,1,83.28,Eligible
BVOBC,20,female,Jharkhand,bachelors,84.1,339000.0,72,999,1,0,0,1,1,1,73.64,Ineligible
BVOBC,23,male,Karnataka,12th,82.5,72000.0,78,999,1,0,0,0,1,1,73.0,Ineligible
A023B,20,male,Manipur,bachelors,89.3,587000.0,2,999,0,0,0,1,1,1,75.72,Ineligible
A023B,25,male,Rajasthan,masters,66.6,287000.0,1,999,1,0,0,1,1,1,71.64,Eligible
BPVGK,16,male,Meghalaya,10th,78.8,286000.0,999,999,1,0,0,1,1,1,59.52,Ineligible
ARG45,32,male,Sikkim,phd,52.0,672000.0,1,999,1,0,0,1,1,0,55.8,Ineligible
BVOBC,19,male,Telangana,12th,64.4,391000.0,250,999,1,0,0,0,1,1,53.76,Ineligible
ARG45,23,male,Andhra Pradesh,masters,61.0,607000.0,85,999,1,0,0,1,1,1,49.4,Eligible
A023B,24,female,Odisha,masters,58.2,234000.0,5,999,1,0,0,1,1,1,73.28,Eligible
BPVGK,17,male,Telangana,10th,83.1,198000.0,999,999,1,0,0,1,1,1,66.24,Eligible
AZKMI,21,male,Rajasthan,masters,85.1,473000.0,999,3,1,0,0,0,1,1,74.04,Ineligible
BVOBC,18,female,Andhra Pradesh,12th,53.9,349000.0,140,999,1,0,0,0,1,1,54.56,Ineligible
A023B,19,male,Madhya Pradesh,bachelors,89.4,248000.0,110,999,1,0,0,1,1,0,63.76,Ineligible
AZKMI,29,male,Telangana,masters,55.3,209000.0,999,3,1,0,0,1,1,1,67.12,Eligible
A023B,20,male,Gujarat,masters,70.3,578000.0,85,999,1,0,0,1,1,1,58.12,Eligible
A023B,21,female,Jharkhand,bachelors,76.2,307000.0,65,999,1,0,0,1,1,1,70.48,Eligible
A023B,23,female,Meghalaya,bachelors,92.2,201000.0,5,999,1,0,0,1,1,1,86.88,Eligible
BPVGK,15,female,Madhya Pradesh,10th,82.9,51000.0,999,999,1,0,0,1,1,1,71.16,Eligible
A023B,18,female,Rajasthan,bachelors,56.3,487000.0,88,999,1,0,0,1,1,1,57.52,Eligible
AZKMI,28,male,Madhya Pradesh,phd,51.6,519000.0,999,4,0,0,0,1,1,1,60.64,Ineligible
BVOBC,22,male,Karnataka,12th,57.3,114000.0,85,999,1,1,53,1,1,1,67.92,Eligible
ARG45,35,male,Odisha,phd,67.0,160000.0,2,999,1,0,0,1,1,1,76.8,Eligible
BPVGK,14,female,Gujarat,10th,74.6,172000.0,999,999,1,0,0,1,1,1,67.84,Eligible
BPVGK,17,male,Nagaland,10th,60.5,234000.0,999,999,1,0,0,1,1,1,52.2,Eligible
A023B,21,female,Kerala,masters,75.7,224000.0,1,999,1,1,64,1,1,1,85.28,Eligible
AZKMI,22,female,Tripura,masters,82.1,487000.0,999,1,1,0,0,1,1,1,77.84,Eligible
ARG45,27,male,Mizoram,phd,67.5,684000.0,1,999,1,0,0,1,1,1,62.0,Eligible
ARG45,27,female,Jharkhand,masters,77.0,520000.0,85,999,1,0,0,1,1,1,65.8,Eligible
BVOBC,19,female,Manipur,bachelors,86.6,206000.0,95,999,1,0,0,1,1,1,74.64,Eligible
AZKMI,37,female,Assam,postdoc,92.6,992000.0,999,650,1,0,0,1,1,1,57.04,Ineligible
BVOBC,19,male,Andhra Pradesh,12th,52.3,41000.0,140,999,1,0,0,1,1,1,53.92,Eligible
BVOBC,21,female,Nagaland,12th,57.9,323000.0,140,999,1,0,0,1,1,1,56.16,Ineligible
BPVGK,16,female,Madhya Pradesh,10th,74.0,144000.0,999,999,1,0,0,0,0,1,67.6,Borderline
BVOBC,22,male,Arunachal Pradesh,bachelors,69.0,391000.0,59,999,1,0,0,1,1,1,62.6,Ineligible
BVOBC,18,male,Rajasthan,12th,93.7,260000.0,250,999,1,0,0,0,1,1,65.48,Ineligible
A023B,25,female,Arunachal Pradesh,bachelors,61.5,223000.0,6,999,1,0,0,1,1,1,74.6,Eligible
AZKMI,23,female,Rajasthan,masters,61.5,184000.0,999,14,1,0,0,1,1,1,79.6,Eligible
BPVGK,14,male,Meghalaya,10th,64.4,343000.0,999,999,1,0,0,1,1,1,53.76,Ineligible
AZKMI,27,female,Chhattisgarh,masters,84.0,650000.0,999,14,1,0,0,1,1,1,73.6,Ineligible
BPVGK,16,female,Kerala,10th,66.7,65000.0,999,999,1,0,0,1,1,1,64.68,Eligible
AZKMI,36,female,Arunachal Pradesh,phd,61.7,600000.0,999,8,1,0,0,1,1,1,69.68,Ineligible
ARG45,35,male,Nagaland,masters,66.0,802000.0,1,999,1,0,0,1,1,1,61.4,Eligible
AZKMI,25,male,Meghalaya,phd,80.8,227000.0,999,1,1,0,0,1,1,1,77.32,Eligible
BVOBC,17,female,Chhattisgarh,bachelors,54.5,348000.0,65,999,1,0,0,1,1,1,61.8,Ineligible
A023B,21,female,Jharkhand,bachelors,64.8,729000.0,65,999,1,0,0,1,1,1,55.92,Ineligible
ARG45,32,male,Madhya Pradesh,masters,83.1,336000.0,140,999,1,0,0,1,1,1,61.24,Eligible
A023B,22,male,Nagaland,bachelors,91.5,506000.0,88,999,1,0,0,1,1,1,66.6,Eligible
ARG45,33,male,Gujarat,phd,83.5,373000.0,140,999,1,0,0,1,1,1,61.4,Eligible
A023B,25,female,Arunachal Pradesh,bachelors,62.2,270000.0,85,999,1,0,0,1,1,1,64.88,Eligible
BPVGK,14,female,Tripura,10th,91.2,115000.0,999,999,1,0,0,1,1,1,74.48,Eligible
A023B,25,male,Gujarat,masters,89.9,474000.0,1,999,1,0,0,1,1,1,75.96,Eligible
ARG45,24,male,Maharashtra,masters,69.2,262000.0,5,999,1,0,0,1,1,1,72.68,Eligible
ARG45,23,female,Meghalaya,masters,65.5,626000.0,2,999,1,0,0,1,1,1,66.2,Eligible
ARG45,36,other,Sikkim,masters,51.1,232000.0,78,999,1,0,0,1,1,1,55.44,Ineligible
AZKMI,34,female,Manipur,phd,70.3,944000.0,999,1,1,0,0,1,1,1,68.12,Ineligible
ARG45,22,female,Andhra Pradesh,masters,74.5,604000.0,5,999,1,0,0,1,1,1,69.8,Eligible
AZKMI,34,male,Chhattisgarh,masters,73.4,971000.0,999,32,1,0,0,1,1,1,64.36,Ineligible
BVOBC,23,male,Nagaland,12th,73.3,321000.0,59,999,1,0,0,1,1,1,64.32,Ineligible
ARG45,34,male,Karnataka,phd,87.6,126000.0,1,999,1,0,0,1,1,1,85.04,Eligible
BVOBC,17,male,Rajasthan,bachelors,62.3,274000.0,85,999,1,0,0,1,1,1,59.92,Ineligible
ARG45,29,male,Madhya Pradesh,phd,61.5,215000.0,140,999,1,0,0,1,1,1,52.6,Eligible
ARG45,36,female,Andhra Pradesh,masters,78.6,740000.0,2,999,1,0,0,1,1,1,71.44,Eligible
ARG45,36,male,Karnataka,masters,54.0,394000.0,3,999,1,0,0,1,1,1,66.6,Ineligible
BPVGK,14,female,Telangana,10th,52.7,188000.0,999,999,1,0,0,1,1,1,59.08,Eligible
BPVGK,14,male,Telangana,10th,61.9,40000.0,999,999,1,0,0,1,1,1,57.76,Eligible
ARG45,32,male,Gujarat,masters,77.1,514000.0,2,999,0,0,0,0,1,1,70.84,Ineligible
BPVGK,14,male,Sikkim,10th,58.7,213000.0,999,999,1,0,0,1,1,1,51.48,Eligible
A023B,20,male,Assam,bachelors,73.9,535000.0,140,999,1,0,0,1,1,1,52.56,Ineligible
BVOBC,17,male,Maharashtra,bachelors,70.4,51000.0,5,999,1,0,0,1,1,1,78.16,Eligible
BVOBC,17,female,Assam,bachelors,60.0,78000.0,1,999,1,0,0,1,1,1,79.0,Eligible
ARG45,28,male,Nagaland,masters,59.6,437000.0,59,999,1,0,0,1,1,1,53.84,Eligible
BVOBC,20,female,Arunachal Pradesh,bachelors,77.7,294000.0,59,999,1,1,66,1,1,1,76.08,Ineligible
AZKMI,38,female,Madhya Pradesh,phd,79.0,962000.0,999,14,1,0,0,1,1,1,71.6,Ineligible
BVOBC,21,female,Madhya Pradesh,bachelors,56.3,213000.0,140,999,1,0,0,1,1,1,55.52,Eligible
ARG45,28,male,Manipur,masters,74.1,632000.0,250,999,0,0,0,1,1,1,47.64,Ineligible
A023B,24,female,Tamil Nadu,bachelors,67.1,273000.0,3,999,1,0,0,1,1,1,76.84,Eligible
ARG45,27,female,Telangana,masters,91.1,698000.0,85,999,0,0,0,1,1,1,66.44,Ineligible
A023B,18,female,Telangana,masters,64.2,264000.0,1,999,1,0,0,1,0,1,75.68,Borderline
AZKMI,24,female,Chhattisgarh,postdoc,87.1,516000.0,999,3,0,1,66,1,1,1,84.84,Ineligible
BVOBC,19,female,Tamil Nadu,bachelors,85.5,252000.0,1,999,1,0,0,1,1,1,84.2,Ineligible
A023B,22,female,Mizoram,masters,64.1,187000.0,85,999,1,0,0,1,1,1,70.64,Eligible
BVOBC,24,female,Manipur,12th,71.7,265000.0,72,999,1,0,0,1,1,1,68.68,Ineligible
ARG45,28,female,Tripura,masters,79.7,223000.0,3,999,1,0,0,1,1,1,81.88,Eligible
AZKMI,23,female,Tamil Nadu,postdoc,53.8,292000.0,999,650,0,0,0,1,0,1,51.52,Ineligible
AZKMI,21,male,Meghalaya,phd,75.0,341000.0,999,4,1,0,0,1,1,1,75.0,Eligible
BVOBC,23,female,Kerala,bachelors,82.0,237000.0,2,999,1,0,0,1,1,1,82.8,Eligible
ARG45,25,female,Jharkhand,phd,73.7,278000.0,2,999,1,0,0,1,1,1,79.48,Eligible
ARG45,24,female,Odisha,masters,89.6,565000.0,72,999,1,0,0,0,1,1,70.84,Ineligible
BVOBC,24,female,Manipur,12th,91.9,211000.0,88,999,1,0,0,1,1,1,76.76,Eligible
A023B,21,female,Gujarat,masters,70.0,702000.0,250,999,1,0,0,1,1,0,51.0,Ineligible
ARG45,29,female,Tripura,phd,94.9,569000.0,1,999,1,0,0,1,1,1,82.96,Eligible
AZKMI,36,female,Madhya Pradesh,phd,64.8,506000.0,999,2,1,0,0,1,1,1,70.92,Ineligible
ARG45,26,female,Tamil Nadu,phd,59.2,838000.0,250,999,1,0,0,1,1,1,46.68,Eligible
BPVGK,16,female,Tripura,10th,83.3,197000.0,999,999,1,0,0,1,1,1,71.32,Eligible
BVOBC,20,female,Andhra Pradesh,12th,95.3,147000.0,2,999,1,0,0,1,1,1,93.12,Eligible
BVOBC,21,male,Nagaland,bachelors,59.2,205000.0,78,999,1,0,0,1,1,1,58.68,Eligible
ARG45,27,male,Madhya Pradesh,phd,70.7,605000.0,140,999,1,0,0,1,1,1,46.28,Eligible
BVOBC,17,male,Meghalaya,12th,67.9,101000.0,85,999,1,0,0,1,1,1,67.16,Eligible
BVOBC,22,female,Jharkhand,bachelors,69.5,40000.0,140,999,1,0,0,1,1,1,65.8,Eligible
BVOBC,22,female,Tamil Nadu,bachelors,94.4,203000.0,140,999,1,0,0,1,1,1,70.76,Eligible
AZKMI,23,female,Andhra Pradesh,postdoc,68.1,466000.0,999,650,1,0,0,1,1,1,52.24,Ineligible
ARG45,23,male,Rajasthan,masters,50.5,226000.0,59,999,1,0,0,1,1,1,55.2,Ineligible
ARG45,35,female,Tripura,phd,75.5,440000.0,88,999,1,0,0,1,0,1,65.2,Borderline
BVOBC,19,male,Manipur,12th,78.3,177000.0,65,999,1,0,0,1,1,1,71.32,Eligible
BVOBC,21,male,Tamil Nadu,12th,72.2,370000.0,1,999,1,0,0,1,1,1,73.88,Ineligible
AZKMI,34,female,Mizoram,postdoc,68.8,135000.0,999,2,1,0,0,1,1,1,82.52,Eligible
BVOBC,18,female,Meghalaya,bachelors,77.5,158000.0,5,999,1,0,0,1,1,1,86.0,Eligible
A023B,21,male,Maharashtra,bachelors,64.7,677000.0,6,999,1,0,0,1,1,1,60.88,Ineligible
AZKMI,26,female,Tripura,postdoc,87.9,923000.0,999,8,1,0,0,1,1,1,75.16,Ineligible
AZKMI,26,male,Andhra Pradesh,postdoc,68.4,844000.0,999,1,1,0,0,1,1,1,62.36,Ineligible
A023B,22,female,Odisha,masters,74.6,205000.0,85,999,1,0,0,1,1,1,69.84,Eligible
ARG45,26,other,Tamil Nadu,masters,87.2,885000.0,88,999,1,0,0,1,1,1,59.88,Eligible
BVOBC,23,male,Assam,12th,70.3,396000.0,3,999,1,0,0,1,1,0,73.12,Ineligible
A023B,19,male,Sikkim,bachelors,86.8,265000.0,6,999,1,0,0,1,1,1,79.72,Eligible
BVOBC,17,male,Assam,bachelors,79.3,153000.0,5,999,1,0,0,1,1,1,81.72,Eligible
A023B,23,female,Arunachal Pradesh,masters,64.4,397000.0,85,999,1,0,0,1,1,1,65.76,Eligible
BPVGK,15,male,Meghalaya,10th,72.4,250000.0,999,999,1,0,0,1,1,1,56.96,Eligible
ARG45,27,male,Rajasthan,masters,93.0,531000.0,2,999,1,0,0,1,1,1,77.2,Eligible
BVOBC,20,female,Meghalaya,12th,83.0,97000.0,110,999,1,0,0,1,1,1,71.2,Eligible
BVOBC,23,female,Mizoram,12th,90.3,149000.0,140,999,1,0,0,1,1,1,74.12,Eligible
A023B,22,male,Gujarat,bachelors,58.1,496000.0,5,999,1,0,0,1,1,1,63.24,Eligible
BPVGK,14,male,Telangana,10th,78.9,211000.0,999,999,1,0,0,1,1,1,59.56,Eligible
ARG45,30,female,Rajasthan,phd,86.6,590000.0,250,999,1,1,44,1,1,1,67.64,Eligible
BVOBC,19,male,Manipur,bachelors,79.6,176000.0,78,999,1,0,0,1,1,1,71.84,Eligible
ARG45,30,male,Telangana,phd,87.0,105000.0,65,999,1,0,0,1,1,0,74.8,Borderline
BPVGK,14,female,Tripura,10th,89.3,344000.0,999,999,1,0,0,1,1,1,68.72,Ineligible
AZKMI,27,male,Andhra Pradesh,postdoc,57.5,234000.0,999,32,1,0,0,1,1,1,68.0,Eligible
A023B,18,female,Karnataka,bachelors,57.9,122000.0,1,999,1,0,0,1,1,1,78.16,Eligible
BVOBC,23,male,Meghalaya,12th,94.9,320000.0,110,999,1,0,0,1,1,1,65.96,Ineligible
BPVGK,15,male,Kerala,10th,67.1,164000.0,999,999,1,0,0,1,1,1,59.84,Eligible
ARG45,23,male,Rajasthan,phd,53.6,787000.0,2,999,1,1,40,1,0,1,61.44,Ineligible
ARG45,33,male,Nagaland,phd,89.4,658000.0,5,999,1,0,0,1,1,1,70.76,Eligible
ARG45,29,male,Gujarat,masters,59.6,775000.0,72,999,1,0,0,1,0,1,48.84,Borderline
ARG45,29,female,Tripura,masters,72.1,441000.0,1,999,1,0,0,1,1,1,73.84,Eligible
ARG45,29,male,Telangana,masters,82.7,610000.0,78,999,1,0,0,1,1,1,58.08,Eligible
BPVGK,16,female,Manipur,10th,67.7,147000.0,999,999,1,0,0,1,1,1,65.08,Eligible
ARG45,34,male,Manipur,phd,84.6,843000.0,3,999,1,0,0,1,1,1,68.84,Eligible
BVOBC,24,male,Rajasthan,bachelors,72.5,347000.0,88,999,1,0,0,1,1,1,64.0,Ineligible
AZKMI,27,male,Rajasthan,masters,61.9,836000.0,999,4,1,0,0,1,1,1,59.76,Ineligible
BPVGK,16,female,Manipur,10th,55.1,257000.0,999,999,1,0,0,1,1,1,55.04,Ineligible
ARG45,23,female,Telangana,masters,71.2,748000.0,1,999,1,0,0,1,1,1,68.48,Eligible
A023B,21,male,Tripura,bachelors,78.4,733000.0,6,999,1,0,0,0,1,0,66.36,Ineligible
ARG45,36,male,Telangana,masters,54.8,708000.0,250,999,1,0,0,1,1,1,39.92,Ineligible
BPVGK,15,male,Sikkim,10th,49.6,73000.0,999,999,1,0,0,1,1,1,52.84,Ineligible
A023B,24,male,Sikkim,bachelors,94.3,173000.0,1,999,1,0,0,1,1,1,87.72,Eligible
A023B,24,female,Tripura,masters,73.0,611000.0,6,999,1,0,0,1,1,1,69.2,Ineligible
A023B,22,male,Rajasthan,bachelors,69.7,309000.0,1,999,1,0,0,1,1,1,72.88,Eligible
A023B,24,male,Kerala,masters,56.5,602000.0,110,999,1,0,0,1,1,1,40.6,Ineligible
BVOBC,17,male,Mizoram,bachelors,85.6,332000.0,95,999,1,0,0,1,1,1,69.24,Ineligible
BPVGK,14,male,Gujarat,10th,77.5,186000.0,999,999,1,0,0,1,1,1,64.0,Eligible
ARG45,27,female,Tamil Nadu,masters,60.4,713000.0,72,999,1,0,0,1,1,1,54.16,Eligible
A023B,19,male,Jharkhand,masters,85.9,605000.0,2,999,1,0,0,1,1,1,69.36,Ineligible
ARG45,26,male,Meghalaya,masters,68.3,330000.0,250,999,1,0,0,0,1,1,55.32,Ineligible
BVOBC,19,male,Gujarat,bachelors,91.0,134000.0,59,999,1,0,0,1,1,1,76.4,Eligible
A023B,22,female,Jharkhand,masters,68.0,514000.0,1,999,1,0,0,1,1,1,72.2,Eligible
BVOBC,18,male,Kerala,bachelors,79.3,242000.0,65,999,1,0,0,1,1,1,66.72,Eligible
ARG45,25,female,Andhra Pradesh,masters,88.8,217000.0,250,999,1,0,0,1,0,1,68.52,Borderline
A023B,22,other,Gujarat,bachelors,81.8,782000.0,6,999,1,0,0,1,1,1,67.72,Ineligible
BVOBC,22,female,Tamil Nadu,12th,66.0,104000.0,140,999,1,0,0,1,1,1,64.4,Eligible
BVOBC,21,female,Karnataka,bachelors,46.5,265000.0,88,999,1,0,0,1,1,1,58.6,Ineligible
A023B,25,male,Telangana,masters,73.0,465000.0,65,999,1,0,0,1,1,1,59.2,Eligible
ARG45,31,male,Gujarat,phd,74.3,595000.0,6,999,0,0,0,1,1,0,69.72,Ineligible
BVOBC,20,male,Tripura,bachelors,86.2,151000.0,140,999,1,0,0,1,1,1,67.48,Eligible
ARG45,31,female,Chhattisgarh,masters,51.5,144000.0,78,999,1,0,0,1,1,1,65.6,Ineligible
BVOBC,20,male,Telangana,bachelors,71.5,141000.0,85,999,1,0,0,1,1,1,68.6,Eligible
ARG45,36,female,Andhra Pradesh,phd,67.3,482000.0,88,999,1,0,0,1,1,1,61.92,Eligible
BVOBC,21,female,Andhra Pradesh,12th,91.5,41000.0,1,999,1,0,0,1,1,1,91.6,Eligible
A023B,18,male,Maharashtra,masters,66.2,150000.0,1,999,1,0,0,1,1,1,76.48,Eligible
ARG45,28,female,Manipur,phd,75.0,872000.0,250,999,1,0,0,1,1,1,53.0,Eligible
A023B,18,other,Odisha,masters,79.9,99000.0,72,999,1,0,0,1,1,1,71.96,Eligible
A023B,25,female,Tripura,bachelors,88.8,552000.0,85,999,1,0,0,0,1,1,70.52,Ineligible
BPVGK,15,male,Arunachal Pradesh,10th,92.0,96000.0,999,999,1,0,0,1,1,1,69.8,Eligible
AZKMI,23,female,Meghalaya,postdoc,94.6,154000.0,999,3,1,0,0,1,1,1,92.84,Eligible
BVOBC,19,male,Tamil Nadu,bachelors,56.0,234000.0,2,999,1,0,0,1,1,1,67.4,Eligible
ARG45,32,male,Karnataka,phd,77.7,355000.0,3,999,1,0,0,1,1,1,76.08,Eligible
ARG45,29,female,Telangana,masters,90.2,606000.0,5,999,1,0,0,1,1,1,76.08,Eligible
BPVGK,17,female,Tamil Nadu,10th,63.3,36000.0,999,999,1,1,60,1,1,1,68.32,Eligible
BVOBC,21,male,Odisha,12th,66.9,244000.0,1,999,1,0,0,1,1,1,71.76,Eligible
BPVGK,16,male,Chhattisgarh,10th,91.1,56000.0,999,999,1,0,0,1,0,0,69.44,Borderline
A023B,22,female,Meghalaya,masters,66.6,265000.0,95,999,1,0,0,1,1,0,66.64,Borderline
AZKMI,36,male,Jharkhand,postdoc,58.3,119000.0,999,3,1,0,0,1,1,1,73.32,Ineligible
A023B,23,male,Rajasthan,masters,68.8,186000.0,95,999,1,0,0,0,1,1,67.52,Ineligible
BPVGK,16,female,Jharkhand,10th,66.2,222000.0,999,999,1,0,0,1,1,1,59.48,Eligible
A023B,20,female,Rajasthan,masters,85.3,291000.0,6,999,1,0,0,1,1,0,84.12,Borderline
AZKMI,35,male,Odisha,masters,63.9,342000.0,999,14,1,0,0,1,1,1,70.56,Eligible
ARG45,29,female,Andhra Pradesh,phd,60.9,814000.0,65,999,0,0,0,1,1,1,54.36,Ineligible
A023B,18,female,Tamil Nadu,bachelors,85.8,677000.0,2,999,1,0,0,1,1,1,74.32,Ineligible
AZKMI,26,male,Odisha,masters,50.7,803000.0,999,37,1,0,0,1,1,1,55.28,Ineligible
A023B,25,male,Maharashtra,masters,69.8,404000.0,1,999,1,0,0,1,1,1,67.92,Eligible
BPVGK,16,female,Arunachal Pradesh,10th,94.3,190000.0,999,999,1,0,0,1,1,1,75.72,Eligible
BPVGK,15,female,Gujarat,10th,62.2,114000.0,999,999,1,1,43,1,1,1,67.88,Eligible
AZKMI,29,male,Mizoram,postdoc,78.2,558000.0,999,6,1,0,0,1,1,1,71.28,Eligible
ARG45,25,male,Tripura,phd,51.8,567000.0,88,999,1,0,0,1,1,1,50.72,Ineligible
BVOBC,22,female,Sikkim,bachelors,61.6,141000.0,1,999,1,0,0,1,0,1,79.64,Borderline
ARG45,31,male,Assam,phd,88.1,808000.0,3,999,1,0,0,1,1,1,70.24,Eligible
A023B,21,male,Nagaland,masters,57.2,270000.0,85,999,1,0,0,1,1,1,57.88,Eligible
BPVGK,16,female,Arunachal Pradesh,10th,68.5,350000.0,999,999,1,0,0,1,1,1,60.4,Ineligible
AZKMI,37,male,Karnataka,phd,53.7,669000.0,999,2,1,0,0,1,1,1,56.48,Ineligible
BPVGK,15,female,Odisha,10th,49.1,228000.0,999,999,1,0,0,1,1,1,52.64,Ineligible
BVOBC,17,male,Odisha,bachelors,54.9,63000.0,59,999,1,0,0,1,1,1,61.96,Eligible
AZKMI,30,female,Karnataka,phd,78.0,584000.0,999,21,1,0,0,1,1,1,76.2,Eligible
ARG45,25,male,Gujarat,phd,89.0,152000.0,250,999,1,1,73,1,1,1,73.6,Eligible
ARG45,33,female,Meghalaya,masters,59.1,741000.0,250,999,1,0,0,1,1,1,46.64,Eligible
A023B,25,male,Tripura,masters,88.2,320000.0,59,999,1,0,0,1,1,1,70.28,Eligible
BVOBC,17,female,Chhattisgarh,12th,71.8,67000.0,110,999,1,0,0,1,1,1,66.72,Eligible
ARG45,32,female,Rajasthan,phd,50.1,606000.0,110,999,0,0,0,1,1,1,43.04,Ineligible
ARG45,30,female,Maharashtra,phd,51.7,204000.0,6,999,1,0,0,1,1,1,70.68,Ineligible
BVOBC,18,male,Mizoram,bachelors,51.7,111000.0,110,999,1,0,0,1,1,1,53.68,Eligible
BVOBC,23,male,Karnataka,12th,77.3,310000.0,2,999,1,0,0,1,1,1,75.92,Ineligible
ARG45,36,female,Manipur,phd,86.1,813000.0,65,999,1,0,0,1,0,0,64.44,Borderline
BVOBC,19,female,Mizoram,bachelors,63.6,268000.0,1,999,1,0,0,1,1,1,75.44,Ineligible
AZKMI,32,male,Gujarat,phd,68.1,558000.0,999,37,1,0,0,1,1,1,67.24,Eligible
BVOBC,23,male,Nagaland,12th,47.2,164000.0,95,999,1,0,0,1,0,1,58.88,Ineligible
BVOBC,19,male,Jharkhand,bachelors,77.1,40000.0,72,999,1,0,0,1,1,1,70.84,Eligible
AZKMI,33,female,Manipur,phd,85.2,564000.0,999,37,1,1,66,1,1,1,84.08,Eligible
AZKMI,26,male,Assam,phd,58.2,327000.0,999,3,1,0,0,1,1,1,68.28,Eligible
BVOBC,18,male,Andhra Pradesh,12th,64.5,127000.0,3,999,1,0,0,1,1,1,75.8,Eligible
AZKMI,25,male,Odisha,postdoc,67.9,220000.0,999,4,1,0,0,1,1,0,72.16,Borderline
ARG45,36,female,Assam,phd,63.4,182000.0,6,999,1,0,0,1,1,1,80.36,Eligible
BVOBC,19,female,Jharkhand,bachelors,71.8,257000.0,1,999,1,0,0,1,1,1,78.72,Ineligible
A023B,21,male,Chhattisgarh,masters,64.9,196000.0,1,999,1,0,0,0,0,1,75.96,Borderline
AZKMI,36,male,Telangana,phd,62.9,910000.0,999,22,1,0,0,1,1,1,60.16,Ineligible
ARG45,22,female,Meghalaya,phd,51.8,105000.0,2,999,1,1,52,1,1,1,80.72,Ineligible
ARG45,35,female,Manipur,masters,69.0,472000.0,1,999,1,0,0,1,1,1,72.6,Eligible
BVOBC,20,male,Sikkim,12th,80.3,110000.0,250,999,1,0,0,1,1,1,65.12,Eligible
ARG45,35,female,Maharashtra,masters,58.9,665000.0,3,999,1,0,0,1,1,1,63.56,Eligible
ARG45,29,male,Jharkhand,masters,84.7,784000.0,72,999,0,0,0,1,1,1,58.88,Ineligible
ARG45,27,female,Madhya Pradesh,masters,58.3,889000.0,5,999,1,0,0,1,1,1,63.32,Eligible
BVOBC,22,male,Kerala,12th,59.3,367000.0,1,999,1,0,0,1,0,1,68.72,Ineligible
AZKMI,28,female,Manipur,masters,82.2,502000.0,999,32,0,0,0,1,1,1,77.88,Ineligible
BPVGK,16,female,Gujarat,10th,62.0,184000.0,999,999,1,0,0,1,1,1,62.8,Eligible
ARG45,24,male,Andhra Pradesh,masters,50.6,465000.0,59,999,1,0,0,1,1,1,50.24,Ineligible
A023B,23,female,Sikkim,bachelors,87.0,151000.0,1,999,0,0,0,1,1,1,89.8,Ineligible
BVOBC,17,male,Assam,12th,62.0,87000.0,95,999,1,0,0,1,1,1,64.8,Eligible
BPVGK,14,female,Chhattisgarh,10th,89.6,310000.0,999,999,1,0,0,1,1,1,68.84,Ineligible
BPVGK,14,female,Arunachal Pradesh,10th,84.3,329000.0,999,999,1,0,0,1,0,1,66.72,Ineligible
A023B,24,female,Odisha,masters,62.3,288000.0,2,999,0,0,0,1,1,1,74.92,Ineligible
BVOBC,21,female,Arunachal Pradesh,12th,60.2,61000.0,1,999,1,0,0,1,1,1,79.08,Eligible
BVOBC,22,female,Chhattisgarh,bachelors,72.2,274000.0,85,999,1,1,44,1,1,1,73.88,Ineligible
BVOBC,22,male,Maharashtra,12th,82.6,318000.0,5,999,1,0,0,1,1,1,78.04,Ineligible
ARG45,24,female,Tripura,phd,78.2,790000.0,65,999,1,0,0,1,1,1,61.28,Eligible
BVOBC,21,male,Odisha,bachelors,71.7,43000.0,110,999,1,0,0,1,1,1,61.68,Eligible
ARG45,32,male,Nagaland,masters,51.1,275000.0,3,999,1,0,0,1,1,1,65.44,Ineligible
ARG45,34,female,Madhya Pradesh,phd,91.3,205000.0,85,999,1,0,0,1,1,0,76.52,Borderline
AZKMI,22,male,Madhya Pradesh,phd,51.8,863000.0,999,32,0,0,0,1,1,1,55.72,Ineligible
ARG45,30,female,Telangana,phd,51.8,409000.0,59,999,1,0,0,1,1,1,55.72,Ineligible
AZKMI,21,female,Madhya Pradesh,postdoc,65.8,339000.0,999,4,0,0,0,1,1,1,76.32,Ineligible
ARG45,23,female,Chhattisgarh,masters,53.6,656000.0,1,999,1,0,0,1,1,1,61.44,Ineligible
AZKMI,34,female,Chhattisgarh,phd,50.5,329000.0,999,650,0,1,46,0,1,1,55.2,Ineligible
BVOBC,19,male,Andhra Pradesh,12th,45.4,92000.0,65,999,1,0,0,1,0,1,58.16,Ineligible
BVOBC,23,female,Jharkhand,12th,82.7,194000.0,6,999,1,0,0,1,0,1,88.08,Borderline
A023B,21,female,Jharkhand,bachelors,90.8,505000.0,6,999,1,0,0,1,1,1,81.32,Eligible
ARG45,33,male,Tamil Nadu,masters,94.7,553000.0,1,999,1,0,0,1,1,1,77.88,Eligible
AZKMI,32,male,Meghalaya,phd,78.6,368000.0,999,8,1,0,0,1,1,1,76.44,Eligible
ARG45,35,male,Arunachal Pradesh,phd,87.8,811000.0,3,999,1,0,0,1,1,1,70.12,Eligible
A023B,22,male,Sikkim,bachelors,55.8,387000.0,5,999,1,0,0,1,1,1,67.32,Eligible
A023B,18,male,Assam,bachelors,82.2,140000.0,2,999,1,0,0,1,0,1,82.88,Borderline
ARG45,28,male,Gujarat,masters,87.3,385000.0,1,999,1,0,0,1,0,1,79.92,Borderline
BVOBC,23,female,Chhattisgarh,bachelors,48.0,286000.0,59,999,1,0,0,0,1,1,59.2,Ineligible
ARG45,32,male,Karnataka,masters,78.1,684000.0,1,999,1,0,0,1,0,1,66.24,Borderline
A023B,24,male,Jharkhand,bachelors,93.2,229000.0,78,999,1,0,0,1,1,0,72.28,Borderline
A023B,18,male,Manipur,bachelors,69.6,743000.0,85,999,1,0,0,1,1,1,52.84,Ineligible
ARG45,27,male,Telangana,phd,90.1,840000.0,72,999,1,0,0,1,1,1,61.04,Eligible
BVOBC,17,female,Arunachal Pradesh,bachelors,45.7,105000.0,65,999,1,0,0,1,1,1,63.28,Ineligible
BVOBC,20,female,Nagaland,bachelors,70.2,135000.0,85,999,1,0,0,1,1,1,73.08,Eligible
A023B,25,male,Madhya Pradesh,masters,73.9,347000.0,72,999,1,0,0,1,1,1,64.56,Eligible
BVOBC,19,female,Sikkim,12th,76.7,59000.0,2,999,1,0,0,1,1,1,85.68,Eligible
BPVGK,17,female,Arunachal Pradesh,10th,67.1,145000.0,999,999,1,0,0,1,0,1,64.84,Borderline
BVOBC,20,female,Madhya Pradesh,bachelors,78.7,393000.0,140,999,1,0,0,1,1,1,64.48,Ineligible
ARG45,22,female,Odisha,masters,59.3,513000.0,85,999,1,0,0,1,1,1,58.72,Eligible
A023B,24,male,Meghalaya,bachelors,80.7,522000.0,1,999,1,0,0,1,1,1,72.28,Eligible
BPVGK,16,female,Kerala,10th,60.6,317000.0,999,999,1,1,65,1,1,1,62.24,Ineligible
BVOBC,23,male,Tripura,12th,51.4,101000.0,78,999,1,0,0,1,1,1,60.56,Eligible
ARG45,28,female,Odisha,masters,83.6,211000.0,72,999,1,0,0,1,1,1,73.44,Eligible
BPVGK,17,male,Kerala,10th,90.2,310000.0,999,999,1,0,0,1,1,1,64.08,Ineligible
BVOBC,18,female,Meghalaya,12th,54.0,235000.0,78,999,1,0,0,1,1,1,61.6,Eligible
AZKMI,35,male,Gujarat,masters,67.0,680000.0,999,3,1,0,0,1,1,1,61.8,Ineligible
BVOBC,20,male,Sikkim,12th,72.0,118000.0,5,999,1,0,0,1,1,1,78.8,Eligible
AZKMI,31,male,Andhra Pradesh,masters,88.1,366000.0,999,650,0,0,0,1,1,1,60.24,Ineligible
ARG45,33,male,Arunachal Pradesh,masters,86.9,842000.0,59,999,1,0,0,1,0,1,59.76,Borderline
AZKMI,26,male,Sikkim,postdoc,64.0,762000.0,999,14,1,0,0,1,1,1,60.6,Ineligible
AZKMI,30,male,Odisha,postdoc,63.3,403000.0,999,650,1,0,0,1,1,1,45.32,Ineligible
ARG45,22,female,Tripura,masters,95.0,307000.0,250,999,1,0,0,1,1,1,71.0,Eligible
AZKMI,28,female,Karnataka,masters,65.5,942000.0,999,3,1,0,0,1,1,1,66.2,Ineligible
ARG45,30,female,Telangana,phd,92.5,124000.0,65,999,1,0,0,1,1,1,82.0,Eligible
ARG45,31,other,Manipur,masters,77.1,602000.0,5,999,1,0,0,1,1,1,65.84,Eligible
A023B,22,male,Nagaland,bachelors,93.0,97000.0,59,999,1,0,0,1,1,1,77.2,Eligible
AZKMI,34,male,Odisha,phd,70.1,400000.0,999,3,1,0,0,1,1,1,73.04,Eligible
BPVGK,15,male,Tripura,10th,64.6,175000.0,999,999,1,0,0,1,1,1,58.84,Eligible
BPVGK,14,female,Madhya Pradesh,10th,86.5,265000.0,999,999,1,0,0,1,1,1,67.6,Ineligible
ARG45,26,female,Maharashtra,masters,68.7,518000.0,3,999,1,0,0,1,1,1,72.48,Eligible
A023B,24,female,Tripura,bachelors,58.4,562000.0,1,999,1,0,0,1,1,1,68.36,Eligible
A023B,23,female,Telangana,masters,90.6,401000.0,5,999,1,0,0,1,1,1,81.24,Eligible
ARG45,26,male,Andhra Pradesh,phd,55.2,222000.0,5,999,1,0,0,1,1,1,67.08,Eligible
ARG45,24,male,Arunachal Pradesh,masters,91.1,376000.0,95,999,1,0,0,1,1,1,71.44,Eligible
BVOBC,20,female,Nagaland,bachelors,63.4,169000.0,2,999,1,0,0,1,1,1,80.36,Eligible
ARG45,22,female,Kerala,phd,61.6,278000.0,110,999,1,0,0,1,1,1,57.64,Eligible
BPVGK,17,male,Jharkhand,10th,64.3,251000.0,999,999,1,0,0,1,1,1,53.72,Ineligible
BPVGK,15,male,Manipur,10th,88.3,196000.0,999,999,1,0,0,1,1,1,68.32,Eligible
A023B,20,female,Meghalaya,masters,93.6,253000.0,6,999,1,0,0,1,1,1,87.44,Eligible
BPVGK,16,male,Karnataka,10th,79.9,195000.0,999,999,1,0,0,1,1,1,64.96,Eligible
BVOBC,23,male,Tamil Nadu,12th,90.3,343000.0,1,999,1,1,68,1,1,1,86.12,Ineligible
ARG45,29,female,Karnataka,masters,65.4,402000.0,110,999,1,0,0,1,1,1,54.16,Eligible
BVOBC,20,female,Telangana,12th,59.9,292000.0,1,999,1,0,0,1,1,1,73.96,Ineligible
AZKMI,30,female,Chhattisgarh,postdoc,80.3,457000.0,999,650,1,0,0,1,1,1,57.12,Ineligible
BPVGK,15,female,Madhya Pradesh,10th,60.6,212000.0,999,999,1,0,0,1,1,1,57.24,Eligible
A023B,18,male,Karnataka,masters,59.4,686000.0,6,999,1,0,0,1,1,1,58.76,Ineligible
A023B,23,female,Maharashtra,bachelors,80.7,120000.0,110,999,1,0,0,1,1,1,70.28,Ineligible
AZKMI,24,female,Nagaland,masters,65.6,383000.0,999,4,0,0,0,1,1,1,76.24,Ineligible
A023B,18,male,Jharkhand,masters,74.6,550000.0,110,999,1,0,0,1,1,1,52.84,Ineligible
BPVGK,15,female,Gujarat,10th,65.0,125000.0,999,999,1,0,0,1,0,1,64.0,Borderline
BPVGK,14,female,Maharashtra,10th,46.7,81000.0,999,999,1,0,0,0,1,1,56.68,Ineligible
BVOBC,22,male,Nagaland,bachelors,69.0,124000.0,140,999,1,0,0,1,1,1,60.6,Eligible
ARG45,34,male,Maharashtra,masters,64.8,372000.0,1,999,1,1,57,1,1,1,75.92,Eligible
BVOBC,20,male,Arunachal Pradesh,bachelors,77.3,340000.0,72,999,1,0,0,1,1,1,65.92,Ineligible
ARG45,34,male,Rajasthan,phd,88.7,700000.0,6,999,1,0,0,1,1,1,70.48,Eligible
ARG45,31,other,Nagaland,masters,84.0,135000.0,1,999,1,0,0,1,1,1,83.6,Eligible
BVOBC,19,female,Tamil Nadu,12th,74.4,306000.0,250,999,1,0,0,1,1,1,62.76,Ineligible
BPVGK,15,female,Assam,10th,74.4,293000.0,999,999,1,0,0,1,1,1,62.76,Ineligible
AZKMI,30,female,Mizoram,phd,94.3,171000.0,999,22,0,0,0,1,0,1,92.72,Ineligible
BPVGK,16,female,Jharkhand,10th,88.5,197000.0,999,999,1,1,60,1,1,1,78.4,Eligible
BVOBC,23,male,Rajasthan,12th,91.7,218000.0,1,999,1,0,0,1,1,1,81.68,Eligible
BPVGK,15,female,Kerala,10th,73.9,273000.0,999,999,1,0,0,1,1,1,62.56,Ineligible
AZKMI,22,other,Tamil Nadu,postdoc,88.9,311000.0,999,6,1,0,0,1,0,1,80.56,Borderline
ARG45,26,male,Mizoram,masters,85.4,81000.0,85,999,1,0,0,0,1,1,74.16,Ineligible
ARG45,28,female,Rajasthan,masters,78.1,305000.0,72,999,1,0,0,1,1,1,71.24,Eligible
BVOBC,23,female,Odisha,12th,93.2,174000.0,88,999,1,1,77,1,1,0,87.28,Borderline
ARG45,33,female,Mizoram,masters,91.7,629000.0,85,999,1,0,0,1,1,1,66.68,Eligible
A023B,19,male,Manipur,masters,79.5,231000.0,85,999,1,0,0,1,1,1,66.8,Eligible
BVOBC,20,male,Nagaland,bachelors,55.2,75000.0,85,999,1,0,0,1,1,1,62.08,Eligible
BVOBC,17,male,Tripura,bachelors,52.9,394000.0,88,999,1,0,0,1,1,1,56.16,Ineligible
BPVGK,15,female,Rajasthan,10th,74.5,40000.0,999,999,1,0,0,1,1,1,67.8,Eligible
BPVGK,16,female,Karnataka,10th,69.2,283000.0,999,999,1,0,0,1,1,1,60.68,Ineligible
ARG45,34,female,Sikkim,masters,56.9,369000.0,59,999,1,0,0,1,1,1,62.76,Eligible
ARG45,23,female,Sikkim,masters,61.5,79000.0,95,999,1,0,0,1,1,1,69.6,Eligible
BVOBC,23,male,Gujarat,12th,70.2,52000.0,65,999,1,0,0,0,1,1,68.08,Ineligible
BVOBC,21,female,Assam,12th,45.4,301000.0,72,999,1,0,0,1,1,1,58.16,Ineligible
ARG45,27,male,Assam,phd,53.5,286000.0,6,999,1,0,0,1,1,1,66.4,Ineligible
A023B,18,female,Madhya Pradesh,bachelors,83.4,167000.0,6,999,1,0,0,1,1,1,88.36,Eligible
BPVGK,14,male,Gujarat,10th,74.9,270000.0,999,999,1,0,0,1,1,1,57.96,Ineligible
BVOBC,23,female,Tripura,bachelors,71.3,370000.0,65,999,1,0,0,1,1,1,68.52,Ineligible
ARG45,31,male,Chhattisgarh,phd,65.2,370000.0,110,999,1,0,0,1,1,1,54.08,Eligible
BVOBC,21,other,Rajasthan,12th,60.0,151000.0,110,999,1,0,0,1,1,1,57.0,Eligible
BVOBC,22,female,Tamil Nadu,12th,71.1,398000.0,85,999,1,0,0,1,1,1,68.44,Ineligible
BVOBC,18,male,Meghalaya,bachelors,72.7,183000.0,88,999,1,0,0,0,1,1,69.08,Ineligible
BVOBC,18,male,Sikkim,12th,87.5,174000.0,3,999,1,0,0,1,1,1,85.0,Eligible
BPVGK,16,male,Madhya Pradesh,10th,49.6,130000.0,999,999,1,0,0,1,0,1,52.84,Ineligible
BVOBC,18,female,Manipur,bachelors,55.1,239000.0,6,999,1,0,0,1,1,1,72.04,Eligible
BVOBC,17,male,Odisha,12th,76.5,272000.0,78,999,1,0,0,0,1,1,65.6,Ineligible
BVOBC,21,female,Meghalaya,bachelors,87.9,226000.0,2,999,1,0,0,0,1,1,85.16,Ineligible
BPVGK,15,male,Assam,10th,48.0,49000.0,999,999,1,0,0,1,1,1,52.2,Ineligible
ARG45,26,female,Madhya Pradesh,phd,58.3,297000.0,78,999,1,0,0,1,1,1,63.32,Eligible
BVOBC,19,female,Tamil Nadu,bachelors,94.3,48000.0,6,999,1,0,0,1,1,1,92.72,Eligible
AZKMI,37,male,Andhra Pradesh,phd,81.3,416000.0,999,32,1,0,0,1,1,1,72.52,Ineligible
ARG45,31,female,Arunachal Pradesh,phd,70.3,648000.0,110,999,1,0,0,1,1,1,51.12,Eligible
A023B,25,male,Tamil Nadu,masters,57.1,763000.0,3,999,1,0,0,1,1,1,57.84,Ineligible
BVOBC,19,male,Jharkhand,12th,93.8,173000.0,2,999,1,0,0,1,1,1,87.52,Eligible
BVOBC,18,female,Nagaland,bachelors,90.6,382000.0,59,999,1,0,0,0,1,1,76.24,Ineligible
BVOBC,23,female,Nagaland,bachelors,47.0,81000.0,250,999,1,0,0,1,1,1,56.8,Ineligible
BVOBC,24,female,Andhra Pradesh,12th,57.2,62000.0,1,999,1,0,0,1,1,1,77.88,Eligible
BPVGK,15,female,Maharashtra,10th,55.5,308000.0,999,999,1,0,0,1,1,1,55.2,Ineligible
A023B,21,other,Tripura,masters,58.0,282000.0,2,999,1,0,0,1,1,1,68.2,Eligible
BVOBC,24,male,Madhya Pradesh,bachelors,77.2,140000.0,65,999,1,0,0,1,1,1,70.88,Eligible
A023B,21,female,Meghalaya,masters,81.1,228000.0,85,999,1,0,0,1,1,0,72.44,Borderline
A023B,19,female,Telangana,bachelors,86.8,596000.0,6,999,1,0,0,1,1,1,79.72,Eligible
A023B,21,female,Assam,bachelors,82.6,541000.0,5,999,1,0,0,1,1,1,78.04,Eligible
BVOBC,22,male,Meghalaya,bachelors,78.8,255000.0,85,999,1,0,0,1,1,1,66.52,Ineligible
A023B,23,female,Odisha,masters,96.7,99000.0,2,999,1,0,0,1,1,1,93.68,Eligible
ARG45,24,female,Maharashtra,phd,67.2,640000.0,5,999,1,0,0,1,1,1,66.88,Eligible
ARG45,26,male,Chhattisgarh,phd,69.4,191000.0,110,999,1,0,0,1,1,1,60.76,Eligible
A023B,18,female,Assam,bachelors,60.5,278000.0,6,999,1,0,0,1,1,1,74.2,Eligible
ARG45,30,female,Chhattisgarh,phd,68.9,583000.0,78,999,0,0,0,1,1,1,62.56,Ineligible
ARG45,27,female,Chhattisgarh,phd,82.4,892000.0,1,999,1,0,0,1,1,1,72.96,Eligible
AZKMI,24,female,Kerala,postdoc,82.4,983000.0,999,22,1,0,0,1,1,1,72.96,Ineligible
A023B,18,female,Chhattisgarh,bachelors,89.2,568000.0,1,999,1,0,0,1,1,1,80.68,Eligible
A023B,23,female,Maharashtra,bachelors,85.0,678000.0,1,999,1,0,0,1,1,1,74.0,Ineligible
AZKMI,29,female,Gujarat,postdoc,85.8,343000.0,999,4,1,0,0,1,1,1,84.32,Eligible
BVOBC,19,female,Sikkim,12th,73.6,131000.0,88,999,1,0,0,1,1,1,74.44,Eligible
A023B,18,female,Karnataka,bachelors,75.9,362000.0,250,999,1,0,0,1,0,1,63.36,Ineligible
BVOBC,20,male,Chhattisgarh,12th,78.3,102000.0,6,999,1,0,0,0,1,1,81.32,Ineligible
BPVGK,14,female,Sikkim,10th,58.5,285000.0,999,999,1,0,0,1,1,1,56.4,Ineligible
ARG45,26,female,Tamil Nadu,phd,51.6,769000.0,1,999,1,0,0,1,1,1,60.64,Ineligible
AZKMI,36,female,Gujarat,masters,56.0,899000.0,999,6,1,0,0,1,1,1,62.4,Ineligible
ARG45,24,female,Tripura,phd,79.8,605000.0,95,999,1,0,0,1,1,1,61.92,Eligible
AZKMI,34,male,Odisha,phd,91.6,130000.0,999,3,1,0,0,1,1,1,86.64,Eligible
A023B,22,female,Meghalaya,masters,97.2,662000.0,5,999,1,0,0,1,1,1,78.88,Ineligible
A023B,21,male,Manipur,bachelors,92.0,565000.0,65,999,1,0,0,1,1,1,66.8,Eligible
ARG45,24,male,Maharashtra,masters,68.2,305000.0,6,999,1,0,0,1,1,1,72.28,Eligible
AZKMI,31,male,Madhya Pradesh,phd,93.5,451000.0,999,21,1,0,0,1,1,1,77.4,Eligible
BPVGK,15,female,Telangana,10th,66.8,34000.0,999,999,1,0,0,1,1,0,64.72,Borderline
AZKMI,27,male,Rajasthan,phd,88.3,201000.0,999,32,1,0,0,1,1,1,80.32,Eligible
ARG45,28,male,Andhra Pradesh,phd,60.7,81000.0,1,999,1,0,0,1,1,1,74.28,Eligible
BVOBC,17,male,Jharkhand,12th,73.6,125000.0,2,999,1,0,0,1,1,1,79.44,Eligible
ARG45,24,male,Nagaland,phd,87.3,251000.0,1,999,1,0,0,1,0,1,79.92,Borderline
BVOBC,24,male,Manipur,bachelors,82.8,85000.0,2,999,1,0,0,1,1,1,83.12,Eligible
BVOBC,21,male,Telangana,12th,79.6,103000.0,250,999,1,0,0,1,0,1,64.84,Borderline
BVOBC,17,female,Arunachal Pradesh,12th,75.6,242000.0,65,999,1,0,0,1,1,1,70.24,Eligible
BVOBC,22,female,Meghalaya,12th,54.5,169000.0,5,999,1,0,0,1,1,1,76.8,Eligible
BVOBC,19,male,Andhra Pradesh,12th,85.8,399000.0,2,999,1,0,0,1,1,1,79.32,Ineligible
BVOBC,24,male,Maharashtra,bachelors,63.4,71000.0,110,999,1,0,0,1,1,1,58.36,Eligible
ARG45,26,female,Tripura,phd,89.5,249000.0,59,999,1,0,0,1,0,0,75.8,Borderline
BVOBC,23,female,Assam,bachelors,82.9,366000.0,140,999,1,0,0,1,1,1,66.16,Ineligible
ARG45,25,male,Jharkhand,masters,76.2,133000.0,5,999,0,0,0,1,1,1,80.48,Ineligible
A023B,23,female,Kerala,bachelors,96.7,410000.0,1,999,1,0,0,1,1,1,83.68,Eligible
A023B,24,male,Tamil Nadu,masters,72.5,613000.0,1,999,1,0,0,1,1,1,64.0,Ineligible
AZKMI,21,female,Nagaland,postdoc,62.1,899000.0,999,6,0,0,0,1,1,1,64.84,Ineligible
ARG45,33,male,Andhra Pradesh,phd,56.7,182000.0,1,999,1,0,0,1,1,1,72.68,Eligible
BVOBC,18,male,Rajasthan,12th,91.8,133000.0,1,999,1,0,0,1,1,1,86.72,Eligible
ARG45,30,male,Karnataka,phd,50.7,678000.0,2,999,1,0,0,1,1,1,55.28,Ineligible
BPVGK,17,female,Rajasthan,10th,81.6,345000.0,999,999,1,0,0,1,0,1,65.64,Ineligible
A023B,24,female,Madhya Pradesh,bachelors,95.0,221000.0,2,999,1,0,0,1,1,1,88.0,Eligible
ARG45,24,male,Telangana,phd,63.6,467000.0,59,999,1,0,0,0,1,1,55.44,Ineligible
AZKMI,29,male,Kerala,phd,84.8,719000.0,999,4,0,0,0,1,1,1,68.92,Ineligible
A023B,19,male,Chhattisgarh,masters,87.0,346000.0,2,999,1,0,0,1,1,1,79.8,Eligible
ARG45,23,female,Telangana,masters,68.6,642000.0,110,999,1,0,0,1,1,1,50.44,Eligible
ARG45,32,female,Jharkhand,masters,67.2,126000.0,140,999,1,0,0,1,1,1,64.88,Eligible
BPVGK,17,male,Madhya Pradesh,10th,84.5,291000.0,999,999,1,0,0,1,1,1,61.8,Ineligible
AZKMI,34,male,Assam,phd,94.4,869000.0,999,6,1,0,0,1,1,1,72.76,Ineligible
BPVGK,17,male,Sikkim,10th,60.7,251000.0,999,999,1,0,0,1,1,1,52.28,Ineligible
AZKMI,25,male,Chhattisgarh,postdoc,66.4,322000.0,999,2,1,0,0,1,1,1,71.56,Eligible
ARG45,33,female,Gujarat,phd,52.2,567000.0,78,999,1,0,0,1,1,1,55.88,Ineligible
A023B,19,male,Odisha,masters,60.6,752000.0,1,999,1,0,0,1,1,1,59.24,Ineligible
AZKMI,26,female,Telangana,masters,55.2,289000.0,999,37,1,0,0,1,1,1,72.08,Eligible
AZKMI,32,male,Karnataka,postdoc,76.1,884000.0,999,21,0,0,0,1,1,1,65.44,Ineligible
AZKMI,31,male,Kerala,postdoc,79.1,989000.0,999,1,1,0,0,1,1,1,66.64,Ineligible
ARG45,28,female,Chhattisgarh,phd,88.8,871000.0,88,999,1,0,0,1,0,1,65.52,Borderline
BPVGK,16,male,Arunachal Pradesh,10th,70.1,240000.0,999,999,1,0,0,1,1,1,56.04,Eligible
BVOBC,22,male,Sikkim,bachelors,80.4,140000.0,78,999,1,0,0,1,1,1,72.16,Eligible
AZKMI,24,female,Nagaland,phd,57.1,164000.0,999,6,1,0,0,1,1,1,77.84,Eligible
AZKMI,22,female,Mizoram,phd,51.0,800000.0,999,4,1,0,0,1,1,0,60.4,Ineligible
BVOBC,23,female,Meghalaya,bachelors,92.6,328000.0,2,999,1,0,0,1,1,0,87.04,Ineligible
BPVGK,14,male,Tamil Nadu,10th,78.4,30000.0,999,999,1,0,0,1,1,1,64.36,Eligible
BVOBC,17,male,Tamil Nadu,bachelors,53.6,328000.0,2,999,1,0,0,1,1,1,66.44,Ineligible
BVOBC,19,female,Madhya Pradesh,12th,52.1,252000.0,88,999,1,0,0,1,1,1,60.84,Ineligible
ARG45,26,male,Mizoram,phd,61.6,627000.0,78,999,1,1,45,1,1,0,54.64,Borderline
AZKMI,21,female,Telangana,phd,77.6,924000.0,999,8,1,0,0,1,0,1,71.04,Ineligible
ARG45,25,female,Rajasthan,phd,89.8,788000.0,88,999,1,0,0,1,1,1,65.92,Eligible
ARG45,25,female,Assam,masters,55.3,728000.0,110,999,1,0,0,1,1,1,45.12,Eligible
BVOBC,20,female,Mizoram,bachelors,92.3,83000.0,140,999,1,0,0,1,1,1,74.92,Eligible
ARG45,33,female,Gujarat,masters,93.1,651000.0,78,999,1,0,0,1,1,0,67.24,Borderline
BVOBC,17,male,Madhya Pradesh,bachelors,78.9,245000.0,2,999,1,0,0,1,0,1,76.56,Borderline
BVOBC,17,male,Madhya Pradesh,12th,52.9,353000.0,2,999,1,0,0,1,0,1,66.16,Ineligible
BPVGK,16,male,Assam,10th,67.5,312000.0,999,999,1,0,0,1,1,1,55.0,Ineligible
BVOBC,20,male,Tamil Nadu,bachelors,59.9,321000.0,1,999,1,0,0,1,1,0,68.96,Ineligible
BVOBC,20,female,Jharkhand,bachelors,94.4,92000.0,2,999,1,0,0,1,1,1,92.76,Eligible
AZKMI,21,female,Odisha,postdoc,58.6,707000.0,999,21,1,0,0,1,1,1,63.44,Ineligible
BPVGK,15,male,Madhya Pradesh,10th,56.0,324000.0,999,999,1,1,70,1,1,0,55.4,Ineligible
BVOBC,17,male,Nagaland,12th,80.3,248000.0,110,999,1,0,0,1,1,1,60.12,Eligible
BPVGK,15,female,Mizoram,10th,46.4,31000.0,999,999,1,0,0,1,0,1,56.56,Ineligible
BPVGK,16,male,Mizoram,10th,83.7,206000.0,999,999,1,0,0,1,1,1,61.48,Eligible
AZKMI,35,female,Karnataka,masters,93.8,711000.0,999,4,1,0,0,1,1,1,77.52,Ineligible
ARG45,30,male,Tamil Nadu,masters,75.8,82000.0,1,999,1,0,0,1,1,1,80.32,Eligible
BVOBC,19,female,Madhya Pradesh,bachelors,53.8,163000.0,78,999,1,0,0,1,1,0,66.52,Borderline
ARG45,29,female,Odisha,phd,84.7,843000.0,1,999,1,0,0,1,1,1,73.88,Eligible
A023B,20,female,Karnataka,bachelors,94.0,432000.0,65,999,1,0,0,1,1,1,72.6,Eligible
AZKMI,33,female,Tamil Nadu,phd,67.9,158000.0,999,4,1,0,0,1,1,1,82.16,Eligible
BVOBC,21,female,Nagaland,bachelors,63.6,115000.0,78,999,1,0,0,1,1,1,70.44,Eligible
A023B,24,male,Maharashtra,masters,88.1,335000.0,6,999,0,0,0,1,1,1,80.24,Ineligible
AZKMI,38,male,Jharkhand,phd,88.8,947000.0,999,3,1,0,0,1,1,1,70.52,Ineligible
BPVGK,14,female,Mizoram,10th,60.7,74000.0,999,999,1,0,0,0,1,1,62.28,Ineligible
ARG45,31,male,Arunachal Pradesh,phd,77.8,99000.0,65,999,1,0,0,1,1,1,71.12,Eligible
BVOBC,19,male,Gujarat,bachelors,46.6,146000.0,59,999,1,0,0,1,1,1,58.64,Ineligible
BVOBC,19,male,Jharkhand,12th,62.1,80000.0,2,999,1,0,0,1,1,1,74.84,Eligible
BVOBC,19,female,Tripura,bachelors,64.3,157000.0,2,999,1,0,0,1,1,1,80.72,Eligible
A023B,19,female,Madhya Pradesh,bachelors,83.9,762000.0,5,999,1,0,0,1,1,1,73.56,Ineligible
BVOBC,21,male,Manipur,12th,67.1,165000.0,95,999,1,0,0,1,1,1,66.84,Eligible
AZKMI,31,female,Andhra Pradesh,masters,55.8,106000.0,999,650,1,0,0,1,1,1,57.32,Ineligible
A023B,24,male,Chhattisgarh,bachelors,64.0,692000.0,65,999,1,0,0,1,1,1,50.6,Ineligible
BPVGK,14,female,Tripura,10th,75.9,175000.0,999,999,1,0,0,1,1,1,68.36,Eligible
BVOBC,20,male,Mizoram,bachelors,91.5,397000.0,95,999,1,0,0,1,1,1,71.6,Ineligible
BVOBC,18,female,Telangana,12th,72.8,373000.0,59,999,1,0,0,1,1,1,69.12,Ineligible
A023B,22,female,Manipur,bachelors,69.4,719000.0,2,999,1,1,63,1,1,0,72.76,Ineligible
BPVGK,14,male,Kerala,10th,94.3,248000.0,999,999,1,0,0,1,1,1,65.72,Eligible
ARG45,30,male,Chhattisgarh,phd,85.5,528000.0,110,999,1,0,0,1,1,1,57.2,Eligible
BVOBC,17,male,Maharashtra,bachelors,74.7,345000.0,6,999,1,0,0,1,1,1,74.88,Ineligible
AZKMI,34,male,Meghalaya,masters,88.3,681000.0,999,21,1,0,0,1,1,1,70.32,Ineligible
ARG45,26,female,Tamil Nadu,phd,94.7,655000.0,110,999,1,0,0,1,1,1,60.88,Eligible
AZKMI,34,female,Rajasthan,masters,59.2,423000.0,999,22,1,0,0,1,1,1,68.68,Eligible
BVOBC,17,male,Telangana,12th,73.6,72000.0,3,999,1,0,0,1,1,1,79.44,Eligible
BVOBC,18,male,Maharashtra,bachelors,57.0,139000.0,78,999,1,0,0,1,1,1,62.8,Eligible
ARG45,28,male,Andhra Pradesh,masters,61.1,488000.0,65,999,1,0,0,1,1,1,54.44,Eligible
ARG45,24,female,Telangana,masters,63.7,496000.0,2,999,1,0,0,1,1,1,70.48,Eligible
BVOBC,24,female,Meghalaya,12th,86.0,52000.0,72,999,1,0,0,0,1,1,79.4,Ineligible
BVOBC,19,female,Maharashtra,12th,59.0,75000.0,65,999,1,0,0,1,1,1,68.6,Eligible
BVOBC,24,other,Chhattisgarh,bachelors,55.7,53000.0,65,999,1,0,0,1,1,1,62.28,Eligible
ARG45,25,male,Madhya Pradesh,masters,91.5,497000.0,2,999,1,0,0,1,1,1,76.6,Eligible
BPVGK,17,male,Tamil Nadu,10th,75.8,207000.0,999,999,1,0,0,0,1,1,58.32,Ineligible
AZKMI,22,female,Odisha,postdoc,56.2,195000.0,999,4,1,0,0,1,1,1,77.48,Eligible
BVOBC,19,male,Rajasthan,12th,83.6,128000.0,88,999,1,0,0,1,1,1,73.44,Eligible
AZKMI,31,male,Tripura,masters,76.5,838000.0,999,2,1,0,0,1,0,1,65.6,Ineligible
AZKMI,35,female,Kerala,masters,65.8,520000.0,999,4,1,0,0,1,1,1,71.32,Eligible
BPVGK,17,male,Sikkim,10th,56.5,112000.0,999,999,1,0,0,1,1,1,55.6,Eligible
ARG45,33,female,Meghalaya,phd,71.8,494000.0,72,999,1,0,0,1,1,1,63.72,Eligible
BVOBC,22,male,Tripura,12th,90.1,260000.0,85,999,1,0,0,1,0,1,71.04,Ineligible
A023B,19,female,Gujarat,bachelors,88.4,586000.0,2,999,1,0,0,1,1,1,80.36,Eligible
A023B,23,other,Sikkim,masters,90.9,198000.0,1,999,0,0,0,0,1,1,86.36,Ineligible
A023B,25,female,Chhattisgarh,bachelors,62.8,782000.0,95,999,1,0,0,1,1,1,55.12,Ineligible
ARG45,25,female,Odisha,masters,60.6,830000.0,140,999,0,0,0,1,0,1,47.24,Ineligible
BPVGK,17,male,Telangana,10th,63.3,248000.0,999,999,1,0,0,1,1,1,53.32,Eligible
A023B,22,female,Madhya Pradesh,masters,92.8,604000.0,1,999,1,0,0,1,1,1,77.12,Ineligible
BVOBC,21,female,Chhattisgarh,12th,73.6,219000.0,2,999,1,0,0,1,1,1,79.44,Eligible
AZKMI,31,female,Kerala,phd,58.5,378000.0,999,1,1,0,0,1,1,1,73.4,Eligible
ARG45,35,female,Odisha,masters,58.3,185000.0,1,999,1,0,0,0,1,1,78.32,Ineligible
ARG45,28,male,Sikkim,masters,60.0,306000.0,2,999,1,0,0,1,1,1,69.0,Eligible
BPVGK,14,female,Andhra Pradesh,10th,91.1,68000.0,999,999,1,0,0,1,1,1,74.44,Eligible
A023B,19,male,Kerala,bachelors,61.3,693000.0,5,999,1,0,0,1,1,1,59.52,Ineligible
AZKMI,22,male,Mizoram,phd,67.3,625000.0,999,2,1,0,0,1,1,1,61.92,Ineligible
A023B,24,male,Mizoram,masters,91.7,121000.0,5,999,1,0,0,1,1,1,86.68,Eligible
ARG45,35,female,Odisha,masters,60.0,387000.0,88,999,1,0,0,1,1,1,64.0,Eligible
ARG45,35,male,Karnataka,phd,60.8,714000.0,140,999,0,0,0,1,1,1,42.32,Ineligible
BPVGK,16,male,Madhya Pradesh,10th,85.1,147000.0,999,999,1,0,0,1,1,1,67.04,Eligible
BPVGK,15,female,Kerala,10th,54.6,92000.0,999,999,1,0,0,1,0,1,59.84,Borderline
ARG45,33,female,Telangana,masters,93.0,665000.0,65,999,1,0,0,1,1,1,67.2,Eligible
AZKMI,26,female,Nagaland,postdoc,65.8,877000.0,999,4,1,0,0,1,1,1,66.32,Ineligible
BPVGK,15,male,Meghalaya,10th,85.6,168000.0,999,999,1,0,0,1,1,1,67.24,Eligible
BPVGK,16,female,Tripura,10th,95.0,326000.0,999,999,1,0,0,1,1,1,71.0,Ineligible
A023B,25,other,Meghalaya,masters,87.1,170000.0,2,999,1,0,0,1,1,1,84.84,Eligible
AZKMI,25,female,Manipur,phd,82.6,254000.0,999,3,1,0,0,1,0,1,83.04,Borderline
BVOBC,24,male,Tripura,12th,76.5,379000.0,110,999,1,0,0,1,1,1,58.6,Ineligible
BVOBC,20,male,Andhra Pradesh,12th,50.5,57000.0,95,999,1,0,0,1,1,1,60.2,Eligible
A023B,23,female,Madhya Pradesh,masters,89.9,264000.0,85,999,1,0,0,1,1,1,75.96,Eligible
BPVGK,14,female,Telangana,10th,71.6,194000.0,999,999,1,0,0,1,1,1,66.64,Eligible
AZKMI,31,male,Gujarat,phd,78.5,503000.0,999,37,1,0,0,1,1,1,71.4,Eligible
AZKMI,22,female,Maharashtra,postdoc,84.6,373000.0,999,14,1,0,0,1,1,1,83.84,Eligible
A023B,25,male,Manipur,masters,94.0,426000.0,1,999,1,0,0,1,1,1,77.6,Eligible
A023B,22,female,Sikkim,masters,59.7,689000.0,110,999,1,0,0,1,1,1,46.88,Ineligible
ARG45,24,male,Kerala,phd,65.1,242000.0,2,999,1,0,0,1,1,1,71.04,Eligible
BPVGK,15,female,Tamil Nadu,10th,60.9,287000.0,999,999,1,0,0,1,1,1,57.36,Ineligible
AZKMI,28,male,Odisha,phd,53.4,716000.0,999,3,1,0,0,1,1,0,56.36,Ineligible
BVOBC,21,male,Kerala,12th,78.5,116000.0,140,999,1,0,0,1,0,1,64.4,Borderline
BVOBC,21,female,Telangana,12th,48.6,73000.0,3,999,1,0,0,1,1,1,74.44,Ineligible
BPVGK,16,male,Tamil Nadu,10th,65.6,177000.0,999,999,1,0,0,1,1,1,59.24,Eligible
ARG45,34,female,Chhattisgarh,masters,70.1,572000.0,140,999,1,0,0,1,1,1,56.04,Eligible
AZKMI,22,male,Sikkim,masters,76.7,516000.0,999,2,1,0,0,1,1,1,70.68,Eligible
AZKMI,21,male,Karnataka,postdoc,91.0,808000.0,999,21,1,1,46,1,1,1,76.4,Ineligible
ARG45,28,female,Chhattisgarh,masters,89.3,853000.0,65,999,1,0,0,1,1,1,65.72,Eligible
BVOBC,23,male,Karnataka,12th,85.3,301000.0,2,999,1,0,0,1,1,1,79.12,Ineligible
BVOBC,21,male,Madhya Pradesh,bachelors,49.0,325000.0,59,999,1,1,47,1,1,1,59.6,Ineligible
ARG45,24,female,Tripura,phd,72.8,384000.0,59,999,1,0,0,1,1,1,69.12,Eligible
BPVGK,16,female,Manipur,10th,84.3,220000.0,999,999,1,0,0,1,1,1,66.72,Eligible
AZKMI,25,male,Madhya Pradesh,phd,87.5,337000.0,999,22,1,0,0,1,1,1,80.0,Eligible
AZKMI,29,other,Maharashtra,postdoc,84.5,477000.0,999,1,0,0,0,1,1,1,73.8,Ineligible
AZKMI,27,female,Chhattisgarh,masters,50.1,115000.0,999,2,1,0,0,1,1,1,75.04,Ineligible
BVOBC,24,female,Arunachal Pradesh,bachelors,60.7,358000.0,1,999,1,0,0,1,1,1,74.28,Ineligible
BPVGK,16,male,Odisha,10th,75.6,104000.0,999,999,1,0,0,1,1,1,63.24,Eligible
BPVGK,17,male,Arunachal Pradesh,10th,46.6,80000.0,999,999,1,0,0,1,1,1,51.64,Ineligible
BVOBC,17,male,Tamil Nadu,bachelors,85.4,217000.0,59,999,1,0,0,1,0,1,69.16,Borderline
AZKMI,29,male,Manipur,postdoc,63.7,466000.0,999,21,1,0,0,1,1,1,65.48,Eligible
ARG45,33,female,Maharashtra,masters,78.6,207000.0,78,999,1,0,0,1,1,1,71.44,Eligible
A023B,22,female,Manipur,bachelors,76.5,300000.0,6,999,0,0,0,1,1,1,80.6,Ineligible
ARG45,24,male,Jharkhand,masters,88.2,256000.0,59,999,1,0,0,1,0,1,70.28,Borderline
BPVGK,15,female,Karnataka,10th,51.8,110000.0,999,999,1,0,0,1,1,1,58.72,Eligible
AZKMI,37,female,Maharashtra,postdoc,93.3,789000.0,999,8,1,0,0,1,1,1,77.32,Ineligible
BVOBC,17,male,Gujarat,12th,55.3,331000.0,78,999,1,0,0,1,1,1,57.12,Ineligible
BPVGK,14,male,Andhra Pradesh,10th,90.7,311000.0,999,999,1,0,0,1,1,1,64.28,Ineligible
A023B,23,male,Assam,bachelors,81.2,196000.0,1,999,1,0,0,1,1,1,82.48,Eligible
A023B,25,female,Rajasthan,masters,56.0,719000.0,95,999,1,0,0,1,1,1,52.4,Ineligible
BVOBC,21,male,Odisha,bachelors,56.3,53000.0,78,999,1,1,77,1,1,1,67.52,Eligible
AZKMI,34,female,Nagaland,postdoc,58.5,108000.0,999,32,1,0,0,1,0,1,78.4,Borderline
BVOBC,18,female,Gujarat,12th,60.8,68000.0,65,999,1,0,0,1,1,1,69.32,Eligible
BPVGK,16,male,Andhra Pradesh,10th,50.4,302000.0,999,999,1,0,0,0,1,1,48.16,Ineligible
ARG45,34,female,Tripura,phd,82.9,806000.0,72,999,0,0,0,1,1,1,63.16,Ineligible
A023B,20,male,Arunachal Pradesh,masters,94.1,708000.0,6,999,1,0,0,1,1,1,72.64,Ineligible
A023B,25,female,Telangana,bachelors,83.0,320000.0,5,999,1,0,0,1,1,1,83.2,Eligible
AZKMI,29,male,Jharkhand,masters,55.5,108000.0,999,6,1,0,0,1,1,1,72.2,Eligible
A023B,18,male,Meghalaya,masters,73.9,526000.0,3,999,0,0,0,1,1,1,69.56,Ineligible
ARG45,33,female,Gujarat,masters,51.5,624000.0,6,999,1,0,0,1,0,1,60.6,Ineligible
BPVGK,15,female,Mizoram,10th,67.7,293000.0,999,999,1,0,0,1,1,1,60.08,Ineligible
AZKMI,36,female,Telangana,masters,55.5,1000000.0,999,650,1,0,0,1,1,1,42.2,Ineligible
ARG45,26,male,Arunachal Pradesh,masters,55.6,133000.0,59,999,1,0,0,1,1,1,62.24,Eligible
A023B,21,female,Madhya Pradesh,masters,93.5,562000.0,65,999,1,0,0,1,1,1,72.4,Eligible
BPVGK,15,male,Maharashtra,10th,81.1,185000.0,999,999,1,0,0,1,1,1,65.44,Eligible
BVOBC,19,male,Arunachal Pradesh,12th,77.9,262000.0,59,999,1,0,0,1,1,1,66.16,Ineligible
A023B,19,female,Andhra Pradesh,masters,64.6,553000.0,85,999,1,0,0,1,0,1,60.84,Borderline
ARG45,32,female,Tamil Nadu,masters,94.9,519000.0,110,999,1,0,0,1,1,1,65.96,Eligible
AZKMI,23,male,Rajasthan,masters,64.4,781000.0,999,650,1,0,0,0,1,1,40.76,Ineligible
ARG45,32,male,Tripura,masters,82.2,690000.0,59,999,1,0,0,1,1,1,57.88,Eligible
AZKMI,34,female,Tamil Nadu,phd,68.0,279000.0,999,3,1,0,0,1,1,1,77.2,Eligible
A023B,23,male,Nagaland,masters,68.2,706000.0,2,999,1,0,0,1,1,1,62.28,Ineligible
BPVGK,14,male,Andhra Pradesh,10th,77.4,124000.0,999,999,1,0,0,1,1,1,63.96,Eligible
AZKMI,28,female,Rajasthan,masters,84.1,897000.0,999,1,0,0,0,1,1,1,73.64,Ineligible
BVOBC,23,female,Telangana,12th,68.1,61000.0,88,999,1,0,0,1,1,1,72.24,Eligible
A023B,23,male,Kerala,bachelors,77.2,340000.0,65,999,1,0,0,1,1,1,65.88,Eligible
BPVGK,16,male,Assam,10th,69.8,307000.0,999,999,1,0,0,1,1,1,55.92,Ineligible
AZKMI,34,male,Meghalaya,postdoc,62.8,859000.0,999,8,1,0,0,1,1,1,60.12,Ineligible
BVOBC,23,female,Telangana,12th,72.1,239000.0,1,999,1,0,0,1,1,1,78.84,Eligible
A023B,21,male,Telangana,bachelors,96.0,465000.0,95,999,1,0,0,1,1,1,68.4,Eligible
ARG45,22,male,Sikkim,masters,73.0,871000.0,59,999,1,0,0,1,1,1,54.2,Eligible
A023B,21,female,Madhya Pradesh,bachelors,76.9,733000.0,140,999,1,0,0,1,1,1,53.76,Ineligible
A023B,25,female,Madhya Pradesh,masters,79.5,163000.0,2,999,1,0,0,1,1,1,86.8,Eligible
AZKMI,32,female,Andhra Pradesh,masters,54.2,567000.0,999,4,1,0,0,1,1,1,66.68,Ineligible
A023B,23,female,Andhra Pradesh,masters,78.0,220000.0,65,999,1,0,0,0,1,1,71.2,Ineligible
BVOBC,17,female,Rajasthan,bachelors,60.9,253000.0,250,999,1,0,0,1,1,1,57.36,Ineligible
AZKMI,38,male,Nagaland,masters,55.2,863000.0,999,21,1,0,0,1,1,1,57.08,Ineligible
AZKMI,36,female,Karnataka,phd,87.0,910000.0,999,8,1,0,0,1,1,1,74.8,Ineligible
AZKMI,34,female,Arunachal Pradesh,postdoc,75.3,486000.0,999,650,1,0,0,1,1,1,55.12,Ineligible
ARG45,25,female,Maharashtra,masters,61.9,758000.0,85,999,1,0,0,1,1,1,54.76,Eligible
BVOBC,23,male,Tamil Nadu,bachelors,63.7,315000.0,65,999,1,0,0,1,1,1,60.48,Ineligible
BPVGK,17,male,Gujarat,10th,67.0,248000.0,999,999,1,0,0,1,1,1,54.8,Eligible
BPVGK,17,male,Karnataka,10th,90.1,270000.0,999,999,1,0,0,1,1,0,64.04,Ineligible
ARG45,27,female,Meghalaya,masters,71.5,635000.0,140,999,1,1,55,1,1,0,56.6,Borderline
ARG45,28,female,Jharkhand,phd,90.6,650000.0,2,999,1,0,0,1,1,1,76.24,Eligible
A023B,22,male,Tamil Nadu,masters,91.7,531000.0,1,999,1,0,0,1,1,1,76.68,Eligible
A023B,24,female,Tamil Nadu,bachelors,82.8,521000.0,95,999,1,0,0,1,1,1,68.12,Eligible
ARG45,34,male,Rajasthan,phd,80.2,868000.0,110,999,1,0,0,1,0,0,50.08,Borderline
A023B,24,female,Jharkhand,masters,57.6,244000.0,1,999,1,1,51,1,1,1,78.04,Eligible
ARG45,23,female,Arunachal Pradesh,masters,59.7,209000.0,72,999,1,0,0,1,1,1,63.88,Eligible
BVOBC,21,male,Madhya Pradesh,12th,83.5,253000.0,65,999,1,0,0,1,1,1,68.4,Ineligible
A023B,25,female,Madhya Pradesh,masters,76.1,190000.0,110,999,1,0,0,1,1,1,68.44,Ineligible
AZKMI,27,female,Chhattisgarh,postdoc,91.2,664000.0,999,32,0,0,0,1,1,1,76.48,Ineligible
BVOBC,17,female,Madhya Pradesh,12th,71.5,159000.0,65,999,1,0,0,1,0,1,73.6,Borderline
ARG45,33,female,Sikkim,phd,58.2,265000.0,140,999,1,1,65,1,1,1,61.28,Eligible
ARG45,30,female,Sikkim,phd,89.2,391000.0,3,999,1,0,0,1,1,1,85.68,Eligible
BVOBC,19,male,Nagaland,12th,46.8,77000.0,6,999,1,0,0,1,1,1,68.72,Ineligible
ARG45,34,female,Madhya Pradesh,phd,94.3,675000.0,140,999,1,0,0,1,1,1,60.72,Eligible
BVOBC,18,male,Meghalaya,bachelors,80.7,391000.0,88,999,1,0,0,1,1,1,67.28,Ineligible
ARG45,27,female,Odisha,phd,85.0,426000.0,1,999,1,0,0,1,1,1,79.0,Eligible
BVOBC,20,male,Chhattisgarh,12th,70.1,300000.0,140,999,1,0,0,1,1,0,56.04,Ineligible
BVOBC,23,female,Maharashtra,12th,82.6,150000.0,1,999,1,0,0,1,0,1,88.04,Borderline
ARG45,30,male,Jharkhand,phd,72.5,694000.0,59,999,0,0,0,0,1,0,54.0,Ineligible
BVOBC,23,female,Tamil Nadu,bachelors,75.7,224000.0,5,999,1,0,0,1,1,1,80.28,Eligible
ARG45,35,male,Maharashtra,phd,72.6,82000.0,1,999,1,0,0,1,0,1,79.04,Borderline
A023B,24,male,Nagaland,masters,64.2,498000.0,1,999,1,0,0,1,1,1,65.68,Eligible
ARG45,26,female,Sikkim,masters,56.2,414000.0,72,999,1,0,0,1,1,1,57.48,Eligible
A023B,25,male,Manipur,bachelors,59.2,634000.0,1,999,1,0,0,1,1,1,58.68,Ineligible
A023B,18,female,Karnataka,masters,96.4,124000.0,1,999,1,0,0,1,1,1,93.56,Eligible
AZKMI,33,male,Kerala,postdoc,71.5,320000.0,999,32,1,0,0,1,1,1,73.6,Eligible
ARG45,25,female,Arunachal Pradesh,phd,73.5,724000.0,6,999,1,0,0,1,1,1,69.4,Eligible
BVOBC,23,male,Chhattisgarh,bachelors,54.2,91000.0,88,999,1,0,0,1,1,1,61.68,Eligible
BVOBC,24,male,Gujarat,12th,82.4,170000.0,2,999,1,0,0,1,1,1,82.96,Eligible
A023B,21,male,Tamil Nadu,bachelors,95.0,207000.0,78,999,1,0,0,1,1,1,73.0,Eligible
A023B,18,male,Maharashtra,masters,72.4,409000.0,140,999,0,0,0,1,1,1,51.96,Ineligible
ARG45,29,other,Tamil Nadu,phd,90.8,481000.0,2,999,1,1,76,1,1,1,81.32,Eligible
BVOBC,18,female,Meghalaya,12th,81.2,127000.0,5,999,1,0,0,0,1,1,87.48,Ineligible
AZKMI,24,female,Karnataka,postdoc,74.1,468000.0,999,14,1,0,0,1,1,1,74.64,Eligible
AZKMI,27,female,Meghalaya,postdoc,74.8,528000.0,999,4,1,0,0,1,1,1,74.92,Eligible
ARG45,30,male,Nagaland,phd,73.6,793000.0,85,999,1,0,0,1,1,1,54.44,Eligible
A023B,22,male,Kerala,masters,84.7,749000.0,6,999,1,0,0,1,1,1,68.88,Ineligible
AZKMI,30,male,Mizoram,phd,60.6,444000.0,999,6,1,0,0,1,1,1,64.24,Eligible
BPVGK,15,male,Sikkim,10th,53.0,253000.0,999,999,1,0,0,1,1,1,49.2,Ineligible
ARG45,22,other,Gujarat,masters,56.6,69000.0,78,999,1,0,0,1,1,1,62.64,Eligible
A023B,24,male,Tamil Nadu,bachelors,91.8,578000.0,88,999,1,0,0,1,1,1,66.72,Eligible
BVOBC,18,female,Arunachal Pradesh,12th,83.8,359000.0,140,999,1,0,0,1,1,1,66.52,Ineligible
BVOBC,22,male,Tamil Nadu,bachelors,72.0,374000.0,2,999,1,0,0,1,1,1,73.8,Ineligible
ARG45,28,female,Manipur,phd,58.2,212000.0,2,999,1,0,0,0,0,1,73.28,Borderline
BVOBC,18,female,Kerala,bachelors,65.5,256000.0,1,999,1,0,0,1,1,1,76.2,Ineligible
A023B,23,female,Odisha,masters,80.7,590000.0,1,999,1,0,0,1,1,1,77.28,Eligible
ARG45,33,female,Andhra Pradesh,masters,52.9,755000.0,85,999,1,0,0,1,1,1,51.16,Ineligible
ARG45,36,female,Assam,phd,56.1,544000.0,2,999,1,0,0,1,1,1,67.44,Eligible
ARG45,35,male,Odisha,masters,75.2,219000.0,2,999,1,0,0,1,1,1,75.08,Eligible
BVOBC,22,female,Telangana,bachelors,76.3,239000.0,5,999,1,0,0,1,1,1,80.52,Eligible
A023B,22,male,Arunachal Pradesh,masters,58.0,635000.0,72,999,1,0,0,1,1,1,48.2,Ineligible
A023B,18,female,Tripura,bachelors,90.8,363000.0,6,999,1,0,0,1,1,1,86.32,Eligible
ARG45,22,male,Gujarat,phd,67.8,375000.0,110,999,1,0,0,1,0,1,55.12,Borderline
BPVGK,16,male,Telangana,10th,79.8,167000.0,999,999,1,0,0,1,1,1,64.92,Eligible
BVOBC,21,male,Gujarat,bachelors,58.6,206000.0,65,999,1,0,0,1,1,1,58.44,Eligible
BVOBC,23,male,Kerala,12th,75.2,50000.0,78,999,1,0,0,1,1,1,70.08,Eligible
BPVGK,15,male,Nagaland,10th,53.4,62000.0,999,999,1,0,0,1,1,1,54.36,Eligible
BVOBC,24,male,Assam,12th,95.6,375000.0,2,999,1,0,0,1,0,1,83.24,Ineligible
ARG45,26,male,Karnataka,phd,94.0,270000.0,85,999,1,0,0,1,1,1,72.6,Eligible
ARG45,28,female,Assam,phd,68.2,815000.0,110,999,1,0,0,1,1,0,50.28,Borderline
BPVGK,16,female,Odisha,10th,91.0,254000.0,999,999,1,0,0,1,1,1,69.4,Ineligible
AZKMI,29,male,Madhya Pradesh,masters,80.8,989000.0,999,650,1,0,0,1,1,1,47.32,Ineligible
BPVGK,14,female,Meghalaya,10th,85.0,312000.0,999,999,1,0,0,0,1,1,67.0,Ineligible
BVOBC,21,male,Chhattisgarh,bachelors,65.7,360000.0,88,999,1,0,0,1,1,1,61.28,Ineligible
BPVGK,15,female,Mizoram,10th,90.5,155000.0,999,999,1,0,0,1,1,1,74.2,Eligible
AZKMI,36,female,Tripura,phd,69.5,644000.0,999,8,1,0,0,1,1,1,67.8,Ineligible
BVOBC,23,female,Karnataka,12th,54.4,194000.0,5,999,1,0,0,1,1,1,76.76,Eligible
A023B,20,female,Nagaland,bachelors,72.4,593000.0,85,999,1,0,0,1,1,1,63.96,Eligible
ARG45,23,female,Rajasthan,masters,92.6,813000.0,1,999,1,0,0,1,1,1,77.04,Eligible
BPVGK,15,male,Rajasthan,10th,56.3,229000.0,999,999,1,0,0,1,1,1,50.52,Eligible
ARG45,36,male,Arunachal Pradesh,masters,65.6,519000.0,250,999,0,0,0,1,1,1,49.24,Ineligible
ARG45,32,male,Manipur,phd,63.7,503000.0,72,999,1,0,0,1,1,1,55.48,Eligible
ARG45,27,male,Chhattisgarh,phd,65.4,467000.0,65,999,1,0,0,1,1,1,56.16,Eligible
ARG45,26,female,Telangana,phd,64.1,551000.0,6,999,1,1,60,1,1,0,75.64,Borderline
ARG45,28,male,Jharkhand,masters,80.2,100000.0,110,999,1,0,0,1,1,1,65.08,Eligible
BPVGK,14,male,Mizoram,10th,49.8,145000.0,999,999,1,0,0,1,1,1,52.92,Ineligible
ARG45,27,male,Nagaland,phd,60.3,459000.0,250,999,1,0,0,1,1,1,47.12,Eligible
BVOBC,24,male,Jharkhand,12th,74.3,213000.0,2,999,1,0,0,1,1,1,74.72,Eligible
AZKMI,32,female,Meghalaya,phd,73.9,270000.0,999,21,0,0,0,1,0,1,79.56,Ineligible
A023B,18,female,Madhya Pradesh,masters,65.4,455000.0,140,999,1,0,0,1,1,1,54.16,Ineligible
ARG45,31,female,Jharkhand,masters,70.5,75000.0,72,999,1,0,0,1,1,1,73.2,Eligible
ARG45,33,female,Jharkhand,masters,80.3,576000.0,250,999,1,0,0,1,1,1,60.12,Eligible
ARG45,24,male,Tripura,phd,58.3,234000.0,140,999,1,0,0,1,1,1,51.32,Eligible
BVOBC,22,female,Tripura,12th,58.3,124000.0,1,999,1,0,0,1,1,1,78.32,Eligible
BVOBC,17,male,Meghalaya,bachelors,88.9,386000.0,78,999,1,0,0,1,1,1,70.56,Ineligible
ARG45,31,male,Mizoram,phd,63.3,413000.0,110,999,1,0,0,1,1,1,48.32,Eligible
A023B,19,female,Jharkhand,masters,83.2,254000.0,140,999,1,0,0,1,1,1,66.28,Ineligible
BVOBC,17,female,Arunachal Pradesh,12th,80.6,373000.0,1,999,1,0,0,1,1,1,82.24,Ineligible
BVOBC,21,male,Maharashtra,12th,63.4,206000.0,1,999,1,0,0,1,1,1,70.36,Eligible
AZKMI,25,male,Karnataka,phd,52.9,534000.0,999,21,1,0,0,1,1,1,61.16,Ineligible
AZKMI,37,female,Telangana,postdoc,89.9,704000.0,999,14,1,0,0,1,1,1,75.96,Ineligible
A023B,20,female,Jharkhand,bachelors,65.6,544000.0,250,999,1,0,0,1,1,1,54.24,Ineligible
ARG45,34,female,Telangana,phd,63.0,711000.0,88,999,1,0,0,1,1,1,55.2,Eligible
BVOBC,19,male,Telangana,bachelors,52.7,352000.0,1,999,1,0,0,1,1,1,66.08,Ineligible
BVOBC,18,male,Manipur,bachelors,48.2,110000.0,72,999,1,0,0,1,1,1,59.28,Ineligible
BPVGK,15,female,Karnataka,10th,93.6,112000.0,999,999,1,0,0,1,1,1,75.44,Eligible
A023B,18,female,Karnataka,bachelors,90.2,197000.0,95,999,1,1,44,1,1,1,86.08,Eligible
BPVGK,15,female,Telangana,10th,52.7,144000.0,999,999,1,0,0,1,1,1,59.08,Eligible
ARG45,33,male,Assam,masters,55.1,282000.0,1,999,0,0,0,1,1,1,67.04,Ineligible
ARG45,29,male,Andhra Pradesh,phd,74.8,740000.0,3,999,1,0,0,1,1,1,64.92,Eligible
ARG45,24,male,Maharashtra,phd,58.6,358000.0,5,999,1,0,0,1,1,1,68.44,Eligible
BVOBC,22,male,Rajasthan,bachelors,49.2,204000.0,1,999,1,0,0,1,1,1,64.68,Ineligible
AZKMI,34,female,Karnataka,postdoc,85.0,667000.0,999,3,0,0,0,1,1,0,74.0,Ineligible
A023B,24,female,Tamil Nadu,bachelors,80.8,349000.0,5,999,1,0,0,1,0,1,82.32,Borderline
BVOBC,18,female,Telangana,bachelors,73.7,335000.0,78,999,1,0,0,1,1,1,69.48,Ineligible
BVOBC,18,male,Jharkhand,bachelors,62.2,218000.0,88,999,1,1,58,1,1,1,64.88,Eligible
BPVGK,15,female,Manipur,10th,89.0,41000.0,999,999,1,0,0,1,1,1,73.6,Eligible
A023B,23,female,Arunachal Pradesh,masters,64.1,144000.0,65,999,1,0,0,1,1,1,70.64,Eligible
BVOBC,24,female,Tamil Nadu,12th,85.1,377000.0,95,999,1,0,0,1,1,1,74.04,Ineligible
ARG45,22,female,Andhra Pradesh,masters,80.6,899000.0,6,999,1,0,0,1,1,1,72.24,Eligible
A023B,25,male,Manipur,bachelors,97.5,705000.0,6,999,1,0,0,1,1,1,74.0,Ineligible
AZKMI,38,male,Maharashtra,phd,52.0,225000.0,999,3,1,0,0,1,1,1,65.8,Ineligible
BVOBC,22,male,Tamil Nadu,12th,85.7,149000.0,2,999,1,0,0,1,1,1,84.28,Eligible
AZKMI,36,male,Gujarat,postdoc,62.3,245000.0,999,37,1,0,0,1,1,1,69.92,Ineligible
ARG45,33,female,Sikkim,phd,81.0,647000.0,1,999,1,0,0,1,0,1,72.4,Borderline
BVOBC,18,female,Jharkhand,bachelors,59.4,266000.0,6,999,1,0,0,1,1,1,73.76,Ineligible
BVOBC,22,male,Tripura,12th,68.1,333000.0,59,999,1,0,0,1,1,1,62.24,Ineligible
A023B,24,male,Maharashtra,masters,60.3,267000.0,5,999,1,0,0,1,1,1,69.12,Eligible
BVOBC,20,female,Jharkhand,bachelors,89.2,77000.0,88,999,1,0,0,1,1,1,80.68,Eligible
ARG45,35,female,Odisha,phd,90.3,261000.0,140,999,1,0,0,1,1,1,69.12,Eligible
A023B,20,female,Mizoram,masters,63.5,142000.0,65,999,1,0,0,1,1,1,70.4,Eligible
BPVGK,17,female,Tripura,10th,58.6,274000.0,999,999,1,0,0,1,1,1,56.44,Ineligible
ARG45,28,male,Mizoram,masters,77.5,889000.0,72,999,1,0,0,1,1,1,56.0,Eligible
AZKMI,21,female,Kerala,masters,78.9,688000.0,999,6,1,0,0,1,1,1,71.56,Ineligible
AZKMI,23,male,Tripura,masters,68.0,477000.0,999,650,1,0,0,1,1,1,47.2,Ineligible
A023B,23,male,Rajasthan,bachelors,90.7,448000.0,3,999,1,0,0,1,1,1,76.28,Eligible
BVOBC,24,male,Arunachal Pradesh,bachelors,61.1,126000.0,2,999,1,0,0,1,1,1,74.44,Eligible
ARG45,26,male,Nagaland,masters,56.5,841000.0,3,999,1,1,67,1,1,0,62.6,Borderline
A023B,18,female,Sikkim,bachelors,72.2,182000.0,2,999,1,0,0,1,1,1,83.88,Eligible
BVOBC,20,female,Tamil Nadu,bachelors,92.7,100000.0,6,999,1,0,0,1,1,1,92.08,Eligible
BPVGK,15,female,Manipur,10th,64.4,164000.0,999,999,1,0,0,1,1,1,63.76,Eligible
A023B,20,male,Tripura,masters,80.6,374000.0,65,999,1,0,0,1,1,1,67.24,Eligible
A023B,19,male,Karnataka,masters,55.1,542000.0,2,999,1,0,0,1,1,1,62.04,Eligible
AZKMI,30,female,Karnataka,postdoc,70.7,480000.0,999,2,0,0,0,1,1,1,73.28,Ineligible
BPVGK,17,male,Assam,10th,70.8,89000.0,999,999,1,0,0,1,1,1,61.32,Eligible
BVOBC,23,female,Madhya Pradesh,bachelors,48.6,377000.0,1,999,1,0,0,1,1,1,69.44,Ineligible
BPVGK,16,female,Tamil Nadu,10th,84.8,44000.0,999,999,1,1,75,1,1,1,76.92,Eligible
BPVGK,14,female,Andhra Pradesh,10th,48.9,46000.0,999,999,1,0,0,1,1,1,57.56,Ineligible
ARG45,27,female,Telangana,phd,81.6,749000.0,6,999,1,0,0,1,0,1,72.64,Borderline
ARG45,33,female,Rajasthan,masters,60.0,544000.0,95,999,1,0,0,1,0,1,59.0,Borderline
BPVGK,15,male,Andhra Pradesh,10th,72.1,242000.0,999,999,1,0,0,1,1,0,56.84,Borderline
AZKMI,28,female,Karnataka,phd,50.3,596000.0,999,6,1,0,0,1,1,1,65.12,Ineligible
BVOBC,21,female,Nagaland,bachelors,62.3,137000.0,85,999,1,0,0,1,1,1,69.92,Eligible
A023B,19,female,Karnataka,masters,61.1,205000.0,65,999,1,0,0,1,1,1,64.44,Eligible
BPVGK,14,female,Chhattisgarh,10th,74.0,206000.0,999,999,1,0,0,1,1,0,62.6,Borderline
A023B,18,female,Rajasthan,masters,87.4,281000.0,72,999,1,1,61,1,1,1,79.96,Eligible
ARG45,36,male,Maharashtra,masters,56.4,497000.0,5,999,1,0,0,1,1,1,62.56,Eligible
AZKMI,29,female,Arunachal Pradesh,masters,73.4,574000.0,999,8,0,0,0,0,1,1,74.36,Ineligible
ARG45,36,male,Rajasthan,phd,71.7,618000.0,3,999,1,0,0,1,0,1,63.68,Borderline
BPVGK,16,female,Meghalaya,10th,51.4,328000.0,999,999,1,0,0,1,1,1,53.56,Ineligible
BVOBC,18,female,Andhra Pradesh,bachelors,59.4,319000.0,59,999,1,0,0,1,1,1,63.76,Ineligible
ARG45,36,female,Tamil Nadu,masters,84.9,805000.0,2,999,0,0,0,1,1,1,73.96,Ineligible
BPVGK,14,male,Chhattisgarh,10th,90.8,295000.0,999,999,1,0,0,1,1,1,64.32,Ineligible
ARG45,32,male,Gujarat,phd,72.9,489000.0,85,999,1,0,0,1,1,1,59.16,Eligible
ARG45,23,female,Arunachal Pradesh,phd,72.3,381000.0,65,999,1,0,0,1,1,1,68.92,Eligible
A023B,25,male,Karnataka,masters,96.2,473000.0,110,999,1,0,0,1,1,1,61.48,Ineligible
A023B,25,female,Madhya Pradesh,bachelors,97.6,793000.0,3,999,0,1,56,1,1,1,84.04,Ineligible
ARG45,32,female,Telangana,masters,87.4,313000.0,2,999,1,0,0,1,1,1,84.96,Eligible
A023B,24,male,Assam,bachelors,67.9,751000.0,85,999,1,0,0,1,1,1,52.16,Ineligible
BVOBC,18,female,Mizoram,bachelors,49.6,71000.0,65,999,1,1,56,1,1,1,69.84,Ineligible
AZKMI,24,female,Tripura,phd,80.8,462000.0,999,650,1,0,0,1,1,1,57.32,Ineligible
ARG45,30,male,Jharkhand,phd,55.7,320000.0,250,999,0,0,0,1,1,1,50.28,Ineligible
A023B,22,male,Gujarat,masters,57.4,346000.0,6,999,1,0,0,1,1,1,67.96,Eligible
A023B,19,male,Tripura,masters,55.3,556000.0,6,999,0,0,0,1,1,1,62.12,Ineligible
ARG45,33,male,Madhya Pradesh,phd,69.1,752000.0,110,999,1,0,0,1,1,1,45.64,Eligible
AZKMI,37,male,Rajasthan,phd,82.7,930000.0,999,32,1,0,0,1,1,1,68.08,Ineligible
BVOBC,22,female,Maharashtra,bachelors,94.0,178000.0,5,999,1,0,0,1,1,1,92.6,Eligible
A023B,19,female,Sikkim,bachelors,90.4,181000.0,72,999,1,0,0,1,1,1,81.16,Eligible
A023B,25,male,Mizoram,bachelors,89.6,717000.0,1,999,1,0,0,1,1,1,70.84,Ineligible
BVOBC,21,male,Gujarat,12th,87.9,190000.0,250,999,1,0,0,1,1,1,68.16,Eligible
A023B,21,male,Jharkhand,masters,96.0,196000.0,2,999,1,0,0,1,1,1,88.4,Eligible
BVOBC,20,female,Gujarat,12th,73.8,141000.0,65,999,1,0,0,1,0,1,74.52,Borderline
AZKMI,21,female,Kerala,masters,90.1,138000.0,999,8,1,0,0,1,1,1,91.04,Eligible
A023B,18,male,Tamil Nadu,bachelors,84.3,412000.0,85,999,1,1,60,1,1,1,68.72,Eligible
A023B,21,male,Chhattisgarh,masters,92.9,462000.0,1,999,1,0,0,1,0,1,77.16,Borderline
BVOBC,24,female,Sikkim,12th,68.2,295000.0,88,999,1,0,0,1,1,1,67.28,Ineligible
A023B,19,female,Maharashtra,masters,91.7,589000.0,2,999,1,0,0,1,1,1,81.68,Eligible
ARG45,34,female,Manipur,phd,83.9,457000.0,95,999,1,0,0,1,0,1,68.56,Borderline
AZKMI,38,female,Maharashtra,masters,74.5,957000.0,999,650,0,0,0,1,1,1,49.8,Ineligible
A023B,19,male,Mizoram,bachelors,93.1,161000.0,5,999,1,0,0,1,1,1,87.24,Eligible
AZKMI,38,female,Chhattisgarh,phd,59.5,986000.0,999,650,1,0,0,1,1,1,43.8,Ineligible
ARG45,28,female,Nagaland,masters,85.8,766000.0,1,999,1,0,0,1,1,1,74.32,Eligible
ARG45,27,male,Jharkhand,phd,63.9,610000.0,72,999,1,0,0,1,1,1,50.56,Eligible
BPVGK,16,male,Odisha,10th,59.8,222000.0,999,999,1,0,0,1,1,1,51.92,Eligible
BVOBC,17,female,Andhra Pradesh,12th,80.4,300000.0,250,999,1,0,0,1,1,1,65.16,Ineligible
AZKMI,32,female,Sikkim,masters,54.2,136000.0,999,650,1,1,76,1,1,1,61.68,Ineligible
AZKMI,21,female,Tamil Nadu,phd,70.4,924000.0,999,37,0,1,73,1,1,1,73.16,Ineligible
AZKMI,33,female,Mizoram,postdoc,60.7,951000.0,999,8,1,0,0,1,1,1,64.28,Ineligible
BPVGK,16,female,Maharashtra,10th,72.0,87000.0,999,999,1,0,0,1,1,1,66.8,Eligible
AZKMI,36,female,Chhattisgarh,postdoc,67.7,767000.0,999,32,1,0,0,1,1,1,67.08,Ineligible
AZKMI,25,other,Rajasthan,masters,79.2,902000.0,999,21,0,0,0,1,1,1,66.68,Ineligible
AZKMI,26,male,Manipur,phd,55.3,786000.0,999,22,1,0,0,1,1,1,57.12,Ineligible
A023B,25,female,Andhra Pradesh,masters,73.8,328000.0,2,999,1,0,0,1,1,1,79.52,Eligible
BVOBC,20,female,Assam,bachelors,64.7,285000.0,95,999,1,0,0,1,1,1,65.88,Ineligible
A023B,19,male,Rajasthan,masters,75.7,363000.0,65,999,1,0,0,1,1,1,65.28,Eligible
AZKMI,23,male,Rajasthan,masters,58.7,571000.0,999,21,0,0,0,1,1,1,63.48,Ineligible
BPVGK,17,male,Karnataka,10th,66.9,259000.0,999,999,1,0,0,1,1,0,54.76,Ineligible
AZKMI,30,male,Manipur,phd,57.9,841000.0,999,14,1,0,0,1,1,1,58.16,Ineligible
AZKMI,23,female,Gujarat,phd,90.1,709000.0,999,1,1,0,0,1,1,1,76.04,Ineligible
BVOBC,23,male,Arunachal Pradesh,bachelors,85.2,371000.0,5,999,1,0,0,1,1,1,79.08,Ineligible
BVOBC,23,male,Mizoram,bachelors,46.9,398000.0,88,999,1,0,0,1,1,1,53.76,Ineligible
AZKMI,32,male,Meghalaya,phd,56.9,692000.0,999,650,1,0,0,1,1,1,37.76,Ineligible
BPVGK,15,male,Chhattisgarh,10th,52.0,331000.0,999,999,1,0,0,1,1,1,48.8,Ineligible
ARG45,22,female,Madhya Pradesh,masters,53.7,294000.0,250,999,1,0,0,1,0,1,54.48,Ineligible
BPVGK,17,female,Manipur,10th,57.3,250000.0,999,999,1,0,0,1,1,1,55.92,Eligible
BVOBC,20,female,Madhya Pradesh,bachelors,64.9,332000.0,5,999,1,0,0,1,1,1,75.96,Ineligible
BVOBC,24,male,Tripura,12th,52.0,393000.0,78,999,1,0,0,1,1,1,55.8,Ineligible
A023B,20,female,Rajasthan,masters,94.3,363000.0,6,999,1,0,0,1,1,1,87.72,Eligible
ARG45,29,female,Jharkhand,masters,93.8,746000.0,6,999,0,0,0,1,1,0,77.52,Ineligible
A023B,25,male,Kerala,bachelors,97.4,273000.0,2,999,1,0,0,1,1,1,83.96,Eligible
BVOBC,20,female,Maharashtra,12th,75.0,73000.0,3,999,1,0,0,1,1,0,85.0,Borderline
ARG45,30,male,Assam,phd,53.5,382000.0,5,999,1,0,0,1,1,1,66.4,Ineligible
AZKMI,35,other,Andhra Pradesh,phd,71.4,170000.0,999,3,1,1,74,1,0,1,83.56,Borderline
A023B,22,female,Sikkim,bachelors,61.9,417000.0,5,999,1,0,0,1,1,1,69.76,Eligible
ARG45,25,male,Rajasthan,phd,86.5,264000.0,59,999,0,0,0,1,1,1,69.6,Ineligible
AZKMI,29,female,Tamil Nadu,phd,77.1,651000.0,999,22,1,0,0,1,1,1,70.84,Ineligible
BPVGK,15,female,Mizoram,10th,81.8,84000.0,999,999,1,0,0,1,1,1,70.72,Eligible
ARG45,32,male,Manipur,phd,70.3,109000.0,140,999,1,0,0,1,1,1,61.12,Eligible
BVOBC,22,female,Nagaland,bachelors,82.5,382000.0,88,999,1,0,0,1,0,1,73.0,Ineligible
ARG45,35,female,Arunachal Pradesh,phd,59.5,626000.0,6,999,1,0,0,1,1,1,63.8,Eligible
BVOBC,23,male,Kerala,bachelors,63.9,117000.0,2,999,1,0,0,1,1,1,75.56,Eligible
BPVGK,17,male,Mizoram,10th,51.8,91000.0,999,999,1,0,0,1,1,1,53.72,Eligible
BVOBC,23,male,Madhya Pradesh,bachelors,54.4,309000.0,1,999,1,0,0,1,1,1,66.76,Ineligible
BPVGK,17,male,Karnataka,10th,93.8,329000.0,999,999,1,1,55,1,1,1,70.52,Ineligible
BPVGK,14,female,Tamil Nadu,10th,81.4,249000.0,999,999,1,0,0,1,1,1,65.56,Eligible
BVOBC,19,female,Gujarat,12th,74.6,324000.0,1,999,1,0,0,1,1,1,79.84,Ineligible
BPVGK,14,male,Jharkhand,10th,47.0,309000.0,999,999,1,0,0,1,0,1,46.8,Ineligible
ARG45,31,female,Karnataka,phd,67.3,704000.0,250,999,1,0,0,1,1,1,49.92,Eligible
A023B,22,male,Jharkhand,masters,92.1,211000.0,78,999,1,0,0,1,1,1,71.84,Eligible
A023B,18,male,Tripura,masters,77.1,533000.0,2,999,1,0,0,1,1,1,70.84,Eligible
ARG45,27,female,Gujarat,masters,56.9,317000.0,88,999,1,0,0,1,0,1,62.76,Borderline
A023B,23,male,Odisha,bachelors,91.3,278000.0,1,999,1,0,0,1,1,1,81.52,Eligible
A023B,25,female,Karnataka,masters,88.2,751000.0,6,999,1,0,0,1,1,1,75.28,Ineligible
A023B,18,female,Jharkhand,bachelors,64.1,757000.0,2,999,1,0,0,1,1,1,65.64,Ineligible
A023B,20,male,Maharashtra,bachelors,69.0,601000.0,5,999,1,0,0,1,1,1,62.6,Ineligible
ARG45,26,male,Rajasthan,phd,52.0,348000.0,2,999,1,0,0,1,1,0,65.8,Ineligible
BPVGK,14,female,Odisha,10th,46.8,314000.0,999,999,1,0,0,1,1,1,51.72,Ineligible
BPVGK,15,female,Meghalaya,10th,76.2,230000.0,999,999,1,0,0,1,1,1,63.48,Eligible
ARG45,32,female,Tripura,phd,93.4,812000.0,3,999,0,0,0,0,1,1,77.36,Ineligible
A023B,25,male,Telangana,masters,74.8,151000.0,65,999,1,0,0,1,1,1,69.92,Eligible
BPVGK,16,male,Karnataka,10th,64.4,329000.0,999,999,1,0,0,1,1,1,53.76,Ineligible
A023B,22,female,Mizoram,bachelors,78.6,302000.0,3,999,0,0,0,1,0,1,81.44,Ineligible
ARG45,35,male,Sikkim,phd,79.7,116000.0,59,999,1,0,0,1,1,1,71.88,Eligible
BVOBC,20,male,Maharashtra,12th,77.0,232000.0,110,999,1,0,0,1,1,1,58.8,Eligible
A023B,18,male,Tamil Nadu,masters,84.9,296000.0,1,999,1,0,0,0,1,1,78.96,Ineligible
ARG45,31,male,Karnataka,masters,88.9,653000.0,140,999,1,0,0,1,1,1,53.56,Eligible
ARG45,25,male,Manipur,phd,58.9,865000.0,6,999,1,0,0,1,0,1,58.56,Borderline
BVOBC,23,female,Andhra Pradesh,bachelors,56.1,364000.0,5,999,1,0,0,1,0,1,72.44,Ineligible
BVOBC,19,female,Jharkhand,bachelors,84.5,230000.0,2,999,1,0,0,1,1,1,83.8,Eligible
A023B,23,male,Karnataka,masters,81.9,767000.0,6,999,1,0,0,1,1,1,67.76,Ineligible
AZKMI,28,female,Karnataka,masters,90.2,850000.0,999,4,1,0,0,1,1,1,76.08,Ineligible
A023B,21,male,Nagaland,bachelors,95.4,441000.0,88,999,1,1,77,1,1,1,73.16,Eligible
BVOBC,19,female,Gujarat,12th,94.2,217000.0,2,999,1,0,0,1,1,1,87.68,Eligible
BVOBC,18,female,Andhra Pradesh,bachelors,77.6,42000.0,65,999,1,0,0,1,1,1,76.04,Eligible
ARG45,26,female,Maharashtra,masters,61.5,67000.0,3,999,1,0,0,1,1,1,79.6,Eligible
A023B,19,female,Karnataka,bachelors,75.0,434000.0,6,999,1,0,0,1,1,1,75.0,Eligible
AZKMI,24,male,Nagaland,phd,90.7,672000.0,999,650,1,0,0,1,0,1,51.28,Ineligible
A023B,19,male,Odisha,masters,77.2,614000.0,3,999,1,0,0,1,1,1,65.88,Ineligible
ARG45,28,male,Assam,phd,69.0,536000.0,110,999,1,0,0,1,1,1,50.6,Eligible
BVOBC,19,female,Kerala,bachelors,89.3,283000.0,250,999,1,0,0,1,1,1,68.72,Ineligible
AZKMI,34,male,Nagaland,phd,87.8,505000.0,999,32,0,0,0,1,1,1,75.12,Ineligible
ARG45,27,male,Telangana,masters,83.0,406000.0,6,999,1,1,69,1,1,1,78.2,Eligible
BPVGK,16,male,Meghalaya,10th,79.6,327000.0,999,999,1,0,0,1,1,1,59.84,Ineligible
A023B,23,female,Odisha,masters,91.1,82000.0,1,999,1,0,0,0,0,1,91.44,Borderline
ARG45,30,female,Jharkhand,phd,80.6,550000.0,250,999,1,0,0,1,1,1,60.24,Eligible
BVOBC,24,female,Mizoram,bachelors,76.5,118000.0,250,999,1,0,0,1,1,1,68.6,Eligible
ARG45,35,male,Kerala,masters,68.8,218000.0,3,999,1,0,0,1,1,1,72.52,Eligible
ARG45,29,male,Nagaland,masters,78.7,876000.0,72,999,1,0,0,1,1,1,56.48,Eligible
BVOBC,22,female,Tamil Nadu,bachelors,57.2,113000.0,95,999,1,0,0,1,0,1,67.88,Borderline
BPVGK,17,female,Arunachal Pradesh,10th,93.2,87000.0,999,999,1,0,0,1,1,1,75.28,Eligible
BVOBC,18,female,Gujarat,bachelors,89.6,183000.0,78,999,1,0,0,1,1,1,80.84,Eligible
A023B,20,female,Chhattisgarh,bachelors,75.5,137000.0,5,999,1,1,61,0,1,1,90.2,Ineligible
ARG45,25,male,Tripura,phd,67.3,789000.0,3,999,1,1,42,1,0,1,66.92,Borderline
BVOBC,22,male,Meghalaya,bachelors,60.3,71000.0,1,999,1,0,0,0,1,1,74.12,Ineligible
AZKMI,30,male,Arunachal Pradesh,postdoc,77.9,414000.0,999,14,1,0,0,1,1,1,71.16,Eligible
A023B,18,female,Tripura,masters,95.3,269000.0,1,999,1,0,0,1,0,1,88.12,Borderline
AZKMI,34,female,Sikkim,postdoc,69.2,827000.0,999,32,1,1,65,1,1,1,72.68,Ineligible
ARG45,35,male,Assam,phd,74.6,424000.0,3,999,1,0,0,1,1,1,69.84,Eligible
ARG45,23,female,Mizoram,phd,51.8,805000.0,1,999,1,0,0,1,1,1,60.72,Ineligible
AZKMI,35,male,Rajasthan,masters,52.2,369000.0,999,32,1,0,0,1,0,1,65.88,Ineligible
AZKMI,36,male,Telangana,postdoc,51.2,649000.0,999,2,1,0,0,1,1,1,55.48,Ineligible
ARG45,32,female,Rajasthan,masters,79.6,747000.0,110,999,1,0,0,1,1,1,54.84,Eligible
A023B,20,male,Chhattisgarh,masters,97.1,615000.0,2,999,1,0,0,1,1,1,73.84,Ineligible
A023B,23,male,Tamil Nadu,bachelors,72.8,491000.0,1,999,1,0,0,1,1,1,69.12,Eligible
BVOBC,19,female,Assam,12th,56.6,394000.0,88,999,1,0,0,1,1,1,62.64,Ineligible
ARG45,24,male,Gujarat,phd,82.4,663000.0,95,999,1,0,0,1,1,1,57.96,Eligible
BPVGK,16,male,Kerala,10th,84.7,243000.0,999,999,1,0,0,1,1,1,61.88,Eligible
A023B,20,male,Maharashtra,masters,67.3,474000.0,88,999,1,0,0,1,1,1,56.92,Eligible
A023B,25,male,Nagaland,bachelors,61.1,596000.0,3,999,0,0,0,1,1,1,64.44,Ineligible
BPVGK,14,male,Rajasthan,10th,52.9,110000.0,999,999,1,0,0,1,0,1,54.16,Borderline
BVOBC,22,male,Karnataka,12th,59.2,208000.0,3,999,1,0,0,1,1,1,68.68,Eligible
ARG45,33,female,Kerala,masters,67.4,330000.0,95,999,1,0,0,1,1,1,66.96,Eligible
BVOBC,22,male,Gujarat,12th,74.4,251000.0,88,999,1,0,0,1,1,1,64.76,Ineligible
BVOBC,18,male,Meghalaya,bachelors,79.1,50000.0,59,999,1,0,0,1,1,1,71.64,Eligible
ARG45,26,female,Maharashtra,masters,79.7,437000.0,2,999,1,0,0,1,1,1,76.88,Eligible
AZKMI,32,female,Assam,masters,91.7,884000.0,999,32,0,0,0,1,1,1,76.68,Ineligible
BVOBC,19,male,Karnataka,12th,82.0,271000.0,85,999,1,0,0,1,1,1,67.8,Ineligible
BPVGK,14,male,Assam,10th,45.2,255000.0,999,999,1,0,0,1,1,1,46.08,Ineligible
AZKMI,22,female,Kerala,postdoc,57.1,879000.0,999,37,1,0,0,1,1,1,62.84,Ineligible
BVOBC,19,male,Maharashtra,bachelors,87.7,246000.0,250,999,1,0,0,1,1,1,63.08,Eligible
BVOBC,19,male,Meghalaya,bachelors,85.3,124000.0,1,999,1,0,0,1,1,1,84.12,Eligible
A023B,19,male,Jharkhand,masters,59.5,330000.0,78,999,1,0,0,1,1,1,58.8,Eligible
A023B,18,male,Kerala,masters,60.0,338000.0,3,999,1,0,0,1,1,0,69.0,Borderline
ARG45,33,male,Tamil Nadu,phd,76.0,831000.0,2,999,1,0,0,1,0,1,65.4,Borderline
ARG45,25,female,Telangana,phd,55.7,349000.0,85,999,1,0,0,1,1,1,62.28,Eligible
AZKMI,25,male,Meghalaya,postdoc,91.9,719000.0,999,22,0,0,0,1,1,1,71.76,Ineligible
BPVGK,16,male,Maharashtra,10th,78.7,325000.0,999,999,1,0,0,1,1,1,59.48,Ineligible
ARG45,32,male,Sikkim,phd,52.3,453000.0,3,999,1,0,0,1,1,1,60.92,Ineligible
ARG45,25,female,Gujarat,phd,78.1,156000.0,140,999,1,0,0,1,0,1,69.24,Borderline
ARG45,28,female,Karnataka,phd,61.1,841000.0,5,999,1,0,0,1,1,1,64.44,Eligible
AZKMI,37,female,Chhattisgarh,postdoc,77.9,404000.0,999,6,1,0,0,1,1,1,76.16,Ineligible
BVOBC,23,female,Andhra Pradesh,bachelors,66.6,238000.0,5,999,1,0,0,1,1,1,76.64,Eligible
AZKMI,38,other,Jharkhand,masters,90.1,843000.0,999,3,0,0,0,1,1,1,71.04,Ineligible
ARG45,31,female,Meghalaya,phd,53.6,492000.0,250,999,1,0,0,1,1,1,49.44,Ineligible
BPVGK,16,female,Sikkim,10th,59.2,106000.0,999,999,1,0,0,1,1,1,61.68,Eligible
BVOBC,21,female,Mizoram,12th,46.5,398000.0,5,999,1,0,0,1,1,1,68.6,Ineligible
ARG45,31,female,Kerala,masters,77.1,649000.0,1,999,0,0,0,0,1,1,70.84,Ineligible
A023B,22,male,Tripura,bachelors,87.8,682000.0,85,999,1,0,0,1,1,1,60.12,Ineligible
ARG45,22,male,Meghalaya,phd,70.1,108000.0,2,999,1,1,47,1,1,1,83.04,Eligible
BPVGK,16,male,Jharkhand,10th,55.8,190000.0,999,999,1,0,0,1,1,1,55.32,Eligible
A023B,24,male,Madhya Pradesh,masters,86.5,319000.0,110,999,1,0,0,1,1,1,62.6,Ineligible
BVOBC,18,female,Karnataka,12th,68.9,372000.0,110,999,1,0,0,0,1,1,60.56,Ineligible
ARG45,22,female,Sikkim,phd,78.2,501000.0,78,999,1,1,53,1,0,1,71.28,Borderline
AZKMI,24,male,Chhattisgarh,masters,83.2,517000.0,999,2,0,0,0,1,1,1,73.28,Ineligible
AZKMI,21,female,Tripura,masters,61.4,693000.0,999,4,1,0,0,1,1,1,64.56,Ineligible
ARG45,30,female,Nagaland,phd,85.9,430000.0,95,999,1,0,0,1,1,1,69.36,Eligible
BVOBC,21,male,Madhya Pradesh,12th,80.3,251000.0,85,999,1,0,0,1,0,1,67.12,Ineligible
BPVGK,14,female,Mizoram,10th,66.1,109000.0,999,999,1,0,0,1,1,1,64.44,Eligible
BPVGK,14,male,Kerala,10th,67.9,159000.0,999,999,1,0,0,1,1,1,60.16,Eligible
BVOBC,18,male,Maharashtra,bachelors,69.5,254000.0,85,999,1,1,55,1,1,1,67.8,Ineligible
ARG45,22,other,Meghalaya,phd,69.7,256000.0,2,999,1,0,0,1,1,1,72.88,Eligible
ARG45,29,female,Assam,masters,84.4,411000.0,1,999,1,0,0,1,1,1,78.76,Eligible
BPVGK,17,female,Sikkim,10th,53.7,163000.0,999,999,1,0,0,1,1,1,59.48,Eligible
ARG45,32,male,Chhattisgarh,phd,92.2,753000.0,85,999,1,0,0,0,0,1,61.88,Borderline
ARG45,36,male,Assam,masters,52.3,332000.0,2,999,1,0,0,1,1,1,65.92,Ineligible
BVOBC,22,female,Sikkim,12th,56.9,314000.0,88,999,1,0,0,1,1,1,62.76,Ineligible
BPVGK,16,female,Karnataka,10th,54.7,64000.0,999,999,1,0,0,1,1,1,59.88,Eligible
ARG45,27,female,Kerala,masters,86.9,791000.0,59,999,1,0,0,0,1,1,64.76,Ineligible
AZKMI,27,male,Rajasthan,masters,57.2,491000.0,999,22,1,0,0,1,1,1,62.88,Eligible
BPVGK,16,female,Manipur,10th,93.4,293000.0,999,999,1,0,0,1,1,1,70.36,Ineligible
AZKMI,27,female,Karnataka,phd,50.7,686000.0,999,21,1,0,0,1,1,0,60.28,Ineligible
BVOBC,23,male,Andhra Pradesh,bachelors,52.7,113000.0,78,999,1,0,0,1,1,1,61.08,Eligible
ARG45,29,female,Mizoram,phd,55.5,883000.0,78,999,1,0,0,1,1,1,52.2,Eligible
BPVGK,15,female,Jharkhand,10th,59.6,87000.0,999,999,1,1,48,1,0,1,66.84,Borderline
BPVGK,15,female,Rajasthan,10th,81.8,303000.0,999,999,1,0,0,1,1,1,65.72,Ineligible
BVOBC,18,female,Maharashtra,12th,61.2,385000.0,1,999,1,0,0,1,1,1,74.48,Ineligible
BPVGK,14,male,Kerala,10th,66.1,181000.0,999,999,1,0,0,1,1,1,59.44,Eligible
BVOBC,20,male,Madhya Pradesh,12th,47.0,54000.0,2,999,1,0,0,1,1,1,68.8,Ineligible
ARG45,22,male,Maharashtra,phd,76.3,756000.0,59,999,1,0,0,1,1,1,55.52,Eligible
A023B,20,male,Rajasthan,bachelors,74.8,588000.0,3,999,1,0,0,1,1,1,69.92,Eligible
AZKMI,21,male,Karnataka,phd,84.8,468000.0,999,650,1,0,0,1,1,1,53.92,Ineligible
ARG45,30,female,Tamil Nadu,masters,61.5,258000.0,3,999,1,0,0,1,1,1,74.6,Eligible
AZKMI,33,female,Madhya Pradesh,masters,82.7,339000.0,999,21,1,0,0,1,1,1,83.08,Eligible
BVOBC,21,male,Kerala,bachelors,85.2,280000.0,72,999,1,0,0,1,1,1,69.08,Ineligible
AZKMI,31,male,Nagaland,masters,81.5,259000.0,999,32,1,0,0,1,1,1,77.6,Eligible
AZKMI,23,female,Madhya Pradesh,phd,60.5,582000.0,999,21,1,0,0,1,1,1,69.2,Eligible
ARG45,33,male,Manipur,masters,90.3,668000.0,2,999,1,0,0,1,1,1,71.12,Eligible
A023B,25,female,Rajasthan,bachelors,65.4,520000.0,6,999,1,0,0,1,1,1,71.16,Eligible
BPVGK,14,male,Kerala,10th,83.0,281000.0,999,999,1,0,0,1,1,1,61.2,Ineligible
A023B,21,male,Madhya Pradesh,masters,55.6,250000.0,5,999,1,0,0,1,1,1,67.24,Eligible
A023B,20,female,Madhya Pradesh,masters,96.7,320000.0,1,999,1,0,0,1,0,1,88.68,Borderline
BPVGK,14,male,Maharashtra,10th,92.9,128000.0,999,999,1,0,0,1,1,1,70.16,Eligible
AZKMI,35,male,Meghalaya,phd,59.2,131000.0,999,6,1,0,0,1,1,1,73.68,Eligible
AZKMI,25,male,Madhya Pradesh,masters,53.3,655000.0,999,32,1,0,0,0,1,1,56.32,Ineligible
ARG45,25,male,Mizoram,masters,74.9,497000.0,2,999,1,0,0,1,1,1,69.96,Eligible
ARG45,34,female,Nagaland,phd,69.2,829000.0,78,999,1,0,0,1,1,1,57.68,Eligible
A023B,24,male,Maharashtra,masters,74.3,123000.0,72,999,1,0,0,0,1,1,69.72,Ineligible
BVOBC,22,female,Arunachal Pradesh,12th,82.3,91000.0,1,999,1,0,0,1,1,1,87.92,Eligible
ARG45,26,female,Rajasthan,phd,69.3,247000.0,65,999,1,0,0,1,1,1,67.72,Eligible
ARG45,24,male,Meghalaya,masters,53.3,671000.0,88,999,0,0,0,1,1,1,46.32,Ineligible
BPVGK,17,female,Gujarat,10th,85.5,330000.0,999,999,1,0,0,1,1,1,67.2,Ineligible
A023B,20,female,Mizoram,masters,90.4,509000.0,85,999,1,0,0,1,1,1,71.16,Eligible
A023B,21,female,Karnataka,bachelors,89.1,675000.0,5,999,1,0,0,1,1,1,75.64,Ineligible
A023B,23,female,Tripura,bachelors,77.8,285000.0,2,999,1,0,0,1,1,0,81.12,Borderline
ARG45,34,female,Chhattisgarh,masters,79.4,75000.0,1,999,1,0,0,1,1,1,86.76,Eligible
BPVGK,16,male,Mizoram,10th,85.2,31000.0,999,999,1,0,0,0,1,0,67.08,Borderline
BVOBC,18,female,Karnataka,12th,92.5,223000.0,2,999,1,0,0,1,1,1,87.0,Eligible
AZKMI,35,female,Nagaland,postdoc,62.7,140000.0,999,2,1,0,0,0,1,1,80.08,Ineligible
BPVGK,16,male,Telangana,10th,87.4,55000.0,999,999,1,0,0,1,1,1,67.96,Eligible
ARG45,34,male,Rajasthan,masters,78.3,394000.0,250,999,1,0,0,1,1,1,59.32,Eligible
BVOBC,21,female,Tamil Nadu,bachelors,84.5,255000.0,72,999,1,0,0,1,1,0,73.8,Ineligible
A023B,25,male,Telangana,masters,76.1,686000.0,1,999,1,0,0,1,1,1,65.44,Ineligible
AZKMI,34,male,Karnataka,masters,80.8,191000.0,999,6,1,0,0,1,1,1,82.32,Eligible
A023B,20,male,Kerala,masters,58.0,436000.0,2,999,1,0,0,1,1,1,63.2,Eligible
AZKMI,21,male,Maharashtra,masters,88.3,124000.0,999,32,0,0,0,1,1,1,85.32,Ineligible
A023B,19,male,Meghalaya,bachelors,86.9,113000.0,2,999,1,0,0,1,1,1,84.76,Eligible
AZKMI,29,female,Arunachal Pradesh,masters,58.5,551000.0,999,4,1,0,0,1,1,1,68.4,Eligible
AZKMI,21,male,Jharkhand,postdoc,72.4,626000.0,999,21,1,0,0,1,1,1,63.96,Ineligible
AZKMI,35,female,Maharashtra,masters,92.6,448000.0,999,2,1,0,0,1,1,1,82.04,Eligible
ARG45,24,male,Andhra Pradesh,phd,56.7,718000.0,2,999,1,0,0,1,1,1,57.68,Eligible
ARG45,26,male,Gujarat,phd,65.8,549000.0,95,999,1,0,0,1,1,1,56.32,Eligible
ARG45,27,female,Telangana,phd,81.5,560000.0,65,999,0,0,0,1,1,1,67.6,Ineligible
ARG45,32,male,Arunachal Pradesh,phd,74.8,822000.0,5,999,1,0,0,1,1,1,64.92,Eligible
AZKMI,30,male,Tamil Nadu,phd,64.7,412000.0,999,21,1,0,0,1,1,1,65.88,Eligible
A023B,20,male,Assam,bachelors,96.2,92000.0,3,999,1,0,0,1,1,1,88.48,Eligible
BVOBC,22,female,Meghalaya,12th,45.2,93000.0,1,999,1,0,0,0,1,1,73.08,Ineligible
ARG45,27,male,Rajasthan,masters,84.8,820000.0,6,999,1,0,0,1,1,1,68.92,Eligible
AZKMI,37,male,Tripura,masters,75.0,941000.0,999,32,1,0,0,1,1,1,65.0,Ineligible
BVOBC,20,other,Maharashtra,12th,54.0,378000.0,72,999,1,0,0,1,1,1,56.6,Ineligible
BVOBC,23,male,Madhya Pradesh,12th,52.5,370000.0,2,999,1,1,46,1,1,1,71.0,Ineligible
BVOBC,21,male,Maharashtra,bachelors,78.8,337000.0,5,999,1,0,0,1,1,1,76.52,Ineligible
ARG45,36,female,Telangana,phd,86.1,709000.0,1,999,0,0,0,1,1,1,74.44,Ineligible
ARG45,34,female,Meghalaya,phd,79.1,501000.0,78,999,1,0,0,1,1,1,66.64,Eligible
BPVGK,14,other,Odisha,10th,86.5,280000.0,999,999,1,0,0,1,1,1,62.6,Ineligible
ARG45,27,female,Tripura,phd,76.2,431000.0,140,999,0,0,0,1,1,1,58.48,Ineligible
BVOBC,20,female,Manipur,bachelors,84.1,252000.0,65,999,1,0,0,1,1,1,73.64,Ineligible
BVOBC,17,male,Nagaland,bachelors,67.3,303000.0,78,999,1,0,0,1,1,1,61.92,Ineligible
A023B,18,male,Telangana,masters,81.0,369000.0,85,999,1,0,0,1,1,1,67.4,Eligible
BVOBC,24,male,Manipur,12th,90.8,201000.0,65,999,1,0,0,1,1,1,71.32,Eligible
BPVGK,16,female,Sikkim,10th,61.6,155000.0,999,999,1,0,0,1,1,1,62.64,Eligible
ARG45,35,male,Sikkim,phd,61.7,568000.0,250,999,1,0,0,1,1,1,47.68,Eligible
BVOBC,17,male,Andhra Pradesh,12th,45.9,100000.0,72,999,1,0,0,0,1,1,58.36,Ineligible
BVOBC,20,male,Jharkhand,bachelors,51.2,232000.0,2,999,1,0,0,1,1,1,65.48,Eligible
ARG45,22,male,Tamil Nadu,masters,72.9,779000.0,85,999,1,0,0,1,1,1,54.16,Eligible
ARG45,33,male,Chhattisgarh,phd,85.8,84000.0,5,999,1,0,0,1,1,1,84.32,Eligible
A023B,23,male,Karnataka,masters,64.8,580000.0,3,999,1,0,0,1,1,1,65.92,Eligible
BPVGK,17,female,Kerala,10th,55.5,215000.0,999,999,1,0,0,1,1,1,55.2,Eligible
BPVGK,15,male,Karnataka,10th,90.4,276000.0,999,999,1,0,0,1,1,1,64.16,Ineligible
BPVGK,14,male,Karnataka,10th,68.4,152000.0,999,999,1,0,0,1,1,1,60.36,Eligible
BPVGK,14,female,Meghalaya,10th,72.3,56000.0,999,999,1,0,0,1,1,1,66.92,Eligible
BVOBC,20,female,Manipur,12th,82.6,397000.0,65,999,1,0,0,1,1,1,73.04,Ineligible
ARG45,33,female,Assam,phd,91.7,837000.0,1,999,1,0,0,1,1,1,76.68,Eligible
AZKMI,25,male,Andhra Pradesh,masters,53.1,209000.0,999,6,1,0,0,1,1,1,66.24,Ineligible
A023B,25,female,Sikkim,bachelors,75.0,416000.0,5,999,1,0,0,1,1,1,75.0,Eligible
AZKMI,35,female,Manipur,phd,90.3,777000.0,999,37,1,0,0,1,1,1,76.12,Ineligible
A023B,24,male,Telangana,masters,87.5,368000.0,3,999,1,0,0,1,1,1,80.0,Eligible
BVOBC,18,female,Tamil Nadu,12th,84.9,48000.0,140,999,1,1,74,1,1,1,76.96,Eligible
BPVGK,15,other,Telangana,10th,81.6,95000.0,999,999,1,0,0,1,1,1,65.64,Eligible
BVOBC,17,female,Maharashtra,12th,76.8,123000.0,6,999,1,0,0,1,0,1,85.72,Borderline
AZKMI,30,female,Mizoram,phd,91.0,952000.0,999,21,1,0,0,1,1,1,76.4,Ineligible
BVOBC,18,male,Sikkim,bachelors,60.9,187000.0,110,999,1,0,0,1,1,1,57.36,Eligible
BVOBC,23,female,Jharkhand,12th,56.2,194000.0,1,999,1,0,0,1,1,1,77.48,Eligible
ARG45,35,male,Tamil Nadu,masters,91.0,517000.0,250,999,1,0,0,1,1,1,59.4,Eligible
A023B,24,female,Madhya Pradesh,bachelors,68.6,738000.0,5,999,1,0,0,1,1,1,67.44,Ineligible
BPVGK,14,female,Manipur,10th,75.4,91000.0,999,999,1,0,0,1,1,1,68.16,Eligible
BPVGK,15,female,Andhra Pradesh,10th,89.2,190000.0,999,999,1,0,0,1,1,1,73.68,Eligible
AZKMI,26,male,Odisha,masters,75.3,163000.0,999,4,1,1,55,1,1,1,85.12,Eligible
AZKMI,21,female,Sikkim,masters,93.7,541000.0,999,37,1,0,0,1,1,0,82.48,Borderline
AZKMI,38,female,Arunachal Pradesh,phd,73.9,373000.0,999,32,1,0,0,1,1,1,79.56,Ineligible
BPVGK,14,female,Nagaland,10th,76.2,31000.0,999,999,1,0,0,1,1,1,68.48,Eligible
A023B,22,female,Telangana,bachelors,71.0,370000.0,1,999,1,0,0,1,1,1,78.4,Eligible
ARG45,27,male,Odisha,masters,74.7,655000.0,140,999,1,0,0,1,1,1,47.88,Eligible
BVOBC,19,male,Odisha,bachelors,76.5,362000.0,2,999,1,0,0,1,1,1,75.6,Ineligible
A023B,23,female,Nagaland,masters,81.9,258000.0,1,999,1,0,0,1,1,1,82.76,Eligible
A023B,25,female,Tripura,bachelors,79.2,771000.0,65,999,1,0,0,1,1,1,61.68,Ineligible
BVOBC,17,male,Nagaland,bachelors,55.6,299000.0,1,999,1,1,77,1,1,1,72.24,Ineligible
AZKMI,32,female,Tripura,phd,61.3,711000.0,999,4,1,0,0,1,1,1,64.52,Ineligible
AZKMI,29,male,Karnataka,postdoc,58.1,214000.0,999,1,1,0,0,1,1,1,68.24,Eligible
A023B,25,male,Madhya Pradesh,masters,92.8,794000.0,2,999,1,0,0,1,1,1,72.12,Ineligible
A023B,22,female,Odisha,bachelors,69.5,583000.0,2,999,1,0,0,1,0,1,72.8,Borderline
BPVGK,15,male,Meghalaya,10th,91.2,54000.0,999,999,1,0,0,1,1,1,69.48,Eligible
AZKMI,37,male,Arunachal Pradesh,postdoc,82.0,645000.0,999,8,0,0,0,1,1,1,67.8,Ineligible
BVOBC,18,female,Karnataka,bachelors,81.3,225000.0,65,999,1,0,0,1,1,1,72.52,Eligible
A023B,22,male,Telangana,masters,85.3,220000.0,2,999,1,0,0,0,1,1,79.12,Ineligible
A023B,23,male,Sikkim,masters,78.7,445000.0,5,999,1,1,42,1,1,1,76.48,Eligible
ARG45,26,female,Sikkim,masters,93.8,120000.0,88,999,1,0,0,1,1,1,82.52,Eligible
BPVGK,17,female,Tripura,10th,89.4,230000.0,999,999,1,0,0,1,1,1,68.76,Eligible
ARG45,22,other,Kerala,phd,61.5,260000.0,2,999,1,0,0,1,1,1,69.6,Eligible
A023B,21,female,Tripura,bachelors,65.3,321000.0,5,999,1,0,0,1,1,1,76.12,Eligible
BVOBC,22,female,Gujarat,bachelors,71.1,375000.0,1,999,1,0,0,1,0,1,78.44,Ineligible
BVOBC,22,male,Tripura,12th,58.2,260000.0,3,999,1,0,0,1,1,1,68.28,Ineligible
A023B,24,female,Odisha,masters,72.6,145000.0,5,999,1,1,50,1,1,1,89.04,Eligible
BVOBC,19,male,Madhya Pradesh,bachelors,80.4,320000.0,95,999,1,0,0,1,1,1,67.16,Ineligible
AZKMI,23,male,Mizoram,masters,56.0,889000.0,999,2,1,0,0,1,1,0,57.4,Ineligible
BPVGK,17,female,Andhra Pradesh,10th,88.2,268000.0,999,999,1,0,0,1,1,1,68.28,Ineligible
BVOBC,18,male,Rajasthan,12th,84.0,211000.0,65,999,1,0,0,1,1,1,68.6,Eligible
AZKMI,38,female,Karnataka,phd,61.9,205000.0,999,650,1,0,0,1,1,1,54.76,Ineligible
BPVGK,16,male,Gujarat,10th,87.7,102000.0,999,999,1,0,0,1,1,1,68.08,Eligible
A023B,21,female,Jharkhand,masters,70.0,295000.0,5,999,1,0,0,1,1,1,78.0,Eligible
A023B,25,male,Rajasthan,bachelors,96.0,174000.0,85,999,1,0,0,1,1,1,78.4,Eligible
BVOBC,22,female,Mizoram,12th,48.5,64000.0,3,999,1,0,0,1,1,1,74.4,Ineligible
AZKMI,28,female,Manipur,masters,53.8,615000.0,999,8,1,0,0,1,1,0,61.52,Ineligible
BPVGK,14,male,Mizoram,10th,58.0,77000.0,999,999,1,0,0,1,1,1,56.2,Eligible
BVOBC,18,male,Andhra Pradesh,12th,87.7,269000.0,85,999,1,1,68,1,0,1,75.08,Ineligible
BPVGK,17,female,Jharkhand,10th,75.4,143000.0,999,999,1,1,66,1,1,1,73.16,Eligible
A023B,23,female,Maharashtra,masters,95.5,452000.0,95,999,1,0,0,1,1,1,73.2,Eligible
AZKMI,32,male,Sikkim,phd,72.4,641000.0,999,4,1,0,0,1,1,1,63.96,Ineligible
BVOBC,21,female,Jharkhand,bachelors,52.2,127000.0,250,999,1,0,0,0,0,1,58.88,Borderline
ARG45,32,male,Kerala,phd,53.7,796000.0,6,999,1,0,0,1,1,1,56.48,Ineligible
ARG45,29,female,Sikkim,masters,89.5,364000.0,1,999,1,0,0,1,1,1,85.8,Eligible
ARG45,24,male,Tripura,masters,65.2,418000.0,1,999,1,0,0,1,1,1,66.08,Eligible
BVOBC,18,male,Gujarat,bachelors,90.7,188000.0,59,999,1,0,0,1,0,1,76.28,Borderline
ARG45,33,female,Tamil Nadu,phd,90.5,131000.0,88,999,1,0,0,1,1,1,81.2,Eligible
ARG45,26,male,Jharkhand,masters,59.8,365000.0,65,999,1,0,0,1,1,1,58.92,Eligible
ARG45,33,female,Kerala,masters,52.5,504000.0,140,999,1,0,0,1,1,1,49.0,Ineligible
AZKMI,32,male,Nagaland,masters,88.2,496000.0,999,22,1,0,0,1,1,1,75.28,Eligible
AZKMI,36,male,Kerala,phd,51.0,643000.0,999,4,1,0,0,1,1,1,55.4,Ineligible
AZKMI,33,male,Maharashtra,masters,77.6,902000.0,999,4,1,0,0,0,1,1,66.04,Ineligible
BVOBC,20,female,Jharkhand,bachelors,68.3,220000.0,2,999,1,0,0,1,1,1,77.32,Eligible
ARG45,34,female,Rajasthan,masters,94.8,833000.0,88,999,1,0,0,1,1,1,67.92,Eligible
AZKMI,27,male,Sikkim,masters,89.3,745000.0,999,14,1,0,0,1,1,1,70.72,Ineligible
A023B,19,female,Tripura,masters,84.1,714000.0,2,999,1,0,0,1,1,1,73.64,Ineligible
BPVGK,16,other,Chhattisgarh,10th,76.9,71000.0,999,999,1,0,0,1,1,1,63.76,Eligible
A023B,18,female,Tamil Nadu,masters,72.0,151000.0,1,999,1,1,60,1,1,1,88.8,Eligible
A023B,24,male,Karnataka,bachelors,58.7,479000.0,65,999,1,0,0,1,1,1,53.48,Eligible
A023B,24,female,Madhya Pradesh,bachelors,82.6,336000.0,6,999,1,0,0,1,1,1,83.04,Eligible
ARG45,29,female,Tamil Nadu,phd,77.5,348000.0,2,999,1,0,0,1,1,1,81.0,Eligible
ARG45,36,male,Madhya Pradesh,phd,82.0,130000.0,85,999,1,0,0,1,1,1,72.8,Eligible
ARG45,24,male,Andhra Pradesh,phd,92.8,367000.0,6,999,1,0,0,1,1,1,82.12,Eligible
ARG45,35,female,Tamil Nadu,masters,64.6,659000.0,1,999,0,0,0,1,1,1,65.84,Ineligible
ARG45,28,female,Meghalaya,masters,84.7,116000.0,3,999,1,0,0,1,1,1,88.88,Eligible
ARG45,35,female,Karnataka,masters,65.7,633000.0,72,999,0,0,0,1,1,1,56.28,Ineligible
ARG45,29,female,Mizoram,masters,93.2,545000.0,140,999,1,0,0,1,1,1,65.28,Eligible
BVOBC,24,male,Meghalaya,bachelors,58.0,359000.0,2,999,1,0,0,1,1,1,68.2,Ineligible
ARG45,33,male,Rajasthan,masters,58.5,308000.0,88,999,0,0,0,0,1,1,58.4,Ineligible
BVOBC,24,male,Assam,bachelors,82.2,165000.0,250,999,1,0,0,1,1,1,65.88,Eligible
ARG45,32,female,Andhra Pradesh,masters,55.8,525000.0,65,999,1,0,0,1,1,1,57.32,Eligible
A023B,22,female,Nagaland,masters,93.2,169000.0,72,999,1,0,0,1,1,1,82.28,Eligible
BVOBC,23,male,Karnataka,12th,81.9,146000.0,140,999,1,0,0,1,1,1,65.76,Eligible
ARG45,24,female,Mizoram,masters,70.7,260000.0,1,999,1,0,0,1,1,0,78.28,Borderline
BPVGK,15,female,Tamil Nadu,10th,53.3,317000.0,999,999,1,0,0,1,1,1,54.32,Ineligible
ARG45,29,male,Maharashtra,phd,79.3,597000.0,85,999,1,0,0,1,1,1,61.72,Eligible
BPVGK,17,male,Manipur,10th,89.0,258000.0,999,999,1,0,0,1,1,1,63.6,Ineligible
ARG45,36,male,Maharashtra,masters,51.5,317000.0,6,999,1,0,0,0,1,1,65.6,Ineligible
ARG45,25,female,Karnataka,phd,66.8,705000.0,1,999,1,0,0,1,1,1,66.72,Eligible
BVOBC,23,female,Karnataka,bachelors,73.9,270000.0,1,999,1,0,0,1,1,1,79.56,Ineligible
BVOBC,24,female,Madhya Pradesh,bachelors,88.5,81000.0,2,999,1,0,0,1,1,1,90.4,Eligible
AZKMI,36,female,Maharashtra,phd,58.5,868000.0,999,37,1,0,0,1,1,1,63.4,Ineligible
A023B,24,female,Tripura,bachelors,65.5,296000.0,85,999,1,0,0,1,1,1,66.2,Eligible
A023B,23,female,Sikkim,masters,83.7,162000.0,59,999,1,0,0,0,1,1,78.48,Ineligible
BPVGK,17,female,Chhattisgarh,10th,69.1,235000.0,999,999,1,0,0,1,1,1,60.64,Eligible
ARG45,25,female,Gujarat,masters,61.7,367000.0,1,999,1,0,0,1,1,1,74.68,Eligible
A023B,20,female,Manipur,bachelors,85.3,717000.0,59,999,1,0,0,1,1,1,64.12,Ineligible
BPVGK,16,male,Arunachal Pradesh,10th,73.2,205000.0,999,999,1,0,0,1,1,1,57.28,Eligible
ARG45,31,female,Kerala,masters,72.9,186000.0,1,999,1,0,0,1,1,1,84.16,Eligible
BPVGK,15,male,Manipur,10th,75.7,196000.0,999,999,1,0,0,1,1,1,63.28,Eligible
AZKMI,29,male,Arunachal Pradesh,phd,85.0,503000.0,999,14,1,0,0,1,1,1,74.0,Eligible
ARG45,35,female,Tamil Nadu,masters,79.8,888000.0,110,999,1,0,0,1,0,1,54.92,Borderline
BVOBC,22,female,Odisha,12th,81.7,240000.0,78,999,1,0,0,1,1,1,72.68,Eligible
AZKMI,30,male,Kerala,postdoc,89.9,641000.0,999,32,1,0,0,1,1,1,70.96,Ineligible
AZKMI,30,female,Assam,masters,63.3,174000.0,999,4,1,0,0,1,1,1,80.32,Eligible
A023B,18,male,Rajasthan,bachelors,57.1,250000.0,6,999,1,0,0,1,1,1,67.84,Eligible
ARG45,26,male,Kerala,phd,51.6,697000.0,6,999,1,0,0,1,1,1,55.64,Ineligible
BVOBC,23,male,Sikkim,12th,50.1,161000.0,250,999,1,0,0,1,1,1,53.04,Eligible
BVOBC,22,female,Assam,bachelors,75.5,390000.0,88,999,1,0,0,1,1,1,70.2,Ineligible
AZKMI,32,male,Telangana,postdoc,88.2,352000.0,999,22,1,0,0,1,1,1,80.28,Eligible
BVOBC,21,female,Telangana,12th,95.5,69000.0,2,999,1,0,0,1,1,1,93.2,Eligible
BPVGK,15,female,Andhra Pradesh,10th,68.2,102000.0,999,999,1,1,65,1,1,0,70.28,Borderline
ARG45,30,female,Gujarat,phd,52.6,329000.0,2,999,1,0,0,1,1,1,71.04,Ineligible
A023B,18,female,Nagaland,bachelors,79.5,264000.0,1,999,1,0,0,1,1,1,81.8,Eligible
A023B,18,male,Mizoram,bachelors,73.7,384000.0,1,999,1,0,0,1,1,1,74.48,Eligible
BVOBC,20,female,Sikkim,12th,47.1,271000.0,3,999,1,0,0,1,1,1,68.84,Ineligible
AZKMI,33,female,Karnataka,masters,78.5,749000.0,999,32,1,0,0,0,1,1,71.4,Ineligible
BVOBC,17,male,Karnataka,12th,68.1,208000.0,59,999,1,0,0,1,1,1,62.24,Eligible
AZKMI,22,female,Chhattisgarh,phd,87.7,404000.0,999,8,1,0,0,1,1,1,80.08,Eligible
ARG45,23,female,Karnataka,masters,91.2,180000.0,6,999,1,0,0,1,1,1,91.48,Eligible
BVOBC,19,female,Gujarat,12th,60.4,233000.0,1,999,1,0,0,1,1,1,74.16,Eligible
ARG45,31,female,Sikkim,masters,83.3,589000.0,95,999,1,0,0,1,1,1,68.32,Eligible
BVOBC,18,female,Assam,12th,55.7,45000.0,72,999,1,0,0,1,1,1,67.28,Eligible
ARG45,33,male,Manipur,phd,77.1,126000.0,3,999,0,1,70,1,1,1,85.84,Ineligible
BPVGK,15,male,Nagaland,10th,83.7,210000.0,999,999,1,0,0,1,1,1,61.48,Eligible
BVOBC,20,female,Gujarat,bachelors,83.2,309000.0,1,999,1,0,0,0,1,1,83.28,Ineligible
BPVGK,16,female,Arunachal Pradesh,10th,89.3,314000.0,999,999,1,0,0,1,1,1,68.72,Ineligible
A023B,22,male,Madhya Pradesh,bachelors,89.3,724000.0,3,999,1,1,79,1,1,1,75.72,Ineligible
A023B,21,male,Manipur,bachelors,56.8,733000.0,5,999,1,0,0,1,1,1,57.72,Ineligible
ARG45,36,female,Assam,phd,63.5,682000.0,250,999,1,0,0,1,1,1,48.4,Eligible
AZKMI,29,female,Karnataka,phd,56.8,323000.0,999,6,1,0,0,1,1,1,72.72,Eligible
AZKMI,25,female,Andhra Pradesh,postdoc,80.2,271000.0,999,3,1,1,53,1,1,1,87.08,Eligible
ARG45,31,male,Kerala,masters,91.8,261000.0,72,999,0,0,0,1,1,1,71.72,Ineligible
BPVGK,17,female,Odisha,10th,55.2,48000.0,999,999,1,0,0,1,1,1,60.08,Eligible
AZKMI,35,male,Karnataka,phd,87.5,929000.0,999,37,1,0,0,1,1,1,70.0,Ineligible
BVOBC,17,male,Arunachal Pradesh,bachelors,53.7,251000.0,95,999,1,0,0,1,1,1,56.48,Ineligible
BPVGK,14,male,Nagaland,10th,71.4,333000.0,999,999,1,0,0,1,1,1,56.56,Ineligible
ARG45,30,female,Chhattisgarh,masters,88.0,333000.0,2,999,1,0,0,1,1,1,85.2,Eligible
ARG45,22,female,Tamil Nadu,phd,62.3,534000.0,95,999,1,0,0,1,1,1,59.92,Eligible
AZKMI,21,other,Andhra Pradesh,phd,55.7,145000.0,999,6,1,0,0,1,1,1,72.28,Eligible
BVOBC,19,female,Assam,12th,89.5,228000.0,5,999,1,0,0,1,1,1,85.8,Eligible
AZKMI,23,male,Maharashtra,masters,59.7,773000.0,999,3,1,0,0,1,1,1,58.88,Ineligible
AZKMI,35,male,Jharkhand,phd,80.1,767000.0,999,8,1,0,0,1,0,1,67.04,Ineligible
A023B,22,female,Tripura,bachelors,71.4,304000.0,6,999,1,0,0,1,1,1,78.56,Eligible
BVOBC,21,male,Kerala,bachelors,78.9,203000.0,72,999,1,0,0,1,1,1,66.56,Eligible
ARG45,25,female,Meghalaya,masters,80.0,768000.0,88,999,1,0,0,1,1,1,62.0,Eligible
BPVGK,17,female,Jharkhand,10th,51.3,79000.0,999,999,1,0,0,0,1,1,58.52,Ineligible
BVOBC,21,male,Meghalaya,12th,67.6,110000.0,1,999,1,0,0,1,1,1,77.04,Eligible
BPVGK,16,male,Tripura,10th,61.8,278000.0,999,999,1,0,0,1,1,1,52.72,Ineligible
BPVGK,16,female,Karnataka,10th,82.8,335000.0,999,999,1,1,52,1,1,1,71.12,Ineligible
A023B,22,female,Rajasthan,masters,69.0,473000.0,65,999,1,0,0,1,1,1,62.6,Eligible
AZKMI,28,male,Kerala,phd,50.8,505000.0,999,21,1,0,0,1,1,1,60.32,Ineligible
ARG45,35,male,Gujarat,phd,86.2,320000.0,59,999,1,0,0,1,1,1,69.48,Eligible
ARG45,27,male,Sikkim,masters,54.6,885000.0,6,999,1,0,0,1,1,1,56.84,Ineligible
ARG45,36,male,Meghalaya,masters,51.5,323000.0,1,999,1,0,0,1,1,1,65.6,Ineligible
ARG45,30,female,Odisha,phd,92.9,285000.0,250,999,1,0,0,1,1,0,70.16,Borderline
A023B,23,female,Assam,bachelors,82.0,755000.0,3,999,1,0,0,1,1,1,72.8,Ineligible
ARG45,28,male,Telangana,masters,92.3,656000.0,72,999,1,0,0,1,0,1,61.92,Borderline
BVOBC,19,male,Rajasthan,12th,62.6,338000.0,95,999,1,0,0,1,1,1,60.04,Ineligible
BVOBC,20,male,Rajasthan,12th,59.8,130000.0,5,999,1,0,0,1,1,1,73.92,Eligible
BPVGK,16,male,Tripura,10th,59.6,106000.0,999,999,1,0,0,1,0,1,56.84,Borderline
AZKMI,28,male,Assam,masters,52.3,196000.0,999,32,1,0,0,1,1,1,70.92,Ineligible
ARG45,34,female,Kerala,phd,57.6,776000.0,1,999,1,0,0,1,1,1,63.04,Eligible
BPVGK,17,female,Nagaland,10th,93.6,316000.0,999,999,1,0,0,1,1,1,70.44,Ineligible
A023B,24,male,Karnataka,bachelors,65.0,409000.0,1,999,1,0,0,1,1,1,66.0,Eligible
BVOBC,23,male,Andhra Pradesh,12th,62.8,146000.0,72,999,1,0,0,1,1,1,65.12,Eligible
BVOBC,17,male,Karnataka,12th,93.8,100000.0,250,999,1,0,0,1,1,1,70.52,Eligible
ARG45,24,male,Gujarat,phd,93.5,306000.0,1,999,1,0,0,1,1,1,82.4,Eligible
AZKMI,28,male,Maharashtra,masters,51.3,189000.0,999,8,1,0,0,1,1,1,70.52,Ineligible
BVOBC,19,female,Gujarat,bachelors,56.5,269000.0,5,999,1,0,0,1,1,1,72.6,Ineligible
BVOBC,18,male,Madhya Pradesh,12th,87.2,92000.0,65,999,1,0,0,1,1,1,74.88,Eligible
BPVGK,17,female,Rajasthan,10th,54.5,262000.0,999,999,1,0,0,1,1,1,54.8,Ineligible
AZKMI,38,male,Tripura,masters,90.6,203000.0,999,32,1,0,0,1,0,1,81.24,Ineligible
A023B,21,female,Assam,masters,72.8,178000.0,65,999,1,0,0,1,1,1,74.12,Eligible
BPVGK,17,male,Sikkim,10th,58.8,162000.0,999,999,1,0,0,1,1,1,56.52,Eligible
ARG45,25,female,Andhra Pradesh,masters,71.4,639000.0,2,999,1,0,0,1,1,1,68.56,Eligible
ARG45,25,female,Chhattisgarh,masters,72.5,605000.0,65,999,1,0,0,1,1,1,59.0,Eligible
ARG45,28,male,Karnataka,masters,56.7,116000.0,1,999,1,0,0,1,0,1,72.68,Borderline
A023B,24,male,Tamil Nadu,masters,64.8,761000.0,85,999,1,0,0,1,1,1,50.92,Ineligible
A023B,21,male,Jharkhand,masters,94.1,521000.0,140,999,1,0,0,1,1,1,60.64,Ineligible
ARG45,24,male,Manipur,masters,83.4,304000.0,59,999,1,0,0,1,1,0,68.36,Borderline
A023B,25,male,Maharashtra,bachelors,58.9,390000.0,1,999,1,0,0,1,1,1,68.56,Eligible
BVOBC,21,female,Sikkim,12th,60.2,215000.0,1,999,1,0,0,1,1,1,74.08,Eligible
ARG45,29,male,Tripura,masters,81.3,176000.0,110,999,1,0,0,1,1,1,65.52,Eligible
BPVGK,15,male,Gujarat,10th,55.4,99000.0,999,999,1,1,69,1,1,1,60.16,Eligible
ARG45,27,male,Rajasthan,phd,59.9,215000.0,2,999,1,0,0,1,1,1,68.96,Eligible
AZKMI,35,female,Kerala,masters,64.8,705000.0,999,3,1,0,0,1,1,1,65.92,Ineligible
AZKMI,21,male,Arunachal Pradesh,masters,77.9,504000.0,999,32,1,0,0,1,1,1,71.16,Eligible
BPVGK,17,female,Chhattisgarh,10th,88.2,320000.0,999,999,1,0,0,1,1,1,68.28,Ineligible
A023B,24,male,Assam,bachelors,82.8,715000.0,2,999,1,0,0,1,1,1,68.12,Ineligible
BPVGK,14,female,Gujarat,10th,84.5,175000.0,999,999,1,0,0,1,1,1,71.8,Eligible
AZKMI,37,male,Telangana,postdoc,52.3,160000.0,999,8,0,0,0,1,1,0,70.92,Ineligible
BVOBC,23,male,Andhra Pradesh,12th,91.8,103000.0,59,999,1,0,0,1,1,1,76.72,Eligible
BPVGK,14,male,Jharkhand,10th,52.2,320000.0,999,999,1,0,0,1,1,1,48.88,Ineligible
A023B,25,male,Arunachal Pradesh,masters,79.1,367000.0,140,999,1,0,0,1,1,1,59.64,Ineligible
A023B,20,male,Rajasthan,bachelors,97.4,565000.0,85,999,1,0,0,1,1,1,68.96,Eligible
A023B,23,female,Meghalaya,masters,74.1,715000.0,2,999,1,0,0,1,0,0,69.64,Ineligible
BVOBC,21,male,Sikkim,bachelors,52.9,311000.0,6,999,1,1,60,1,1,1,71.16,Ineligible
AZKMI,29,female,Arunachal Pradesh,phd,55.0,644000.0,999,2,1,0,0,1,1,1,62.0,Ineligible
ARG45,36,male,Jharkhand,phd,75.6,455000.0,110,999,0,0,0,1,1,1,53.24,Ineligible
BVOBC,19,female,Arunachal Pradesh,12th,71.1,89000.0,88,999,1,0,0,1,1,1,73.44,Eligible
ARG45,28,other,Manipur,masters,78.5,151000.0,85,999,1,0,0,1,1,1,71.4,Eligible
A023B,24,female,Rajasthan,masters,66.2,195000.0,65,999,1,0,0,1,1,1,71.48,Eligible
ARG45,22,female,Tamil Nadu,masters,68.3,489000.0,140,999,1,0,0,0,1,0,55.32,Borderline
BVOBC,20,female,Chhattisgarh,12th,65.7,148000.0,1,999,1,0,0,1,0,1,81.28,Borderline
A023B,18,female,Odisha,masters,80.7,605000.0,5,999,1,0,0,1,1,1,72.28,Ineligible
AZKMI,24,male,Andhra Pradesh,masters,79.7,329000.0,999,22,0,0,0,1,1,1,76.88,Ineligible
A023B,21,male,Karnataka,bachelors,61.1,658000.0,2,999,1,0,0,1,1,1,59.44,Ineligible
BVOBC,22,female,Telangana,12th,82.2,131000.0,1,999,1,0,0,0,1,1,87.88,Ineligible
ARG45,34,male,Sikkim,phd,59.1,852000.0,85,999,1,0,0,1,1,1,48.64,Eligible
BVOBC,21,female,Arunachal Pradesh,bachelors,51.3,43000.0,5,999,1,0,0,1,0,1,75.52,Borderline
BPVGK,16,female,Karnataka,10th,72.3,86000.0,999,999,1,0,0,1,1,1,66.92,Eligible
A023B,20,male,Tamil Nadu,bachelors,57.7,285000.0,1,999,1,0,0,1,1,1,68.08,Eligible
AZKMI,34,male,Meghalaya,masters,70.5,271000.0,999,2,1,0,0,1,1,1,73.2,Eligible
BPVGK,17,female,Andhra Pradesh,10th,94.5,178000.0,999,999,1,0,0,1,1,1,75.8,Eligible
BVOBC,21,female,Manipur,12th,88.6,96000.0,1,999,1,0,0,1,1,1,90.44,Eligible
A023B,20,female,Chhattisgarh,masters,63.3,591000.0,88,999,1,0,0,1,0,1,60.32,Borderline
A023B,21,male,Kerala,bachelors,80.4,184000.0,2,999,1,0,0,1,1,1,82.16,Eligible
ARG45,22,male,Telangana,phd,57.4,311000.0,65,999,1,0,0,1,1,1,57.96,Eligible
ARG45,32,male,Chhattisgarh,masters,74.2,342000.0,110,999,1,0,0,1,1,1,57.68,Eligible
ARG45,25,male,Andhra Pradesh,phd,74.1,431000.0,59,999,1,0,0,1,1,1,59.64,Eligible
ARG45,36,male,Odisha,phd,77.3,811000.0,88,999,1,0,0,1,1,1,55.92,Eligible
BVOBC,18,male,Rajasthan,bachelors,64.5,181000.0,88,999,1,0,0,1,1,1,65.8,Eligible
ARG45,32,other,Assam,masters,50.4,202000.0,1,999,1,0,0,1,1,1,65.16,Ineligible
BVOBC,22,female,Mizoram,12th,86.1,156000.0,5,999,1,0,0,1,1,1,89.44,Eligible
BPVGK,14,male,Odisha,10th,60.3,215000.0,999,999,1,0,0,1,1,1,52.12,Eligible
BVOBC,21,male,Tamil Nadu,bachelors,88.1,182000.0,6,999,1,0,0,1,1,1,85.24,Eligible
A023B,19,female,Nagaland,bachelors,63.1,81000.0,2,999,1,1,48,1,0,1,85.24,Borderline
ARG45,25,female,Maharashtra,masters,59.1,385000.0,78,999,1,0,0,1,1,1,63.64,Eligible
AZKMI,25,male,Chhattisgarh,postdoc,70.2,669000.0,999,1,1,0,0,1,1,1,63.08,Ineligible
BVOBC,17,male,Meghalaya,bachelors,83.7,192000.0,140,999,1,0,0,1,1,1,66.48,Eligible
BVOBC,21,female,Manipur,bachelors,78.0,225000.0,95,999,1,0,0,1,1,1,71.2,Eligible
BVOBC,18,female,Madhya Pradesh,12th,70.2,129000.0,140,999,1,0,0,1,1,1,66.08,Eligible
ARG45,33,male,Manipur,phd,78.5,722000.0,85,999,1,0,0,1,1,1,56.4,Eligible
ARG45,36,female,Nagaland,masters,54.6,123000.0,88,999,0,1,59,0,0,1,71.84,Ineligible
ARG45,23,male,Nagaland,phd,65.2,752000.0,3,999,1,0,0,1,1,1,61.08,Eligible
A023B,25,female,Arunachal Pradesh,masters,71.5,368000.0,5,999,1,0,0,1,1,1,78.6,Eligible
ARG45,28,male,Telangana,phd,58.6,803000.0,85,999,1,0,0,1,0,1,48.44,Borderline
BVOBC,17,female,Telangana,12th,69.3,336000.0,6,999,1,0,0,1,1,1,77.72,Ineligible
ARG45,27,female,Tripura,masters,72.9,494000.0,1,999,1,0,0,1,1,1,74.16,Eligible
BVOBC,24,female,Nagaland,bachelors,55.9,93000.0,140,999,1,0,0,1,1,1,60.36,Eligible
BVOBC,19,male,Madhya Pradesh,bachelors,93.4,374000.0,3,999,1,0,0,1,1,1,82.36,Ineligible
A023B,20,female,Kerala,masters,65.8,347000.0,140,999,1,0,0,1,1,1,59.32,Ineligible
BPVGK,16,female,Kerala,10th,93.3,231000.0,999,999,1,0,0,1,1,1,70.32,Eligible
AZKMI,33,male,Maharashtra,masters,53.8,498000.0,999,21,1,0,0,1,1,1,61.52,Ineligible
ARG45,24,female,Arunachal Pradesh,phd,53.2,392000.0,5,999,1,0,0,1,1,1,71.28,Ineligible
ARG45,33,female,Tripura,masters,93.3,360000.0,1,999,1,0,0,1,1,1,87.32,Eligible
ARG45,33,female,Tripura,masters,72.2,671000.0,1,999,1,0,0,1,1,1,68.88,Eligible
A023B,25,male,Madhya Pradesh,masters,88.1,777000.0,5,999,1,0,0,0,1,1,70.24,Ineligible
A023B,22,male,Karnataka,bachelors,80.1,579000.0,5,999,1,0,0,1,1,0,72.04,Borderline
BVOBC,24,female,Odisha,12th,52.3,325000.0,110,999,1,0,0,1,1,1,53.92,Ineligible
AZKMI,33,female,Sikkim,phd,91.2,654000.0,999,32,0,0,0,1,1,1,76.48,Ineligible
AZKMI,24,male,Jharkhand,phd,85.6,552000.0,999,650,1,0,0,1,1,1,54.24,Ineligible
ARG45,24,female,Kerala,masters,89.8,187000.0,2,999,1,0,0,1,0,1,90.92,Borderline
BVOBC,24,male,Madhya Pradesh,bachelors,93.2,288000.0,1,999,1,0,0,1,1,1,82.28,Ineligible
BPVGK,17,female,Jharkhand,10th,56.0,206000.0,999,999,1,0,0,1,0,1,55.4,Borderline
BVOBC,22,female,Odisha,12th,83.1,381000.0,110,999,1,0,0,1,1,1,66.24,Ineligible
A023B,22,female,Manipur,bachelors,79.9,770000.0,1,999,0,0,0,1,1,1,71.96,Ineligible
AZKMI,34,male,Maharashtra,postdoc,83.7,462000.0,999,32,1,0,0,1,1,1,73.48,Eligible
ARG45,30,male,Madhya Pradesh,phd,91.0,806000.0,2,999,1,0,0,1,1,1,71.4,Eligible
BPVGK,15,female,Meghalaya,10th,93.3,287000.0,999,999,1,0,0,1,1,1,70.32,Ineligible
ARG45,35,male,Tripura,phd,62.8,225000.0,78,999,1,0,0,1,1,1,60.12,Eligible
A023B,22,male,Karnataka,masters,89.5,393000.0,88,999,1,0,0,1,1,1,70.8,Eligible
ARG45,28,female,Jharkhand,phd,80.2,371000.0,250,999,1,0,0,1,1,1,65.08,Eligible
BPVGK,17,female,Karnataka,10th,87.7,307000.0,999,999,1,0,0,1,1,1,68.08,Ineligible
A023B,25,male,Jharkhand,bachelors,95.6,730000.0,65,999,1,0,0,1,1,1,63.24,Ineligible
A023B,20,female,Mizoram,bachelors,75.4,710000.0,1,999,1,0,0,1,1,1,70.16,Ineligible
BVOBC,20,female,Nagaland,12th,79.1,358000.0,5,999,1,0,0,1,1,1,81.64,Ineligible
A023B,19,other,Sikkim,masters,82.2,596000.0,2,999,1,0,0,1,1,1,72.88,Eligible
ARG45,34,female,Gujarat,phd,89.3,398000.0,3,999,1,0,0,1,1,1,85.72,Eligible
A023B,25,male,Kerala,masters,70.8,733000.0,2,999,1,0,0,1,1,1,63.32,Ineligible
AZKMI,24,female,Odisha,postdoc,75.8,675000.0,999,21,1,0,0,1,1,1,70.32,Ineligible
BPVGK,14,male,Nagaland,10th,65.6,79000.0,999,999,1,0,0,1,1,1,59.24,Eligible
BVOBC,23,female,Tamil Nadu,bachelors,53.3,319000.0,250,999,1,0,0,1,1,1,54.32,Ineligible
ARG45,29,male,Tripura,masters,52.9,407000.0,250,999,1,0,0,1,1,1,44.16,Ineligible
BVOBC,24,male,Odisha,12th,66.5,83000.0,95,999,1,0,0,0,1,1,66.6,Ineligible
BVOBC,20,female,Jharkhand,bachelors,80.0,145000.0,110,999,1,0,0,1,1,1,70.0,Eligible
AZKMI,26,female,Tripura,postdoc,64.9,280000.0,999,3,1,0,0,1,1,1,75.96,Eligible
A023B,20,male,Tamil Nadu,bachelors,92.2,783000.0,1,999,1,0,0,1,1,1,71.88,Ineligible
BVOBC,19,female,Chhattisgarh,12th,49.2,277000.0,85,999,1,0,0,1,1,1,59.68,Ineligible
BVOBC,19,other,Karnataka,12th,92.1,50000.0,59,999,1,0,0,1,0,1,76.84,Borderline
ARG45,29,male,Karnataka,phd,56.4,128000.0,59,999,1,0,0,1,1,1,62.56,Eligible
AZKMI,38,female,Tripura,masters,83.6,707000.0,999,650,1,0,0,1,1,1,53.44,Ineligible
BVOBC,19,female,Arunachal Pradesh,12th,93.9,350000.0,65,999,1,0,0,1,1,1,77.56,Ineligible
ARG45,27,female,Jharkhand,masters,89.3,838000.0,2,999,1,0,0,1,1,1,75.72,Eligible
A023B,20,female,Meghalaya,masters,84.9,297000.0,250,999,1,0,0,1,0,1,66.96,Ineligible
AZKMI,33,female,Sikkim,phd,88.2,180000.0,999,37,1,0,0,1,0,1,90.28,Borderline
BPVGK,17,male,Jharkhand,10th,85.5,56000.0,999,999,1,0,0,1,1,1,67.2,Eligible
AZKMI,35,male,Jharkhand,masters,67.0,528000.0,999,3,0,0,0,1,1,1,66.8,Ineligible
BVOBC,21,male,Odisha,bachelors,77.0,72000.0,140,999,1,0,0,1,1,1,63.8,Eligible
BPVGK,14,female,Assam,10th,49.4,210000.0,999,999,1,0,0,1,1,1,52.76,Ineligible
ARG45,28,female,Karnataka,phd,89.1,473000.0,1,999,1,0,0,1,1,1,80.64,Eligible
BVOBC,17,male,Telangana,12th,92.9,244000.0,1,999,1,0,0,1,1,1,82.16,Eligible
BPVGK,17,female,Meghalaya,10th,91.3,320000.0,999,999,1,1,65,1,1,1,74.52,Ineligible
ARG45,28,female,Kerala,phd,86.9,385000.0,1,999,1,0,0,1,1,1,84.76,Eligible
BVOBC,18,female,Gujarat,12th,81.1,101000.0,95,999,1,0,0,1,1,1,77.44,Eligible
A023B,19,female,Odisha,masters,95.4,82000.0,65,999,1,0,0,1,1,1,83.16,Eligible
BPVGK,14,female,Meghalaya,10th,89.4,251000.0,999,999,1,0,0,1,1,1,68.76,Ineligible
AZKMI,36,male,Kerala,masters,72.2,268000.0,999,21,1,0,0,1,1,1,73.88,Ineligible
BVOBC,18,male,Tamil Nadu,12th,82.2,92000.0,3,999,1,0,0,1,1,1,82.88,Eligible
BVOBC,23,male,Tripura,bachelors,54.2,219000.0,6,999,1,0,0,1,1,1,66.68,Eligible
ARG45,22,female,Jharkhand,masters,87.5,76000.0,3,999,1,0,0,1,1,1,90.0,Eligible
A023B,23,male,Meghalaya,bachelors,97.5,568000.0,5,999,1,0,0,1,1,1,79.0,Eligible
ARG45,29,female,Kerala,masters,73.8,841000.0,3,999,1,0,0,0,1,1,69.52,Ineligible
BPVGK,14,male,Tripura,10th,82.1,32000.0,999,999,1,0,0,1,1,1,65.84,Eligible
A023B,25,female,Maharashtra,bachelors,81.1,413000.0,3,999,1,0,0,1,1,1,77.44,Eligible
ARG45,23,male,Manipur,masters,55.5,661000.0,5,999,1,0,0,1,1,1,57.2,Eligible
BVOBC,20,female,Meghalaya,12th,58.3,55000.0,95,999,1,0,0,1,1,0,68.32,Borderline
BVOBC,19,male,Jharkhand,12th,67.6,399000.0,250,999,1,0,0,1,1,1,55.04,Ineligible
ARG45,32,male,Tamil Nadu,phd,81.4,530000.0,78,999,1,0,0,1,1,1,62.56,Eligible
A023B,19,male,Gujarat,masters,89.1,467000.0,3,999,1,0,0,1,1,1,75.64,Eligible
ARG45,24,male,Chhattisgarh,masters,93.9,497000.0,140,999,1,0,0,0,1,1,60.56,Ineligible
ARG45,35,female,Madhya Pradesh,phd,80.5,122000.0,72,999,1,0,0,1,1,1,77.2,Eligible
AZKMI,33,female,Chhattisgarh,phd,87.4,885000.0,999,1,1,0,0,1,1,1,74.96,Ineligible
BPVGK,16,female,Andhra Pradesh,10th,53.2,132000.0,999,999,1,0,0,1,1,1,59.28,Eligible
A023B,22,male,Odisha,masters,94.2,575000.0,5,999,1,0,0,1,1,1,77.68,Eligible
ARG45,31,male,Rajasthan,phd,91.2,879000.0,2,999,1,0,0,1,1,1,71.48,Eligible
BVOBC,20,female,Meghalaya,12th,59.1,244000.0,95,999,1,0,0,1,1,1,63.64,Eligible
A023B,25,female,Andhra Pradesh,masters,89.3,627000.0,2,999,1,0,0,1,1,1,75.72,Ineligible
A023B,24,female,Tripura,masters,72.9,749000.0,2,999,1,0,0,1,1,1,69.16,Ineligible
BPVGK,17,male,Andhra Pradesh,10th,60.0,149000.0,999,999,1,0,0,1,1,1,57.0,Eligible
AZKMI,25,male,Kerala,phd,59.8,564000.0,999,14,1,0,0,1,0,1,63.92,Borderline
ARG45,23,male,Karnataka,masters,75.5,671000.0,85,999,0,0,0,1,1,1,55.2,Ineligible
A023B,20,male,Sikkim,bachelors,78.1,560000.0,85,999,1,0,0,1,1,1,61.24,Eligible
BPVGK,14,male,Arunachal Pradesh,10th,79.5,220000.0,999,999,1,0,0,0,1,0,59.8,Borderline
BVOBC,24,female,Nagaland,12th,63.1,125000.0,2,999,1,1,71,1,1,1,85.24,Eligible
BVOBC,22,female,Gujarat,bachelors,65.7,372000.0,2,999,1,0,0,1,1,1,76.28,Ineligible
BVOBC,19,male,Maharashtra,12th,70.4,247000.0,6,999,1,0,0,0,1,1,73.16,Ineligible
ARG45,35,male,Madhya Pradesh,phd,53.3,190000.0,3,999,1,0,0,1,1,1,71.32,Ineligible
A023B,18,male,Kerala,masters,71.2,255000.0,72,999,1,0,0,1,1,1,63.48,Eligible
A023B,22,male,Telangana,bachelors,66.2,543000.0,6,999,1,0,0,1,1,1,66.48,Eligible
ARG45,25,male,Andhra Pradesh,masters,51.9,672000.0,5,999,1,0,0,1,1,1,55.76,Ineligible
ARG45,33,other,Maharashtra,masters,94.2,823000.0,250,999,1,0,0,1,1,1,55.68,Eligible
ARG45,22,female,Kerala,phd,79.9,482000.0,140,999,1,0,0,1,1,1,59.96,Eligible
BVOBC,21,male,Sikkim,12th,77.7,211000.0,78,999,1,1,42,1,1,1,71.08,Eligible
BPVGK,17,male,Mizoram,10th,82.0,70000.0,999,999,1,0,0,1,1,1,65.8,Eligible
BVOBC,24,female,Odisha,bachelors,84.9,365000.0,85,999,1,0,0,1,1,1,73.96,Ineligible
ARG45,23,female,Gujarat,phd,54.6,141000.0,95,999,1,0,0,1,1,1,66.84,Ineligible
A023B,18,male,Tripura,masters,71.6,346000.0,1,999,1,0,0,1,1,1,73.64,Eligible
BPVGK,14,female,Arunachal Pradesh,10th,53.0,123000.0,999,999,1,0,0,1,1,1,59.2,Eligible
ARG45,27,male,Nagaland,masters,71.7,199000.0,5,999,1,1,45,1,1,1,83.68,Eligible
BVOBC,19,female,Nagaland,12th,46.2,373000.0,72,999,1,0,0,0,0,1,58.48,Ineligible
A023B,25,female,Sikkim,bachelors,67.4,562000.0,2,999,1,0,0,1,1,1,71.96,Eligible
A023B,25,male,Tripura,masters,65.9,438000.0,78,999,1,0,0,1,1,1,56.36,Eligible
ARG45,27,male,Gujarat,phd,55.4,287000.0,72,999,1,0,0,1,1,1,57.16,Eligible
ARG45,30,female,Jharkhand,phd,75.1,400000.0,65,999,1,0,0,1,1,1,70.04,Eligible
AZKMI,33,female,Odisha,postdoc,58.6,803000.0,999,8,1,0,0,1,1,0,63.44,Ineligible
BPVGK,15,male,Jharkhand,10th,73.6,197000.0,999,999,1,0,0,1,1,1,62.44,Eligible
BPVGK,17,male,Maharashtra,10th,62.2,184000.0,999,999,1,0,0,1,0,1,57.88,Borderline
BVOBC,23,male,Tamil Nadu,12th,91.4,60000.0,2,999,1,0,0,1,1,1,86.56,Eligible
ARG45,29,female,Mizoram,masters,55.6,292000.0,88,999,1,0,0,1,1,1,62.24,Eligible
A023B,19,female,Assam,bachelors,66.6,295000.0,85,999,1,0,0,1,1,1,66.64,Eligible
ARG45,25,female,Nagaland,masters,77.9,405000.0,59,999,0,0,0,1,1,1,66.16,Ineligible
BPVGK,15,female,Manipur,10th,87.5,214000.0,999,999,1,0,0,1,1,1,68.0,Eligible
A023B,21,female,Gujarat,bachelors,85.0,574000.0,5,999,1,0,0,1,0,1,79.0,Borderline
A023B,25,female,Karnataka,masters,88.6,483000.0,5,999,1,1,42,1,1,1,85.44,Eligible
A023B,24,female,Arunachal Pradesh,masters,95.0,672000.0,140,999,1,0,0,1,1,1,61.0,Ineligible
ARG45,31,female,Assam,masters,54.9,827000.0,65,999,1,0,0,1,1,1,51.96,Ineligible
BPVGK,15,male,Telangana,10th,70.8,120000.0,999,999,1,0,0,1,1,1,61.32,Eligible
ARG45,34,female,Telangana,masters,80.0,370000.0,72,999,1,1,61,1,1,1,77.0,Eligible
BVOBC,19,female,Jharkhand,bachelors,78.5,386000.0,110,999,1,0,0,1,1,1,64.4,Ineligible
AZKMI,32,male,Mizoram,masters,78.2,183000.0,999,650,0,0,0,1,0,1,61.28,Ineligible
ARG45,26,female,Arunachal Pradesh,masters,68.5,461000.0,85,999,1,0,0,1,1,1,62.4,Eligible
A023B,24,female,Maharashtra,masters,81.6,226000.0,2,999,1,0,0,0,1,1,82.64,Ineligible
A023B,21,female,Assam,bachelors,74.1,623000.0,72,999,1,0,0,1,1,1,59.64,Ineligible
AZKMI,29,female,Rajasthan,masters,88.2,592000.0,999,37,1,0,0,1,1,1,80.28,Eligible
BPVGK,15,female,Maharashtra,10th,67.5,150000.0,999,999,1,1,44,1,0,0,70.0,Borderline
ARG45,29,male,Mizoram,phd,63.3,153000.0,6,999,1,0,0,1,1,1,75.32,Eligible
BPVGK,15,female,Andhra Pradesh,10th,48.9,257000.0,999,999,1,0,0,1,1,1,52.56,Ineligible
BPVGK,14,female,Kerala,10th,55.1,184000.0,999,999,1,0,0,1,1,1,60.04,Eligible
AZKMI,23,male,Telangana,postdoc,56.9,886000.0,999,650,1,0,0,1,1,1,37.76,Ineligible
AZKMI,28,male,Mizoram,masters,58.8,141000.0,999,22,1,1,69,1,1,1,78.52,Eligible
BVOBC,19,male,Karnataka,bachelors,48.0,261000.0,2,999,1,0,0,1,1,1,64.2,Ineligible
AZKMI,36,female,Nagaland,phd,75.6,866000.0,999,37,1,0,0,1,1,1,70.24,Ineligible
ARG45,32,female,Madhya Pradesh,masters,65.8,695000.0,95,999,0,0,0,1,1,1,56.32,Ineligible
BPVGK,15,male,Arunachal Pradesh,10th,56.6,106000.0,999,999,1,0,0,1,1,1,55.64,Eligible
AZKMI,30,female,Manipur,phd,70.2,288000.0,999,21,1,0,0,1,1,1,78.08,Eligible
BPVGK,14,male,Maharashtra,10th,87.5,90000.0,999,999,1,0,0,1,1,1,68.0,Eligible
BPVGK,16,female,Sikkim,10th,79.0,347000.0,999,999,1,0,0,1,1,1,64.6,Ineligible
BPVGK,15,male,Gujarat,10th,45.3,160000.0,999,999,1,0,0,1,1,1,51.12,Ineligible
AZKMI,32,female,Madhya Pradesh,postdoc,75.4,479000.0,999,8,1,0,0,1,1,1,75.16,Eligible
A023B,24,female,Madhya Pradesh,bachelors,93.3,426000.0,2,999,1,0,0,1,0,1,82.32,Borderline
ARG45,23,male,Nagaland,phd,81.8,327000.0,110,999,1,0,0,1,1,1,60.72,Eligible
ARG45,33,female,Jharkhand,masters,73.3,739000.0,85,999,1,1,60,1,1,1,64.32,Eligible
BPVGK,14,female,Tamil Nadu,10th,79.8,219000.0,999,999,1,0,0,1,1,1,64.92,Eligible
BVOBC,20,female,Kerala,12th,50.4,358000.0,85,999,1,0,0,0,1,1,60.16,Ineligible
A023B,19,female,Sikkim,masters,91.4,128000.0,140,999,1,0,0,1,1,1,74.56,Ineligible
A023B,24,male,Karnataka,bachelors,56.0,775000.0,78,999,1,0,0,1,1,1,47.4,Ineligible
ARG45,26,male,Manipur,masters,80.0,850000.0,110,999,1,0,0,1,1,1,50.0,Eligible
A023B,25,female,Tripura,masters,63.6,448000.0,1,999,1,0,0,1,1,1,70.44,Eligible
A023B,24,female,Chhattisgarh,masters,67.5,181000.0,2,999,1,0,0,1,1,1,82.0,Eligible
ARG45,27,male,Tripura,phd,54.3,245000.0,95,999,1,0,0,1,1,0,56.72,Ineligible
AZKMI,22,male,Maharashtra,masters,60.0,784000.0,999,22,1,0,0,1,1,1,59.0,Ineligible
BVOBC,23,female,Odisha,12th,82.6,192000.0,1,999,1,0,0,1,1,1,88.04,Eligible
BPVGK,14,female,Sikkim,10th,87.9,262000.0,999,999,1,0,0,1,1,1,68.16,Ineligible
A023B,18,female,Assam,masters,72.1,345000.0,85,999,1,0,0,1,1,1,68.84,Eligible
A023B,23,male,Andhra Pradesh,bachelors,95.8,633000.0,85,999,1,0,0,1,1,1,63.32,Ineligible
ARG45,31,female,Odisha,phd,72.0,550000.0,6,999,1,0,0,1,1,1,73.8,Eligible
ARG45,31,male,Rajasthan,masters,51.6,694000.0,78,999,1,0,0,1,1,1,45.64,Ineligible
A023B,25,female,Rajasthan,bachelors,88.0,758000.0,85,999,1,0,0,1,1,1,65.2,Ineligible
BVOBC,17,other,Nagaland,12th,76.7,118000.0,6,999,1,0,0,1,1,0,80.68,Borderline
A023B,23,male,Odisha,masters,61.3,97000.0,2,999,1,1,51,1,1,1,79.52,Eligible
ARG45,23,male,Rajasthan,phd,87.0,717000.0,1,999,1,1,69,1,1,1,74.8,Eligible
ARG45,29,male,Karnataka,phd,80.8,563000.0,110,999,1,0,0,0,1,0,55.32,Borderline
AZKMI,35,male,Nagaland,phd,74.6,241000.0,999,1,1,0,0,1,0,1,74.84,Borderline
AZKMI,23,female,Meghalaya,postdoc,94.8,764000.0,999,21,1,0,0,1,1,1,77.92,Ineligible
BVOBC,18,male,Arunachal Pradesh,12th,58.8,49000.0,3,999,1,0,0,1,1,1,73.52,Eligible
BVOBC,18,female,Chhattisgarh,12th,80.2,59000.0,110,999,1,0,0,1,1,1,70.08,Eligible
BVOBC,19,male,Maharashtra,12th,64.2,138000.0,1,999,1,0,0,1,1,1,75.68,Eligible
ARG45,24,female,Odisha,phd,61.6,213000.0,95,999,1,0,0,0,1,1,64.64,Ineligible
A023B,24,male,Tripura,bachelors,85.4,434000.0,2,999,1,0,0,1,1,1,74.16,Eligible
A023B,22,male,Andhra Pradesh,masters,71.7,92000.0,6,999,1,1,43,1,1,1,83.68,Eligible
A023B,19,female,Nagaland,masters,61.2,146000.0,2,999,1,0,0,1,1,0,79.48,Borderline
BVOBC,17,male,Tamil Nadu,bachelors,47.9,226000.0,2,999,1,0,0,1,1,1,64.16,Ineligible
BPVGK,17,female,Meghalaya,10th,47.8,244000.0,999,999,1,0,0,1,1,1,52.12,Ineligible
BVOBC,18,female,Sikkim,bachelors,81.9,145000.0,85,999,1,0,0,1,1,0,77.76,Borderline
A023B,21,male,Meghalaya,masters,88.8,725000.0,1,999,1,0,0,1,1,1,70.52,Ineligible
ARG45,36,male,Madhya Pradesh,masters,67.4,262000.0,140,999,1,0,0,1,1,1,54.96,Eligible
A023B,24,female,Tripura,masters,71.3,384000.0,2,999,1,0,0,0,1,1,78.52,Ineligible
BVOBC,21,female,Kerala,12th,55.8,149000.0,6,999,1,0,0,1,1,1,77.32,Eligible
BVOBC,21,female,Assam,bachelors,80.3,88000.0,72,999,1,0,0,1,1,1,77.12,Eligible
A023B,23,female,Tamil Nadu,bachelors,87.9,769000.0,1,999,1,1,43,1,1,1,80.16,Ineligible
BVOBC,22,male,Gujarat,12th,76.6,248000.0,65,999,1,0,0,1,1,1,65.64,Eligible
BVOBC,17,female,Karnataka,bachelors,48.0,376000.0,1,999,1,1,62,0,1,0,74.2,Ineligible
ARG45,36,male,Meghalaya,phd,57.9,672000.0,65,999,1,1,78,1,1,1,53.16,Eligible
ARG45,33,male,Assam,masters,66.2,825000.0,95,999,1,0,0,1,1,1,51.48,Eligible
ARG45,23,female,Tamil Nadu,phd,67.6,331000.0,1,999,1,0,0,1,1,1,77.04,Eligible
A023B,21,female,Assam,bachelors,84.8,225000.0,65,999,1,0,0,1,1,1,73.92,Eligible
ARG45,27,male,Madhya Pradesh,masters,64.0,782000.0,2,999,1,0,0,1,0,1,60.6,Borderline
BPVGK,14,male,Maharashtra,10th,69.7,183000.0,999,999,1,0,0,1,1,1,60.88,Eligible
BVOBC,22,female,Odisha,bachelors,77.0,256000.0,78,999,1,0,0,1,1,1,70.8,Ineligible
ARG45,36,male,Madhya Pradesh,masters,64.0,274000.0,110,999,1,0,0,1,1,1,53.6,Eligible
ARG45,23,male,Tripura,phd,60.2,292000.0,5,999,1,0,0,1,1,1,69.08,Eligible
A023B,22,female,Assam,masters,66.1,405000.0,2,999,1,1,75,1,1,1,76.44,Eligible
BPVGK,15,male,Rajasthan,10th,93.0,108000.0,999,999,1,0,0,1,1,1,70.2,Eligible
A023B,25,female,Jharkhand,masters,71.6,465000.0,1,999,1,0,0,1,1,1,73.64,Eligible
BPVGK,15,male,Tripura,10th,89.6,248000.0,999,999,1,0,0,1,1,1,63.84,Eligible
AZKMI,22,female,Rajasthan,phd,89.0,609000.0,999,32,1,1,78,1,1,1,80.6,Ineligible
A023B,24,female,Rajasthan,bachelors,84.7,365000.0,2,999,1,0,0,1,1,1,83.88,Eligible
ARG45,34,female,Mizoram,masters,90.3,251000.0,5,999,1,0,0,1,1,1,86.12,Eligible
BVOBC,18,male,Karnataka,bachelors,90.1,172000.0,110,999,1,0,0,1,1,1,69.04,Eligible
A023B,24,female,Sikkim,masters,78.3,228000.0,5,999,0,0,0,1,1,1,81.32,Ineligible
AZKMI,31,male,Assam,masters,68.3,565000.0,999,1,1,0,0,1,1,1,67.32,Eligible
BPVGK,15,male,Jharkhand,10th,88.6,93000.0,999,999,1,0,0,1,1,1,68.44,Eligible
ARG45,29,female,Telangana,phd,66.0,275000.0,95,999,1,0,0,1,1,1,66.4,Eligible
BVOBC,23,male,Karnataka,bachelors,74.7,211000.0,72,999,1,0,0,1,1,1,64.88,Eligible
BVOBC,21,female,Manipur,12th,68.5,85000.0,95,999,1,0,0,1,0,1,72.4,Borderline
BVOBC,21,female,Gujarat,bachelors,69.0,248000.0,2,999,1,0,0,1,0,1,77.6,Borderline
ARG45,33,male,Meghalaya,masters,75.0,873000.0,3,999,1,0,0,1,1,1,65.0,Eligible
AZKMI,37,male,Assam,phd,80.9,924000.0,999,4,0,0,0,1,1,1,67.36,Ineligible
AZKMI,38,male,Madhya Pradesh,postdoc,75.4,204000.0,999,2,1,0,0,0,1,1,75.16,Ineligible
BVOBC,23,female,Sikkim,12th,65.0,85000.0,250,999,1,0,0,1,1,1,64.0,Eligible
A023B,19,male,Rajasthan,bachelors,70.6,351000.0,65,999,1,0,0,1,0,1,63.24,Borderline
BPVGK,17,female,Chhattisgarh,10th,94.3,228000.0,999,999,1,0,0,1,1,1,70.72,Eligible
BPVGK,16,male,Maharashtra,10th,52.5,40000.0,999,999,1,0,0,1,1,1,54.0,Eligible
BVOBC,22,female,Madhya Pradesh,bachelors,53.0,101000.0,6,999,1,0,0,1,1,1,76.2,Eligible
AZKMI,38,male,Karnataka,phd,91.1,858000.0,999,4,1,0,0,1,1,1,71.44,Ineligible
BPVGK,17,male,Kerala,10th,67.4,110000.0,999,999,1,0,0,1,1,1,59.96,Eligible
ARG45,22,male,Rajasthan,masters,78.2,430000.0,95,999,0,0,0,1,1,1,61.28,Ineligible
ARG45,23,male,Mizoram,phd,88.4,166000.0,95,999,1,0,0,1,1,1,75.36,Eligible
A023B,25,female,Andhra Pradesh,bachelors,65.2,92000.0,2,999,0,0,0,1,1,1,81.08,Ineligible
AZKMI,31,male,Chhattisgarh,postdoc,61.6,967000.0,999,8,1,0,0,1,1,1,59.64,Ineligible
AZKMI,33,female,Telangana,postdoc,55.5,241000.0,999,6,0,0,0,1,1,1,72.2,Ineligible
BVOBC,24,male,Karnataka,12th,87.9,174000.0,140,999,1,0,0,1,1,1,68.16,Eligible
BVOBC,24,female,Manipur,12th,66.8,381000.0,5,999,1,1,41,1,0,1,81.72,Ineligible
BPVGK,16,male,Manipur,10th,93.4,64000.0,999,999,1,0,0,1,1,1,70.36,Eligible
ARG45,29,male,Jharkhand,masters,52.4,364000.0,3,999,1,0,0,1,1,0,65.96,Ineligible
BPVGK,17,male,Rajasthan,10th,76.9,133000.0,999,999,1,0,0,1,1,1,63.76,Eligible
ARG45,34,male,Rajasthan,masters,87.4,522000.0,59,999,1,0,0,1,1,1,64.96,Eligible
BVOBC,24,female,Tripura,12th,78.5,242000.0,65,999,1,0,0,1,1,1,71.4,Eligible
AZKMI,32,male,Arunachal Pradesh,masters,54.0,306000.0,999,22,1,0,0,1,1,1,66.6,Ineligible
BVOBC,20,female,Tamil Nadu,bachelors,56.5,204000.0,6,999,1,1,52,1,1,1,77.6,Eligible
BVOBC,18,female,Nagaland,12th,57.7,134000.0,72,999,1,0,0,1,1,1,68.08,Eligible
A023B,24,male,Assam,masters,78.2,238000.0,95,999,1,0,0,1,1,1,66.28,Eligible
BPVGK,17,female,Telangana,10th,46.3,326000.0,999,999,1,0,0,0,0,1,51.52,Ineligible
BVOBC,20,male,Meghalaya,12th,76.6,217000.0,59,999,1,0,0,1,1,0,65.64,Borderline
ARG45,32,male,Meghalaya,phd,77.8,64000.0,72,999,1,0,0,1,1,1,71.12,Eligible
BVOBC,20,female,Maharashtra,12th,69.5,355000.0,2,999,1,0,0,1,1,1,77.8,Ineligible
BVOBC,19,male,Odisha,bachelors,45.7,67000.0,3,999,1,0,0,1,1,1,68.28,Ineligible
BPVGK,14,female,Madhya Pradesh,10th,79.8,272000.0,999,999,1,0,0,1,1,1,64.92,Ineligible
AZKMI,29,female,Meghalaya,phd,64.2,889000.0,999,32,1,0,0,1,1,1,65.68,Ineligible
BVOBC,18,male,Manipur,12th,74.0,170000.0,6,999,1,0,0,1,1,1,79.6,Eligible
BPVGK,16,female,Manipur,10th,85.3,85000.0,999,999,1,0,0,1,1,1,72.12,Eligible
A023B,25,male,Telangana,masters,67.8,647000.0,2,999,1,0,0,1,1,1,62.12,Ineligible
BPVGK,15,female,Kerala,10th,48.9,272000.0,999,999,1,0,0,1,1,1,52.56,Ineligible
ARG45,29,female,Andhra Pradesh,phd,88.8,851000.0,3,999,1,0,0,0,1,1,75.52,Ineligible
BPVGK,15,female,Madhya Pradesh,10th,85.9,132000.0,999,999,1,0,0,1,1,0,72.36,Borderline
AZKMI,38,male,Gujarat,phd,55.1,993000.0,999,32,1,0,0,1,1,1,57.04,Ineligible
AZKMI,35,male,Andhra Pradesh,postdoc,86.6,943000.0,999,22,1,0,0,1,0,1,69.64,Ineligible
BVOBC,17,male,Odisha,bachelors,79.0,316000.0,95,999,1,0,0,1,1,1,66.6,Ineligible
BVOBC,22,other,Odisha,12th,80.3,367000.0,59,999,1,0,0,1,0,1,67.12,Ineligible
ARG45,28,male,Meghalaya,masters,90.5,837000.0,85,999,1,0,0,1,1,1,61.2,Eligible
A023B,19,female,Karnataka,bachelors,60.0,694000.0,1,999,1,1,69,1,1,1,69.0,Ineligible
BVOBC,17,female,Gujarat,bachelors,53.7,235000.0,72,999,1,0,0,1,1,1,61.48,Eligible
BVOBC,22,male,Tripura,12th,95.2,65000.0,3,999,1,0,0,1,1,1,88.08,Eligible
BVOBC,24,male,Nagaland,bachelors,95.8,148000.0,95,999,1,0,0,1,1,1,78.32,Eligible
AZKMI,30,female,Meghalaya,masters,68.2,294000.0,999,14,1,1,59,1,1,1,82.28,Eligible
BVOBC,20,male,Odisha,bachelors,74.9,133000.0,78,999,1,0,0,1,1,1,69.96,Eligible
BPVGK,14,female,Tripura,10th,79.7,201000.0,999,999,1,1,72,1,1,1,69.88,Eligible
ARG45,29,male,Kerala,masters,72.5,486000.0,85,999,1,0,0,1,1,1,59.0,Eligible
AZKMI,35,female,Karnataka,phd,56.6,441000.0,999,37,1,0,0,1,1,1,67.64,Eligible
BPVGK,14,male,Arunachal Pradesh,10th,81.8,259000.0,999,999,1,0,0,1,1,1,60.72,Ineligible
BVOBC,22,male,Nagaland,12th,67.3,219000.0,1,999,1,0,0,0,1,1,71.92,Ineligible
BVOBC,24,male,Assam,12th,71.2,209000.0,59,999,1,0,0,1,1,1,63.48,Eligible
BVOBC,23,female,Jharkhand,bachelors,72.6,356000.0,5,999,1,0,0,1,1,1,79.04,Ineligible
AZKMI,27,female,Kerala,phd,74.9,181000.0,999,3,1,0,0,1,0,1,84.96,Borderline
BPVGK,16,male,Tripura,10th,57.3,269000.0,999,999,1,0,0,1,1,1,50.92,Ineligible
AZKMI,36,male,Madhya Pradesh,postdoc,67.1,926000.0,999,3,1,0,0,1,1,1,61.84,Ineligible
A023B,19,male,Madhya Pradesh,masters,58.9,521000.0,5,999,1,0,0,1,1,1,63.56,Eligible
ARG45,30,female,Madhya Pradesh,phd,75.2,795000.0,2,999,1,0,0,1,1,1,70.08,Eligible
ARG45,32,female,Nagaland,phd,89.4,870000.0,250,999,0,0,0,1,1,1,58.76,Ineligible
BVOBC,20,female,Assam,12th,72.9,114000.0,65,999,1,0,0,1,1,1,74.16,Eligible
ARG45,31,male,Telangana,phd,92.6,251000.0,78,999,1,0,0,0,1,1,72.04,Ineligible
BPVGK,16,male,Jharkhand,10th,63.5,40000.0,999,999,1,0,0,1,1,1,58.4,Eligible
AZKMI,30,female,Andhra Pradesh,postdoc,53.6,982000.0,999,3,0,0,0,1,0,1,61.44,Ineligible
AZKMI,31,male,Assam,phd,93.1,659000.0,999,6,1,0,0,1,0,1,72.24,Ineligible
AZKMI,25,male,Tripura,phd,89.6,575000.0,999,14,0,0,0,1,1,1,75.84,Ineligible
ARG45,23,female,Gujarat,masters,72.2,851000.0,59,999,1,0,0,1,1,1,58.88,Eligible
BPVGK,15,male,Mizoram,10th,82.0,79000.0,999,999,1,0,0,1,1,1,65.8,Eligible
ARG45,22,male,Rajasthan,phd,76.3,239000.0,2,999,1,0,0,1,1,1,75.52,Eligible
BVOBC,23,male,Tamil Nadu,12th,53.2,349000.0,250,999,1,0,0,1,1,1,49.28,Ineligible
BVOBC,21,male,Chhattisgarh,12th,55.4,154000.0,250,999,1,0,0,1,0,1,55.16,Borderline
BPVGK,17,male,Karnataka,10th,69.3,334000.0,999,999,1,1,74,1,1,1,60.72,Ineligible
A023B,24,male,Maharashtra,masters,66.8,748000.0,5,999,1,0,0,1,1,1,61.72,Ineligible
ARG45,34,male,Kerala,phd,51.3,182000.0,65,999,1,0,0,1,1,1,60.52,Ineligible
BVOBC,17,female,Meghalaya,12th,60.4,179000.0,1,999,1,0,0,1,1,1,79.16,Eligible
BVOBC,23,female,Tamil Nadu,bachelors,79.5,299000.0,2,999,1,0,0,1,1,1,81.8,Ineligible
A023B,23,female,Manipur,bachelors,73.1,488000.0,110,999,1,0,0,1,1,1,57.24,Ineligible
AZKMI,23,female,Telangana,phd,66.2,849000.0,999,37,1,0,0,0,1,1,66.48,Ineligible
AZKMI,22,male,Meghalaya,postdoc,81.2,821000.0,999,650,1,0,0,1,1,1,47.48,Ineligible
AZKMI,27,female,Maharashtra,postdoc,65.3,855000.0,999,37,1,0,0,1,1,1,66.12,Ineligible
ARG45,27,male,Kerala,masters,76.8,313000.0,1,999,1,0,0,1,1,1,75.72,Eligible
BPVGK,14,male,Tripura,10th,71.7,189000.0,999,999,1,0,0,1,1,1,61.68,Eligible
A023B,18,female,Rajasthan,bachelors,94.2,498000.0,2,999,1,0,0,1,1,0,82.68,Borderline
BVOBC,23,male,Sikkim,bachelors,86.3,130000.0,1,999,1,0,0,1,1,1,84.52,Eligible
A023B,19,female,Manipur,bachelors,63.9,667000.0,59,999,1,0,0,0,1,0,55.56,Ineligible
A023B,24,female,Andhra Pradesh,bachelors,59.2,785000.0,6,999,1,0,0,1,1,1,63.68,Ineligible
ARG45,35,female,Telangana,masters,67.2,818000.0,1,999,0,0,0,1,1,1,66.88,Ineligible
BVOBC,21,male,Manipur,bachelors,52.2,52000.0,72,999,1,0,0,1,1,1,60.88,Eligible
A023B,20,female,Telangana,masters,64.8,298000.0,5,999,1,0,0,1,1,1,75.92,Eligible
BVOBC,19,female,Madhya Pradesh,bachelors,49.1,168000.0,2,999,1,0,0,1,1,1,74.64,Ineligible
A023B,25,male,Karnataka,masters,85.0,274000.0,6,999,1,0,0,1,1,1,79.0,Eligible
BVOBC,22,male,Karnataka,bachelors,69.1,123000.0,78,999,1,0,0,1,1,1,67.64,Eligible
BVOBC,24,male,Maharashtra,12th,51.3,288000.0,85,999,1,0,0,1,1,1,55.52,Ineligible
A023B,23,female,Assam,masters,66.6,654000.0,2,999,1,0,0,1,1,1,66.64,Ineligible
BVOBC,22,female,Chhattisgarh,bachelors,49.3,182000.0,1,999,1,0,0,1,1,1,74.72,Ineligible
BPVGK,17,female,Gujarat,10th,67.6,272000.0,999,999,1,0,0,0,1,1,60.04,Ineligible
ARG45,22,female,Assam,phd,76.6,497000.0,88,999,1,0,0,1,1,1,65.64,Eligible
BVOBC,20,male,Tripura,12th,70.2,233000.0,1,999,1,0,0,1,1,1,73.08,Eligible
BVOBC,17,male,Kerala,bachelors,82.5,377000.0,1,999,1,0,0,1,1,1,78.0,Ineligible
A023B,18,other,Gujarat,bachelors,93.9,216000.0,59,999,1,0,0,1,1,1,72.56,Eligible
BVOBC,23,male,Tripura,bachelors,59.6,131000.0,88,999,1,0,0,1,1,1,63.84,Eligible
BVOBC,23,female,Manipur,bachelors,82.6,351000.0,72,999,1,1,59,1,1,1,78.04,Ineligible
ARG45,26,male,Mizoram,phd,62.9,66000.0,6,999,1,0,0,1,1,1,75.16,Eligible
BPVGK,15,male,Chhattisgarh,10th,87.5,121000.0,999,999,1,0,0,1,1,1,68.0,Eligible
ARG45,24,male,Sikkim,phd,77.3,510000.0,72,999,1,0,0,1,1,1,60.92,Eligible
BVOBC,22,female,Gujarat,12th,77.0,153000.0,2,999,1,0,0,1,1,1,85.8,Eligible
ARG45,32,male,Kerala,masters,64.8,65000.0,1,999,1,0,0,1,1,1,75.92,Eligible
BPVGK,15,male,Gujarat,10th,68.2,310000.0,999,999,1,0,0,1,1,1,55.28,Ineligible
BVOBC,20,female,Assam,bachelors,61.7,54000.0,1,999,1,0,0,1,0,1,79.68,Borderline
ARG45,24,male,Telangana,phd,62.0,721000.0,2,999,1,0,0,1,1,1,59.8,Eligible
AZKMI,24,male,Andhra Pradesh,postdoc,58.5,329000.0,999,14,1,0,0,1,1,1,68.4,Eligible
A023B,20,female,Nagaland,masters,57.7,98000.0,2,999,1,0,0,1,0,1,78.08,Borderline
ARG45,30,male,Assam,phd,91.7,763000.0,2,999,1,0,0,1,1,1,71.68,Eligible
ARG45,35,male,Tamil Nadu,masters,52.4,699000.0,88,999,1,0,0,1,1,1,45.96,Ineligible
A023B,19,male,Maharashtra,masters,95.1,703000.0,65,999,1,0,0,1,1,1,63.04,Ineligible
BVOBC,18,male,Tamil Nadu,bachelors,65.7,48000.0,2,999,1,0,0,1,1,1,76.28,Eligible
BVOBC,20,female,Meghalaya,12th,86.5,289000.0,65,999,1,0,0,1,1,1,74.6,Ineligible
ARG45,36,male,Nagaland,masters,86.7,401000.0,95,999,1,0,0,1,1,1,64.68,Eligible
BVOBC,20,female,Maharashtra,bachelors,84.1,92000.0,1,999,1,0,0,1,1,0,88.64,Borderline
BVOBC,23,female,Manipur,bachelors,76.6,74000.0,59,999,1,0,0,1,1,1,75.64,Eligible
ARG45,26,male,Tamil Nadu,masters,54.4,78000.0,78,999,1,0,0,1,1,1,61.76,Ineligible
AZKMI,35,male,Sikkim,postdoc,58.9,456000.0,999,14,0,0,0,1,1,1,63.56,Ineligible
ARG45,36,female,Odisha,masters,86.9,178000.0,95,999,1,0,0,1,1,1,79.76,Eligible
A023B,23,female,Telangana,bachelors,59.3,654000.0,3,999,1,0,0,1,1,1,63.72,Ineligible
BVOBC,19,female,Nagaland,bachelors,73.0,142000.0,140,999,1,0,0,0,1,1,67.2,Ineligible
AZKMI,25,male,Chhattisgarh,postdoc,55.6,460000.0,999,22,1,0,0,1,0,1,62.24,Borderline
ARG45,24,female,Rajasthan,phd,77.1,484000.0,1,999,1,1,80,1,1,1,80.84,Eligible
BPVGK,17,male,Assam,10th,57.9,227000.0,999,999,1,1,63,1,1,1,56.16,Eligible
AZKMI,32,male,Arunachal Pradesh,masters,76.3,524000.0,999,6,1,0,0,1,0,1,70.52,Borderline
BPVGK,15,male,Nagaland,10th,82.7,36000.0,999,999,1,0,0,1,1,1,66.08,Eligible
BVOBC,18,female,Telangana,bachelors,90.3,245000.0,72,999,1,0,0,1,1,1,76.12,Eligible
BPVGK,16,female,Telangana,10th,78.4,315000.0,999,999,1,0,0,0,1,1,64.36,Ineligible
BPVGK,17,male,Tamil Nadu,10th,82.1,31000.0,999,999,1,0,0,1,1,1,65.84,Eligible
AZKMI,38,male,Nagaland,postdoc,80.3,739000.0,999,2,0,0,0,1,1,1,67.12,Ineligible
BPVGK,15,female,Manipur,10th,62.4,83000.0,999,999,1,0,0,1,1,1,62.96,Eligible
BPVGK,14,female,Gujarat,10th,66.7,316000.0,999,999,1,0,0,1,1,1,59.68,Ineligible
ARG45,35,male,Gujarat,masters,59.1,548000.0,65,999,1,1,58,1,1,1,58.64,Eligible
BPVGK,16,female,Manipur,10th,87.5,115000.0,999,999,1,0,0,1,1,1,73.0,Eligible
ARG45,25,male,Assam,phd,86.5,370000.0,140,999,1,0,0,1,1,1,62.6,Eligible
BVOBC,23,male,Mizoram,bachelors,91.0,185000.0,85,999,1,0,0,1,1,1,76.4,Eligible
A023B,24,female,Chhattisgarh,masters,74.8,361000.0,3,999,1,0,0,1,1,1,79.92,Eligible
AZKMI,37,female,Tamil Nadu,phd,53.8,474000.0,999,650,1,0,0,1,1,1,46.52,Ineligible
AZKMI,28,male,Rajasthan,phd,83.3,150000.0,999,3,0,0,0,0,1,1,83.32,Ineligible
ARG45,36,female,Manipur,masters,69.3,681000.0,95,999,0,1,61,1,1,1,62.72,Ineligible
BVOBC,21,male,Tripura,bachelors,60.4,324000.0,140,999,1,0,0,1,0,1,52.16,Ineligible
AZKMI,21,female,Tripura,masters,88.3,889000.0,999,1,1,0,0,1,1,1,75.32,Ineligible
ARG45,24,female,Tamil Nadu,masters,70.6,404000.0,88,999,0,0,0,1,1,1,63.24,Ineligible
AZKMI,26,male,Odisha,phd,80.6,782000.0,999,32,1,0,0,1,1,1,67.24,Ineligible
A023B,25,female,Mizoram,bachelors,72.9,100000.0,1,999,1,0,0,1,1,1,84.16,Eligible
ARG45,35,male,Kerala,phd,82.7,206000.0,5,999,1,0,0,1,1,1,78.08,Eligible
BPVGK,14,female,Nagaland,10th,46.3,221000.0,999,999,1,0,0,1,1,1,51.52,Ineligible
BVOBC,17,male,Gujarat,bachelors,95.7,120000.0,2,999,1,0,0,1,1,1,88.28,Eligible
BPVGK,14,female,Rajasthan,10th,71.6,135000.0,999,999,1,0,0,1,1,1,66.64,Eligible
ARG45,31,male,Maharashtra,phd,68.8,540000.0,3,999,1,0,0,1,0,1,67.52,Borderline
A023B,18,male,Telangana,masters,57.4,294000.0,1,999,1,0,0,1,1,1,67.96,Eligible
ARG45,30,female,Rajasthan,phd,58.7,846000.0,3,999,1,0,0,1,1,1,63.48,Eligible
BVOBC,17,male,Telangana,bachelors,88.1,212000.0,5,999,1,0,0,0,1,1,80.24,Ineligible
BVOBC,17,female,Meghalaya,12th,60.3,252000.0,250,999,1,0,0,1,1,1,57.12,Ineligible
A023B,23,female,Kerala,masters,87.5,677000.0,1,999,1,0,0,1,1,1,75.0,Ineligible
ARG45,25,male,Sikkim,masters,93.3,557000.0,88,999,1,0,0,1,1,1,67.32,Eligible
BVOBC,22,male,Maharashtra,bachelors,66.7,196000.0,65,999,1,0,0,1,1,1,66.68,Eligible
A023B,21,male,Tamil Nadu,bachelors,96.9,254000.0,2,999,0,0,0,1,1,1,83.76,Ineligible
ARG45,33,male,Manipur,masters,85.7,337000.0,65,999,1,0,0,1,1,0,69.28,Borderline
A023B,24,male,Rajasthan,bachelors,60.3,252000.0,110,999,1,0,0,1,1,1,52.12,Ineligible
BPVGK,14,female,Nagaland,10th,56.0,201000.0,999,999,1,0,0,1,1,1,55.4,Eligible
A023B,20,female,Telangana,masters,70.9,303000.0,2,999,1,0,0,1,1,1,78.36,Eligible
A023B,24,female,Jharkhand,bachelors,78.6,394000.0,2,999,1,1,76,1,1,1,86.44,Eligible
AZKMI,34,male,Andhra Pradesh,postdoc,80.3,946000.0,999,8,0,0,0,1,1,1,67.12,Ineligible
A023B,19,male,Jharkhand,bachelors,84.5,233000.0,85,999,1,0,0,1,1,1,68.8,Eligible
A023B,24,other,Odisha,bachelors,63.5,101000.0,6,999,0,0,0,1,1,1,75.4,Ineligible
AZKMI,30,male,Jharkhand,postdoc,64.9,975000.0,999,2,1,0,0,1,1,1,60.96,Ineligible
A023B,21,female,Madhya Pradesh,masters,76.3,329000.0,2,999,0,0,0,1,0,1,80.52,Ineligible
BPVGK,17,male,Arunachal Pradesh,10th,71.5,227000.0,999,999,1,0,0,1,1,1,56.6,Eligible
A023B,25,female,Telangana,masters,91.4,691000.0,5,999,1,0,0,1,1,1,76.56,Ineligible
BVOBC,22,female,Meghalaya,bachelors,57.9,241000.0,95,999,1,0,0,1,1,1,63.16,Eligible
AZKMI,38,female,Kerala,masters,65.7,353000.0,999,21,1,0,0,1,1,1,76.28,Ineligible
A023B,24,female,Chhattisgarh,bachelors,94.1,101000.0,1,999,1,0,0,1,0,1,92.64,Borderline
BVOBC,24,male,Mizoram,bachelors,85.0,384000.0,5,999,1,0,0,1,1,1,79.0,Ineligible
BVOBC,21,female,Manipur,12th,79.8,118000.0,250,999,1,0,0,1,1,1,69.92,Eligible
ARG45,34,male,Gujarat,masters,92.1,639000.0,140,999,1,0,0,1,1,1,54.84,Eligible
A023B,22,male,Karnataka,masters,70.0,174000.0,5,999,1,0,0,1,1,1,78.0,Eligible
A023B,21,female,Kerala,bachelors,88.3,109000.0,2,999,1,0,0,1,1,1,90.32,Eligible
BVOBC,23,female,Meghalaya,bachelors,82.4,63000.0,2,999,1,0,0,1,1,1,87.96,Eligible
BVOBC,23,male,Chhattisgarh,12th,89.9,188000.0,1,999,1,1,65,1,1,1,90.96,Eligible
ARG45,33,male,Manipur,phd,74.4,408000.0,2,999,1,0,0,1,1,1,69.76,Eligible
ARG45,24,male,Jharkhand,masters,55.0,628000.0,1,999,1,0,0,1,1,1,57.0,Eligible
A023B,22,male,Telangana,masters,84.6,153000.0,65,999,1,0,0,1,1,1,73.84,Eligible
BVOBC,17,male,Karnataka,12th,91.7,215000.0,85,999,1,0,0,1,1,0,71.68,Borderline
ARG45,33,male,Telangana,masters,56.9,472000.0,1,999,1,1,68,1,1,1,67.76,Eligible
AZKMI,25,male,Chhattisgarh,phd,75.8,927000.0,999,37,1,0,0,0,1,1,65.32,Ineligible
AZKMI,24,male,Sikkim,phd,59.1,719000.0,999,37,0,0,0,1,1,1,58.64,Ineligible
BVOBC,18,female,Tripura,12th,71.4,247000.0,1,999,1,0,0,1,1,1,78.56,Eligible
BVOBC,23,male,Meghalaya,12th,79.1,359000.0,2,999,1,1,48,1,1,1,81.64,Ineligible
BVOBC,21,female,Rajasthan,12th,88.4,375000.0,250,999,1,0,0,1,1,1,68.36,Ineligible
ARG45,32,female,Tamil Nadu,phd,91.6,211000.0,140,999,1,0,0,1,1,1,69.64,Eligible
ARG45,23,male,Arunachal Pradesh,phd,93.6,899000.0,1,999,1,0,0,1,1,1,72.44,Eligible
BPVGK,15,other,Rajasthan,10th,69.4,90000.0,999,999,1,0,0,1,1,1,60.76,Eligible
ARG45,30,female,Nagaland,masters,84.6,183000.0,250,999,1,0,0,1,1,1,71.84,Eligible
ARG45,32,male,Madhya Pradesh,phd,86.8,276000.0,5,999,1,0,0,1,1,1,79.72,Eligible
ARG45,36,female,Manipur,phd,51.2,161000.0,65,999,1,0,0,0,1,1,65.48,Ineligible
ARG45,27,other,Assam,phd,56.9,304000.0,78,999,1,0,0,1,1,1,57.76,Eligible
BPVGK,16,female,Arunachal Pradesh,10th,63.4,163000.0,999,999,1,0,0,1,1,1,63.36,Eligible
ARG45,23,female,Odisha,masters,75.5,829000.0,95,999,0,0,0,1,1,0,60.2,Ineligible
ARG45,24,male,Telangana,phd,84.9,441000.0,5,999,1,0,0,1,0,1,73.96,Borderline
BVOBC,23,male,Karnataka,12th,80.1,298000.0,140,999,1,0,0,1,1,1,60.04,Ineligible
A023B,23,female,Telangana,bachelors,77.7,730000.0,2,999,1,0,0,1,1,1,71.08,Ineligible
A023B,20,female,Mizoram,bachelors,55.4,115000.0,2,999,1,0,0,1,1,1,77.16,Eligible
A023B,18,female,Arunachal Pradesh,bachelors,63.3,400000.0,5,999,1,0,0,0,1,1,75.32,Ineligible
AZKMI,25,male,Kerala,phd,78.5,256000.0,999,21,1,0,0,1,0,1,76.4,Borderline
BPVGK,14,female,Meghalaya,10th,93.6,156000.0,999,999,1,0,0,1,1,1,75.44,Eligible
BVOBC,19,male,Maharashtra,bachelors,64.8,98000.0,2,999,1,0,0,1,1,1,75.92,Eligible
BPVGK,17,female,Chhattisgarh,10th,66.9,40000.0,999,999,1,0,0,1,1,0,64.76,Borderline
BPVGK,17,female,Karnataka,10th,79.4,204000.0,999,999,1,1,47,1,1,1,69.76,Eligible
AZKMI,30,male,Arunachal Pradesh,phd,73.6,571000.0,999,650,1,0,0,1,1,1,49.44,Ineligible
BVOBC,20,male,Chhattisgarh,12th,85.2,93000.0,6,999,1,0,0,1,1,1,84.08,Eligible
BVOBC,18,male,Sikkim,12th,90.0,210000.0,95,999,1,0,0,1,1,1,71.0,Eligible
BVOBC,22,female,Nagaland,12th,54.3,393000.0,1,999,1,0,0,1,1,1,71.72,Ineligible
A023B,22,male,Maharashtra,bachelors,66.9,156000.0,65,999,1,0,0,1,1,1,66.76,Eligible
BVOBC,17,male,Tripura,bachelors,87.5,383000.0,72,999,1,0,0,1,1,1,70.0,Ineligible
BPVGK,15,female,Rajasthan,10th,90.1,302000.0,999,999,1,0,0,1,1,1,69.04,Ineligible
ARG45,33,female,Kerala,masters,57.4,194000.0,88,999,0,0,0,1,1,1,67.96,Ineligible
A023B,19,female,Odisha,bachelors,97.6,597000.0,2,999,1,0,0,1,1,1,84.04,Eligible
BPVGK,17,male,Kerala,10th,46.1,169000.0,999,999,1,0,0,1,1,0,51.44,Ineligible
A023B,20,male,Tripura,masters,91.0,732000.0,3,999,1,0,0,1,1,1,71.4,Ineligible
BVOBC,17,male,Chhattisgarh,bachelors,79.0,320000.0,72,999,1,0,0,0,1,1,66.6,Ineligible
BPVGK,16,female,Chhattisgarh,10th,75.3,161000.0,999,999,1,0,0,1,0,1,68.12,Borderline
BVOBC,18,female,Jharkhand,12th,78.5,54000.0,2,999,1,0,0,1,1,1,86.4,Eligible
BVOBC,18,female,Assam,bachelors,69.6,309000.0,85,999,1,0,0,1,1,1,67.84,Ineligible
A023B,19,female,Rajasthan,masters,86.7,289000.0,88,999,1,0,0,1,1,1,74.68,Eligible
A023B,25,male,Gujarat,bachelors,56.7,408000.0,140,999,1,0,0,1,1,1,45.68,Ineligible
BPVGK,14,male,Mizoram,10th,74.4,350000.0,999,999,1,0,0,1,1,1,57.76,Ineligible
BVOBC,22,female,Sikkim,bachelors,87.3,186000.0,2,999,1,0,0,1,1,1,89.92,Eligible
BVOBC,20,female,Jharkhand,12th,53.4,187000.0,110,999,1,1,79,1,1,1,64.36,Eligible
ARG45,23,male,Gujarat,phd,82.1,668000.0,85,999,1,0,0,1,1,1,57.84,Eligible
A023B,20,female,Telangana,masters,68.4,509000.0,3,999,1,0,0,1,1,1,72.36,Eligible
ARG45,27,male,Maharashtra,masters,81.5,431000.0,1,999,1,0,0,1,1,1,72.6,Eligible
ARG45,24,female,Arunachal Pradesh,masters,50.8,640000.0,6,999,1,0,0,1,1,1,60.32,Ineligible
ARG45,25,male,Maharashtra,masters,71.6,501000.0,65,999,0,0,0,1,1,1,58.64,Ineligible
AZKMI,25,female,Arunachal Pradesh,masters,52.7,129000.0,999,32,1,0,0,1,1,1,76.08,Ineligible
ARG45,31,male,Kerala,phd,55.3,484000.0,250,999,1,0,0,1,1,1,45.12,Eligible
BVOBC,18,male,Manipur,12th,87.1,301000.0,88,999,1,1,59,1,1,0,74.84,Ineligible
BPVGK,15,female,Manipur,10th,64.8,287000.0,999,999,1,0,0,1,1,1,58.92,Ineligible
A023B,21,female,Kerala,masters,94.2,780000.0,85,999,1,0,0,1,1,1,67.68,Ineligible
A023B,23,male,Chhattisgarh,masters,57.8,488000.0,6,999,1,0,0,1,0,1,63.12,Borderline
ARG45,33,female,Gujarat,masters,63.6,789000.0,65,999,1,0,0,1,1,1,55.44,Eligible
BVOBC,18,female,Manipur,bachelors,73.1,168000.0,59,999,1,1,76,1,1,1,79.24,Eligible
AZKMI,31,female,Mizoram,postdoc,74.9,190000.0,999,8,1,0,0,1,0,1,84.96,Borderline
A023B,25,female,Arunachal Pradesh,bachelors,57.5,664000.0,85,999,1,0,0,1,1,1,53.0,Ineligible
ARG45,28,male,Mizoram,masters,88.7,115000.0,78,999,1,0,0,1,1,1,75.48,Eligible
BPVGK,17,female,Chhattisgarh,10th,75.2,50000.0,999,999,1,0,0,1,1,1,68.08,Eligible
AZKMI,37,female,Sikkim,masters,61.6,934000.0,999,1,1,0,0,1,1,1,64.64,Ineligible
AZKMI,32,female,Rajasthan,masters,76.3,727000.0,999,2,1,0,0,1,0,1,70.52,Ineligible
BPVGK,16,male,Nagaland,10th,90.8,319000.0,999,999,1,0,0,1,1,1,64.32,Ineligible
A023B,23,female,Sikkim,masters,60.0,663000.0,65,999,1,0,0,1,1,0,54.0,Ineligible
BVOBC,24,male,Telangana,bachelors,79.0,229000.0,1,999,1,0,0,1,1,1,76.6,Eligible
BPVGK,16,female,Andhra Pradesh,10th,72.7,46000.0,999,999,1,0,0,1,1,1,67.08,Eligible
A023B,24,female,Manipur,masters,83.7,83000.0,72,999,1,1,57,1,0,1,83.48,Borderline
BVOBC,24,male,Maharashtra,12th,68.5,241000.0,85,999,1,0,0,1,1,1,62.4,Eligible
A023B,24,female,Meghalaya,bachelors,76.3,799000.0,2,999,1,0,0,1,1,1,70.52,Ineligible
ARG45,23,male,Rajasthan,masters,64.8,772000.0,250,999,0,0,0,1,1,1,43.92,Ineligible
BVOBC,20,female,Maharashtra,bachelors,94.5,312000.0,72,999,1,0,0,1,1,1,77.8,Ineligible
AZKMI,36,female,Odisha,masters,64.6,763000.0,999,3,1,0,0,1,1,1,65.84,Ineligible
A023B,18,female,Odisha,bachelors,85.9,648000.0,1,999,1,0,0,1,1,1,74.36,Ineligible
BVOBC,22,male,Arunachal Pradesh,bachelors,61.0,206000.0,250,999,1,0,0,1,1,0,52.4,Borderline
ARG45,31,female,Jharkhand,phd,61.0,348000.0,250,999,1,0,0,1,1,1,57.4,Eligible
BVOBC,22,male,Rajasthan,12th,50.6,356000.0,3,999,1,0,0,1,1,1,65.24,Ineligible
ARG45,22,male,Madhya Pradesh,masters,81.2,404000.0,2,999,1,0,0,1,1,1,72.48,Eligible
A023B,24,male,Gujarat,bachelors,73.1,548000.0,3,999,0,0,0,1,1,1,69.24,Ineligible
A023B,25,male,Tamil Nadu,bachelors,90.9,722000.0,85,999,1,0,0,0,1,1,61.36,Ineligible
AZKMI,37,female,Maharashtra,phd,81.0,866000.0,999,37,1,0,0,1,1,1,72.4,Ineligible
AZKMI,21,female,Gujarat,masters,87.3,557000.0,999,22,1,0,0,1,1,1,79.92,Eligible
BVOBC,21,male,Tripura,12th,67.7,78000.0,6,999,1,0,0,0,1,1,77.08,Ineligible
A023B,25,female,Assam,masters,58.9,520000.0,6,999,1,0,0,1,1,1,68.56,Eligible
ARG45,28,female,Tamil Nadu,masters,61.7,226000.0,2,999,0,0,0,1,1,1,74.68,Ineligible
BVOBC,18,female,Maharashtra,12th,65.5,134000.0,59,999,1,0,0,1,1,1,71.2,Eligible
A023B,19,male,Odisha,bachelors,64.2,399000.0,2,999,1,0,0,1,1,0,70.68,Borderline
ARG45,30,female,Maharashtra,phd,69.5,809000.0,3,999,1,0,0,1,1,1,67.8,Eligible
BVOBC,18,female,Gujarat,12th,57.6,394000.0,250,999,1,0,0,1,1,1,56.04,Ineligible
BPVGK,17,female,Telangana,10th,66.7,262000.0,999,999,1,0,0,1,1,1,59.68,Ineligible
ARG45,27,male,Madhya Pradesh,masters,86.6,658000.0,1,999,1,0,0,1,1,1,69.64,Eligible
BVOBC,23,male,Andhra Pradesh,bachelors,69.5,147000.0,1,999,1,0,0,1,1,1,77.8,Eligible
BPVGK,16,male,Manipur,10th,58.6,273000.0,999,999,1,0,0,1,1,1,51.44,Ineligible
A023B,20,female,Meghalaya,bachelors,75.6,159000.0,6,999,1,0,0,1,0,1,85.24,Borderline
AZKMI,22,male,Maharashtra,masters,64.0,626000.0,999,32,0,0,0,1,1,1,60.6,Ineligible
BPVGK,15,male,Maharashtra,10th,94.0,58000.0,999,999,1,1,68,1,1,1,75.6,Eligible
A023B,25,female,Gujarat,masters,71.8,427000.0,3,999,1,0,0,1,1,1,73.72,Eligible
A023B,18,male,Manipur,masters,76.6,296000.0,6,999,1,0,0,1,1,1,75.64,Eligible
BPVGK,15,female,Telangana,10th,81.3,158000.0,999,999,1,0,0,1,1,1,70.52,Eligible
A023B,19,female,Meghalaya,bachelors,87.7,365000.0,85,999,1,0,0,1,1,1,75.08,Eligible
A023B,22,female,Madhya Pradesh,bachelors,69.8,361000.0,1,999,0,0,0,1,1,1,77.92,Ineligible
BPVGK,14,male,Odisha,10th,48.6,147000.0,999,999,1,0,0,1,1,1,52.44,Ineligible
A023B,25,female,Madhya Pradesh,masters,56.0,684000.0,2,999,1,0,0,1,1,1,62.4,Ineligible
BVOBC,18,female,Kerala,12th,87.0,221000.0,2,999,1,0,0,1,1,1,84.8,Eligible
A023B,25,male,Odisha,masters,64.6,183000.0,6,999,1,0,0,0,1,1,75.84,Ineligible
BPVGK,17,male,Rajasthan,10th,93.3,220000.0,999,999,1,0,0,1,1,1,65.32,Eligible
ARG45,29,female,Arunachal Pradesh,masters,72.6,268000.0,2,999,1,0,0,1,1,1,79.04,Eligible
BVOBC,19,male,Rajasthan,bachelors,61.8,76000.0,95,999,1,0,0,1,1,1,64.72,Eligible
BPVGK,14,male,Gujarat,10th,81.5,195000.0,999,999,1,1,72,1,1,1,70.6,Eligible
BPVGK,15,female,Assam,10th,75.0,344000.0,999,999,1,0,0,1,1,1,63.0,Ineligible
ARG45,34,male,Gujarat,masters,76.5,705000.0,65,999,1,0,0,1,1,1,55.6,Eligible
A023B,22,female,Mizoram,masters,69.8,634000.0,6,999,1,0,0,1,1,1,67.92,Ineligible
BVOBC,20,male,Andhra Pradesh,12th,85.4,114000.0,5,999,1,0,0,1,1,1,84.16,Eligible
AZKMI,31,male,Gujarat,masters,60.4,635000.0,999,2,1,0,0,1,1,1,59.16,Ineligible
A023B,24,female,Tripura,masters,94.1,684000.0,2,999,1,0,0,1,1,1,77.64,Ineligible
ARG45,25,male,Gujarat,masters,66.5,200000.0,95,999,1,0,0,1,1,1,66.6,Eligible
ARG45,23,male,Gujarat,masters,90.3,431000.0,6,999,1,0,0,1,1,1,76.12,Eligible
ARG45,30,male,Gujarat,masters,88.3,590000.0,65,999,0,0,0,1,1,0,65.32,Ineligible
BPVGK,14,male,Arunachal Pradesh,10th,82.5,35000.0,999,999,1,0,0,1,1,1,66.0,Eligible
BPVGK,17,female,Gujarat,10th,60.6,167000.0,999,999,1,0,0,0,1,1,62.24,Ineligible
BVOBC,17,male,Madhya Pradesh,12th,76.5,229000.0,1,999,1,0,0,1,1,1,75.6,Eligible
A023B,20,female,Sikkim,masters,81.1,691000.0,2,999,1,0,0,1,1,1,72.44,Ineligible
BVOBC,22,male,Jharkhand,12th,55.3,125000.0,110,999,1,0,0,1,0,1,55.12,Borderline
ARG45,32,male,Tripura,masters,94.1,345000.0,110,999,1,0,0,1,1,1,65.64,Eligible
A023B,24,female,Assam,masters,94.9,508000.0,1,999,1,0,0,1,1,1,82.96,Eligible
ARG45,35,female,Arunachal Pradesh,phd,88.6,614000.0,3,999,1,1,40,0,1,1,80.44,Ineligible
BPVGK,15,male,Mizoram,10th,50.0,82000.0,999,999,1,0,0,1,1,1,53.0,Eligible
AZKMI,34,male,Assam,masters,69.4,788000.0,999,3,1,0,0,1,1,0,62.76,Ineligible
A023B,20,male,Rajasthan,bachelors,60.4,618000.0,85,999,1,0,0,1,1,1,49.16,Ineligible
BPVGK,16,male,Tamil Nadu,10th,73.2,246000.0,999,999,1,0,0,1,1,1,57.28,Eligible
ARG45,28,female,Sikkim,phd,80.2,263000.0,65,999,1,0,0,0,1,1,72.08,Ineligible
BVOBC,20,male,Meghalaya,bachelors,61.7,331000.0,1,999,1,0,0,1,1,1,69.68,Ineligible
BVOBC,19,female,Mizoram,12th,56.6,86000.0,78,999,1,1,64,1,1,1,72.64,Eligible
AZKMI,23,female,Meghalaya,phd,92.0,802000.0,999,32,0,0,0,1,1,0,76.8,Ineligible
ARG45,33,other,Tripura,phd,92.6,718000.0,110,999,1,0,0,1,1,1,55.04,Eligible
ARG45,30,male,Manipur,phd,73.9,398000.0,2,999,1,0,0,1,1,1,74.56,Eligible
BVOBC,22,male,Jharkhand,bachelors,73.3,86000.0,1,999,1,0,0,1,1,0,79.32,Borderline
BPVGK,15,male,Manipur,10th,55.7,344000.0,999,999,1,0,0,1,1,1,50.28,Ineligible
BPVGK,14,female,Arunachal Pradesh,10th,51.1,233000.0,999,999,1,0,0,0,1,1,53.44,Ineligible
AZKMI,35,male,Manipur,phd,50.6,788000.0,999,2,1,0,0,1,1,1,55.24,Ineligible
AZKMI,38,female,Karnataka,postdoc,91.9,895000.0,999,650,0,0,0,1,1,1,56.76,Ineligible
AZKMI,33,female,Telangana,postdoc,88.9,599000.0,999,6,1,1,49,1,1,1,85.56,Eligible
BPVGK,16,male,Arunachal Pradesh,10th,69.6,286000.0,999,999,1,0,0,1,0,0,55.84,Ineligible
AZKMI,30,male,Sikkim,phd,75.4,928000.0,999,8,1,0,0,0,1,0,65.16,Ineligible
A023B,22,male,Nagaland,bachelors,69.3,289000.0,1,999,1,0,0,1,1,1,72.72,Eligible
ARG45,28,female,Rajasthan,masters,66.3,816000.0,1,999,0,0,0,1,1,1,66.52,Ineligible
ARG45,28,female,Odisha,phd,60.2,796000.0,1,999,1,0,0,1,1,1,64.08,Eligible
BVOBC,24,female,Tripura,12th,90.3,331000.0,65,999,1,0,0,1,1,1,76.12,Ineligible
AZKMI,21,female,Andhra Pradesh,postdoc,51.3,183000.0,999,2,1,0,0,1,1,1,75.52,Ineligible
BPVGK,17,male,Mizoram,10th,86.7,185000.0,999,999,1,0,0,1,1,1,67.68,Eligible
A023B,18,female,Meghalaya,masters,71.7,723000.0,1,999,1,0,0,1,1,1,68.68,Ineligible
BPVGK,17,male,Arunachal Pradesh,10th,62.4,72000.0,999,999,1,0,0,1,1,1,57.96,Eligible
A023B,19,female,Odisha,masters,60.1,184000.0,2,999,1,0,0,1,1,1,79.04,Eligible
ARG45,27,male,Manipur,masters,68.3,562000.0,88,999,1,0,0,1,1,1,57.32,Eligible
BVOBC,20,female,Manipur,12th,66.9,387000.0,6,999,1,0,0,1,1,1,76.76,Ineligible
ARG45,29,male,Andhra Pradesh,masters,90.5,412000.0,65,999,1,1,55,1,1,1,71.2,Eligible
ARG45,28,male,Jharkhand,phd,51.0,343000.0,2,999,1,0,0,1,1,0,65.4,Ineligible
BPVGK,17,female,Tamil Nadu,10th,49.3,228000.0,999,999,1,0,0,1,1,1,52.72,Ineligible
A023B,23,female,Maharashtra,masters,94.5,401000.0,65,999,1,0,0,1,1,1,72.8,Eligible
BVOBC,17,male,Tamil Nadu,12th,66.2,136000.0,3,999,1,1,64,1,1,0,81.48,Borderline
BPVGK,15,male,Chhattisgarh,10th,57.4,94000.0,999,999,1,0,0,1,1,1,55.96,Eligible
AZKMI,33,female,Maharashtra,phd,62.5,833000.0,999,22,1,0,0,1,1,1,65.0,Ineligible
BVOBC,18,male,Telangana,bachelors,94.8,260000.0,95,999,1,0,0,1,1,1,72.92,Ineligible
BVOBC,18,male,Kerala,bachelors,78.3,359000.0,85,999,1,0,0,1,1,0,66.32,Ineligible
BPVGK,14,female,Mizoram,10th,64.6,80000.0,999,999,1,0,0,1,1,0,63.84,Borderline
AZKMI,36,male,Sikkim,masters,94.6,539000.0,999,37,1,0,0,1,1,1,77.84,Ineligible
BVOBC,24,female,Chhattisgarh,bachelors,91.8,312000.0,59,999,1,0,0,1,1,1,76.72,Ineligible
AZKMI,31,male,Jharkhand,phd,53.1,379000.0,999,14,1,0,0,0,1,1,66.24,Ineligible
AZKMI,21,female,Assam,masters,67.2,198000.0,999,6,1,0,0,1,0,1,81.88,Borderline
A023B,19,female,Andhra Pradesh,bachelors,73.2,460000.0,5,999,1,0,0,1,1,1,74.28,Eligible
AZKMI,25,male,Odisha,phd,93.0,223000.0,999,2,1,0,0,1,1,0,82.2,Borderline
BVOBC,21,male,Mizoram,12th,74.8,111000.0,110,999,1,0,0,1,1,1,62.92,Eligible
BVOBC,20,male,Rajasthan,bachelors,74.8,193000.0,78,999,1,0,0,1,1,1,69.92,Eligible
AZKMI,28,male,Assam,postdoc,93.0,247000.0,999,4,0,0,0,1,1,1,82.2,Ineligible
BVOBC,21,female,Mizoram,bachelors,86.7,250000.0,78,999,1,0,0,1,1,1,74.68,Eligible
BPVGK,15,male,Kerala,10th,48.9,306000.0,999,999,1,0,0,1,1,1,47.56,Ineligible
AZKMI,30,female,Manipur,masters,84.1,250000.0,999,22,1,0,0,1,1,1,83.64,Eligible
BVOBC,21,female,Sikkim,12th,48.9,198000.0,3,999,1,0,0,1,0,1,74.56,Ineligible
BVOBC,19,female,Rajasthan,12th,87.5,76000.0,140,999,1,1,40,1,1,1,78.0,Eligible
A023B,20,male,Rajasthan,masters,57.4,163000.0,5,999,1,0,0,1,1,1,72.96,Eligible
BPVGK,14,female,Maharashtra,10th,85.8,178000.0,999,999,1,0,0,1,1,1,72.32,Eligible
A023B,18,female,Telangana,masters,73.0,726000.0,1,999,1,0,0,1,1,0,69.2,Ineligible
BPVGK,17,female,Assam,10th,49.1,52000.0,999,999,1,0,0,1,1,1,57.64,Ineligible
BVOBC,20,male,Manipur,12th,80.6,267000.0,59,999,1,0,0,1,1,1,67.24,Ineligible
A023B,19,male,Maharashtra,masters,79.8,488000.0,85,999,1,0,0,1,1,1,61.92,Eligible
BPVGK,17,female,Karnataka,10th,76.5,160000.0,999,999,1,0,0,1,1,1,68.6,Eligible
A023B,20,male,Madhya Pradesh,bachelors,95.0,654000.0,5,999,1,0,0,1,1,1,73.0,Ineligible
BVOBC,22,male,Tamil Nadu,bachelors,53.4,55000.0,5,999,1,0,0,1,1,1,71.36,Eligible
AZKMI,28,female,Andhra Pradesh,postdoc,71.5,817000.0,999,4,1,0,0,1,1,1,68.6,Ineligible
AZKMI,24,male,Chhattisgarh,postdoc,66.2,696000.0,999,3,1,0,0,0,1,1,61.48,Ineligible
A023B,24,female,Meghalaya,bachelors,64.4,140000.0,1,999,1,0,0,1,1,1,80.76,Eligible
ARG45,32,male,Maharashtra,phd,82.3,767000.0,2,999,1,0,0,1,1,1,67.92,Eligible
ARG45,33,male,Manipur,phd,88.8,519000.0,2,999,1,0,0,1,1,1,75.52,Eligible
BVOBC,20,female,Rajasthan,bachelors,55.0,321000.0,95,999,1,0,0,1,1,1,62.0,Ineligible
ARG45,33,female,Karnataka,masters,92.3,723000.0,140,999,1,0,0,1,1,1,59.92,Eligible
ARG45,36,female,Nagaland,phd,93.3,437000.0,2,999,1,0,0,1,0,0,82.32,Borderline
BPVGK,16,male,Tamil Nadu,10th,87.4,88000.0,999,999,1,0,0,1,0,1,67.96,Borderline
A023B,19,female,Mizoram,masters,69.8,643000.0,59,999,1,0,0,1,1,1,57.92,Ineligible
BPVGK,17,male,Arunachal Pradesh,10th,71.3,304000.0,999,999,1,0,0,1,1,1,56.52,Ineligible
ARG45,25,female,Maharashtra,masters,62.3,743000.0,6,999,1,0,0,0,1,1,64.92,Ineligible
BVOBC,24,female,Kerala,12th,94.5,398000.0,65,999,1,0,0,1,1,1,77.8,Ineligible
ARG45,32,female,Nagaland,masters,52.8,538000.0,65,999,1,0,0,1,1,1,56.12,Ineligible
BVOBC,20,female,Maharashtra,12th,60.1,173000.0,2,999,1,0,0,1,1,1,79.04,Eligible
BVOBC,19,male,Jharkhand,bachelors,76.8,66000.0,59,999,1,0,0,1,1,1,70.72,Eligible
BVOBC,19,male,Sikkim,bachelors,58.9,369000.0,78,999,1,0,0,1,1,1,58.56,Ineligible
A023B,20,female,Andhra Pradesh,bachelors,82.9,585000.0,250,999,1,0,0,1,1,1,61.16,Ineligible
A023B,25,female,Tripura,bachelors,67.9,556000.0,110,999,1,0,0,1,1,1,55.16,Ineligible
ARG45,33,female,Rajasthan,masters,64.1,381000.0,5,999,1,0,0,1,1,1,75.64,Eligible
ARG45,33,female,Karnataka,phd,91.9,125000.0,59,999,1,0,0,1,1,1,81.76,Eligible
ARG45,22,male,Nagaland,phd,67.4,836000.0,78,999,0,0,0,1,1,1,51.96,Ineligible
A023B,19,male,Odisha,masters,81.8,516000.0,2,999,1,0,0,1,1,1,72.72,Eligible
ARG45,33,male,Maharashtra,masters,53.3,677000.0,1,999,1,0,0,1,1,1,56.32,Ineligible
ARG45,35,male,Madhya Pradesh,masters,58.4,315000.0,110,999,1,0,0,1,1,1,51.36,Eligible
ARG45,33,male,Chhattisgarh,phd,75.3,846000.0,3,999,1,0,0,1,1,1,65.12,Eligible
BPVGK,17,female,Tamil Nadu,10th,89.9,215000.0,999,999,1,0,0,1,0,1,68.96,Borderline
A023B,24,male,Tripura,masters,59.1,275000.0,5,999,1,0,0,1,1,1,68.64,Eligible
ARG45,36,female,Maharashtra,masters,94.9,176000.0,3,999,1,0,0,1,1,1,92.96,Eligible
BVOBC,23,male,Jharkhand,12th,68.4,79000.0,59,999,1,0,0,1,1,0,67.36,Borderline
BVOBC,24,male,Meghalaya,bachelors,82.5,337000.0,250,999,1,0,0,1,1,1,61.0,Ineligible
AZKMI,34,other,Chhattisgarh,masters,55.7,440000.0,999,21,0,0,0,1,1,1,62.28,Ineligible
BPVGK,16,male,Sikkim,10th,71.3,305000.0,999,999,1,0,0,1,1,1,56.52,Ineligible
BPVGK,15,male,Karnataka,10th,79.4,221000.0,999,999,1,0,0,1,1,1,59.76,Eligible
A023B,24,male,Kerala,masters,61.8,308000.0,3,999,1,0,0,1,0,1,69.72,Borderline
ARG45,27,female,Assam,phd,79.6,355000.0,1,999,0,0,0,1,1,1,81.84,Ineligible
BPVGK,15,female,Nagaland,10th,66.8,163000.0,999,999,1,0,0,1,1,1,64.72,Eligible
BPVGK,17,male,Manipur,10th,78.8,246000.0,999,999,1,0,0,1,1,1,59.52,Eligible
ARG45,33,male,Tripura,phd,68.0,278000.0,250,999,1,0,0,1,1,1,55.2,Eligible
AZKMI,21,female,Chhattisgarh,phd,68.1,920000.0,999,3,1,0,0,1,1,1,67.24,Ineligible
AZKMI,21,female,Mizoram,postdoc,76.6,169000.0,999,6,1,0,0,1,1,1,85.64,Eligible
BVOBC,20,male,Mizoram,bachelors,87.7,286000.0,6,999,1,0,0,1,0,1,80.08,Ineligible
ARG45,24,other,Nagaland,phd,50.5,193000.0,5,999,1,0,0,0,0,1,70.2,Ineligible
ARG45,29,male,Telangana,phd,76.8,887000.0,95,999,1,0,0,1,1,1,55.72,Eligible
BVOBC,23,female,Madhya Pradesh,bachelors,47.1,48000.0,78,999,1,1,61,0,1,1,68.84,Ineligible
A023B,18,female,Assam,masters,85.2,682000.0,1,999,0,0,0,1,1,0,74.08,Ineligible
AZKMI,26,male,Gujarat,masters,63.7,818000.0,999,37,1,0,0,1,1,1,60.48,Ineligible
AZKMI,31,female,Mizoram,masters,76.6,167000.0,999,14,1,0,0,1,1,1,85.64,Eligible
BPVGK,15,female,Arunachal Pradesh,10th,66.0,73000.0,999,999,1,0,0,1,1,1,64.4,Eligible
BVOBC,18,male,Karnataka,bachelors,71.7,305000.0,110,999,1,0,0,1,1,1,56.68,Ineligible
AZKMI,24,female,Tamil Nadu,postdoc,53.5,624000.0,999,32,1,0,0,1,1,0,61.4,Ineligible
ARG45,29,female,Telangana,masters,80.5,284000.0,140,999,1,0,0,1,1,1,65.2,Eligible
ARG45,30,male,Meghalaya,phd,56.3,675000.0,2,999,1,1,43,1,1,1,62.52,Eligible
ARG45,31,female,Rajasthan,masters,82.7,841000.0,3,999,1,0,0,1,1,1,73.08,Eligible
BPVGK,16,female,Assam,10th,51.0,306000.0,999,999,1,0,0,1,1,0,53.4,Ineligible
ARG45,34,male,Manipur,masters,87.9,692000.0,85,999,1,0,0,1,1,1,60.16,Eligible
ARG45,22,female,Chhattisgarh,masters,66.1,190000.0,110,999,1,0,0,1,1,1,64.44,Eligible
AZKMI,23,female,Sikkim,postdoc,62.3,904000.0,999,6,0,0,0,1,1,1,64.92,Ineligible
BVOBC,17,male,Telangana,bachelors,92.3,290000.0,6,999,1,1,79,1,1,1,86.92,Ineligible
BPVGK,17,male,Mizoram,10th,58.8,60000.0,999,999,1,0,0,1,1,1,56.52,Eligible
ARG45,26,female,Rajasthan,phd,92.6,409000.0,250,999,1,0,0,1,1,1,65.04,Eligible
AZKMI,35,other,Kerala,phd,87.0,941000.0,999,14,1,0,0,1,1,1,69.8,Ineligible
A023B,20,female,Rajasthan,bachelors,85.6,727000.0,65,999,1,0,0,1,1,1,64.24,Ineligible
BVOBC,23,female,Manipur,12th,54.9,74000.0,2,999,1,0,0,1,1,1,76.96,Eligible
AZKMI,24,male,Kerala,masters,94.8,658000.0,999,37,0,0,0,1,1,1,72.92,Ineligible
BVOBC,22,female,Madhya Pradesh,bachelors,52.1,288000.0,72,999,1,0,0,1,1,1,60.84,Ineligible
BPVGK,17,male,Nagaland,10th,70.5,150000.0,999,999,1,0,0,1,1,1,61.2,Eligible
ARG45,36,female,Tamil Nadu,masters,76.4,561000.0,65,999,1,0,0,1,1,1,65.56,Eligible
BVOBC,22,male,Assam,12th,47.8,75000.0,2,999,1,0,0,1,1,1,69.12,Ineligible
ARG45,29,male,Maharashtra,phd,68.9,584000.0,59,999,1,0,0,1,1,1,57.56,Eligible
A023B,19,female,Odisha,bachelors,75.2,192000.0,1,999,1,0,0,1,1,1,85.08,Eligible
AZKMI,29,female,Sikkim,masters,94.5,814000.0,999,2,1,1,52,1,1,1,82.8,Ineligible
BPVGK,15,male,Odisha,10th,77.6,338000.0,999,999,1,0,0,1,1,1,59.04,Ineligible
AZKMI,22,male,Nagaland,phd,59.4,910000.0,999,8,1,0,0,1,1,1,58.76,Ineligible
AZKMI,28,female,Kerala,phd,94.2,172000.0,999,2,1,0,0,1,1,1,92.68,Eligible
AZKMI,30,male,Arunachal Pradesh,masters,81.8,849000.0,999,3,1,0,0,1,1,1,67.72,Ineligible
ARG45,30,male,Tripura,masters,70.5,345000.0,2,999,0,0,0,1,1,1,73.2,Ineligible
ARG45,23,male,Meghalaya,masters,71.3,159000.0,95,999,1,0,0,1,1,1,68.52,Eligible
A023B,19,female,Maharashtra,masters,60.7,632000.0,3,999,1,0,0,1,1,1,64.28,Ineligible
A023B,23,male,Andhra Pradesh,masters,59.3,147000.0,5,999,1,0,0,1,0,1,73.72,Borderline
AZKMI,36,female,Assam,phd,67.0,504000.0,999,8,1,0,0,1,1,1,71.8,Ineligible
ARG45,27,female,Rajasthan,masters,69.6,861000.0,2,999,1,0,0,1,0,1,67.84,Borderline
ARG45,35,female,Madhya Pradesh,phd,52.6,176000.0,5,999,1,0,0,1,1,1,76.04,Ineligible
AZKMI,26,female,Assam,postdoc,50.4,372000.0,999,2,1,0,0,1,1,1,70.16,Ineligible
BVOBC,21,male,Rajasthan,bachelors,54.8,82000.0,1,999,1,0,0,1,1,1,71.92,Eligible
A023B,18,male,Meghalaya,bachelors,86.6,470000.0,65,999,1,0,0,1,1,1,64.64,Eligible
BPVGK,16,male,Sikkim,10th,57.9,43000.0,999,999,1,0,0,1,1,0,56.16,Borderline
BVOBC,23,male,Maharashtra,bachelors,74.7,107000.0,6,999,1,0,0,1,1,1,79.88,Eligible
BVOBC,20,male,Odisha,12th,60.5,193000.0,5,999,1,0,0,0,1,1,74.2,Ineligible
BPVGK,17,female,Manipur,10th,68.8,125000.0,999,999,1,0,0,1,1,1,65.52,Eligible
ARG45,27,female,Meghalaya,masters,62.9,825000.0,110,999,1,0,0,1,1,1,48.16,Eligible
AZKMI,24,female,Karnataka,postdoc,90.6,672000.0,999,37,1,0,0,1,1,1,76.24,Ineligible
BPVGK,16,female,Tamil Nadu,10th,55.6,224000.0,999,999,1,0,0,1,1,1,55.24,Eligible
BVOBC,20,female,Odisha,12th,82.6,371000.0,1,999,1,0,0,1,1,1,83.04,Ineligible
BPVGK,16,male,Sikkim,10th,92.3,273000.0,999,999,1,0,0,1,1,1,64.92,Ineligible
BVOBC,20,female,Tamil Nadu,12th,95.2,92000.0,88,999,1,0,0,1,1,1,83.08,Eligible
ARG45,35,female,Sikkim,phd,53.4,68000.0,5,999,1,0,0,1,1,1,76.36,Ineligible
BVOBC,23,male,Odisha,bachelors,65.9,227000.0,3,999,1,0,0,1,1,1,71.36,Eligible
BPVGK,15,female,Gujarat,10th,64.2,278000.0,999,999,1,0,0,1,1,1,58.68,Ineligible
A023B,20,female,Kerala,bachelors,70.6,457000.0,85,999,1,0,0,1,1,1,63.24,Eligible
A023B,25,male,Tamil Nadu,masters,62.1,516000.0,2,999,1,0,0,1,1,1,64.84,Eligible
ARG45,22,other,Assam,phd,50.5,174000.0,65,999,1,0,0,1,1,1,60.2,Ineligible
BPVGK,15,male,Assam,10th,79.0,194000.0,999,999,1,0,0,1,1,1,64.6,Eligible
A023B,25,female,Andhra Pradesh,bachelors,66.7,799000.0,1,999,1,0,0,0,1,1,66.68,Ineligible
ARG45,35,female,Andhra Pradesh,masters,69.9,746000.0,140,999,1,0,0,1,1,1,50.96,Eligible
BPVGK,16,male,Kerala,10th,79.2,267000.0,999,999,1,0,0,1,1,1,59.68,Ineligible
AZKMI,29,male,Maharashtra,postdoc,83.3,942000.0,999,22,1,0,0,1,1,1,68.32,Ineligible
BVOBC,24,female,Nagaland,bachelors,67.4,268000.0,88,999,1,0,0,1,1,1,66.96,Ineligible
A023B,18,female,Jharkhand,bachelors,62.1,396000.0,6,999,1,0,0,1,1,1,74.84,Eligible
BPVGK,15,female,Assam,10th,75.0,51000.0,999,999,1,0,0,1,0,1,68.0,Borderline
ARG45,25,female,Jharkhand,masters,74.5,639000.0,78,999,0,0,0,0,1,1,59.8,Ineligible
BVOBC,20,female,Telangana,12th,51.8,325000.0,88,999,1,0,0,1,1,1,60.72,Ineligible
A023B,23,female,Tamil Nadu,masters,75.0,275000.0,140,999,1,0,0,1,1,1,63.0,Ineligible
ARG45,23,female,Karnataka,phd,83.0,326000.0,59,999,0,0,0,1,1,1,73.2,Ineligible
A023B,18,male,Karnataka,masters,84.0,542000.0,2,999,1,0,0,1,1,1,73.6,Eligible
A023B,24,other,Jharkhand,masters,86.8,468000.0,1,999,1,0,0,1,0,1,74.72,Borderline
BVOBC,21,female,Sikkim,12th,69.0,157000.0,88,999,1,0,0,0,1,1,72.6,Ineligible
ARG45,24,male,Madhya Pradesh,phd,51.5,585000.0,72,999,0,0,0,1,0,1,50.6,Ineligible
A023B,21,female,Gujarat,bachelors,72.3,209000.0,2,999,1,0,0,1,1,1,78.92,Eligible
BPVGK,14,male,Kerala,10th,81.3,345000.0,999,999,1,0,0,0,1,1,60.52,Ineligible
AZKMI,27,female,Tamil Nadu,phd,77.6,252000.0,999,3,0,1,40,1,1,1,86.04,Ineligible
ARG45,34,male,Assam,masters,92.3,233000.0,140,999,1,0,0,1,1,1,64.92,Eligible
BVOBC,21,male,Assam,bachelors,50.2,267000.0,95,999,1,0,0,1,1,1,55.08,Ineligible
BVOBC,18,female,Maharashtra,bachelors,94.9,337000.0,65,999,1,0,0,1,1,1,77.96,Ineligible
BVOBC,18,female,Gujarat,12th,59.9,48000.0,1,999,1,0,0,1,1,0,78.96,Borderline
BPVGK,17,male,Nagaland,10th,87.2,53000.0,999,999,1,0,0,1,1,1,67.88,Eligible
BVOBC,19,male,Kerala,12th,59.1,174000.0,6,999,1,0,0,1,1,1,73.64,Eligible
BVOBC,23,male,Andhra Pradesh,12th,85.8,302000.0,1,999,1,0,0,1,1,1,79.32,Ineligible
A023B,22,female,Arunachal Pradesh,bachelors,72.6,703000.0,3,999,1,0,0,1,1,1,69.04,Ineligible
ARG45,33,male,Madhya Pradesh,phd,93.1,330000.0,250,999,1,0,0,1,1,1,65.24,Eligible
BVOBC,23,male,Meghalaya,12th,95.3,151000.0,59,999,1,0,0,1,1,1,78.12,Eligible
ARG45,30,male,Andhra Pradesh,masters,86.2,214000.0,2,999,1,0,0,1,1,1,79.48,Eligible
A023B,23,male,Tamil Nadu,bachelors,92.3,790000.0,65,999,1,0,0,1,1,1,61.92,Ineligible
A023B,23,female,Maharashtra,masters,97.8,270000.0,2,999,1,0,0,1,1,1,89.12,Eligible
ARG45,30,female,Madhya Pradesh,masters,63.9,852000.0,3,999,1,0,0,0,1,1,65.56,Ineligible
ARG45,32,female,Kerala,masters,69.1,159000.0,6,999,1,0,0,1,1,1,82.64,Eligible
A023B,18,male,Andhra Pradesh,bachelors,67.2,643000.0,2,999,1,0,0,0,1,1,61.88,Ineligible
ARG45,30,female,Nagaland,phd,69.8,889000.0,140,999,1,0,0,1,1,1,50.92,Eligible
A023B,20,male,Meghalaya,masters,88.5,503000.0,5,999,1,0,0,1,0,1,75.4,Borderline
A023B,20,male,Rajasthan,masters,63.7,221000.0,1,999,1,0,0,1,1,1,70.48,Eligible
ARG45,34,male,Assam,masters,74.3,103000.0,250,999,1,0,0,0,1,1,62.72,Ineligible
BVOBC,19,female,Andhra Pradesh,bachelors,73.4,380000.0,110,999,1,0,0,1,1,1,62.36,Ineligible
ARG45,34,female,Tripura,masters,87.8,146000.0,250,999,1,0,0,1,1,1,73.12,Eligible
BVOBC,22,female,Madhya Pradesh,bachelors,80.7,139000.0,250,999,1,0,0,1,1,1,70.28,Eligible
BVOBC,22,male,Andhra Pradesh,bachelors,92.1,360000.0,6,999,1,0,0,0,1,1,81.84,Ineligible
BPVGK,17,male,Mizoram,10th,88.9,289000.0,999,999,1,0,0,1,1,1,63.56,Ineligible
BVOBC,17,male,Arunachal Pradesh,bachelors,58.9,153000.0,2,999,1,0,0,1,1,1,73.56,Eligible
A023B,22,female,Madhya Pradesh,masters,86.4,722000.0,85,999,0,0,0,1,1,1,64.56,Ineligible
BVOBC,17,female,Tripura,bachelors,77.9,317000.0,6,999,1,0,0,1,1,1,81.16,Ineligible
A023B,24,female,Kerala,masters,66.2,90000.0,3,999,1,0,0,1,1,1,81.48,Eligible
BVOBC,24,male,Mizoram,bachelors,92.6,187000.0,250,999,1,0,0,1,1,1,70.04,Eligible
ARG45,32,male,Arunachal Pradesh,phd,65.6,265000.0,5,999,1,0,0,1,1,1,71.24,Eligible
A023B,25,male,Maharashtra,bachelors,75.4,731000.0,2,999,1,0,0,1,1,1,65.16,Ineligible
ARG45,24,female,Karnataka,masters,81.0,518000.0,85,999,1,0,0,1,1,1,67.4,Eligible
A023B,21,female,Chhattisgarh,bachelors,80.1,587000.0,78,999,1,0,0,1,1,1,67.04,Eligible
A023B,22,male,Assam,bachelors,89.8,626000.0,85,999,1,0,0,1,1,1,60.92,Ineligible
AZKMI,24,male,Madhya Pradesh,postdoc,79.3,297000.0,999,1,1,0,0,1,1,1,76.72,Eligible
A023B,18,female,Gujarat,masters,96.6,619000.0,2,999,1,0,0,1,1,1,78.64,Ineligible
BPVGK,15,female,Telangana,10th,61.3,198000.0,999,999,1,0,0,1,1,1,62.52,Eligible
BVOBC,22,male,Telangana,12th,59.4,226000.0,85,999,1,0,0,1,1,1,58.76,Eligible
AZKMI,26,male,Tripura,phd,59.0,133000.0,999,1,1,0,0,1,1,1,73.6,Eligible
AZKMI,38,female,Odisha,postdoc,54.9,227000.0,999,6,0,0,0,1,1,1,71.96,Ineligible
A023B,18,male,Kerala,masters,88.5,645000.0,85,999,1,0,0,1,1,1,60.4,Ineligible
A023B,25,male,Chhattisgarh,bachelors,88.8,408000.0,250,999,1,0,0,1,1,1,58.52,Ineligible
BVOBC,19,male,Arunachal Pradesh,bachelors,63.7,227000.0,3,999,1,0,0,0,1,1,70.48,Ineligible
ARG45,31,female,Telangana,masters,75.0,424000.0,85,999,1,0,0,1,1,1,65.0,Eligible
BVOBC,21,female,Andhra Pradesh,12th,92.1,241000.0,250,999,1,0,0,0,1,1,69.84,Ineligible
BVOBC,18,male,Kerala,12th,94.6,166000.0,72,999,1,0,0,1,1,1,77.84,Eligible
AZKMI,23,female,Rajasthan,masters,71.2,660000.0,999,1,1,1,74,1,1,1,73.48,Ineligible
ARG45,35,female,Maharashtra,phd,88.4,765000.0,2,999,1,0,0,1,1,1,75.36,Eligible
A023B,20,female,Karnataka,masters,59.2,214000.0,2,999,1,0,0,1,1,1,73.68,Eligible
A023B,19,male,Telangana,masters,59.7,485000.0,5,999,1,0,0,1,1,1,63.88,Eligible
ARG45,27,male,Assam,masters,58.5,441000.0,1,999,1,0,0,1,1,1,63.4,Eligible
BPVGK,17,male,Manipur,10th,49.6,338000.0,999,999,1,0,0,1,1,1,47.84,Ineligible
A023B,23,male,Nagaland,bachelors,62.0,592000.0,65,999,1,0,0,1,1,1,54.8,Eligible
ARG45,22,female,Gujarat,phd,74.2,400000.0,95,999,1,1,40,1,1,1,74.68,Eligible
ARG45,29,female,Assam,masters,61.8,498000.0,72,999,1,0,0,1,0,1,59.72,Borderline
A023B,21,female,Jharkhand,bachelors,86.1,689000.0,5,999,1,0,0,1,1,1,74.44,Ineligible
A023B,24,female,Tamil Nadu,masters,64.4,94000.0,3,999,1,0,0,1,1,1,80.76,Eligible
ARG45,36,female,Chhattisgarh,phd,90.0,701000.0,6,999,1,0,0,1,1,1,76.0,Eligible
A023B,22,female,Karnataka,bachelors,76.2,181000.0,85,999,1,0,0,1,1,1,75.48,Eligible
AZKMI,23,male,Odisha,phd,89.8,825000.0,999,22,1,0,0,1,1,1,70.92,Ineligible
BVOBC,18,male,Arunachal Pradesh,12th,46.3,116000.0,85,999,1,0,0,0,1,1,58.52,Ineligible
BVOBC,24,female,Odisha,bachelors,62.3,264000.0,72,999,1,0,0,1,1,1,64.92,Ineligible
A023B,25,male,Jharkhand,bachelors,57.9,655000.0,6,999,1,0,0,1,1,1,58.16,Ineligible
A023B,24,male,Arunachal Pradesh,bachelors,57.4,643000.0,5,999,1,1,58,1,1,1,62.96,Ineligible
ARG45,36,male,Rajasthan,phd,68.9,483000.0,95,999,1,0,0,1,1,1,57.56,Eligible
A023B,23,male,Maharashtra,masters,89.7,335000.0,5,999,1,0,0,1,1,1,80.88,Eligible
AZKMI,36,female,Kerala,postdoc,87.7,885000.0,999,1,1,0,0,1,1,1,75.08,Ineligible
BPVGK,15,male,Maharashtra,10th,56.7,268000.0,999,999,1,0,0,1,1,1,50.68,Ineligible
BVOBC,24,male,Assam,12th,79.6,398000.0,59,999,1,0,0,1,1,1,66.84,Ineligible
A023B,22,male,Jharkhand,bachelors,92.8,663000.0,2,999,1,0,0,1,1,1,72.12,Ineligible
ARG45,36,female,Andhra Pradesh,phd,82.9,182000.0,78,999,1,0,0,1,1,1,78.16,Eligible
ARG45,26,female,Jharkhand,masters,67.8,135000.0,72,999,0,0,0,1,1,1,72.12,Ineligible
BVOBC,18,male,Arunachal Pradesh,12th,71.6,246000.0,2,999,1,0,0,1,1,1,73.64,Eligible
ARG45,29,female,Manipur,masters,90.0,271000.0,2,999,0,0,0,1,1,1,86.0,Ineligible
BVOBC,18,male,Nagaland,bachelors,89.9,85000.0,140,999,1,0,0,1,1,1,68.96,Eligible
ARG45,32,male,Gujarat,phd,79.5,549000.0,2,999,1,0,0,1,1,1,71.8,Eligible
A023B,18,female,Gujarat,bachelors,56.7,140000.0,1,999,1,0,0,1,1,1,77.68,Eligible
A023B,19,male,Gujarat,masters,59.2,668000.0,85,999,1,0,0,1,1,1,48.68,Ineligible
A023B,20,female,Andhra Pradesh,bachelors,56.1,318000.0,3,999,1,0,0,1,1,1,72.44,Eligible
ARG45,36,male,Tamil Nadu,phd,86.0,710000.0,1,999,0,0,0,1,0,1,69.4,Ineligible
AZKMI,29,male,Tripura,postdoc,74.2,354000.0,999,4,1,0,0,1,1,1,74.68,Eligible
BPVGK,15,male,Assam,10th,65.5,311000.0,999,999,1,0,0,1,1,1,54.2,Ineligible
AZKMI,31,male,Mizoram,postdoc,89.0,919000.0,999,37,1,0,0,1,1,1,70.6,Ineligible
BPVGK,17,male,Andhra Pradesh,10th,65.2,202000.0,999,999,1,0,0,1,1,1,54.08,Eligible
BVOBC,17,male,Sikkim,bachelors,50.3,225000.0,59,999,1,0,0,0,1,1,55.12,Ineligible
A023B,22,female,Assam,masters,84.3,649000.0,85,999,1,0,0,1,0,1,63.72,Ineligible
BPVGK,15,male,Mizoram,10th,60.0,275000.0,999,999,1,0,0,1,1,1,52.0,Ineligible
BVOBC,23,female,Maharashtra,bachelors,79.3,201000.0,59,999,1,0,0,1,0,1,71.72,Borderline
AZKMI,34,female,Tamil Nadu,phd,88.2,678000.0,999,6,1,0,0,1,1,1,75.28,Ineligible
BPVGK,14,male,Maharashtra,10th,82.5,223000.0,999,999,1,0,0,1,1,1,61.0,Eligible
AZKMI,25,female,Maharashtra,phd,80.1,212000.0,999,1,1,0,0,1,1,1,82.04,Eligible
A023B,21,female,Tamil Nadu,bachelors,80.1,647000.0,2,999,1,0,0,0,0,1,72.04,Ineligible
AZKMI,23,male,Chhattisgarh,masters,64.3,972000.0,999,1,1,0,0,1,0,1,60.72,Ineligible
AZKMI,23,female,Jharkhand,masters,84.5,122000.0,999,21,0,0,0,1,1,1,88.8,Ineligible
ARG45,29,male,Nagaland,phd,55.5,341000.0,72,999,1,0,0,1,1,1,57.2,Eligible
BPVGK,14,female,Telangana,10th,62.8,75000.0,999,999,1,0,0,1,1,1,63.12,Eligible
A023B,19,female,Telangana,masters,87.7,355000.0,2,999,1,0,0,1,1,1,85.08,Eligible
A023B,18,male,Nagaland,bachelors,58.7,418000.0,1,999,1,0,0,1,1,1,63.48,Eligible
AZKMI,38,female,Mizoram,postdoc,50.6,512000.0,999,4,1,0,0,1,1,1,65.24,Ineligible
AZKMI,32,female,Tamil Nadu,phd,64.0,772000.0,999,21,0,0,0,1,1,1,65.6,Ineligible
A023B,18,male,Chhattisgarh,masters,56.4,277000.0,88,999,1,0,0,1,1,1,57.56,Eligible
A023B,20,female,Mizoram,masters,96.9,96000.0,78,999,1,0,0,1,1,1,83.76,Eligible
A023B,24,male,Nagaland,bachelors,92.4,305000.0,6,999,1,0,0,1,1,1,81.96,Eligible
A023B,19,female,Maharashtra,bachelors,79.6,426000.0,1,999,1,0,0,1,1,1,76.84,Eligible
BVOBC,23,female,Mizoram,12th,50.1,274000.0,1,999,1,0,0,1,1,1,70.04,Ineligible
BVOBC,23,female,Andhra Pradesh,bachelors,80.8,207000.0,95,999,1,0,0,1,1,1,72.32,Eligible
BPVGK,17,female,Tamil Nadu,10th,66.8,76000.0,999,999,1,0,0,1,1,1,64.72,Eligible
BVOBC,23,male,Telangana,bachelors,96.0,372000.0,250,999,1,0,0,1,1,1,66.4,Ineligible
BVOBC,23,male,Assam,bachelors,51.3,42000.0,6,999,1,0,0,1,1,1,70.52,Eligible
AZKMI,38,male,Manipur,postdoc,51.0,580000.0,999,8,1,0,0,1,1,0,60.4,Ineligible
BVOBC,17,male,Sikkim,bachelors,81.2,204000.0,110,999,1,0,0,1,0,1,60.48,Borderline
ARG45,28,male,Tamil Nadu,masters,54.2,860000.0,65,999,1,0,0,1,1,1,46.68,Ineligible
AZKMI,28,male,Gujarat,masters,83.1,488000.0,999,650,0,0,0,1,1,1,53.24,Ineligible
BPVGK,17,female,Kerala,10th,55.7,52000.0,999,999,1,0,0,1,1,1,60.28,Eligible
BPVGK,14,female,Chhattisgarh,10th,69.4,244000.0,999,999,1,0,0,1,1,1,60.76,Eligible
BPVGK,16,male,Sikkim,10th,90.4,35000.0,999,999,1,0,0,1,1,1,69.16,Eligible
AZKMI,33,male,Gujarat,phd,56.3,237000.0,999,650,1,0,0,1,1,1,47.52,Ineligible
ARG45,32,female,Sikkim,phd,69.0,237000.0,3,999,1,0,0,1,0,1,77.6,Borderline
BVOBC,23,male,Odisha,12th,76.8,392000.0,1,999,1,0,0,1,1,1,75.72,Ineligible
BVOBC,20,female,Chhattisgarh,12th,72.9,237000.0,5,999,1,0,0,1,1,1,79.16,Eligible
BPVGK,16,male,Mizoram,10th,52.9,277000.0,999,999,1,0,0,1,1,1,49.16,Ineligible
AZKMI,23,male,Tripura,masters,56.4,880000.0,999,1,1,0,0,1,1,1,57.56,Ineligible
ARG45,36,female,Tripura,masters,77.2,650000.0,88,999,1,0,0,1,1,1,60.88,Eligible
ARG45,35,male,Rajasthan,phd,66.2,752000.0,85,999,1,0,0,0,1,1,51.48,Ineligible
BVOBC,17,male,Tripura,12th,89.6,283000.0,65,999,1,0,0,1,0,1,70.84,Ineligible
A023B,18,female,Rajasthan,masters,82.0,100000.0,65,999,1,0,0,1,1,1,77.8,Eligible
ARG45,35,female,Maharashtra,masters,94.2,513000.0,78,999,1,0,0,1,1,1,72.68,Eligible
BVOBC,24,male,Tripura,12th,95.3,115000.0,72,999,1,0,0,1,1,1,78.12,Eligible
BPVGK,15,male,Telangana,10th,50.4,325000.0,999,999,1,0,0,1,1,1,48.16,Ineligible
BVOBC,22,male,Kerala,12th,94.4,149000.0,85,999,1,0,0,1,1,1,77.76,Eligible
A023B,23,male,Maharashtra,masters,70.2,207000.0,72,999,1,0,0,1,0,1,63.08,Borderline
AZKMI,34,female,Jharkhand,postdoc,91.9,843000.0,999,8,1,0,0,1,1,1,76.76,Ineligible
ARG45,24,male,Karnataka,phd,62.2,412000.0,78,999,1,0,0,1,1,1,54.88,Eligible
ARG45,23,male,Manipur,phd,87.9,674000.0,2,999,1,0,0,1,1,1,70.16,Eligible
AZKMI,31,male,Karnataka,postdoc,90.1,543000.0,999,6,1,0,0,1,1,1,76.04,Eligible
BVOBC,17,female,Chhattisgarh,12th,54.4,242000.0,250,999,1,0,0,1,1,1,54.76,Eligible
A023B,25,male,Tamil Nadu,bachelors,73.5,243000.0,3,999,1,0,0,1,1,1,74.4,Eligible
BVOBC,20,female,Rajasthan,12th,78.8,95000.0,6,999,1,0,0,1,1,1,86.52,Eligible
A023B,22,male,Telangana,bachelors,83.8,493000.0,5,999,1,0,0,1,1,1,73.52,Eligible
A023B,23,female,Kerala,bachelors,87.4,131000.0,65,999,1,0,0,1,1,1,79.96,Eligible
BVOBC,18,male,Telangana,bachelors,77.9,181000.0,110,999,1,0,0,1,1,1,64.16,Eligible
ARG45,30,male,Gujarat,phd,63.7,322000.0,3,999,1,0,0,1,1,1,70.48,Eligible
A023B,19,female,Sikkim,masters,88.5,292000.0,59,999,1,0,0,1,0,1,75.4,Borderline
ARG45,32,female,Madhya Pradesh,masters,53.3,756000.0,6,999,1,0,0,1,1,1,61.32,Ineligible
A023B,23,female,Kerala,masters,90.9,88000.0,2,999,1,0,0,1,0,1,91.36,Borderline
BPVGK,14,female,Nagaland,10th,77.0,166000.0,999,999,1,0,0,1,1,1,68.8,Eligible
BVOBC,22,male,Nagaland,12th,81.9,88000.0,1,999,1,0,0,0,1,1,82.76,Ineligible
AZKMI,23,female,Karnataka,masters,88.0,946000.0,999,14,1,0,0,1,1,1,75.2,Ineligible
AZKMI,31,male,Assam,phd,63.5,596000.0,999,37,1,0,0,1,1,1,65.4,Eligible
BVOBC,19,female,Mizoram,12th,73.0,72000.0,140,999,1,0,0,1,1,1,67.2,Eligible
A023B,20,female,Karnataka,bachelors,68.3,655000.0,85,999,1,0,0,1,1,1,57.32,Ineligible
BVOBC,21,female,Madhya Pradesh,bachelors,54.6,220000.0,59,999,1,0,0,0,1,1,61.84,Ineligible
BVOBC,21,female,Tamil Nadu,bachelors,68.7,382000.0,140,999,1,0,0,1,1,1,60.48,Ineligible
AZKMI,36,male,Karnataka,phd,53.0,662000.0,999,22,1,0,0,1,1,1,56.2,Ineligible
BPVGK,17,female,Kerala,10th,94.9,344000.0,999,999,1,0,0,1,1,1,70.96,Ineligible
BPVGK,17,male,Kerala,10th,77.9,54000.0,999,999,1,0,0,1,1,1,64.16,Eligible
AZKMI,22,male,Tripura,postdoc,90.2,509000.0,999,6,1,0,0,1,1,1,76.08,Eligible
AZKMI,28,male,Manipur,phd,56.1,638000.0,999,4,1,0,0,1,1,1,57.44,Ineligible
BVOBC,23,female,Sikkim,bachelors,62.2,383000.0,2,999,1,0,0,1,1,1,74.88,Ineligible
BVOBC,20,female,Meghalaya,bachelors,62.6,99000.0,78,999,1,0,0,1,1,1,70.04,Eligible
BVOBC,17,female,Meghalaya,12th,81.1,190000.0,250,999,1,0,0,1,1,1,70.44,Eligible
BVOBC,17,male,Arunachal Pradesh,bachelors,82.6,273000.0,2,999,1,0,0,1,1,1,78.04,Ineligible
A023B,25,female,Karnataka,bachelors,94.8,195000.0,5,999,1,0,0,1,1,1,92.92,Eligible
ARG45,24,male,Karnataka,phd,93.0,312000.0,78,999,1,0,0,1,1,1,72.2,Eligible
A023B,24,male,Madhya Pradesh,bachelors,95.1,281000.0,5,999,1,0,0,0,1,1,83.04,Ineligible
A023B,22,female,Maharashtra,bachelors,75.6,570000.0,6,999,1,0,0,1,1,1,75.24,Eligible
BVOBC,17,female,Odisha,bachelors,55.9,194000.0,72,999,1,0,0,1,1,1,67.36,Eligible
AZKMI,29,male,Sikkim,masters,71.7,669000.0,999,1,1,0,0,1,1,1,63.68,Ineligible
BVOBC,18,female,Assam,bachelors,49.4,397000.0,65,999,1,0,0,1,1,1,59.76,Ineligible
A023B,22,male,Odisha,masters,74.7,790000.0,2,999,1,0,0,1,1,1,64.88,Ineligible
A023B,24,female,Meghalaya,masters,82.2,458000.0,3,999,1,0,0,1,1,1,77.88,Eligible
ARG45,28,female,Andhra Pradesh,phd,70.3,620000.0,2,999,1,0,0,1,1,1,68.12,Eligible
BVOBC,19,male,Maharashtra,12th,67.8,398000.0,140,999,1,0,0,1,1,1,55.12,Ineligible
BVOBC,22,male,Kerala,12th,68.0,198000.0,6,999,1,0,0,1,1,1,77.2,Eligible
BVOBC,23,female,Arunachal Pradesh,12th,52.2,47000.0,95,999,1,0,0,1,1,1,65.88,Eligible
AZKMI,26,male,Madhya Pradesh,postdoc,94.9,672000.0,999,32,1,0,0,1,1,1,72.96,Ineligible
BVOBC,19,male,Meghalaya,bachelors,92.0,282000.0,2,999,1,0,0,1,1,1,81.8,Ineligible
A023B,21,male,Jharkhand,bachelors,68.9,642000.0,5,999,1,0,0,1,1,1,62.56,Ineligible
BVOBC,21,female,Chhattisgarh,12th,61.6,299000.0,140,999,1,0,0,1,1,1,57.64,Ineligible
ARG45,25,female,Assam,masters,54.7,646000.0,72,999,1,0,0,1,1,1,51.88,Ineligible
AZKMI,21,male,Mizoram,phd,64.7,556000.0,999,8,1,0,0,1,1,1,65.88,Eligible
BVOBC,23,female,Andhra Pradesh,12th,92.4,248000.0,2,999,1,0,0,1,1,1,86.96,Eligible
A023B,25,male,Meghalaya,bachelors,61.0,294000.0,2,999,1,0,0,1,1,1,69.4,Eligible
BVOBC,18,female,Jharkhand,bachelors,68.7,281000.0,59,999,1,0,0,1,1,1,67.48,Ineligible
AZKMI,25,female,Tripura,phd,90.6,920000.0,999,3,1,1,45,1,1,1,81.24,Ineligible
BPVGK,15,male,Mizoram,10th,79.3,274000.0,999,999,1,0,0,1,1,0,59.72,Ineligible
BPVGK,16,male,Madhya Pradesh,10th,76.6,107000.0,999,999,1,0,0,1,1,1,63.64,Eligible
AZKMI,33,male,Tripura,postdoc,51.6,952000.0,999,650,1,0,0,1,1,1,35.64,Ineligible
BVOBC,24,male,Maharashtra,12th,66.0,218000.0,72,999,1,0,0,1,1,1,61.4,Eligible
ARG45,33,male,Madhya Pradesh,phd,72.6,860000.0,6,999,1,0,0,1,1,0,64.04,Borderline
BPVGK,14,female,Karnataka,10th,93.7,131000.0,999,999,1,0,0,1,1,1,75.48,Eligible
AZKMI,38,female,Assam,masters,79.6,554000.0,999,6,1,0,0,1,1,1,76.84,Ineligible
BVOBC,24,female,Odisha,12th,84.9,254000.0,59,999,1,0,0,1,1,1,73.96,Ineligible
ARG45,23,male,Meghalaya,phd,91.4,104000.0,3,999,1,0,0,1,1,1,86.56,Eligible
BVOBC,19,female,Jharkhand,bachelors,75.6,224000.0,3,999,1,0,0,1,1,1,80.24,Eligible
BVOBC,20,male,Arunachal Pradesh,bachelors,64.8,164000.0,59,999,1,0,0,1,1,1,65.92,Eligible
A023B,20,female,Tamil Nadu,masters,68.0,768000.0,2,999,1,0,0,1,0,1,67.2,Ineligible
BVOBC,20,female,Gujarat,12th,87.1,314000.0,65,999,1,1,80,1,1,0,79.84,Ineligible
BVOBC,19,male,Mizoram,bachelors,47.7,97000.0,1,999,1,0,0,1,1,1,69.08,Ineligible
AZKMI,32,female,Rajasthan,phd,70.2,456000.0,999,650,1,0,0,1,1,0,53.08,Ineligible
A023B,20,other,Meghalaya,masters,74.0,507000.0,250,999,1,0,0,1,1,1,52.6,Ineligible
ARG45,28,male,Assam,phd,66.0,324000.0,110,999,1,0,0,1,0,1,54.4,Borderline
ARG45,22,female,Chhattisgarh,phd,90.9,410000.0,65,999,1,0,0,0,1,1,71.36,Ineligible
BVOBC,19,female,Madhya Pradesh,bachelors,52.8,389000.0,59,999,1,0,0,1,1,1,61.12,Ineligible
BVOBC,19,male,Manipur,bachelors,51.8,138000.0,78,999,1,0,0,1,1,1,60.72,Eligible
BVOBC,19,female,Kerala,12th,49.6,360000.0,250,999,1,0,0,1,1,1,52.84,Ineligible
BPVGK,17,male,Maharashtra,10th,71.7,341000.0,999,999,1,0,0,1,1,1,56.68,Ineligible
BPVGK,17,female,Mizoram,10th,62.7,56000.0,999,999,1,0,0,0,1,1,63.08,Ineligible
AZKMI,22,female,Karnataka,phd,68.0,127000.0,999,14,1,0,0,1,1,1,82.2,Eligible
ARG45,26,female,Odisha,masters,74.3,830000.0,59,999,0,0,0,1,1,1,59.72,Ineligible
A023B,19,male,Gujarat,bachelors,80.9,527000.0,250,999,1,0,0,1,1,1,55.36,Ineligible
ARG45,28,female,Tamil Nadu,phd,54.1,517000.0,85,999,1,0,0,1,1,1,56.64,Ineligible
A023B,23,male,Jharkhand,masters,92.7,429000.0,3,999,1,0,0,1,1,1,77.08,Eligible
BVOBC,24,female,Chhattisgarh,12th,91.3,61000.0,88,999,1,0,0,1,1,1,81.52,Eligible
ARG45,36,female,Mizoram,masters,79.1,276000.0,1,999,1,0,0,1,1,1,81.64,Eligible
ARG45,30,female,Jharkhand,masters,61.1,74000.0,110,999,1,0,0,1,1,1,62.44,Eligible
A023B,25,male,Meghalaya,masters,67.8,728000.0,72,999,1,0,0,1,1,1,52.12,Ineligible
BVOBC,24,female,Karnataka,bachelors,87.1,213000.0,72,999,1,1,75,1,0,1,79.84,Borderline
BVOBC,24,female,Gujarat,bachelors,56.2,54000.0,3,999,1,0,0,1,1,1,77.48,Eligible
ARG45,25,female,Tripura,phd,59.6,653000.0,88,999,1,0,0,1,1,1,53.84,Eligible
BVOBC,24,female,Chhattisgarh,bachelors,95.0,167000.0,78,999,1,0,0,1,1,1,83.0,Eligible
ARG45,32,male,Gujarat,masters,86.3,719000.0,85,999,1,1,57,1,1,1,64.52,Eligible
BPVGK,17,male,Sikkim,10th,46.3,89000.0,999,999,1,0,0,1,1,1,51.52,Ineligible
A023B,21,female,Madhya Pradesh,masters,97.3,494000.0,1,999,1,1,51,1,1,1,88.92,Eligible
AZKMI,37,female,Mizoram,postdoc,54.1,848000.0,999,2,1,0,0,1,1,1,61.64,Ineligible
A023B,22,female,Maharashtra,bachelors,64.4,147000.0,2,999,1,0,0,1,1,1,80.76,Eligible
BPVGK,15,male,Tripura,10th,74.8,248000.0,999,999,1,1,41,1,1,1,62.92,Eligible
ARG45,22,female,Sikkim,masters,87.7,205000.0,95,999,1,0,0,1,1,1,75.08,Eligible
A023B,25,female,Chhattisgarh,masters,68.0,435000.0,1,999,1,0,0,1,1,1,72.2,Eligible
A023B,25,female,Kerala,masters,87.9,750000.0,1,999,1,0,0,1,1,1,75.16,Ineligible
A023B,21,male,Karnataka,bachelors,66.8,709000.0,2,999,1,0,0,1,0,1,61.72,Ineligible
AZKMI,37,female,Nagaland,postdoc,71.2,605000.0,999,4,0,1,55,1,1,1,73.48,Ineligible
A023B,20,male,Kerala,masters,55.5,467000.0,5,999,1,0,0,1,1,1,62.2,Eligible
A023B,18,female,Madhya Pradesh,bachelors,90.5,542000.0,5,999,1,0,0,1,1,1,81.2,Eligible
AZKMI,36,male,Tripura,masters,58.5,852000.0,999,2,1,0,0,1,1,1,58.4,Ineligible
BVOBC,21,male,Karnataka,12th,85.3,280000.0,95,999,1,0,0,1,1,1,69.12,Ineligible
ARG45,30,male,Odisha,masters,60.2,587000.0,1,999,1,0,0,0,1,1,64.08,Ineligible
BVOBC,22,female,Maharashtra,bachelors,66.0,171000.0,140,999,1,0,0,1,1,1,64.4,Eligible
ARG45,24,male,Madhya Pradesh,phd,62.6,638000.0,72,999,1,0,0,1,1,1,50.04,Eligible
AZKMI,35,male,Meghalaya,masters,64.2,461000.0,999,14,1,0,0,0,1,1,65.68,Ineligible
A023B,20,male,Nagaland,masters,56.3,538000.0,85,999,1,1,44,0,1,1,57.52,Ineligible
ARG45,34,male,Telangana,masters,84.9,182000.0,95,999,1,0,0,1,1,1,73.96,Eligible
BPVGK,14,male,Odisha,10th,59.2,126000.0,999,999,1,0,0,1,1,1,56.68,Eligible
BVOBC,19,female,Madhya Pradesh,12th,75.5,397000.0,65,999,1,0,0,1,1,1,70.2,Ineligible
A023B,20,male,Chhattisgarh,masters,90.4,575000.0,1,999,1,0,0,1,1,1,76.16,Eligible
A023B,24,male,Arunachal Pradesh,masters,80.1,573000.0,2,999,1,0,0,1,1,1,72.04,Eligible
AZKMI,23,male,Chhattisgarh,postdoc,77.9,533000.0,999,4,1,0,0,1,1,1,71.16,Eligible
BPVGK,17,female,Andhra Pradesh,10th,58.1,172000.0,999,999,1,0,0,1,1,1,61.24,Eligible
ARG45,28,male,Telangana,masters,65.2,612000.0,2,999,1,0,0,1,1,1,61.08,Eligible
BVOBC,19,male,Maharashtra,12th,69.6,266000.0,88,999,1,0,0,1,1,1,62.84,Ineligible
AZKMI,24,male,Assam,postdoc,55.8,710000.0,999,2,1,0,0,1,1,1,57.32,Ineligible
A023B,23,female,Meghalaya,bachelors,65.8,300000.0,3,999,1,0,0,1,0,1,76.32,Borderline
BVOBC,17,male,Kerala,bachelors,48.5,110000.0,3,999,1,0,0,1,1,0,69.4,Ineligible
BVOBC,20,male,Assam,bachelors,74.6,95000.0,2,999,1,0,0,1,1,1,79.84,Eligible
ARG45,32,female,Jharkhand,masters,62.4,759000.0,110,999,1,0,0,1,0,1,47.96,Borderline
BPVGK,15,male,Gujarat,10th,60.6,88000.0,999,999,1,0,0,1,0,0,57.24,Borderline
A023B,19,male,Assam,bachelors,74.7,106000.0,1,999,1,0,0,1,1,1,79.88,Eligible
BVOBC,17,male,Andhra Pradesh,bachelors,91.3,96000.0,65,999,1,0,0,1,1,1,76.52,Eligible
ARG45,31,female,Madhya Pradesh,phd,55.5,887000.0,59,999,1,0,0,1,1,1,52.2,Eligible
BVOBC,23,female,Gujarat,bachelors,95.4,179000.0,88,999,1,0,0,1,1,1,83.16,Eligible
A023B,20,female,Arunachal Pradesh,masters,64.8,796000.0,2,999,1,0,0,1,1,1,65.92,Ineligible
A023B,19,male,Andhra Pradesh,bachelors,94.4,376000.0,6,999,1,0,0,1,1,1,82.76,Eligible
BVOBC,23,male,Andhra Pradesh,bachelors,61.3,213000.0,250,999,1,0,0,1,1,1,52.52,Eligible
BVOBC,24,male,Jharkhand,12th,45.9,54000.0,1,999,1,0,0,1,1,1,68.36,Ineligible
A023B,20,male,Manipur,masters,72.1,118000.0,6,999,1,0,0,1,1,1,78.84,Eligible
AZKMI,21,female,Madhya Pradesh,phd,76.4,238000.0,999,3,1,0,0,1,1,1,80.56,Eligible
A023B,23,female,Karnataka,bachelors,74.1,271000.0,65,999,1,0,0,1,0,1,69.64,Borderline
AZKMI,32,male,Gujarat,phd,56.5,305000.0,999,1,1,0,0,0,1,1,67.6,Ineligible
A023B,19,male,Kerala,bachelors,55.4,235000.0,1,999,1,1,53,1,1,1,72.16,Eligible
AZKMI,34,female,Sikkim,postdoc,52.7,946000.0,999,1,0,0,0,1,1,1,61.08,Ineligible
ARG45,31,female,Chhattisgarh,masters,55.3,381000.0,95,999,1,0,0,1,1,0,62.12,Borderline
BVOBC,20,female,Tamil Nadu,bachelors,91.8,133000.0,110,999,1,0,0,1,1,1,74.72,Eligible
ARG45,25,male,Odisha,masters,91.4,700000.0,1,999,1,0,0,1,1,1,71.56,Eligible
A023B,25,female,Andhra Pradesh,bachelors,69.3,175000.0,85,999,1,0,0,0,1,1,72.72,Ineligible
A023B,23,female,Arunachal Pradesh,masters,76.3,431000.0,2,999,1,0,0,1,1,1,75.52,Eligible
ARG45,29,male,Telangana,masters,50.1,93000.0,59,999,1,0,0,1,1,1,60.04,Ineligible
BPVGK,15,female,Nagaland,10th,65.0,304000.0,999,999,1,0,0,1,1,1,59.0,Ineligible
BVOBC,18,male,Mizoram,bachelors,78.1,133000.0,85,999,1,1,53,1,1,1,76.24,Eligible
BPVGK,15,female,Mizoram,10th,63.5,91000.0,999,999,1,0,0,1,1,1,63.4,Eligible
AZKMI,29,female,Manipur,masters,94.9,497000.0,999,22,1,0,0,1,1,1,82.96,Eligible
BPVGK,14,female,Mizoram,10th,93.3,153000.0,999,999,1,0,0,1,1,1,75.32,Eligible
BVOBC,20,female,Arunachal Pradesh,bachelors,47.6,314000.0,1,999,1,0,0,1,0,1,69.04,Ineligible
BVOBC,20,male,Jharkhand,bachelors,82.1,242000.0,250,999,1,0,0,1,1,1,60.84,Eligible
ARG45,27,female,Nagaland,phd,82.0,755000.0,72,999,1,0,0,1,1,1,62.8,Eligible
BPVGK,15,male,Kerala,10th,88.7,262000.0,999,999,1,0,0,1,1,1,63.48,Ineligible
ARG45,27,female,Tripura,masters,54.4,96000.0,78,999,1,0,0,1,1,1,66.76,Ineligible
BVOBC,21,female,Sikkim,12th,85.5,224000.0,6,999,1,1,59,1,1,0,89.2,Borderline
ARG45,30,female,Manipur,phd,89.6,754000.0,78,999,1,0,0,1,1,1,65.84,Eligible
BVOBC,17,female,Karnataka,12th,95.1,182000.0,95,999,1,0,0,1,1,1,83.04,Eligible
BVOBC,22,male,Gujarat,12th,85.3,335000.0,88,999,1,0,0,1,1,1,69.12,Ineligible
ARG45,33,female,Odisha,phd,77.8,750000.0,250,999,1,0,0,1,1,1,54.12,Eligible
BVOBC,24,female,Maharashtra,12th,68.9,298000.0,3,999,1,0,0,1,1,1,77.56,Ineligible
A023B,19,male,Mizoram,masters,67.4,490000.0,3,999,1,0,0,1,1,1,66.96,Eligible
AZKMI,21,female,Chhattisgarh,masters,57.0,829000.0,999,1,1,0,0,1,1,1,62.8,Ineligible
BVOBC,21,male,Rajasthan,12th,85.9,75000.0,5,999,1,0,0,0,1,1,84.36,Ineligible
A023B,24,female,Odisha,bachelors,81.8,599000.0,65,999,1,0,0,1,1,1,67.72,Eligible
ARG45,26,male,Madhya Pradesh,phd,64.5,512000.0,2,999,1,0,0,1,1,0,65.8,Borderline
ARG45,23,male,Tripura,phd,57.7,326000.0,85,999,1,0,0,1,1,1,58.08,Eligible
A023B,25,female,Manipur,bachelors,55.5,795000.0,1,999,1,1,59,1,1,1,67.2,Ineligible
A023B,18,male,Sikkim,bachelors,63.6,485000.0,140,999,1,0,0,1,1,1,48.44,Ineligible
A023B,18,male,Jharkhand,masters,76.2,354000.0,2,999,1,0,0,1,1,1,75.48,Eligible
ARG45,35,female,Chhattisgarh,phd,76.7,785000.0,6,999,0,0,0,1,1,1,70.68,Ineligible
BVOBC,21,female,Assam,bachelors,62.5,182000.0,59,999,1,0,0,1,1,1,70.0,Eligible
ARG45,30,male,Nagaland,phd,60.1,327000.0,65,999,1,0,0,1,0,1,59.04,Borderline
AZKMI,24,male,Tamil Nadu,postdoc,54.6,766000.0,999,8,1,0,0,1,1,1,56.84,Ineligible
ARG45,29,male,Assam,phd,72.5,592000.0,110,999,1,0,0,1,1,1,52.0,Eligible
A023B,18,female,Gujarat,bachelors,57.2,381000.0,3,999,1,0,0,1,1,1,72.88,Eligible
AZKMI,35,female,Chhattisgarh,postdoc,64.3,837000.0,999,8,0,0,0,1,1,0,65.72,Ineligible
ARG45,24,female,Chhattisgarh,masters,84.4,727000.0,65,999,1,0,0,1,1,1,63.76,Eligible
ARG45,35,male,Kerala,masters,77.4,211000.0,59,999,1,0,0,1,1,1,65.96,Eligible
ARG45,27,female,Tripura,phd,64.9,467000.0,5,999,1,0,0,1,1,1,70.96,Eligible
A023B,22,female,Andhra Pradesh,bachelors,83.5,605000.0,6,999,1,0,0,1,1,1,73.4,Ineligible
A023B,22,male,Assam,bachelors,83.2,441000.0,1,999,1,0,0,1,1,1,73.28,Eligible
BPVGK,17,female,Odisha,10th,58.5,277000.0,999,999,1,0,0,1,1,1,56.4,Ineligible
ARG45,23,female,Odisha,phd,66.6,816000.0,78,999,1,0,0,1,1,1,56.64,Eligible
ARG45,33,male,Maharashtra,phd,63.6,716000.0,85,999,1,0,0,0,1,1,50.44,Ineligible
BPVGK,15,male,Manipur,10th,76.1,217000.0,999,999,1,0,0,1,1,0,58.44,Borderline
BPVGK,14,female,Nagaland,10th,69.9,125000.0,999,999,1,0,0,1,1,1,65.96,Eligible
BPVGK,14,male,Rajasthan,10th,45.6,127000.0,999,999,1,0,0,1,1,1,51.24,Ineligible
BVOBC,17,female,Nagaland,bachelors,83.4,215000.0,1,999,1,0,0,1,1,1,83.36,Eligible
ARG45,26,male,Madhya Pradesh,phd,69.4,570000.0,2,999,1,0,0,1,1,1,67.76,Eligible
ARG45,25,male,Chhattisgarh,phd,83.3,822000.0,95,999,1,0,0,1,1,1,58.32,Eligible
ARG45,28,female,Arunachal Pradesh,masters,92.0,482000.0,59,999,1,0,0,1,1,1,71.8,Eligible
ARG45,25,female,Madhya Pradesh,masters,94.0,624000.0,250,999,1,0,0,1,1,1,60.6,Eligible
ARG45,26,male,Jharkhand,phd,66.1,121000.0,110,999,1,0,0,1,0,1,59.44,Borderline
BVOBC,19,female,Karnataka,12th,76.0,65000.0,3,999,1,0,0,1,1,1,85.4,Eligible
BVOBC,18,male,Andhra Pradesh,bachelors,75.1,186000.0,250,999,1,0,0,1,1,1,63.04,Eligible
AZKMI,36,female,Madhya Pradesh,postdoc,83.1,355000.0,999,650,1,0,0,1,1,1,63.24,Ineligible
ARG45,27,male,Andhra Pradesh,masters,63.2,508000.0,1,999,1,0,0,1,0,1,65.28,Borderline
ARG45,27,female,Maharashtra,phd,72.6,621000.0,88,999,1,0,0,1,1,1,59.04,Eligible
BVOBC,18,female,Nagaland,12th,50.5,135000.0,95,999,1,0,0,1,1,0,65.2,Borderline
AZKMI,27,female,Manipur,masters,78.5,617000.0,999,1,1,0,0,1,1,1,71.4,Ineligible
AZKMI,28,female,Kerala,masters,70.2,912000.0,999,3,1,0,0,1,1,1,68.08,Ineligible
BVOBC,19,male,Maharashtra,bachelors,81.7,396000.0,2,999,1,0,0,1,1,1,77.68,Ineligible
BVOBC,24,female,Karnataka,bachelors,92.4,97000.0,2,999,1,0,0,1,1,0,91.96,Borderline
BPVGK,16,male,Maharashtra,10th,69.5,94000.0,999,999,1,0,0,1,1,1,60.8,Eligible
ARG45,35,male,Karnataka,phd,63.9,857000.0,6,999,1,0,0,1,1,1,60.56,Eligible
BPVGK,17,female,Sikkim,10th,81.2,310000.0,999,999,1,0,0,1,1,1,65.48,Ineligible
ARG45,34,male,Meghalaya,phd,74.7,164000.0,6,999,1,0,0,1,0,1,79.88,Borderline
BVOBC,19,male,Tripura,bachelors,80.8,142000.0,65,999,1,0,0,1,1,1,72.32,Eligible
ARG45,23,female,Assam,masters,92.6,472000.0,72,999,1,0,0,1,1,1,72.04,Eligible
BPVGK,14,female,Andhra Pradesh,10th,63.7,68000.0,999,999,1,0,0,1,1,1,63.48,Eligible
A023B,18,female,Andhra Pradesh,bachelors,72.9,244000.0,3,999,1,0,0,1,1,1,79.16,Eligible
BPVGK,17,female,Kerala,10th,66.7,308000.0,999,999,1,0,0,0,1,1,59.68,Ineligible
BPVGK,16,female,Meghalaya,10th,84.3,286000.0,999,999,1,0,0,1,1,1,66.72,Ineligible
BPVGK,16,male,Telangana,10th,87.6,101000.0,999,999,1,0,0,1,0,1,68.04,Borderline
AZKMI,36,female,Manipur,phd,69.0,967000.0,999,1,0,0,0,1,1,1,67.6,Ineligible
BVOBC,18,male,Rajasthan,12th,52.7,383000.0,2,999,1,0,0,1,1,1,66.08,Ineligible
BPVGK,16,female,Manipur,10th,65.8,250000.0,999,999,1,0,0,1,1,1,59.32,Eligible
AZKMI,38,male,Telangana,masters,69.5,729000.0,999,6,1,0,0,1,1,1,62.8,Ineligible
BPVGK,16,male,Jharkhand,10th,51.8,56000.0,999,999,1,0,0,1,1,1,53.72,Eligible
BPVGK,15,female,Tripura,10th,49.9,231000.0,999,999,1,0,0,1,1,0,52.96,Ineligible
BVOBC,22,female,Assam,bachelors,68.9,329000.0,3,999,1,0,0,1,1,1,77.56,Ineligible
AZKMI,26,male,Gujarat,masters,51.1,186000.0,999,32,1,0,0,1,1,1,70.44,Ineligible
BVOBC,17,male,Andhra Pradesh,12th,89.1,110000.0,95,999,1,0,0,1,1,1,75.64,Eligible
AZKMI,38,female,Arunachal Pradesh,masters,93.7,690000.0,999,6,1,0,0,1,0,1,77.48,Ineligible
BPVGK,16,male,Chhattisgarh,10th,66.8,92000.0,999,999,1,0,0,1,1,1,59.72,Eligible
BVOBC,18,female,Manipur,12th,59.8,137000.0,6,999,1,0,0,1,1,1,78.92,Eligible
A023B,23,male,Rajasthan,masters,59.0,746000.0,1,999,1,0,0,1,1,1,58.6,Ineligible
BVOBC,24,female,Meghalaya,12th,68.9,378000.0,6,999,1,0,0,1,1,1,77.56,Ineligible
BPVGK,14,male,Madhya Pradesh,10th,92.4,249000.0,999,999,1,0,0,1,0,1,64.96,Borderline
A023B,19,male,Andhra Pradesh,masters,74.4,327000.0,1,999,1,0,0,1,1,1,74.76,Eligible
ARG45,30,male,Madhya Pradesh,masters,73.6,710000.0,88,999,1,0,0,1,1,1,54.44,Eligible
BVOBC,22,male,Assam,bachelors,85.1,129000.0,2,999,1,0,0,1,1,1,84.04,Eligible
BPVGK,17,male,Meghalaya,10th,90.4,320000.0,999,999,1,0,0,1,1,1,64.16,Ineligible
BVOBC,20,female,Manipur,bachelors,48.1,84000.0,2,999,1,0,0,1,1,1,74.24,Ineligible
A023B,19,male,Arunachal Pradesh,masters,82.5,730000.0,6,999,1,0,0,1,1,1,68.0,Ineligible
AZKMI,22,male,Maharashtra,postdoc,57.5,527000.0,999,4,0,0,0,1,1,1,63.0,Ineligible
BVOBC,20,female,Odisha,12th,67.3,159000.0,5,999,1,0,0,1,1,1,81.92,Eligible
A023B,24,female,Andhra Pradesh,masters,87.6,274000.0,95,999,1,0,0,1,1,1,75.04,Eligible
A023B,24,male,Kerala,bachelors,55.2,208000.0,2,999,1,0,0,1,1,1,67.08,Eligible
A023B,24,male,Tamil Nadu,bachelors,84.5,534000.0,2,999,1,0,0,0,1,1,73.8,Ineligible
A023B,25,female,Gujarat,bachelors,65.4,325000.0,1,999,1,0,0,1,1,1,76.16,Eligible
AZKMI,33,male,Rajasthan,postdoc,85.2,308000.0,999,4,1,0,0,1,1,0,79.08,Borderline
BVOBC,24,female,Chhattisgarh,12th,84.4,94000.0,2,999,1,0,0,1,1,1,88.76,Eligible
ARG45,28,female,Rajasthan,masters,78.7,779000.0,250,999,1,0,0,1,1,1,54.48,Eligible
ARG45,31,male,Jharkhand,masters,77.5,585000.0,110,999,1,0,0,1,1,1,54.0,Eligible
A023B,18,male,Manipur,masters,59.2,431000.0,2,999,1,0,0,1,1,1,63.68,Eligible
ARG45,29,male,Arunachal Pradesh,phd,81.8,528000.0,85,999,1,0,0,1,1,1,62.72,Eligible
A023B,23,male,Karnataka,masters,64.0,126000.0,1,999,1,0,0,1,1,1,75.6,Eligible
ARG45,35,female,Sikkim,phd,53.2,550000.0,250,999,1,0,0,1,1,1,49.28,Ineligible
BPVGK,16,female,Gujarat,10th,93.9,318000.0,999,999,1,0,0,1,1,1,70.56,Ineligible
A023B,25,female,Mizoram,bachelors,76.8,243000.0,140,999,1,0,0,1,1,1,63.72,Ineligible
A023B,25,male,Karnataka,masters,68.2,779000.0,3,999,1,0,0,1,1,1,62.28,Ineligible
ARG45,32,female,Tripura,masters,63.5,739000.0,140,999,1,1,53,1,1,1,53.4,Eligible
A023B,23,male,Andhra Pradesh,masters,86.7,246000.0,1,999,1,0,0,1,1,1,79.68,Eligible
A023B,22,male,Jharkhand,bachelors,74.7,790000.0,250,999,1,0,0,1,1,1,47.88,Ineligible
A023B,23,female,Nagaland,masters,63.0,174000.0,1,999,1,0,0,1,1,1,80.2,Eligible
ARG45,23,male,Arunachal Pradesh,masters,89.8,772000.0,2,999,1,0,0,1,1,1,70.92,Eligible
BVOBC,22,female,Assam,12th,83.0,259000.0,140,999,1,0,0,1,1,1,66.2,Ineligible
ARG45,35,female,Karnataka,masters,89.3,270000.0,85,999,0,0,0,1,1,1,75.72,Ineligible
ARG45,33,female,Gujarat,phd,83.9,612000.0,6,999,1,0,0,1,1,1,73.56,Eligible
ARG45,23,female,Telangana,phd,79.1,184000.0,2,999,1,0,0,1,1,1,86.64,Eligible
AZKMI,34,male,Jharkhand,phd,82.9,979000.0,999,2,1,0,0,1,1,1,68.16,Ineligible
BVOBC,18,female,Telangana,12th,57.9,68000.0,2,999,1,0,0,1,1,1,78.16,Eligible
AZKMI,37,female,Assam,postdoc,57.0,241000.0,999,8,1,0,0,1,1,1,72.8,Ineligible
BPVGK,16,male,Arunachal Pradesh,10th,86.9,63000.0,999,999,1,0,0,1,1,1,67.76,Eligible
A023B,25,male,Maharashtra,bachelors,55.2,422000.0,6,999,1,0,0,1,1,1,62.08,Eligible
ARG45,27,male,Maharashtra,phd,50.4,656000.0,110,999,1,0,0,1,1,1,38.16,Ineligible
ARG45,24,male,Manipur,masters,94.4,231000.0,110,999,1,0,0,1,1,1,65.76,Eligible
A023B,23,female,Madhya Pradesh,bachelors,64.4,483000.0,85,999,1,0,0,1,1,1,60.76,Eligible
ARG45,26,female,Tripura,phd,67.3,228000.0,65,999,1,0,0,1,1,1,66.92,Eligible
AZKMI,34,male,Jharkhand,phd,64.0,866000.0,999,2,1,0,0,1,1,1,60.6,Ineligible
BPVGK,15,female,Assam,10th,92.0,119000.0,999,999,1,0,0,0,1,1,74.8,Ineligible
BVOBC,19,female,Odisha,12th,89.5,47000.0,140,999,1,0,0,0,1,1,73.8,Ineligible
BPVGK,16,female,Jharkhand,10th,66.7,347000.0,999,999,1,0,0,1,1,1,59.68,Ineligible
ARG45,36,male,Arunachal Pradesh,phd,63.7,173000.0,6,999,1,0,0,1,1,1,75.48,Eligible
BVOBC,23,male,Maharashtra,bachelors,74.8,203000.0,2,999,1,0,0,1,1,1,74.92,Eligible
BVOBC,24,male,Rajasthan,12th,51.6,361000.0,1,999,1,0,0,1,1,1,65.64,Ineligible
BVOBC,18,female,Sikkim,bachelors,68.3,231000.0,85,999,1,0,0,1,1,1,67.32,Eligible
A023B,25,female,Meghalaya,bachelors,75.5,490000.0,5,999,1,0,0,1,1,1,75.2,Eligible
BVOBC,17,female,Telangana,bachelors,93.3,319000.0,110,999,1,0,0,1,1,1,70.32,Ineligible
BVOBC,17,male,Assam,12th,85.1,299000.0,95,999,1,0,0,1,1,1,69.04,Ineligible
ARG45,23,male,Tripura,phd,90.6,300000.0,110,999,1,0,0,1,1,1,64.24,Eligible
ARG45,32,female,Tamil Nadu,masters,56.1,185000.0,72,999,1,0,0,1,1,1,67.44,Eligible
BVOBC,22,female,Telangana,bachelors,80.5,214000.0,78,999,1,0,0,1,1,1,72.2,Eligible
BVOBC,21,male,Kerala,bachelors,80.6,69000.0,110,999,1,0,0,1,1,1,65.24,Eligible
BVOBC,24,male,Chhattisgarh,12th,50.7,116000.0,1,999,1,0,0,1,1,1,70.28,Eligible
ARG45,35,female,Kerala,phd,85.9,263000.0,3,999,1,0,0,1,1,1,84.36,Eligible
BVOBC,22,male,Mizoram,12th,52.3,224000.0,5,999,1,0,0,1,1,1,65.92,Eligible
A023B,21,female,Madhya Pradesh,masters,58.8,551000.0,1,999,1,0,0,1,1,1,68.52,Eligible
ARG45,27,male,Gujarat,phd,58.8,437000.0,85,999,1,0,0,0,1,1,53.52,Ineligible
A023B,22,female,Arunachal Pradesh,bachelors,55.1,205000.0,1,999,1,0,0,1,1,1,72.04,Eligible
BVOBC,18,female,Madhya Pradesh,12th,80.9,267000.0,85,999,1,1,41,1,1,0,77.36,Ineligible
ARG45,33,female,Nagaland,phd,82.4,278000.0,1,999,1,0,0,1,1,1,82.96,Eligible
ARG45,35,female,Nagaland,masters,53.6,392000.0,250,999,1,0,0,1,1,1,54.44,Ineligible
ARG45,24,male,Tamil Nadu,phd,81.1,511000.0,5,999,1,0,0,1,1,1,72.44,Eligible
A023B,21,male,Odisha,bachelors,55.2,765000.0,85,999,1,0,0,1,1,1,47.08,Ineligible
A023B,23,female,Mizoram,masters,86.4,125000.0,2,999,1,0,0,1,1,1,89.56,Eligible
ARG45,26,female,Meghalaya,phd,50.4,127000.0,1,999,1,0,0,1,0,1,75.16,Ineligible
BVOBC,18,female,Telangana,bachelors,67.8,204000.0,1,999,1,0,0,1,1,1,77.12,Eligible
BVOBC,19,male,Meghalaya,bachelors,55.3,230000.0,59,999,1,0,0,1,1,1,57.12,Eligible
AZKMI,22,male,Rajasthan,phd,64.0,463000.0,999,4,1,0,0,1,1,1,65.6,Eligible
BVOBC,19,female,Telangana,bachelors,63.5,336000.0,110,999,1,0,0,1,0,0,58.4,Ineligible
ARG45,24,male,Maharashtra,phd,88.8,154000.0,59,999,1,0,0,1,1,1,75.52,Eligible
BPVGK,16,male,Gujarat,10th,87.3,67000.0,999,999,1,0,0,1,1,1,67.92,Eligible
BVOBC,18,male,Rajasthan,bachelors,66.3,279000.0,140,999,1,0,0,1,1,1,54.52,Ineligible
BVOBC,21,female,Tripura,bachelors,86.9,138000.0,6,999,1,0,0,1,1,1,89.76,Eligible
BVOBC,23,male,Andhra Pradesh,12th,63.6,254000.0,5,999,1,0,0,1,1,1,70.44,Ineligible
ARG45,25,female,Nagaland,phd,61.3,227000.0,250,999,1,0,0,1,1,1,57.52,Eligible
BVOBC,18,male,Maharashtra,bachelors,89.1,300000.0,2,999,1,0,0,1,1,1,80.64,Ineligible
BVOBC,21,male,Telangana,12th,90.4,219000.0,1,999,1,0,0,1,1,1,81.16,Eligible
ARG45,34,female,Assam,masters,72.9,292000.0,85,999,1,0,0,1,1,1,69.16,Eligible
A023B,20,male,Rajasthan,bachelors,79.2,791000.0,78,999,1,0,0,1,1,1,56.68,Ineligible
BVOBC,19,female,Manipur,bachelors,65.6,125000.0,2,999,1,0,0,1,1,1,81.24,Eligible
ARG45,31,male,Tamil Nadu,masters,85.4,309000.0,110,999,1,0,0,1,1,1,62.16,Eligible
BVOBC,20,male,Karnataka,bachelors,68.4,126000.0,95,999,1,0,0,1,1,1,67.36,Eligible
A023B,21,male,Manipur,bachelors,94.1,544000.0,2,999,0,0,0,1,1,1,77.64,Ineligible
AZKMI,28,male,Nagaland,masters,82.9,657000.0,999,4,1,0,0,1,1,1,68.16,Ineligible
A023B,22,male,Tripura,masters,97.6,777000.0,140,999,1,0,0,1,1,1,57.04,Ineligible
BVOBC,17,female,Andhra Pradesh,12th,50.3,298000.0,59,999,1,0,0,1,0,0,60.12,Ineligible
BVOBC,22,male,Andhra Pradesh,bachelors,63.2,296000.0,2,999,1,1,60,1,1,1,75.28,Ineligible
ARG45,26,female,Karnataka,phd,51.0,316000.0,2,999,1,0,0,1,1,1,70.4,Ineligible
A023B,18,female,Odisha,bachelors,83.9,496000.0,6,999,1,0,0,1,1,1,78.56,Eligible
AZKMI,37,female,Odisha,masters,51.5,761000.0,999,650,1,0,0,1,1,1,40.6,Ineligible
AZKMI,34,female,Meghalaya,phd,87.8,243000.0,999,21,1,0,0,1,1,1,85.12,Eligible
BPVGK,14,female,Andhra Pradesh,10th,63.5,69000.0,999,999,1,0,0,1,1,0,63.4,Borderline
A023B,25,female,Kerala,masters,73.6,167000.0,3,999,1,0,0,1,1,1,84.44,Eligible
AZKMI,30,female,Sikkim,postdoc,60.5,712000.0,999,37,1,0,0,0,1,1,64.2,Ineligible
A023B,20,male,Rajasthan,bachelors,96.8,482000.0,65,999,1,0,0,1,1,1,68.72,Eligible
BVOBC,20,male,Manipur,bachelors,77.4,212000.0,2,999,1,0,0,1,1,1,75.96,Eligible
A023B,21,female,Jharkhand,masters,75.5,415000.0,1,999,1,0,0,1,1,1,75.2,Eligible
AZKMI,26,male,Meghalaya,masters,89.6,370000.0,999,14,1,0,0,1,1,1,80.84,Eligible
AZKMI,29,male,Jharkhand,phd,63.8,741000.0,999,8,1,0,0,1,1,1,60.52,Ineligible
BVOBC,17,female,Mizoram,bachelors,88.4,223000.0,78,999,1,0,0,1,1,1,75.36,Eligible
A023B,21,male,Karnataka,masters,76.0,679000.0,1,999,1,0,0,1,1,1,65.4,Ineligible
BVOBC,22,male,Kerala,bachelors,69.0,219000.0,78,999,1,0,0,1,1,1,62.6,Eligible
A023B,24,male,Meghalaya,bachelors,84.7,751000.0,140,999,1,0,0,1,1,1,51.88,Ineligible
AZKMI,24,male,Manipur,masters,52.1,702000.0,999,21,1,0,0,1,1,1,55.84,Ineligible
BVOBC,17,female,Mizoram,bachelors,77.5,141000.0,95,999,1,0,0,1,1,1,76.0,Eligible
BVOBC,20,other,Karnataka,12th,76.1,147000.0,250,999,1,0,0,1,1,1,63.44,Eligible
A023B,25,male,Mizoram,masters,59.6,779000.0,85,999,1,0,0,1,0,1,48.84,Ineligible
BVOBC,21,female,Telangana,12th,83.6,178000.0,72,999,1,0,0,1,1,1,78.44,Eligible
BVOBC,19,female,Maharashtra,bachelors,94.8,320000.0,59,999,1,0,0,1,1,1,77.92,Ineligible
AZKMI,22,male,Nagaland,masters,50.4,958000.0,999,2,1,0,0,1,1,1,55.16,Ineligible
AZKMI,21,female,Sikkim,postdoc,89.6,961000.0,999,2,1,0,0,1,1,1,75.84,Ineligible
ARG45,28,male,Mizoram,masters,66.2,898000.0,110,999,1,0,0,1,1,1,44.48,Eligible
BVOBC,24,female,Nagaland,bachelors,54.1,193000.0,2,999,1,0,0,1,0,1,76.64,Borderline
BPVGK,15,male,Rajasthan,10th,50.4,221000.0,999,999,1,0,0,1,1,1,48.16,Eligible
ARG45,23,male,Nagaland,phd,57.2,625000.0,95,999,1,0,0,1,1,1,47.88,Eligible
AZKMI,21,female,Maharashtra,postdoc,54.2,938000.0,999,3,1,0,0,1,1,1,61.68,Ineligible
BVOBC,24,male,Tamil Nadu,12th,73.9,138000.0,2,999,1,0,0,1,1,1,79.56,Eligible
A023B,19,female,Andhra Pradesh,masters,62.6,713000.0,2,999,1,0,0,1,1,1,65.04,Ineligible
BVOBC,19,male,Maharashtra,bachelors,57.9,184000.0,72,999,1,0,0,1,1,1,63.16,Eligible
BVOBC,22,male,Nagaland,bachelors,70.1,397000.0,250,999,1,0,0,1,1,1,56.04,Ineligible
ARG45,34,female,Telangana,masters,60.8,136000.0,65,999,1,0,0,1,1,1,69.32,Eligible
BPVGK,17,male,Maharashtra,10th,93.3,109000.0,999,999,1,0,0,1,1,1,70.32,Eligible
ARG45,28,female,Andhra Pradesh,masters,76.4,528000.0,6,999,1,0,0,1,0,0,75.56,Borderline
BPVGK,16,male,Meghalaya,10th,80.3,155000.0,999,999,1,0,0,1,1,1,65.12,Eligible
AZKMI,34,male,Andhra Pradesh,postdoc,79.0,153000.0,999,21,1,0,0,0,1,0,81.6,Borderline
AZKMI,21,female,Tripura,masters,56.5,433000.0,999,650,1,0,0,1,1,1,47.6,Ineligible
BVOBC,17,male,Madhya Pradesh,bachelors,60.7,159000.0,3,999,1,0,0,1,1,1,74.28,Eligible
AZKMI,25,male,Kerala,masters,77.5,153000.0,999,22,0,0,0,1,1,1,81.0,Ineligible
A023B,19,male,Manipur,bachelors,77.1,566000.0,2,999,1,0,0,1,1,1,70.84,Eligible
ARG45,26,other,Karnataka,phd,93.5,501000.0,6,999,1,0,0,1,1,1,77.4,Eligible
AZKMI,21,male,Madhya Pradesh,phd,50.6,394000.0,999,3,0,0,0,1,1,1,65.24,Ineligible
A023B,22,female,Chhattisgarh,bachelors,84.5,390000.0,6,999,0,0,0,1,1,1,83.8,Ineligible
BPVGK,16,male,Nagaland,10th,63.8,73000.0,999,999,1,0,0,0,1,1,58.52,Ineligible
A023B,21,female,Kerala,bachelors,87.0,310000.0,65,999,1,0,0,1,1,1,74.8,Eligible
ARG45,23,male,Mizoram,masters,70.6,272000.0,85,999,1,0,0,1,1,1,63.24,Eligible
BVOBC,18,female,Rajasthan,12th,84.1,85000.0,110,999,1,0,0,1,0,1,71.64,Borderline
BVOBC,21,male,Arunachal Pradesh,12th,93.3,225000.0,95,999,1,0,0,1,1,1,72.32,Eligible
A023B,18,female,Karnataka,bachelors,63.2,540000.0,2,999,1,0,0,1,1,1,70.28,Eligible
A023B,23,male,Telangana,masters,88.4,624000.0,2,999,1,0,0,1,1,1,70.36,Ineligible
A023B,18,female,Sikkim,masters,93.2,525000.0,5,999,1,0,0,1,1,1,82.28,Eligible
BVOBC,18,female,Andhra Pradesh,12th,79.7,308000.0,1,999,1,0,0,1,1,1,81.88,Ineligible
AZKMI,24,female,Chhattisgarh,postdoc,74.6,974000.0,999,4,1,0,0,1,1,1,69.84,Ineligible
AZKMI,31,male,Odisha,phd,91.1,288000.0,999,2,1,0,0,1,1,1,81.44,Eligible
ARG45,25,male,Meghalaya,masters,57.8,891000.0,250,999,0,0,0,1,1,1,41.12,Ineligible
BPVGK,16,male,Kerala,10th,81.5,47000.0,999,999,1,0,0,1,1,1,65.6,Eligible
BPVGK,15,female,Rajasthan,10th,63.6,266000.0,999,999,1,0,0,1,1,1,58.44,Ineligible
AZKMI,32,other,Nagaland,phd,71.5,808000.0,999,6,1,0,0,1,1,1,63.6,Ineligible
A023B,21,female,Mizoram,masters,78.9,108000.0,65,999,1,0,0,1,1,1,76.56,Eligible
AZKMI,24,female,Kerala,masters,89.5,933000.0,999,37,1,0,0,1,1,1,75.8,Ineligible
AZKMI,35,male,Chhattisgarh,phd,68.3,359000.0,999,4,1,0,0,1,1,1,72.32,Eligible
A023B,23,female,Nagaland,bachelors,63.5,643000.0,2,999,1,0,0,1,1,1,65.4,Ineligible
ARG45,34,male,Odisha,masters,81.7,738000.0,2,999,1,0,0,1,1,1,67.68,Eligible
BPVGK,14,female,Madhya Pradesh,10th,82.7,149000.0,999,999,1,0,0,1,1,1,71.08,Eligible
ARG45,22,male,Kerala,phd,68.3,373000.0,2,999,1,0,0,1,1,1,72.32,Eligible
ARG45,24,male,Nagaland,phd,50.5,510000.0,6,999,1,0,0,1,1,1,60.2,Ineligible
ARG45,27,male,Tamil Nadu,masters,56.2,570000.0,5,999,1,0,0,1,1,1,62.48,Eligible
ARG45,31,female,Jharkhand,phd,53.7,411000.0,78,999,1,1,65,1,1,1,61.48,Ineligible
AZKMI,31,male,Arunachal Pradesh,phd,55.0,976000.0,999,650,0,0,0,1,1,1,37.0,Ineligible
AZKMI,32,female,Sikkim,postdoc,76.0,944000.0,999,32,0,0,0,0,1,1,70.4,Ineligible
ARG45,27,female,Rajasthan,masters,93.2,841000.0,95,999,1,0,0,1,1,1,67.28,Eligible
A023B,24,male,Chhattisgarh,masters,62.5,751000.0,1,999,1,0,0,1,1,1,60.0,Ineligible
ARG45,34,male,Madhya Pradesh,phd,68.1,881000.0,1,999,0,0,0,1,1,1,62.24,Ineligible
ARG45,33,male,Tripura,phd,94.0,407000.0,3,999,1,0,0,1,1,1,77.6,Eligible
ARG45,26,male,Karnataka,masters,57.9,507000.0,2,999,1,0,0,1,1,1,63.16,Eligible
BVOBC,17,other,Gujarat,bachelors,68.3,365000.0,1,999,1,0,0,1,1,1,72.32,Ineligible
ARG45,34,male,Tripura,masters,70.4,306000.0,250,999,0,0,0,1,1,1,56.16,Ineligible
ARG45,33,male,Madhya Pradesh,phd,94.9,105000.0,78,999,1,0,0,1,1,1,77.96,Eligible
AZKMI,36,male,Sikkim,phd,75.0,329000.0,999,3,1,0,0,1,1,1,75.0,Ineligible
BPVGK,14,male,Sikkim,10th,63.9,183000.0,999,999,1,0,0,1,1,1,58.56,Eligible
BVOBC,21,female,Assam,12th,86.7,382000.0,78,999,1,0,0,1,1,1,74.68,Ineligible
ARG45,32,female,Karnataka,masters,64.7,539000.0,110,999,1,0,0,1,1,1,53.88,Eligible
BVOBC,24,female,Chhattisgarh,12th,69.2,101000.0,110,999,1,0,0,1,1,1,65.68,Eligible
A023B,23,female,Arunachal Pradesh,masters,91.7,732000.0,1,999,1,0,0,1,1,1,76.68,Ineligible
ARG45,23,male,Mizoram,masters,54.8,603000.0,95,999,0,0,0,1,1,1,46.92,Ineligible
BPVGK,15,male,Mizoram,10th,85.6,244000.0,999,999,1,0,0,1,1,1,62.24,Eligible
ARG45,30,female,Mizoram,phd,78.1,686000.0,59,999,1,0,0,1,1,1,61.24,Eligible
BVOBC,17,male,Assam,bachelors,80.7,226000.0,2,999,1,0,0,0,1,0,77.28,Borderline
BPVGK,16,male,Meghalaya,10th,78.3,216000.0,999,999,1,0,0,1,1,1,59.32,Eligible
AZKMI,21,female,Mizoram,postdoc,84.0,133000.0,999,3,0,0,0,1,1,1,88.6,Ineligible
AZKMI,31,male,Telangana,postdoc,69.3,591000.0,999,21,1,0,0,1,1,1,67.72,Eligible
A023B,22,male,Gujarat,bachelors,63.6,796000.0,5,999,1,0,0,1,1,1,60.44,Ineligible
BVOBC,19,female,Madhya Pradesh,bachelors,77.2,195000.0,65,999,1,0,0,1,1,1,75.88,Eligible
BVOBC,21,female,Sikkim,bachelors,70.5,319000.0,88,999,1,0,0,1,1,1,68.2,Ineligible
ARG45,36,female,Odisha,masters,93.1,113000.0,6,999,1,0,0,1,1,1,92.24,Eligible
ARG45,35,male,Jharkhand,phd,89.7,690000.0,65,999,1,0,0,1,1,1,60.88,Eligible
A023B,22,male,Arunachal Pradesh,masters,72.2,324000.0,6,999,1,0,0,1,1,1,73.88,Eligible
ARG45,22,female,Tamil Nadu,masters,52.8,251000.0,88,999,1,0,0,1,1,1,61.12,Ineligible
BPVGK,15,male,Manipur,10th,63.3,327000.0,999,999,1,0,0,1,1,1,53.32,Ineligible
ARG45,27,male,Odisha,phd,87.9,464000.0,72,999,1,0,0,1,1,1,65.16,Eligible
AZKMI,37,female,Kerala,postdoc,78.2,907000.0,999,21,1,0,0,1,1,1,71.28,Ineligible
A023B,24,male,Andhra Pradesh,bachelors,83.9,538000.0,65,999,1,0,0,1,1,1,63.56,Eligible
BVOBC,24,male,Nagaland,12th,45.6,283000.0,2,999,1,0,0,1,1,1,63.24,Ineligible
AZKMI,37,male,Chhattisgarh,postdoc,68.9,170000.0,999,2,1,0,0,1,1,1,77.56,Ineligible
ARG45,32,female,Chhattisgarh,phd,87.0,310000.0,1,999,1,0,0,1,1,1,84.8,Eligible
ARG45,35,female,Nagaland,phd,66.1,756000.0,88,999,1,0,0,1,1,1,56.44,Eligible
ARG45,24,male,Manipur,masters,86.8,602000.0,72,999,1,0,0,1,0,1,59.72,Borderline
A023B,25,other,Telangana,masters,60.9,672000.0,5,999,1,0,0,1,1,1,59.36,Ineligible
AZKMI,22,female,Kerala,masters,86.1,302000.0,999,22,1,0,0,1,1,1,84.44,Eligible
BVOBC,22,male,Sikkim,bachelors,63.4,232000.0,1,999,1,0,0,1,1,1,70.36,Eligible
A023B,23,female,Telangana,masters,97.5,300000.0,5,999,1,0,0,1,1,1,89.0,Eligible
AZKMI,22,other,Sikkim,phd,75.9,786000.0,999,3,1,0,0,1,1,1,65.36,Ineligible
BVOBC,23,male,Tamil Nadu,12th,58.5,222000.0,1,999,1,0,0,1,1,1,68.4,Eligible
ARG45,32,female,Telangana,masters,54.8,597000.0,95,999,1,0,0,1,1,1,56.92,Ineligible
BPVGK,17,male,Telangana,10th,60.1,61000.0,999,999,1,1,43,1,1,1,62.04,Eligible
BPVGK,14,male,Madhya Pradesh,10th,77.7,38000.0,999,999,1,0,0,1,1,1,64.08,Eligible
BVOBC,18,male,Andhra Pradesh,bachelors,77.4,231000.0,2,999,1,0,0,1,1,1,75.96,Eligible
A023B,21,male,Telangana,masters,94.3,790000.0,85,999,1,0,0,1,1,1,62.72,Ineligible
AZKMI,37,female,Karnataka,masters,63.3,463000.0,999,2,1,0,0,1,1,1,70.32,Ineligible
A023B,20,female,Telangana,bachelors,75.8,174000.0,1,999,1,0,0,1,1,1,85.32,Eligible
A023B,22,male,Meghalaya,bachelors,58.7,219000.0,95,999,1,0,0,1,1,1,58.48,Eligible
ARG45,27,male,Sikkim,phd,67.3,238000.0,6,999,1,0,0,1,1,1,71.92,Eligible
BVOBC,17,male,Nagaland,bachelors,45.9,143000.0,85,999,1,0,0,1,1,1,58.36,Ineligible
BPVGK,17,male,Mizoram,10th,85.5,149000.0,999,999,1,0,0,1,1,1,67.2,Eligible
BPVGK,15,male,Manipur,10th,66.3,181000.0,999,999,1,0,0,1,1,1,59.52,Eligible
BPVGK,17,male,Maharashtra,10th,46.6,76000.0,999,999,1,0,0,1,1,1,51.64,Ineligible
ARG45,36,male,Maharashtra,masters,76.4,484000.0,78,999,1,0,0,1,0,1,60.56,Borderline
AZKMI,34,male,Maharashtra,postdoc,80.9,102000.0,999,21,1,0,0,1,0,1,82.36,Borderline
A023B,25,female,Assam,bachelors,76.2,154000.0,78,999,1,0,0,1,1,1,75.48,Eligible
ARG45,23,male,Kerala,masters,72.9,421000.0,85,999,1,0,0,1,0,1,59.16,Borderline
BVOBC,24,female,Assam,bachelors,94.3,389000.0,5,999,1,0,0,1,1,1,87.72,Ineligible
BVOBC,18,female,Mizoram,bachelors,56.8,86000.0,5,999,1,0,0,1,1,1,77.72,Eligible
BPVGK,16,female,Madhya Pradesh,10th,84.7,324000.0,999,999,1,0,0,1,1,1,66.88,Ineligible
BVOBC,22,female,Nagaland,12th,58.1,102000.0,72,999,1,0,0,1,0,1,68.24,Borderline
A023B,20,male,Assam,masters,82.8,585000.0,59,999,1,0,0,1,1,1,63.12,Eligible
BVOBC,20,male,Karnataka,12th,83.7,99000.0,2,999,1,0,0,1,1,1,83.48,Eligible
ARG45,28,female,Tamil Nadu,masters,94.6,197000.0,250,999,1,0,0,1,1,1,75.84,Eligible
BVOBC,18,male,Mizoram,bachelors,86.8,367000.0,2,999,1,0,0,1,1,1,79.72,Ineligible
A023B,23,male,Gujarat,masters,60.2,328000.0,2,999,1,0,0,1,1,1,69.08,Eligible
BVOBC,17,male,Meghalaya,12th,53.8,214000.0,6,999,1,0,0,1,1,1,66.52,Eligible
ARG45,36,male,Madhya Pradesh,phd,60.6,591000.0,3,999,1,0,0,1,1,1,64.24,Eligible
AZKMI,28,male,Rajasthan,postdoc,54.6,234000.0,999,3,1,0,0,1,1,0,66.84,Ineligible
AZKMI,24,female,Madhya Pradesh,masters,55.1,388000.0,999,37,0,0,0,1,1,1,72.04,Ineligible
ARG45,36,female,Chhattisgarh,masters,58.5,778000.0,88,999,1,0,0,1,1,1,53.4,Eligible
A023B,21,male,Chhattisgarh,masters,85.2,559000.0,2,999,1,0,0,1,1,1,74.08,Eligible
A023B,19,male,Odisha,masters,96.8,311000.0,6,999,1,0,0,1,1,1,83.72,Eligible
BPVGK,15,male,Telangana,10th,69.7,133000.0,999,999,1,0,0,1,1,1,60.88,Eligible
BVOBC,24,male,Karnataka,bachelors,45.9,150000.0,2,999,1,0,0,1,1,0,68.36,Ineligible
A023B,22,male,Gujarat,masters,70.2,585000.0,85,999,1,0,0,1,1,1,58.08,Eligible
BPVGK,16,male,Nagaland,10th,60.3,184000.0,999,999,1,0,0,0,1,1,57.12,Ineligible
A023B,24,male,Andhra Pradesh,bachelors,69.5,736000.0,2,999,1,0,0,1,1,1,62.8,Ineligible
BPVGK,14,male,Tripura,10th,59.2,113000.0,999,999,1,0,0,1,1,1,56.68,Eligible
ARG45,36,female,Telangana,masters,84.3,751000.0,140,999,1,0,0,1,1,1,56.72,Eligible
AZKMI,38,male,Manipur,masters,86.2,949000.0,999,21,1,0,0,1,1,1,69.48,Ineligible
ARG45,30,male,Maharashtra,phd,92.0,303000.0,65,999,1,0,0,1,1,1,71.8,Eligible
BVOBC,19,other,Assam,12th,93.1,118000.0,65,999,1,0,0,1,1,1,77.24,Eligible
ARG45,35,female,Karnataka,masters,88.1,475000.0,6,999,1,0,0,1,1,1,80.24,Eligible
ARG45,29,male,Madhya Pradesh,phd,60.4,163000.0,140,999,1,0,0,1,1,1,57.16,Eligible
BVOBC,18,male,Odisha,bachelors,57.2,300000.0,1,999,1,0,0,1,1,1,67.88,Ineligible
BPVGK,17,female,Madhya Pradesh,10th,50.4,205000.0,999,999,1,0,0,0,1,1,53.16,Ineligible
ARG45,27,female,Nagaland,phd,74.7,851000.0,140,999,1,0,0,1,1,1,52.88,Eligible
AZKMI,27,male,Rajasthan,masters,94.9,898000.0,999,32,1,0,0,1,1,1,72.96,Ineligible
ARG45,36,male,Gujarat,masters,92.3,65000.0,1,999,1,0,0,1,1,1,86.92,Eligible
ARG45,25,male,Kerala,masters,93.8,782000.0,250,999,1,0,0,1,1,1,55.52,Eligible
A023B,20,female,Gujarat,masters,75.6,542000.0,5,999,1,0,0,1,1,1,75.24,Eligible
A023B,18,female,Arunachal Pradesh,bachelors,83.8,373000.0,72,999,1,0,0,1,1,1,73.52,Eligible
BPVGK,17,male,Kerala,10th,64.2,214000.0,999,999,1,0,0,1,1,1,53.68,Eligible
ARG45,36,female,Rajasthan,masters,79.6,350000.0,110,999,1,0,0,1,1,1,64.84,Eligible
ARG45,26,male,Jharkhand,phd,79.6,638000.0,2,999,1,0,0,1,1,1,66.84,Eligible
BVOBC,19,female,Telangana,bachelors,50.0,237000.0,1,999,1,0,0,1,1,1,70.0,Eligible
ARG45,31,female,Madhya Pradesh,masters,54.9,656000.0,2,999,1,0,0,1,1,1,61.96,Ineligible
BPVGK,14,female,Kerala,10th,75.7,240000.0,999,999,1,0,0,1,1,1,63.28,Eligible
AZKMI,25,male,Kerala,masters,50.9,467000.0,999,14,1,0,0,0,1,1,60.36,Ineligible
AZKMI,37,male,Maharashtra,masters,94.2,973000.0,999,3,0,0,0,1,1,1,72.68,Ineligible
BVOBC,24,female,Chhattisgarh,bachelors,70.1,388000.0,1,999,1,0,0,1,1,0,78.04,Ineligible
A023B,22,male,Nagaland,masters,94.1,655000.0,2,999,1,0,0,1,1,1,72.64,Ineligible
BVOBC,24,male,Manipur,bachelors,62.8,265000.0,110,999,1,0,0,1,1,1,53.12,Ineligible
AZKMI,27,male,Manipur,postdoc,78.0,473000.0,999,1,0,0,0,1,1,1,71.2,Ineligible
ARG45,36,female,Manipur,phd,60.6,874000.0,1,999,1,0,0,1,1,1,64.24,Eligible
ARG45,31,female,Odisha,masters,92.0,434000.0,78,999,1,0,0,1,1,1,71.8,Eligible
A023B,19,male,Odisha,masters,89.5,128000.0,110,999,1,0,0,1,1,1,68.8,Ineligible
AZKMI,35,male,Maharashtra,phd,55.9,943000.0,999,32,1,0,0,1,1,1,57.36,Ineligible
BVOBC,22,male,Madhya Pradesh,bachelors,86.4,241000.0,59,999,1,0,0,1,1,1,69.56,Eligible
BVOBC,20,female,Karnataka,bachelors,49.3,206000.0,85,999,1,0,0,1,1,0,59.72,Ineligible
BVOBC,22,male,Odisha,12th,92.2,240000.0,1,999,1,0,0,1,1,1,81.88,Eligible
ARG45,26,female,Gujarat,masters,88.3,879000.0,2,999,0,0,0,1,1,1,75.32,Ineligible
ARG45,24,female,Kerala,masters,70.6,683000.0,140,999,0,0,0,1,1,1,51.24,Ineligible
ARG45,22,male,Odisha,masters,86.5,203000.0,88,999,1,0,0,1,1,1,69.6,Eligible
ARG45,33,female,Andhra Pradesh,phd,52.0,397000.0,250,999,1,0,0,1,1,1,53.8,Ineligible
ARG45,35,male,Maharashtra,masters,70.9,552000.0,85,999,1,0,0,1,1,1,58.36,Eligible
BPVGK,17,female,Maharashtra,10th,81.1,349000.0,999,999,1,0,0,1,1,1,65.44,Ineligible
BVOBC,20,female,Manipur,bachelors,59.8,121000.0,5,999,1,0,0,1,1,1,78.92,Eligible
AZKMI,30,male,Karnataka,masters,56.4,108000.0,999,8,0,0,0,1,0,1,72.56,Ineligible
BVOBC,17,male,Maharashtra,bachelors,77.2,154000.0,72,999,1,0,0,1,1,1,70.88,Eligible
BVOBC,19,female,Rajasthan,12th,67.2,377000.0,3,999,1,0,0,1,1,1,76.88,Ineligible
ARG45,32,male,Karnataka,phd,59.8,688000.0,5,999,1,0,0,1,1,1,58.92,Eligible
BVOBC,23,female,Odisha,bachelors,55.3,273000.0,250,999,1,0,0,1,1,1,55.12,Ineligible
AZKMI,38,female,Chhattisgarh,phd,81.6,306000.0,999,32,1,0,0,1,1,1,82.64,Ineligible
BPVGK,17,male,Jharkhand,10th,83.5,209000.0,999,999,1,0,0,1,1,1,61.4,Eligible
ARG45,29,male,Jharkhand,masters,82.0,466000.0,85,999,1,0,0,0,1,1,62.8,Ineligible
BPVGK,14,female,Odisha,10th,87.1,65000.0,999,999,1,0,0,1,1,0,72.84,Borderline
BVOBC,17,male,Chhattisgarh,12th,88.5,236000.0,250,999,1,0,0,1,1,1,63.4,Eligible
AZKMI,34,female,Kerala,phd,62.8,150000.0,999,2,0,0,0,1,1,1,80.12,Ineligible
AZKMI,28,male,Mizoram,postdoc,71.7,613000.0,999,37,1,0,0,1,0,1,63.68,Ineligible
BVOBC,20,male,Mizoram,12th,81.1,122000.0,3,999,1,0,0,1,0,1,82.44,Borderline
AZKMI,26,female,Tamil Nadu,phd,88.0,998000.0,999,14,1,0,0,1,1,1,75.2,Ineligible
ARG45,33,male,Tamil Nadu,phd,60.1,888000.0,65,999,0,1,46,1,1,1,54.04,Ineligible
ARG45,25,female,Odisha,masters,57.2,152000.0,1,999,0,0,0,1,1,1,77.88,Ineligible
AZKMI,36,female,Gujarat,phd,53.4,209000.0,999,22,1,0,0,1,0,1,71.36,Ineligible
ARG45,23,male,Telangana,phd,69.9,792000.0,85,999,1,0,0,1,1,1,52.96,Eligible
A023B,23,female,Mizoram,masters,61.4,596000.0,6,999,1,0,0,1,1,1,69.56,Eligible
BVOBC,20,female,Chhattisgarh,bachelors,52.3,124000.0,72,999,1,0,0,1,1,1,65.92,Eligible
BPVGK,15,male,Kerala,10th,52.6,145000.0,999,999,1,0,0,1,1,1,54.04,Eligible
AZKMI,25,female,Tripura,masters,74.9,499000.0,999,3,0,0,0,1,0,1,74.96,Ineligible
BPVGK,14,female,Arunachal Pradesh,10th,72.9,279000.0,999,999,1,0,0,1,1,1,62.16,Ineligible
ARG45,35,male,Andhra Pradesh,phd,80.8,192000.0,59,999,1,0,0,1,1,1,72.32,Eligible
BVOBC,22,male,Tamil Nadu,12th,61.3,327000.0,250,999,1,0,0,1,1,1,52.52,Ineligible
ARG45,22,female,Manipur,masters,81.7,719000.0,2,999,1,0,0,1,1,0,72.68,Borderline
ARG45,33,female,Assam,phd,79.8,881000.0,3,999,1,0,0,1,1,1,71.92,Eligible
BVOBC,24,male,Arunachal Pradesh,12th,50.3,171000.0,1,999,1,0,0,1,1,1,70.12,Eligible
BPVGK,16,male,Tripura,10th,93.6,317000.0,999,999,1,1,47,1,1,1,70.44,Ineligible
BVOBC,22,male,Manipur,bachelors,77.6,236000.0,110,999,1,0,0,1,0,1,59.04,Borderline
BPVGK,16,male,Odisha,10th,61.3,60000.0,999,999,1,0,0,1,1,1,57.52,Eligible
ARG45,23,male,Jharkhand,phd,63.3,139000.0,88,999,1,0,0,1,0,1,65.32,Borderline
A023B,22,female,Chhattisgarh,bachelors,94.1,760000.0,85,999,1,0,0,1,1,1,67.64,Ineligible
BPVGK,17,female,Assam,10th,76.0,208000.0,999,999,1,0,0,1,1,1,63.4,Eligible
BVOBC,22,female,Odisha,bachelors,78.1,298000.0,2,999,1,0,0,1,1,1,81.24,Ineligible
A023B,19,female,Odisha,masters,89.6,155000.0,1,999,1,0,0,1,1,1,90.84,Eligible
ARG45,32,other,Gujarat,phd,84.9,203000.0,65,999,1,1,59,1,1,1,73.96,Eligible
BVOBC,20,male,Telangana,12th,49.5,253000.0,1,999,1,0,0,1,1,1,64.8,Ineligible
AZKMI,25,male,Meghalaya,masters,89.2,813000.0,999,21,1,0,0,1,1,1,70.68,Ineligible
A023B,24,male,Assam,bachelors,63.5,90000.0,2,999,1,0,0,1,1,1,75.4,Eligible
AZKMI,37,female,Nagaland,masters,84.9,728000.0,999,2,1,0,0,1,1,1,73.96,Ineligible
BPVGK,15,female,Meghalaya,10th,80.1,93000.0,999,999,1,0,0,1,1,1,70.04,Eligible
ARG45,29,male,Maharashtra,masters,57.4,673000.0,65,999,1,0,0,1,1,1,47.96,Eligible
AZKMI,28,female,Tamil Nadu,phd,82.2,676000.0,999,22,0,0,0,1,1,1,72.88,Ineligible
AZKMI,27,female,Tripura,masters,82.7,752000.0,999,37,1,0,0,1,1,1,73.08,Ineligible
BVOBC,20,other,Tripura,bachelors,54.3,87000.0,1,999,1,0,0,0,1,1,71.72,Ineligible
BVOBC,19,male,Andhra Pradesh,bachelors,51.8,330000.0,95,999,1,0,0,1,1,1,55.72,Ineligible
AZKMI,24,male,Nagaland,phd,94.8,679000.0,999,2,1,0,0,1,1,1,72.92,Ineligible
A023B,20,female,Tamil Nadu,bachelors,87.9,537000.0,1,999,1,0,0,1,1,1,80.16,Eligible
A023B,23,other,Tamil Nadu,bachelors,92.4,283000.0,65,999,1,1,63,1,1,1,76.96,Eligible
ARG45,30,male,Nagaland,masters,52.1,773000.0,140,999,1,0,0,1,1,0,38.84,Ineligible
A023B,18,male,Tamil Nadu,bachelors,82.6,186000.0,78,999,1,0,0,1,1,1,73.04,Eligible
ARG45,27,male,Nagaland,masters,90.4,749000.0,65,999,1,0,0,1,1,1,61.16,Eligible
BVOBC,20,male,Mizoram,bachelors,70.8,274000.0,85,999,1,0,0,1,0,1,63.32,Ineligible
BVOBC,21,female,Kerala,12th,51.1,103000.0,5,999,1,0,0,1,1,1,75.44,Eligible
A023B,22,male,Kerala,masters,74.7,364000.0,1,999,1,0,0,1,1,1,74.88,Eligible
A023B,20,male,Jharkhand,bachelors,75.2,388000.0,1,999,1,0,0,1,1,1,75.08,Eligible
ARG45,35,male,Tamil Nadu,masters,67.7,849000.0,95,999,1,0,0,1,0,1,52.08,Borderline
BVOBC,20,male,Odisha,12th,74.0,216000.0,88,999,1,0,0,0,1,1,64.6,Ineligible
ARG45,23,male,Rajasthan,phd,81.2,768000.0,250,999,1,0,0,1,1,1,50.48,Eligible
BVOBC,23,male,Tripura,12th,74.8,284000.0,65,999,1,0,0,1,1,1,64.92,Ineligible
BPVGK,16,female,Maharashtra,10th,51.2,236000.0,999,999,1,0,0,1,1,1,53.48,Eligible
BPVGK,14,male,Odisha,10th,67.7,265000.0,999,999,1,0,0,1,1,1,55.08,Ineligible
A023B,24,male,Mizoram,masters,78.6,292000.0,85,999,1,0,0,1,1,1,66.44,Eligible
A023B,25,male,Mizoram,bachelors,79.9,697000.0,3,999,1,0,0,0,1,1,66.96,Ineligible
BVOBC,21,female,Kerala,bachelors,74.5,204000.0,1,999,1,0,0,1,1,1,79.8,Eligible
AZKMI,25,female,Gujarat,postdoc,80.0,764000.0,999,6,1,0,0,1,1,1,72.0,Ineligible
ARG45,36,female,Chhattisgarh,masters,86.9,638000.0,59,999,1,0,0,1,1,1,64.76,Eligible
A023B,21,male,Tamil Nadu,masters,83.5,674000.0,85,999,1,0,0,1,1,1,58.4,Ineligible
BPVGK,17,male,Rajasthan,10th,52.9,36000.0,999,999,1,0,0,1,1,1,54.16,Eligible
BVOBC,22,female,Kerala,bachelors,50.1,279000.0,2,999,1,0,0,1,1,1,70.04,Ineligible
ARG45,34,male,Jharkhand,phd,56.4,394000.0,140,999,1,0,0,1,1,1,50.56,Eligible
AZKMI,22,female,Karnataka,phd,57.0,711000.0,999,37,1,0,0,1,1,1,62.8,Ineligible
BPVGK,15,male,Chhattisgarh,10th,64.3,88000.0,999,999,1,0,0,1,0,1,58.72,Borderline
A023B,18,male,Tripura,masters,70.8,795000.0,3,999,1,0,0,1,1,1,63.32,Ineligible
BPVGK,15,female,Nagaland,10th,62.3,150000.0,999,999,1,0,0,1,1,1,62.92,Eligible
A023B,21,male,Andhra Pradesh,masters,86.2,632000.0,1,999,1,0,0,1,1,1,69.48,Ineligible
BPVGK,16,male,Andhra Pradesh,10th,50.2,303000.0,999,999,1,0,0,1,1,1,48.08,Ineligible
BVOBC,18,female,Nagaland,12th,49.5,239000.0,1,999,1,0,0,1,1,1,69.8,Ineligible
AZKMI,29,other,Odisha,postdoc,52.6,402000.0,999,37,1,0,0,1,1,1,61.04,Ineligible
BPVGK,14,male,Arunachal Pradesh,10th,68.2,343000.0,999,999,1,0,0,1,1,1,55.28,Ineligible
ARG45,30,female,Rajasthan,masters,69.3,731000.0,2,999,1,0,0,1,1,1,67.72,Eligible
A023B,25,male,Tamil Nadu,bachelors,63.5,791000.0,3,999,1,0,0,1,1,1,60.4,Ineligible
ARG45,29,male,Tamil Nadu,masters,93.9,81000.0,1,999,1,0,0,1,1,1,87.56,Eligible
BVOBC,22,female,Madhya Pradesh,bachelors,48.2,114000.0,250,999,1,0,0,0,1,1,57.28,Ineligible
A023B,19,male,Sikkim,bachelors,70.9,312000.0,5,999,1,0,0,1,1,1,73.36,Eligible
A023B,19,female,Jharkhand,bachelors,61.7,160000.0,88,999,1,0,0,1,1,1,69.68,Eligible
BVOBC,20,female,Nagaland,bachelors,76.2,193000.0,65,999,1,1,52,1,1,1,80.48,Eligible
AZKMI,36,female,Arunachal Pradesh,phd,94.4,597000.0,999,37,1,0,0,1,1,1,82.76,Ineligible
A023B,20,female,Tamil Nadu,masters,84.2,347000.0,1,999,1,0,0,1,1,1,83.68,Eligible
AZKMI,25,male,Odisha,postdoc,87.0,117000.0,999,2,1,0,0,1,1,1,84.8,Eligible
ARG45,25,female,Manipur,phd,67.3,93000.0,1,999,1,0,0,1,1,1,81.92,Eligible
BPVGK,14,female,Sikkim,10th,45.3,164000.0,999,999,1,0,0,1,0,1,56.12,Ineligible
ARG45,29,female,Sikkim,masters,61.2,126000.0,2,999,1,0,0,1,0,1,79.48,Borderline
A023B,19,female,Chhattisgarh,bachelors,55.4,439000.0,5,999,1,0,0,1,1,1,67.16,Eligible
ARG45,34,female,Assam,masters,92.8,734000.0,88,999,1,0,0,1,1,1,67.12,Eligible
A023B,22,male,Manipur,bachelors,93.9,161000.0,2,999,1,0,0,1,1,1,87.56,Eligible
ARG45,24,female,Telangana,masters,88.6,488000.0,78,999,1,0,0,1,1,1,70.44,Eligible
ARG45,34,male,Arunachal Pradesh,masters,95.0,345000.0,85,999,1,0,0,1,1,1,73.0,Eligible
BVOBC,19,male,Manipur,bachelors,95.3,225000.0,78,999,1,0,0,1,1,1,73.12,Eligible
A023B,25,female,Rajasthan,bachelors,89.2,443000.0,5,999,1,0,0,1,1,1,80.68,Eligible
BPVGK,15,male,Maharashtra,10th,75.8,87000.0,999,999,1,0,0,1,0,1,63.32,Borderline
BVOBC,17,male,Karnataka,bachelors,71.6,67000.0,3,999,1,0,0,1,1,1,78.64,Eligible
BVOBC,18,male,Madhya Pradesh,12th,63.1,394000.0,72,999,1,0,0,1,1,1,60.24,Ineligible
A023B,22,male,Telangana,bachelors,87.8,374000.0,72,999,1,0,0,1,0,1,70.12,Borderline
ARG45,30,male,Sikkim,masters,59.7,645000.0,1,999,1,0,0,1,1,1,58.88,Eligible
A023B,19,male,Mizoram,bachelors,87.5,371000.0,5,999,1,0,0,1,1,1,80.0,Eligible
AZKMI,34,female,Andhra Pradesh,postdoc,81.5,832000.0,999,650,1,0,0,1,1,1,52.6,Ineligible
ARG45,23,female,Arunachal Pradesh,phd,88.5,705000.0,95,999,1,0,0,1,1,1,65.4,Eligible
ARG45,24,female,Telangana,phd,66.4,354000.0,95,999,0,0,0,1,1,1,66.56,Ineligible
BVOBC,19,female,Nagaland,12th,76.5,287000.0,1,999,1,1,79,1,1,1,85.6,Ineligible
ARG45,27,male,Nagaland,phd,85.8,662000.0,88,999,1,0,0,1,1,1,59.32,Eligible
BVOBC,17,male,Jharkhand,bachelors,93.0,254000.0,110,999,1,1,55,1,1,1,70.2,Ineligible
A023B,23,female,Kerala,bachelors,66.6,382000.0,6,999,0,0,0,1,1,1,76.64,Ineligible
ARG45,32,female,Jharkhand,masters,52.3,153000.0,3,999,1,0,0,1,1,1,75.92,Ineligible
A023B,24,male,Kerala,masters,75.8,776000.0,5,999,1,0,0,1,1,1,65.32,Ineligible
BVOBC,18,female,Maharashtra,12th,58.0,292000.0,110,999,1,0,0,1,1,1,56.2,Ineligible
AZKMI,29,female,Nagaland,phd,82.6,903000.0,999,14,1,0,0,1,1,1,73.04,Ineligible
ARG45,22,female,Tamil Nadu,phd,59.4,786000.0,2,999,1,0,0,1,1,1,63.76,Eligible
AZKMI,22,male,Karnataka,phd,50.9,848000.0,999,6,0,0,0,1,0,1,55.36,Ineligible
ARG45,30,male,Kerala,phd,51.7,115000.0,72,999,1,0,0,1,1,0,60.68,Ineligible
A023B,21,male,Manipur,masters,76.8,319000.0,59,999,1,0,0,1,1,1,65.72,Eligible
BPVGK,17,female,Mizoram,10th,77.9,211000.0,999,999,1,1,40,0,0,1,69.16,Borderline
ARG45,36,male,Jharkhand,masters,81.8,870000.0,140,999,1,0,0,0,1,1,50.72,Ineligible
BVOBC,17,male,Sikkim,12th,79.5,124000.0,65,999,1,0,0,1,1,1,71.8,Eligible
AZKMI,27,male,Telangana,postdoc,50.1,190000.0,999,4,1,0,0,1,1,1,70.04,Ineligible
AZKMI,29,female,Karnataka,masters,52.8,874000.0,999,3,1,0,0,1,1,1,61.12,Ineligible
BPVGK,14,male,Rajasthan,10th,47.9,190000.0,999,999,1,0,0,1,1,1,52.16,Ineligible
A023B,19,female,Manipur,bachelors,75.4,156000.0,3,999,1,0,0,1,1,1,85.16,Eligible
A023B,23,male,Madhya Pradesh,bachelors,76.6,289000.0,5,999,1,0,0,1,1,1,75.64,Eligible
BPVGK,17,female,Manipur,10th,80.2,203000.0,999,999,1,0,0,1,0,1,65.08,Borderline
BVOBC,23,male,Chhattisgarh,bachelors,75.4,74000.0,95,999,1,0,0,1,1,1,70.16,Eligible
BPVGK,17,female,Nagaland,10th,78.1,217000.0,999,999,1,0,0,1,0,1,64.24,Borderline
A023B,18,male,Kerala,masters,79.0,442000.0,140,999,1,0,0,1,1,1,54.6,Ineligible
A023B,18,male,Arunachal Pradesh,masters,94.3,774000.0,72,999,1,0,0,1,1,1,62.72,Ineligible
BPVGK,17,female,Mizoram,10th,47.7,202000.0,999,999,1,0,0,1,1,1,52.08,Ineligible
AZKMI,29,male,Telangana,phd,67.0,715000.0,999,650,1,0,0,1,1,1,41.8,Ineligible
BPVGK,15,female,Assam,10th,77.5,117000.0,999,999,1,0,0,1,1,1,69.0,Eligible
ARG45,32,male,Meghalaya,phd,74.8,170000.0,2,999,1,0,0,1,1,1,79.92,Eligible
BVOBC,22,male,Andhra Pradesh,12th,61.4,378000.0,110,999,1,0,0,1,1,1,52.56,Ineligible
BVOBC,19,female,Meghalaya,bachelors,55.7,303000.0,110,999,1,0,0,1,1,1,55.28,Ineligible
A023B,23,female,Sikkim,masters,80.6,682000.0,5,999,1,0,0,1,1,1,72.24,Ineligible
A023B,18,female,Gujarat,bachelors,73.9,726000.0,3,999,1,0,0,1,1,1,69.56,Ineligible
ARG45,33,male,Gujarat,masters,58.1,339000.0,110,999,1,0,0,1,1,1,51.24,Eligible
A023B,24,male,Odisha,masters,58.9,551000.0,3,999,1,0,0,1,1,1,63.56,Eligible
ARG45,35,male,Telangana,phd,82.4,577000.0,110,999,1,0,0,1,0,1,55.96,Borderline
AZKMI,35,male,Manipur,postdoc,77.1,763000.0,999,22,1,0,0,1,1,1,65.84,Ineligible
ARG45,29,female,Telangana,masters,73.8,732000.0,3,999,1,0,0,1,1,1,69.52,Eligible
AZKMI,37,female,Mizoram,postdoc,50.4,692000.0,999,32,1,0,0,1,1,1,60.16,Ineligible
ARG45,23,female,Assam,phd,59.1,434000.0,2,999,1,0,0,1,1,1,68.64,Eligible
BVOBC,21,male,Mizoram,12th,86.4,299000.0,6,999,1,0,0,1,0,1,79.56,Ineligible
ARG45,26,female,Meghalaya,masters,51.7,596000.0,5,999,1,0,0,1,1,1,65.68,Ineligible
ARG45,23,female,Chhattisgarh,masters,92.3,281000.0,2,999,1,0,0,1,1,1,86.92,Eligible
BVOBC,22,female,Tamil Nadu,bachelors,80.7,213000.0,3,999,1,1,68,1,0,1,87.28,Borderline
AZKMI,34,male,Telangana,postdoc,81.3,526000.0,999,22,1,0,0,1,1,0,72.52,Borderline
ARG45,35,female,Nagaland,phd,74.2,229000.0,2,999,1,0,0,1,1,0,79.68,Borderline
BVOBC,18,male,Sikkim,12th,63.1,87000.0,6,999,1,0,0,1,1,1,75.24,Eligible
BPVGK,17,female,Arunachal Pradesh,10th,67.8,243000.0,999,999,1,0,0,1,1,1,60.12,Eligible
A023B,25,male,Manipur,bachelors,83.0,275000.0,5,999,1,0,0,1,1,1,78.2,Eligible
A023B,23,male,Mizoram,bachelors,84.1,543000.0,85,999,1,0,0,1,1,1,63.64,Eligible
BPVGK,16,male,Tamil Nadu,10th,92.4,287000.0,999,999,1,1,72,1,1,1,69.96,Ineligible
BPVGK,17,female,Arunachal Pradesh,10th,53.5,223000.0,999,999,1,0,0,1,1,1,54.4,Eligible
ARG45,25,female,Tripura,masters,55.8,326000.0,5,999,1,0,0,1,0,1,72.32,Borderline
ARG45,33,female,Meghalaya,masters,94.0,97000.0,1,999,1,0,0,0,1,1,92.6,Ineligible
A023B,20,female,Madhya Pradesh,bachelors,59.6,447000.0,3,999,1,0,0,1,1,1,68.84,Eligible
AZKMI,35,male,Manipur,masters,77.4,309000.0,999,4,0,0,0,1,1,1,75.96,Ineligible
BVOBC,24,male,Arunachal Pradesh,12th,82.8,198000.0,3,999,1,0,0,1,0,1,83.12,Borderline
A023B,23,male,Andhra Pradesh,masters,65.1,289000.0,2,999,1,0,0,1,1,1,71.04,Eligible
BVOBC,22,female,Assam,12th,65.2,228000.0,1,999,1,0,0,1,1,1,76.08,Eligible
BVOBC,22,female,Mizoram,12th,64.1,203000.0,5,999,1,0,0,1,1,1,75.64,Eligible
BPVGK,15,other,Rajasthan,10th,94.6,206000.0,999,999,1,0,0,1,1,1,65.84,Eligible
ARG45,24,female,Andhra Pradesh,masters,63.5,520000.0,85,999,1,0,0,1,1,1,60.4,Eligible
AZKMI,36,male,Maharashtra,postdoc,90.7,644000.0,999,4,1,0,0,1,1,1,71.28,Ineligible
ARG45,26,female,Maharashtra,phd,62.9,861000.0,140,999,0,0,0,1,1,1,48.16,Ineligible
ARG45,34,male,Kerala,phd,75.1,688000.0,140,999,1,0,0,1,1,1,48.04,Eligible
A023B,19,male,Kerala,bachelors,95.3,82000.0,250,999,1,0,0,1,1,1,71.12,Ineligible
BVOBC,19,female,Rajasthan,bachelors,83.0,329000.0,5,999,1,0,0,1,1,1,83.2,Ineligible
A023B,24,male,Tripura,masters,72.3,379000.0,85,999,1,0,0,1,1,1,63.92,Eligible
ARG45,23,male,Odisha,masters,70.7,250000.0,250,999,1,0,0,1,1,1,56.28,Eligible
AZKMI,30,male,Madhya Pradesh,postdoc,63.4,492000.0,999,32,1,0,0,1,1,1,65.36,Eligible
A023B,19,male,Meghalaya,masters,77.0,301000.0,1,999,1,0,0,1,1,1,75.8,Eligible
ARG45,30,male,Mizoram,phd,92.2,493000.0,3,999,1,0,0,1,1,1,76.88,Eligible
A023B,25,female,Tamil Nadu,masters,81.0,165000.0,6,999,1,0,0,0,1,1,87.4,Ineligible
BVOBC,19,female,Kerala,bachelors,86.8,302000.0,6,999,1,1,40,1,1,1,89.72,Ineligible
BVOBC,24,other,Nagaland,bachelors,91.1,202000.0,250,999,1,0,0,1,1,1,64.44,Eligible
BVOBC,19,female,Madhya Pradesh,bachelors,76.3,124000.0,140,999,1,0,0,1,1,1,68.52,Eligible
BVOBC,17,male,Assam,12th,65.6,144000.0,59,999,1,1,53,1,1,1,71.24,Eligible
BVOBC,19,male,Andhra Pradesh,bachelors,64.9,227000.0,95,999,1,0,0,1,0,1,60.96,Borderline
BPVGK,17,female,Manipur,10th,63.0,93000.0,999,999,1,0,0,1,1,1,63.2,Eligible
BPVGK,14,male,Chhattisgarh,10th,62.2,190000.0,999,999,1,0,0,1,1,1,57.88,Eligible
ARG45,25,male,Karnataka,phd,73.5,367000.0,1,999,1,0,0,1,1,1,74.4,Eligible
ARG45,24,female,Assam,phd,62.4,653000.0,3,999,1,0,0,1,1,1,64.96,Eligible
AZKMI,34,male,Meghalaya,postdoc,92.5,750000.0,999,22,1,0,0,1,1,1,72.0,Ineligible
ARG45,33,female,Manipur,masters,62.4,892000.0,85,999,1,0,0,1,1,1,54.96,Eligible
BVOBC,19,other,Assam,12th,50.8,77000.0,65,999,1,1,42,1,1,1,65.32,Eligible
BPVGK,16,male,Arunachal Pradesh,10th,74.9,156000.0,999,999,1,0,0,1,1,1,62.96,Eligible
ARG45,30,male,Chhattisgarh,phd,65.1,392000.0,140,999,1,0,0,1,1,1,54.04,Eligible
BVOBC,19,male,Assam,bachelors,74.6,360000.0,85,999,1,0,0,1,1,1,64.84,Ineligible
BPVGK,14,male,Jharkhand,10th,47.5,244000.0,999,999,1,0,0,1,1,1,47.0,Ineligible
AZKMI,27,female,Jharkhand,phd,80.1,976000.0,999,2,1,0,0,1,1,1,72.04,Ineligible
ARG45,35,male,Andhra Pradesh,phd,75.4,432000.0,78,999,1,0,0,1,1,1,60.16,Eligible
BVOBC,21,female,Madhya Pradesh,bachelors,64.5,281000.0,1,999,1,0,0,1,1,1,75.8,Ineligible
BVOBC,24,male,Assam,bachelors,64.5,291000.0,6,999,1,0,0,1,1,1,70.8,Ineligible
BVOBC,23,female,Arunachal Pradesh,12th,62.5,322000.0,72,999,1,0,0,1,1,1,65.0,Ineligible
AZKMI,34,male,Meghalaya,postdoc,58.9,279000.0,999,6,1,0,0,1,1,1,68.56,Eligible
ARG45,22,male,Rajasthan,phd,64.9,294000.0,1,999,1,0,0,1,0,1,70.96,Borderline
BVOBC,22,female,Assam,12th,46.5,309000.0,85,999,1,0,0,1,1,1,58.6,Ineligible
BVOBC,20,male,Chhattisgarh,bachelors,78.1,190000.0,1,999,1,0,0,1,1,1,81.24,Eligible
BPVGK,16,female,Assam,10th,88.4,32000.0,999,999,1,0,0,1,1,1,73.36,Eligible
ARG45,33,male,Maharashtra,phd,73.1,370000.0,110,999,1,0,0,1,1,1,57.24,Eligible
A023B,19,male,Jharkhand,bachelors,68.8,486000.0,72,999,1,1,72,1,1,1,62.52,Eligible
AZKMI,23,male,Jharkhand,phd,75.4,824000.0,999,32,1,0,0,1,1,1,65.16,Ineligible
ARG45,27,female,Sikkim,masters,55.9,740000.0,88,999,1,0,0,1,1,1,52.36,Eligible
A023B,19,female,Assam,bachelors,71.1,218000.0,6,999,0,0,0,1,1,1,78.44,Ineligible
BVOBC,19,male,Assam,12th,56.8,70000.0,95,999,1,0,0,1,1,1,62.72,Eligible
ARG45,28,female,Mizoram,phd,78.2,816000.0,3,999,1,0,0,1,1,1,71.28,Eligible
AZKMI,24,female,Tripura,postdoc,81.8,266000.0,999,1,1,0,0,1,1,1,82.72,Eligible
A023B,23,male,Odisha,masters,96.6,281000.0,5,999,1,0,0,1,1,1,83.64,Eligible
BPVGK,16,male,Manipur,10th,84.1,332000.0,999,999,1,0,0,1,1,1,61.64,Ineligible
A023B,25,male,Maharashtra,masters,86.2,469000.0,3,999,1,0,0,1,1,1,74.48,Eligible
ARG45,26,female,Rajasthan,masters,69.6,192000.0,2,999,1,0,0,1,1,1,82.84,Eligible
ARG45,24,female,Manipur,masters,65.4,538000.0,1,999,1,0,0,1,1,1,71.16,Eligible
BVOBC,18,male,Manipur,12th,63.2,74000.0,88,999,1,0,0,1,1,1,65.28,Eligible
A023B,18,female,Telangana,bachelors,79.0,443000.0,5,999,1,0,0,1,1,1,76.6,Eligible
A023B,21,male,Tamil Nadu,bachelors,93.4,247000.0,1,999,1,0,0,1,1,0,82.36,Borderline
BPVGK,14,other,Tripura,10th,67.5,283000.0,999,999,1,0,0,1,0,1,55.0,Ineligible
BVOBC,17,male,Arunachal Pradesh,12th,47.4,118000.0,2,999,1,0,0,1,1,1,68.96,Ineligible
BVOBC,23,male,Odisha,12th,45.3,394000.0,3,999,1,0,0,1,1,1,63.12,Ineligible
ARG45,29,male,Maharashtra,masters,92.7,725000.0,65,999,1,0,0,1,1,1,62.08,Eligible
A023B,19,female,Manipur,masters,94.7,280000.0,65,999,1,0,0,1,1,1,77.88,Eligible
AZKMI,31,female,Madhya Pradesh,masters,92.5,278000.0,999,32,0,0,0,1,1,1,87.0,Ineligible
BVOBC,21,male,Andhra Pradesh,12th,51.4,238000.0,110,999,1,0,0,1,1,1,48.56,Eligible
ARG45,28,male,Manipur,masters,72.8,307000.0,110,999,1,0,0,1,1,1,57.12,Eligible
BPVGK,15,male,Karnataka,10th,77.4,57000.0,999,999,1,0,0,1,0,0,63.96,Borderline
BPVGK,14,female,Maharashtra,10th,48.3,133000.0,999,999,1,0,0,1,1,1,57.32,Ineligible
A023B,19,female,Rajasthan,masters,59.8,281000.0,78,999,1,0,0,1,0,1,63.92,Borderline
ARG45,26,female,Odisha,masters,87.1,787000.0,6,999,1,0,0,1,1,1,74.84,Eligible
BVOBC,21,male,Telangana,12th,59.3,369000.0,2,999,1,0,0,1,1,1,68.72,Ineligible
BVOBC,21,female,Odisha,12th,85.0,256000.0,59,999,1,0,0,1,1,1,74.0,Ineligible
BVOBC,22,male,Chhattisgarh,bachelors,87.1,71000.0,1,999,1,0,0,1,1,1,84.84,Eligible
BVOBC,23,female,Manipur,12th,83.1,209000.0,6,999,1,0,0,1,1,1,83.24,Eligible
BPVGK,16,female,Gujarat,10th,73.8,164000.0,999,999,1,0,0,1,1,1,67.52,Eligible
A023B,25,male,Telangana,masters,86.3,693000.0,250,999,1,0,0,1,1,1,52.52,Ineligible
AZKMI,35,male,Rajasthan,masters,90.4,289000.0,999,3,1,0,0,1,1,0,81.16,Borderline
AZKMI,28,male,Arunachal Pradesh,masters,85.7,997000.0,999,2,1,0,0,1,1,1,69.28,Ineligible
A023B,21,male,Andhra Pradesh,bachelors,75.6,485000.0,88,999,0,0,0,1,0,1,60.24,Ineligible
BVOBC,18,male,Jharkhand,bachelors,68.9,288000.0,5,999,1,0,0,0,1,1,72.56,Ineligible
ARG45,24,female,Assam,masters,62.4,647000.0,1,999,1,0,0,1,1,0,64.96,Borderline
BPVGK,16,female,Manipur,10th,81.3,78000.0,999,999,1,0,0,1,1,1,70.52,Eligible
A023B,25,male,Kerala,bachelors,62.1,489000.0,1,999,1,0,0,1,1,1,64.84,Eligible
BVOBC,20,female,Mizoram,bachelors,58.3,95000.0,250,999,1,0,0,1,1,1,61.32,Eligible
AZKMI,35,female,Nagaland,phd,76.6,729000.0,999,21,1,0,0,1,1,1,70.64,Ineligible
BVOBC,23,female,Gujarat,12th,92.1,195000.0,85,999,1,0,0,1,1,1,81.84,Eligible
A023B,23,female,Jharkhand,masters,65.8,343000.0,65,999,1,0,0,1,1,1,66.32,Eligible
AZKMI,34,male,Manipur,phd,59.7,917000.0,999,37,1,0,0,1,1,1,58.88,Ineligible
ARG45,22,female,Tripura,phd,80.7,172000.0,59,999,1,0,0,1,1,1,77.28,Eligible
A023B,18,female,Jharkhand,masters,66.5,99000.0,65,999,1,0,0,1,1,1,71.6,Eligible
BPVGK,16,female,Arunachal Pradesh,10th,59.8,193000.0,999,999,1,0,0,1,1,1,61.92,Eligible
BVOBC,17,female,Chhattisgarh,12th,61.0,325000.0,2,999,1,0,0,1,1,1,74.4,Ineligible
ARG45,31,male,Sikkim,masters,64.4,774000.0,2,999,1,1,58,1,1,1,65.76,Eligible
BVOBC,24,female,Telangana,bachelors,90.0,154000.0,59,999,1,0,0,1,1,1,81.0,Eligible
BPVGK,17,female,Meghalaya,10th,91.1,281000.0,999,999,1,0,0,1,1,1,69.44,Ineligible
AZKMI,24,female,Sikkim,phd,73.7,740000.0,999,650,1,0,0,1,1,1,49.48,Ineligible
BPVGK,16,male,Kerala,10th,85.8,334000.0,999,999,1,0,0,1,1,1,62.32,Ineligible
AZKMI,22,male,Meghalaya,phd,77.2,403000.0,999,2,1,0,0,1,1,1,70.88,Eligible
A023B,20,male,Sikkim,masters,79.6,92000.0,59,999,1,0,0,1,1,1,71.84,Eligible
AZKMI,32,male,Arunachal Pradesh,postdoc,88.6,650000.0,999,2,1,0,0,1,1,1,70.44,Ineligible
AZKMI,26,male,Chhattisgarh,postdoc,64.8,352000.0,999,21,1,0,0,1,1,1,70.92,Eligible
A023B,24,female,Odisha,masters,65.8,149000.0,2,999,1,0,0,1,0,1,81.32,Borderline
ARG45,24,female,Andhra Pradesh,phd,66.3,637000.0,2,999,1,0,0,1,0,1,66.52,Borderline
AZKMI,35,male,Assam,postdoc,92.6,219000.0,999,32,1,0,0,1,1,1,82.04,Eligible
A023B,19,female,Meghalaya,masters,83.6,427000.0,85,999,1,0,0,1,1,1,68.44,Eligible
A023B,20,female,Rajasthan,bachelors,70.4,102000.0,6,999,1,0,0,1,1,1,83.16,Eligible
BVOBC,22,male,Meghalaya,bachelors,81.4,107000.0,1,999,1,0,0,1,1,1,82.56,Eligible
BVOBC,24,male,Rajasthan,12th,74.8,194000.0,2,999,1,0,0,1,1,1,79.92,Eligible
A023B,19,male,Kerala,masters,81.9,758000.0,6,999,1,0,0,1,1,1,67.76,Ineligible
AZKMI,29,male,Jharkhand,masters,81.6,434000.0,999,6,1,0,0,1,1,1,72.64,Eligible
AZKMI,29,male,Nagaland,masters,51.9,613000.0,999,6,1,0,0,1,1,1,55.76,Ineligible
A023B,25,male,Manipur,bachelors,89.1,497000.0,2,999,1,0,0,1,1,1,75.64,Eligible
A023B,21,female,Odisha,bachelors,87.1,101000.0,5,999,1,0,0,1,1,1,89.84,Eligible
AZKMI,27,male,Arunachal Pradesh,phd,90.6,166000.0,999,2,1,0,0,1,1,1,86.24,Eligible
ARG45,28,male,Sikkim,masters,59.2,806000.0,65,999,1,0,0,1,1,1,48.68,Eligible
BPVGK,17,male,Telangana,10th,57.6,143000.0,999,999,1,0,0,1,1,1,56.04,Eligible
AZKMI,29,male,Rajasthan,masters,93.4,154000.0,999,4,1,0,0,1,1,1,87.36,Eligible
ARG45,33,female,Telangana,phd,53.6,673000.0,65,999,1,0,0,1,1,1,51.44,Ineligible
A023B,20,female,Andhra Pradesh,bachelors,58.2,227000.0,88,999,1,0,0,1,1,1,63.28,Eligible
AZKMI,26,female,Tamil Nadu,postdoc,50.8,550000.0,999,14,1,0,0,1,1,1,65.32,Ineligible
BPVGK,15,female,Tamil Nadu,10th,61.5,339000.0,999,999,1,0,0,1,1,1,57.6,Ineligible
ARG45,33,female,Meghalaya,phd,66.4,615000.0,59,999,1,0,0,0,1,1,56.56,Ineligible
BPVGK,17,female,Arunachal Pradesh,10th,94.9,32000.0,999,999,1,0,0,1,0,1,75.96,Borderline
AZKMI,31,female,Arunachal Pradesh,masters,77.4,792000.0,999,22,1,0,0,1,1,1,70.96,Ineligible
AZKMI,38,male,Karnataka,postdoc,78.1,550000.0,999,21,1,1,74,1,0,1,76.24,Ineligible
BPVGK,14,female,Telangana,10th,51.9,306000.0,999,999,1,0,0,1,1,1,53.76,Ineligible
BVOBC,18,female,Chhattisgarh,12th,51.4,351000.0,88,999,1,0,0,1,1,1,60.56,Ineligible
ARG45,31,female,Tripura,phd,81.3,249000.0,85,999,1,0,0,1,1,1,72.52,Eligible
BVOBC,20,male,Telangana,bachelors,95.6,378000.0,5,999,1,0,0,1,1,1,83.24,Ineligible
BPVGK,17,male,Sikkim,10th,78.9,68000.0,999,999,1,0,0,1,1,1,64.56,Eligible
BVOBC,20,male,Tamil Nadu,12th,54.1,122000.0,72,999,1,0,0,1,1,1,61.64,Eligible
BVOBC,24,female,Mizoram,12th,63.4,175000.0,110,999,1,1,67,1,1,1,68.36,Eligible
A023B,25,male,Madhya Pradesh,bachelors,66.3,566000.0,6,999,1,1,80,1,1,1,71.52,Eligible
A023B,20,female,Odisha,masters,87.2,399000.0,2,999,1,0,0,1,1,1,84.88,Eligible
ARG45,27,male,Telangana,masters,54.2,635000.0,59,999,1,0,0,1,1,1,46.68,Ineligible
BVOBC,24,male,Rajasthan,bachelors,53.7,181000.0,6,999,1,0,0,1,1,1,71.48,Eligible
BPVGK,15,female,Assam,10th,86.3,127000.0,999,999,1,0,0,1,1,1,72.52,Eligible
BPVGK,16,female,Manipur,10th,70.6,92000.0,999,999,1,0,0,0,1,1,66.24,Ineligible
ARG45,29,male,Arunachal Pradesh,masters,74.6,874000.0,88,999,1,0,0,1,0,0,54.84,Borderline
AZKMI,29,female,Tamil Nadu,phd,59.1,412000.0,999,1,1,0,0,1,1,1,68.64,Eligible
BPVGK,16,female,Madhya Pradesh,10th,62.3,259000.0,999,999,1,0,0,1,1,1,57.92,Ineligible
ARG45,23,male,Gujarat,masters,56.6,196000.0,1,999,1,0,0,1,1,1,72.64,Eligible
AZKMI,29,male,Arunachal Pradesh,phd,81.1,467000.0,999,3,1,0,0,1,1,1,72.44,Eligible
BVOBC,23,female,Meghalaya,bachelors,68.8,41000.0,78,999,1,0,0,0,1,1,72.52,Ineligible
ARG45,30,female,Assam,phd,66.9,466000.0,1,999,1,0,0,1,1,1,71.76,Eligible
A023B,24,other,Assam,masters,85.1,159000.0,110,999,1,0,0,1,1,1,67.04,Ineligible
ARG45,29,male,Maharashtra,masters,79.9,134000.0,1,999,1,0,0,1,1,1,81.96,Eligible
BVOBC,19,male,Gujarat,bachelors,84.2,98000.0,110,999,1,0,0,1,1,1,66.68,Eligible
BPVGK,16,male,Madhya Pradesh,10th,94.5,343000.0,999,999,1,0,0,1,0,1,65.8,Ineligible
A023B,21,female,Tamil Nadu,bachelors,74.2,533000.0,59,999,1,0,0,1,1,1,64.68,Eligible
BVOBC,24,male,Chhattisgarh,bachelors,94.7,284000.0,250,999,1,0,0,1,1,0,65.88,Ineligible
BPVGK,17,female,Gujarat,10th,84.2,230000.0,999,999,1,0,0,1,1,1,66.68,Eligible
AZKMI,30,male,Telangana,phd,57.0,430000.0,999,650,1,0,0,1,1,1,42.8,Ineligible
AZKMI,27,male,Kerala,masters,73.3,622000.0,999,4,1,0,0,1,1,1,64.32,Ineligible
BVOBC,20,male,Jharkhand,12th,81.6,268000.0,6,999,1,0,0,1,1,1,77.64,Ineligible
BVOBC,24,female,Manipur,12th,88.9,207000.0,95,999,1,0,0,1,1,1,75.56,Eligible
BVOBC,19,male,Karnataka,12th,89.3,369000.0,65,999,1,0,0,1,1,1,70.72,Ineligible
ARG45,23,male,Tamil Nadu,masters,87.9,759000.0,1,999,0,0,0,1,1,1,70.16,Ineligible
ARG45,25,male,Telangana,phd,84.2,566000.0,250,999,1,0,0,1,1,0,56.68,Borderline
BVOBC,19,male,Kerala,12th,72.9,229000.0,1,999,1,0,0,1,0,1,74.16,Borderline
BPVGK,17,female,Rajasthan,10th,84.7,295000.0,999,999,1,0,0,1,1,1,66.88,Ineligible
AZKMI,32,male,Karnataka,masters,56.0,899000.0,999,650,1,0,0,1,1,1,37.4,Ineligible
BPVGK,15,female,Assam,10th,78.6,305000.0,999,999,1,0,0,1,1,1,64.44,Ineligible
ARG45,33,female,Odisha,phd,68.9,246000.0,2,999,1,0,0,1,1,1,77.56,Eligible
BVOBC,20,male,Meghalaya,12th,52.5,248000.0,1,999,1,0,0,1,1,1,66.0,Eligible
AZKMI,28,male,Assam,masters,84.8,135000.0,999,37,1,0,0,1,1,1,83.92,Eligible
ARG45,36,male,Sikkim,masters,69.5,701000.0,2,999,1,0,0,1,1,1,62.8,Eligible
AZKMI,33,female,Telangana,postdoc,69.8,476000.0,999,37,1,0,0,1,1,1,72.92,Eligible
ARG45,23,male,Mizoram,masters,51.4,127000.0,88,999,1,0,0,1,1,1,60.56,Ineligible
BPVGK,16,female,Meghalaya,10th,82.8,235000.0,999,999,1,0,0,0,1,1,66.12,Ineligible
ARG45,36,female,Tripura,phd,88.8,753000.0,110,999,1,0,0,1,1,1,58.52,Eligible
AZKMI,23,female,Arunachal Pradesh,masters,85.2,989000.0,999,6,1,0,0,1,1,1,74.08,Ineligible
ARG45,31,female,Nagaland,phd,65.9,187000.0,78,999,1,0,0,1,1,1,71.36,Eligible
BVOBC,24,other,Mizoram,bachelors,67.5,390000.0,78,999,1,0,0,1,0,1,62.0,Ineligible
BVOBC,20,male,Tripura,12th,81.0,93000.0,88,999,1,0,0,1,1,1,72.4,Eligible
ARG45,34,female,Nagaland,phd,84.9,359000.0,3,999,1,0,0,1,1,1,83.96,Eligible
ARG45,23,female,Manipur,phd,57.4,467000.0,3,999,1,0,0,1,1,1,67.96,Eligible
ARG45,24,male,Assam,masters,58.8,306000.0,6,999,1,0,0,1,1,1,68.52,Eligible
ARG45,27,male,Jharkhand,masters,80.1,845000.0,140,999,0,0,0,1,1,1,50.04,Ineligible
BVOBC,22,female,Meghalaya,12th,55.1,339000.0,72,999,1,0,0,1,1,1,62.04,Ineligible
AZKMI,35,male,Telangana,postdoc,58.1,396000.0,999,4,1,1,62,1,1,1,73.24,Eligible
BPVGK,15,male,Telangana,10th,54.8,341000.0,999,999,1,0,0,1,1,1,49.92,Ineligible
BPVGK,15,female,Maharashtra,10th,57.2,280000.0,999,999,1,0,0,1,1,1,55.88,Ineligible
BPVGK,16,male,Maharashtra,10th,62.6,154000.0,999,999,1,0,0,1,1,1,58.04,Eligible
ARG45,34,female,Madhya Pradesh,phd,71.9,766000.0,72,999,1,0,0,1,1,1,58.76,Eligible
BVOBC,20,female,Odisha,12th,85.5,262000.0,95,999,1,0,0,1,1,1,74.2,Ineligible
ARG45,25,male,Sikkim,phd,92.7,857000.0,88,999,1,0,0,1,0,1,62.08,Borderline
ARG45,22,female,Tripura,phd,58.7,545000.0,85,999,1,0,0,1,1,1,58.48,Eligible
BVOBC,18,male,Manipur,12th,61.3,159000.0,2,999,1,1,73,1,0,1,79.52,Borderline
BPVGK,14,female,Assam,10th,84.7,335000.0,999,999,1,0,0,1,1,1,66.88,Ineligible
A023B,19,female,Gujarat,bachelors,80.8,584000.0,5,999,0,0,0,1,0,1,77.32,Ineligible
BVOBC,18,other,Madhya Pradesh,bachelors,71.2,229000.0,110,999,1,0,0,1,1,1,56.48,Eligible
ARG45,25,male,Odisha,masters,79.4,695000.0,85,999,0,0,0,1,1,1,56.76,Ineligible
BVOBC,23,female,Tripura,12th,73.2,243000.0,3,999,1,0,0,1,0,1,79.28,Borderline
A023B,18,female,Jharkhand,bachelors,65.1,761000.0,1,999,1,0,0,1,1,1,66.04,Ineligible
ARG45,34,male,Tamil Nadu,phd,85.0,845000.0,1,999,1,0,0,1,1,1,69.0,Eligible
ARG45,27,female,Nagaland,phd,73.4,514000.0,140,999,1,0,0,1,1,1,57.36,Eligible
AZKMI,25,female,Sikkim,masters,61.3,193000.0,999,6,1,0,0,0,1,1,79.52,Ineligible
BVOBC,23,female,Arunachal Pradesh,12th,89.8,75000.0,2,999,1,0,0,1,1,1,90.92,Eligible
A023B,25,male,Odisha,bachelors,63.6,283000.0,65,999,1,0,0,1,1,1,60.44,Eligible
BVOBC,17,male,Jharkhand,12th,91.3,364000.0,2,999,1,0,0,1,0,1,81.52,Ineligible
BPVGK,15,male,Nagaland,10th,55.0,84000.0,999,999,1,0,0,1,1,1,55.0,Eligible
AZKMI,30,male,Assam,masters,91.0,305000.0,999,37,1,0,0,1,1,1,81.4,Eligible
BPVGK,16,male,Odisha,10th,85.8,343000.0,999,999,1,0,0,1,1,1,62.32,Ineligible
A023B,21,female,Gujarat,masters,90.6,180000.0,65,999,1,0,0,1,1,1,81.24,Eligible
BPVGK,16,female,Karnataka,10th,80.1,60000.0,999,999,1,0,0,1,1,1,70.04,Eligible
ARG45,33,male,Tripura,phd,81.6,307000.0,72,999,1,0,0,1,1,1,67.64,Eligible
A023B,24,male,Rajasthan,masters,67.0,256000.0,2,999,1,0,0,1,1,1,71.8,Eligible
AZKMI,25,female,Andhra Pradesh,postdoc,77.8,964000.0,999,3,1,0,0,1,1,1,71.12,Ineligible
ARG45,26,female,Sikkim,masters,71.3,414000.0,95,999,1,0,0,1,1,1,63.52,Eligible
A023B,25,female,Chhattisgarh,masters,80.3,522000.0,95,999,1,0,0,1,1,1,67.12,Eligible
BPVGK,17,male,Nagaland,10th,57.6,102000.0,999,999,1,0,0,1,1,1,56.04,Eligible
BVOBC,19,female,Telangana,bachelors,51.0,292000.0,3,999,1,0,0,1,1,1,70.4,Ineligible
A023B,25,female,Kerala,masters,83.6,698000.0,2,999,1,0,0,1,1,1,73.44,Ineligible
BVOBC,22,female,Tripura,bachelors,49.3,323000.0,65,999,1,0,0,1,0,1,59.72,Ineligible
ARG45,25,female,Nagaland,phd,92.5,733000.0,85,999,1,0,0,0,1,1,67.0,Ineligible
AZKMI,23,female,Meghalaya,masters,86.3,538000.0,999,8,1,0,0,1,1,1,79.52,Eligible
BPVGK,16,female,Mizoram,10th,76.9,128000.0,999,999,1,0,0,1,1,1,68.76,Eligible
A023B,23,female,Jharkhand,masters,82.8,292000.0,6,999,0,0,0,1,1,0,83.12,Ineligible
BVOBC,24,male,Jharkhand,bachelors,72.6,321000.0,250,999,1,0,0,1,1,1,57.04,Ineligible
AZKMI,24,male,Arunachal Pradesh,postdoc,66.5,732000.0,999,14,1,0,0,1,0,1,61.6,Ineligible
ARG45,36,male,Rajasthan,masters,86.1,712000.0,59,999,1,0,0,1,1,1,59.44,Eligible
BVOBC,20,male,Odisha,bachelors,85.8,178000.0,2,999,1,0,0,1,1,1,84.32,Eligible
ARG45,31,female,Chhattisgarh,masters,57.2,78000.0,3,999,1,0,0,1,1,1,77.88,Eligible
BVOBC,21,female,Nagaland,12th,95.3,50000.0,65,999,1,0,0,1,1,1,83.12,Eligible
A023B,23,female,Nagaland,masters,93.3,380000.0,85,999,1,0,0,1,1,1,77.32,Eligible
BPVGK,15,female,Sikkim,10th,79.1,121000.0,999,999,1,0,0,1,1,1,69.64,Eligible
AZKMI,21,female,Maharashtra,postdoc,74.0,939000.0,999,21,1,0,0,1,1,1,69.6,Ineligible
BVOBC,21,female,Kerala,bachelors,75.6,366000.0,65,999,1,1,42,1,0,1,75.24,Ineligible
A023B,19,male,Assam,bachelors,88.0,121000.0,3,999,0,0,0,1,1,1,85.2,Ineligible
ARG45,31,female,Chhattisgarh,phd,51.7,897000.0,95,999,1,0,0,0,1,1,50.68,Ineligible
A023B,25,female,Mizoram,masters,81.9,455000.0,2,999,1,0,0,1,1,1,77.76,Eligible
ARG45,30,male,Tripura,phd,73.9,717000.0,78,999,1,0,0,1,1,1,54.56,Eligible
ARG45,33,male,Assam,phd,70.9,598000.0,110,999,1,0,0,1,1,1,51.36,Eligible
A023B,21,male,Karnataka,bachelors,59.7,287000.0,5,999,0,0,0,1,1,1,68.88,Ineligible
BVOBC,22,female,Arunachal Pradesh,bachelors,46.0,82000.0,250,999,1,0,0,1,1,1,56.4,Ineligible
ARG45,26,other,Tripura,masters,80.9,163000.0,59,999,1,0,0,1,1,1,72.36,Eligible
ARG45,31,male,Sikkim,phd,51.1,511000.0,59,999,0,0,0,0,1,1,50.44,Ineligible
ARG45,35,female,Kerala,phd,74.8,640000.0,5,999,1,0,0,1,1,1,69.92,Eligible
AZKMI,31,female,Nagaland,masters,76.4,415000.0,999,1,1,1,53,1,1,0,80.56,Borderline
ARG45,36,male,Nagaland,masters,53.6,320000.0,85,999,0,0,0,1,1,1,56.44,Ineligible
BPVGK,15,male,Manipur,10th,92.2,34000.0,999,999,1,0,0,1,0,1,69.88,Borderline
AZKMI,29,male,Karnataka,phd,73.7,905000.0,999,22,0,0,0,1,1,1,64.48,Ineligible
BVOBC,19,male,Assam,bachelors,71.2,145000.0,1,999,1,0,0,1,1,1,78.48,Eligible
BVOBC,22,male,Maharashtra,bachelors,49.3,383000.0,5,999,1,0,0,1,1,1,64.72,Ineligible
BVOBC,17,male,Meghalaya,12th,83.7,42000.0,140,999,1,0,0,1,1,1,66.48,Eligible
ARG45,23,male,Assam,masters,88.3,637000.0,6,999,1,1,46,1,1,1,75.32,Eligible
AZKMI,21,female,Chhattisgarh,postdoc,81.6,308000.0,999,32,1,0,0,1,1,1,82.64,Eligible
BVOBC,19,male,Odisha,12th,49.8,347000.0,88,999,1,0,0,1,1,1,54.92,Ineligible
BVOBC,19,male,Andhra Pradesh,bachelors,89.2,214000.0,65,999,1,0,0,1,1,1,70.68,Eligible
BPVGK,15,male,Nagaland,10th,78.3,62000.0,999,999,1,0,0,1,0,1,64.32,Borderline
ARG45,27,other,Mizoram,masters,76.2,72000.0,65,999,1,0,0,1,1,1,70.48,Eligible
A023B,22,female,Tripura,masters,60.2,157000.0,1,999,1,0,0,1,1,0,79.08,Borderline
BVOBC,19,female,Jharkhand,bachelors,78.1,230000.0,78,999,1,0,0,1,0,1,71.24,Borderline
ARG45,25,male,Meghalaya,phd,84.6,521000.0,78,999,1,1,65,1,1,1,68.84,Eligible
ARG45,31,female,Tripura,masters,69.1,803000.0,140,999,1,0,0,1,1,1,50.64,Eligible
A023B,22,male,Mizoram,bachelors,88.3,114000.0,72,999,1,1,52,1,1,1,80.32,Eligible
BVOBC,20,female,Odisha,12th,65.9,349000.0,5,999,1,0,0,1,1,1,76.36,Ineligible
AZKMI,37,male,Mizoram,postdoc,69.4,555000.0,999,21,0,0,0,1,1,1,67.76,Ineligible
AZKMI,36,female,Manipur,postdoc,73.3,484000.0,999,14,1,0,0,1,1,1,74.32,Ineligible
A023B,21,male,Gujarat,masters,96.1,217000.0,65,999,1,0,0,1,0,1,73.44,Borderline
BPVGK,14,female,Andhra Pradesh,10th,51.9,188000.0,999,999,1,0,0,0,1,1,58.76,Ineligible
BVOBC,19,male,Maharashtra,12th,84.3,324000.0,3,999,1,0,0,0,1,1,78.72,Ineligible
BPVGK,14,male,Chhattisgarh,10th,66.7,142000.0,999,999,1,0,0,1,1,1,59.68,Eligible
A023B,22,male,Kerala,masters,78.3,533000.0,6,999,1,0,0,1,0,1,71.32,Borderline
BVOBC,23,male,Mizoram,12th,78.1,216000.0,5,999,1,0,0,1,1,1,76.24,Eligible
A023B,21,female,Rajasthan,bachelors,95.7,637000.0,6,999,0,0,0,1,1,1,78.28,Ineligible
A023B,19,male,Andhra Pradesh,masters,63.1,348000.0,2,999,1,0,0,0,1,1,70.24,Ineligible
ARG45,22,female,Tripura,phd,51.5,346000.0,65,999,1,0,0,1,1,1,60.6,Ineligible
BPVGK,16,male,Tripura,10th,47.7,298000.0,999,999,1,0,0,1,1,1,47.08,Ineligible
BPVGK,16,male,Arunachal Pradesh,10th,75.0,322000.0,999,999,1,0,0,1,1,1,58.0,Ineligible
BPVGK,17,female,Mizoram,10th,79.5,223000.0,999,999,1,0,0,1,1,1,64.8,Eligible
ARG45,23,female,Tripura,masters,58.2,794000.0,5,999,1,0,0,1,1,1,63.28,Eligible
AZKMI,22,male,Jharkhand,phd,80.3,890000.0,999,14,1,0,0,1,1,1,67.12,Ineligible
A023B,24,male,Sikkim,masters,91.5,251000.0,1,999,1,0,0,1,1,1,81.6,Eligible
BPVGK,17,male,Madhya Pradesh,10th,55.2,220000.0,999,999,1,0,0,1,1,0,50.08,Borderline
BPVGK,15,female,Telangana,10th,73.1,305000.0,999,999,1,0,0,1,1,1,62.24,Ineligible
ARG45,31,male,Madhya Pradesh,phd,64.3,605000.0,59,999,0,0,0,1,1,1,50.72,Ineligible
A023B,18,male,Madhya Pradesh,bachelors,57.7,686000.0,85,999,1,0,0,1,1,1,48.08,Ineligible
A023B,25,male,Tripura,masters,72.3,356000.0,3,999,1,0,0,1,1,1,73.92,Eligible
ARG45,26,female,Manipur,phd,93.4,729000.0,110,999,1,1,59,1,1,1,65.36,Eligible
BVOBC,22,male,Tamil Nadu,bachelors,76.4,280000.0,110,999,1,0,0,0,1,1,58.56,Ineligible
BPVGK,17,male,Meghalaya,10th,71.3,319000.0,999,999,1,0,0,1,1,1,56.52,Ineligible
ARG45,30,male,Tamil Nadu,phd,50.5,94000.0,1,999,1,0,0,1,1,1,70.2,Ineligible
BVOBC,22,male,Odisha,bachelors,53.0,69000.0,72,999,1,1,44,1,0,1,66.2,Borderline
ARG45,36,male,Jharkhand,phd,63.0,654000.0,95,999,1,0,0,1,1,1,50.2,Eligible
ARG45,31,male,Sikkim,masters,56.6,600000.0,140,999,1,0,0,1,1,1,45.64,Eligible
A023B,22,female,Tripura,masters,90.2,516000.0,1,999,1,0,0,1,1,0,81.08,Borderline
A023B,25,female,Jharkhand,bachelors,89.8,707000.0,78,999,1,0,0,1,1,0,65.92,Ineligible
A023B,23,female,Assam,bachelors,56.4,284000.0,1,999,1,0,0,1,1,1,72.56,Eligible
ARG45,25,male,Odisha,phd,65.7,603000.0,140,999,1,0,0,1,1,1,44.28,Eligible
BVOBC,19,male,Madhya Pradesh,bachelors,58.9,152000.0,95,999,1,0,0,1,1,1,63.56,Eligible
ARG45,33,male,Arunachal Pradesh,phd,71.6,876000.0,140,999,1,0,0,1,0,1,46.64,Borderline
AZKMI,29,male,Arunachal Pradesh,masters,72.6,433000.0,999,1,1,0,0,1,1,1,69.04,Eligible
BPVGK,15,male,Manipur,10th,61.5,221000.0,999,999,1,0,0,1,1,1,52.6,Eligible
A023B,24,male,Madhya Pradesh,masters,95.7,363000.0,2,999,1,0,0,1,1,1,83.28,Eligible
BPVGK,16,male,Sikkim,10th,73.7,139000.0,999,999,1,0,0,1,1,1,62.48,Eligible
BPVGK,14,female,Karnataka,10th,53.5,96000.0,999,999,1,1,42,1,1,1,64.4,Eligible
BVOBC,22,male,Madhya Pradesh,bachelors,73.6,209000.0,6,999,1,0,0,1,1,1,74.44,Eligible
BPVGK,14,female,Madhya Pradesh,10th,65.0,97000.0,999,999,1,0,0,1,1,1,64.0,Eligible
A023B,25,male,Meghalaya,masters,90.0,197000.0,85,999,1,0,0,1,1,1,76.0,Eligible
A023B,20,female,Kerala,bachelors,81.1,153000.0,2,999,1,0,0,0,1,1,87.44,Ineligible
AZKMI,28,male,Meghalaya,postdoc,82.0,150000.0,999,22,1,0,0,1,0,1,82.8,Borderline
BVOBC,24,male,Mizoram,bachelors,90.9,247000.0,1,999,1,0,0,1,1,1,81.36,Eligible
ARG45,32,male,Sikkim,masters,91.5,679000.0,78,999,1,0,0,1,1,0,61.6,Borderline
ARG45,33,male,Chhattisgarh,phd,59.1,355000.0,1,999,1,0,0,1,1,1,68.64,Eligible
A023B,21,male,Jharkhand,bachelors,68.3,522000.0,2,999,1,0,0,1,1,1,67.32,Eligible
BPVGK,14,female,Kerala,10th,70.3,205000.0,999,999,1,0,0,1,1,1,61.12,Eligible
A023B,21,female,Maharashtra,bachelors,68.2,358000.0,2,999,1,0,0,1,1,1,77.28,Eligible
BPVGK,17,male,Odisha,10th,57.9,328000.0,999,999,1,0,0,1,1,1,51.16,Ineligible
A023B,24,female,Kerala,masters,78.0,774000.0,2,999,1,0,0,1,1,1,71.2,Ineligible
BVOBC,20,male,Mizoram,12th,53.3,268000.0,140,999,1,0,0,1,1,1,49.32,Ineligible
BVOBC,17,male,Madhya Pradesh,bachelors,87.7,398000.0,2,999,1,0,0,1,1,1,80.08,Ineligible
ARG45,25,female,Chhattisgarh,phd,65.3,630000.0,88,999,1,0,0,1,1,1,56.12,Eligible
A023B,19,male,Tamil Nadu,masters,81.7,676000.0,65,999,1,0,0,1,1,1,57.68,Ineligible
ARG45,26,female,Telangana,masters,92.9,105000.0,59,999,1,0,0,1,1,1,82.16,Eligible
ARG45,25,male,Karnataka,phd,77.5,506000.0,140,999,1,0,0,1,1,1,54.0,Eligible
ARG45,33,male,Nagaland,masters,69.5,452000.0,88,999,1,0,0,1,1,1,57.8,Eligible
ARG45,33,female,Jharkhand,phd,58.6,751000.0,59,999,0,0,0,1,1,1,53.44,Ineligible
A023B,23,female,Andhra Pradesh,bachelors,70.1,231000.0,250,999,1,0,0,1,1,1,61.04,Ineligible
ARG45,35,male,Nagaland,phd,86.8,754000.0,5,999,1,0,0,1,1,1,69.72,Eligible
AZKMI,25,female,Gujarat,masters,80.6,334000.0,999,32,1,0,0,1,1,1,82.24,Eligible
ARG45,29,male,Madhya Pradesh,masters,91.6,764000.0,3,999,1,0,0,1,1,1,71.64,Eligible
ARG45,36,female,Kerala,phd,79.1,761000.0,88,999,1,0,0,1,1,1,61.64,Eligible
BVOBC,21,male,Maharashtra,12th,70.9,113000.0,59,999,1,0,0,1,1,1,68.36,Eligible
ARG45,23,female,Arunachal Pradesh,masters,78.5,642000.0,59,999,1,0,0,1,0,1,61.4,Borderline
A023B,22,male,Arunachal Pradesh,masters,83.5,585000.0,2,999,1,0,0,1,1,1,73.4,Eligible
BVOBC,24,female,Chhattisgarh,12th,46.4,306000.0,1,999,1,0,0,1,1,1,68.56,Ineligible
ARG45,31,female,Mizoram,phd,71.1,150000.0,88,999,1,0,0,1,1,1,73.44,Eligible
BVOBC,22,male,Assam,12th,90.5,367000.0,72,999,1,0,0,1,1,1,71.2,Ineligible
AZKMI,22,male,Meghalaya,postdoc,74.1,311000.0,999,1,1,0,0,1,1,1,74.64,Eligible
BPVGK,15,male,Karnataka,10th,77.8,111000.0,999,999,1,1,64,1,1,1,69.12,Eligible
BPVGK,14,female,Mizoram,10th,49.0,260000.0,999,999,1,0,0,1,1,1,52.6,Ineligible
AZKMI,37,other,Kerala,postdoc,82.7,336000.0,999,8,1,0,0,1,1,1,78.08,Ineligible
AZKMI,21,female,Tripura,masters,75.2,799000.0,999,3,1,0,0,1,1,1,70.08,Ineligible
BVOBC,23,male,Jharkhand,12th,92.3,181000.0,85,999,1,0,0,0,1,1,76.92,Ineligible
BPVGK,15,male,Rajasthan,10th,50.2,256000.0,999,999,1,0,0,1,1,1,48.08,Ineligible
BPVGK,14,male,Assam,10th,84.2,137000.0,999,999,1,0,0,1,1,1,66.68,Eligible
A023B,25,male,Manipur,masters,75.5,359000.0,85,999,1,0,0,1,1,1,65.2,Eligible
BPVGK,14,male,Tripura,10th,46.0,243000.0,999,999,1,1,43,1,1,0,51.4,Ineligible
BVOBC,17,male,Chhattisgarh,bachelors,66.4,97000.0,1,999,1,0,0,1,1,1,76.56,Eligible
ARG45,31,female,Manipur,masters,68.2,644000.0,2,999,1,1,48,1,0,1,72.28,Borderline
ARG45,24,male,Jharkhand,phd,78.8,453000.0,59,999,1,0,0,1,1,1,61.52,Eligible
BPVGK,15,female,Madhya Pradesh,10th,86.3,175000.0,999,999,1,0,0,1,1,1,72.52,Eligible
BVOBC,17,male,Mizoram,bachelors,65.6,285000.0,6,999,1,0,0,1,1,1,71.24,Ineligible
BVOBC,18,male,Tripura,12th,83.9,70000.0,6,999,1,0,0,1,1,1,83.56,Eligible
A023B,18,male,Madhya Pradesh,bachelors,62.1,774000.0,1,999,1,0,0,1,1,1,59.84,Ineligible
ARG45,30,female,Nagaland,phd,58.4,854000.0,250,999,1,1,55,1,1,1,51.36,Eligible
ARG45,22,female,Maharashtra,masters,61.5,798000.0,95,999,1,0,0,1,1,1,54.6,Eligible
AZKMI,23,male,Rajasthan,masters,77.8,328000.0,999,3,1,0,0,1,1,1,76.12,Eligible
BPVGK,14,female,Madhya Pradesh,10th,90.3,244000.0,999,999,1,0,0,1,1,1,69.12,Eligible
BVOBC,22,female,Andhra Pradesh,bachelors,66.7,80000.0,1,999,1,0,0,1,1,1,81.68,Eligible
A023B,20,female,Gujarat,bachelors,87.4,790000.0,140,999,1,0,0,1,1,1,57.96,Ineligible
AZKMI,37,male,Telangana,masters,91.7,568000.0,999,14,1,0,0,1,1,1,76.68,Ineligible
ARG45,34,male,Telangana,masters,73.6,257000.0,3,999,1,0,0,1,1,1,74.44,Eligible
BVOBC,21,male,Gujarat,bachelors,73.1,210000.0,88,999,1,0,0,1,1,1,64.24,Eligible
BVOBC,23,male,Karnataka,bachelors,83.6,254000.0,110,999,1,1,64,1,1,1,66.44,Ineligible
BVOBC,23,male,Tripura,12th,72.3,301000.0,2,999,1,0,0,1,1,1,73.92,Ineligible
BPVGK,16,female,Madhya Pradesh,10th,71.8,32000.0,999,999,1,0,0,1,1,1,66.72,Eligible
A023B,20,female,Rajasthan,bachelors,84.2,98000.0,1,999,1,0,0,0,1,1,88.68,Ineligible
BPVGK,16,female,Tamil Nadu,10th,78.0,176000.0,999,999,1,0,0,1,1,1,69.2,Eligible
ARG45,36,female,Tripura,masters,77.9,94000.0,5,999,1,0,0,1,1,1,86.16,Eligible
BVOBC,24,male,Madhya Pradesh,bachelors,74.4,139000.0,95,999,1,0,0,1,1,1,69.76,Eligible
ARG45,34,female,Telangana,masters,73.1,821000.0,3,999,1,0,0,1,1,1,69.24,Eligible
AZKMI,35,male,Chhattisgarh,postdoc,76.4,324000.0,999,32,0,0,0,1,1,1,75.56,Ineligible
BVOBC,19,male,Maharashtra,12th,53.4,359000.0,1,999,1,0,0,1,1,1,66.36,Ineligible
A023B,20,male,Sikkim,bachelors,85.8,668000.0,72,999,1,0,0,1,1,1,59.32,Ineligible
ARG45,27,female,Sikkim,phd,79.8,102000.0,1,999,0,0,0,1,1,1,86.92,Ineligible
BVOBC,24,male,Assam,bachelors,65.8,154000.0,85,999,1,0,0,1,1,1,66.32,Eligible
BVOBC,21,male,Mizoram,bachelors,61.7,60000.0,95,999,1,0,0,1,1,1,64.68,Eligible
AZKMI,26,male,Arunachal Pradesh,masters,70.5,188000.0,999,650,0,0,0,1,1,1,58.2,Ineligible
ARG45,23,female,Andhra Pradesh,phd,50.7,181000.0,140,999,1,0,0,1,1,1,58.28,Ineligible
BPVGK,16,male,Mizoram,10th,66.7,270000.0,999,999,1,0,0,1,1,1,54.68,Ineligible
AZKMI,35,female,Tamil Nadu,phd,90.2,244000.0,999,3,1,0,0,1,1,1,86.08,Eligible
BPVGK,16,female,Tripura,10th,49.6,269000.0,999,999,1,0,0,1,1,1,52.84,Ineligible
ARG45,24,male,Rajasthan,phd,68.4,525000.0,59,999,1,0,0,1,1,1,57.36,Eligible
BVOBC,21,male,Assam,12th,77.7,153000.0,5,999,1,0,0,1,1,1,81.08,Eligible
A023B,18,female,Karnataka,masters,80.3,567000.0,6,999,1,0,0,1,1,1,77.12,Eligible
A023B,21,female,Karnataka,masters,83.7,504000.0,1,999,1,0,0,1,0,1,78.48,Borderline
AZKMI,23,male,Rajasthan,phd,59.2,841000.0,999,37,1,0,0,1,1,1,58.68,Ineligible
BPVGK,14,male,Nagaland,10th,75.2,338000.0,999,999,1,0,0,1,1,1,58.08,Ineligible
ARG45,22,female,Nagaland,masters,61.6,523000.0,1,999,0,0,0,1,1,1,69.64,Ineligible
BVOBC,19,male,Tamil Nadu,12th,89.9,204000.0,72,999,1,0,0,1,1,1,70.96,Eligible
BPVGK,15,female,Rajasthan,10th,82.0,64000.0,999,999,1,0,0,1,1,1,70.8,Eligible
ARG45,22,male,Jharkhand,masters,77.0,452000.0,6,999,1,0,0,1,0,1,70.8,Borderline
AZKMI,36,female,Andhra Pradesh,phd,51.3,872000.0,999,6,1,0,0,1,0,1,60.52,Ineligible
A023B,21,female,Madhya Pradesh,masters,85.7,325000.0,1,999,1,0,0,1,1,1,84.28,Eligible
BPVGK,17,female,Sikkim,10th,74.2,229000.0,999,999,1,0,0,1,1,1,62.68,Eligible
BVOBC,24,male,Karnataka,12th,73.9,95000.0,1,999,1,0,0,1,1,1,79.56,Eligible
ARG45,29,female,Mizoram,phd,83.4,175000.0,5,999,1,1,56,1,1,1,93.36,Eligible
A023B,19,male,Jharkhand,bachelors,73.0,308000.0,65,999,1,0,0,0,1,1,64.2,Ineligible
A023B,24,female,Mizoram,masters,67.0,753000.0,3,999,1,0,0,1,1,1,66.8,Ineligible
ARG45,32,female,Manipur,phd,70.5,66000.0,140,999,1,0,0,1,1,1,66.2,Eligible
BPVGK,15,female,Tripura,10th,79.4,86000.0,999,999,1,0,0,1,1,1,69.76,Eligible
ARG45,28,male,Telangana,masters,70.0,541000.0,1,999,1,0,0,1,1,1,68.0,Eligible
BVOBC,22,male,Sikkim,12th,72.9,226000.0,110,999,1,0,0,1,1,1,57.16,Eligible
A023B,19,male,Manipur,masters,73.2,744000.0,5,999,1,0,0,1,1,1,64.28,Ineligible
ARG45,32,female,Kerala,masters,77.6,137000.0,250,999,1,0,0,1,1,1,69.04,Eligible
BPVGK,15,female,Telangana,10th,81.1,242000.0,999,999,1,0,0,1,1,1,65.44,Eligible
BVOBC,22,male,Tripura,bachelors,62.3,240000.0,5,999,1,0,0,1,1,1,69.92,Eligible
BVOBC,23,female,Tamil Nadu,bachelors,57.3,311000.0,6,999,1,1,65,1,1,1,77.92,Ineligible
ARG45,29,male,Assam,phd,76.2,549000.0,95,999,0,0,0,0,1,1,60.48,Ineligible
BVOBC,19,male,Maharashtra,bachelors,77.1,308000.0,110,999,1,0,0,0,1,1,58.84,Ineligible
ARG45,31,female,Telangana,masters,85.4,455000.0,95,999,1,0,0,1,1,1,69.16,Eligible
BVOBC,24,male,Gujarat,12th,73.9,72000.0,72,999,1,0,0,1,1,1,69.56,Eligible
BVOBC,23,female,Chhattisgarh,12th,93.8,156000.0,85,999,1,0,0,1,1,1,82.52,Eligible
BPVGK,17,male,Manipur,10th,74.4,107000.0,999,999,1,0,0,1,1,1,62.76,Eligible
AZKMI,28,male,Chhattisgarh,masters,88.8,686000.0,999,32,1,0,0,1,1,1,70.52,Ineligible
BVOBC,18,female,Rajasthan,bachelors,71.9,141000.0,110,999,1,0,0,1,1,1,66.76,Eligible
ARG45,34,female,Mizoram,masters,93.9,149000.0,5,999,1,0,0,1,1,1,92.56,Eligible
A023B,19,male,Andhra Pradesh,bachelors,59.2,262000.0,5,999,1,0,0,0,1,1,68.68,Ineligible
BVOBC,19,male,Tamil Nadu,bachelors,63.0,335000.0,88,999,1,0,0,1,1,1,60.2,Ineligible
ARG45,29,male,Maharashtra,masters,59.3,589000.0,1,999,0,0,0,1,1,1,63.72,Ineligible
BPVGK,14,male,Madhya Pradesh,10th,49.0,39000.0,999,999,1,0,0,1,1,1,52.6,Ineligible
ARG45,26,male,Arunachal Pradesh,masters,50.9,791000.0,78,999,1,0,0,1,1,1,45.36,Ineligible
ARG45,23,female,Mizoram,phd,89.7,419000.0,6,999,0,0,0,1,1,1,80.88,Ineligible
BPVGK,14,female,Andhra Pradesh,10th,74.0,73000.0,999,999,1,0,0,1,1,1,67.6,Eligible
AZKMI,32,female,Sikkim,phd,63.6,906000.0,999,1,0,0,0,1,1,1,65.44,Ineligible
A023B,21,female,Assam,masters,85.9,377000.0,65,999,0,0,0,1,1,1,74.36,Ineligible
ARG45,27,male,Jharkhand,masters,84.3,473000.0,250,999,1,0,0,1,1,1,56.72,Eligible
A023B,21,male,Assam,masters,79.9,485000.0,88,999,1,0,0,1,1,1,61.96,Eligible
ARG45,29,female,Mizoram,masters,55.4,337000.0,78,999,1,0,0,1,1,1,62.16,Eligible
BPVGK,16,female,Tripura,10th,65.6,181000.0,999,999,1,0,0,1,1,0,64.24,Borderline
AZKMI,22,female,Mizoram,masters,84.1,535000.0,999,8,1,0,0,1,1,1,78.64,Eligible
BPVGK,15,female,Nagaland,10th,69.0,52000.0,999,999,1,0,0,1,1,1,65.6,Eligible
ARG45,36,female,Kerala,masters,61.8,116000.0,250,999,1,0,0,1,1,0,62.72,Borderline
BVOBC,17,male,Nagaland,12th,95.5,280000.0,88,999,1,0,0,1,1,0,73.2,Ineligible
AZKMI,24,male,Maharashtra,phd,82.1,638000.0,999,14,1,0,0,1,1,1,67.84,Ineligible
ARG45,23,female,Mizoram,phd,90.6,558000.0,72,999,1,0,0,0,1,1,71.24,Ineligible
ARG45,25,male,Manipur,phd,50.5,882000.0,65,999,1,0,0,1,1,1,45.2,Ineligible
ARG45,32,male,Manipur,phd,66.0,452000.0,72,999,1,0,0,1,1,1,56.4,Eligible
BPVGK,14,female,Maharashtra,10th,56.2,251000.0,999,999,1,0,0,1,1,1,55.48,Ineligible
BPVGK,15,female,Gujarat,10th,85.6,148000.0,999,999,1,0,0,1,1,1,72.24,Eligible
A023B,25,male,Andhra Pradesh,masters,61.5,306000.0,5,999,1,0,0,1,1,1,69.6,Eligible
ARG45,23,male,Chhattisgarh,masters,89.4,216000.0,65,999,1,0,0,1,1,1,70.76,Eligible
BVOBC,20,female,Tripura,bachelors,65.4,111000.0,2,999,1,0,0,1,1,1,81.16,Eligible
A023B,24,male,Kerala,bachelors,73.7,497000.0,2,999,1,0,0,1,1,1,69.48,Eligible
BVOBC,20,female,Karnataka,12th,52.7,73000.0,140,999,1,0,0,1,1,1,59.08,Eligible
ARG45,25,female,Meghalaya,phd,92.8,541000.0,3,999,1,0,0,1,0,1,82.12,Borderline
ARG45,27,female,Odisha,masters,75.0,199000.0,85,999,1,0,0,1,1,1,75.0,Eligible
BPVGK,17,female,Manipur,10th,79.8,157000.0,999,999,1,0,0,1,1,1,69.92,Eligible
ARG45,35,female,Telangana,masters,74.6,802000.0,88,999,1,0,0,1,1,1,59.84,Eligible
A023B,18,male,Maharashtra,masters,83.4,745000.0,85,999,0,0,0,1,1,1,58.36,Ineligible
AZKMI,38,male,Andhra Pradesh,postdoc,87.3,109000.0,999,6,0,0,0,1,1,1,84.92,Ineligible
BVOBC,20,male,Assam,bachelors,81.8,325000.0,250,999,1,0,0,1,1,0,60.72,Ineligible
BVOBC,23,male,Karnataka,12th,49.2,172000.0,1,999,1,0,0,0,1,1,69.68,Ineligible
A023B,25,male,Andhra Pradesh,masters,63.5,395000.0,1,999,1,0,0,1,1,1,70.4,Eligible
A023B,23,female,Nagaland,masters,91.5,418000.0,3,999,1,0,0,1,1,1,81.6,Eligible
BPVGK,14,male,Maharashtra,10th,72.5,316000.0,999,999,1,0,0,1,0,1,57.0,Ineligible
BVOBC,19,male,Sikkim,12th,93.2,259000.0,59,999,1,0,0,1,1,1,72.28,Ineligible
A023B,25,male,Odisha,bachelors,77.4,146000.0,5,999,1,0,0,1,1,1,80.96,Eligible
BVOBC,22,female,Assam,12th,66.5,393000.0,1,999,1,0,0,1,1,1,76.6,Ineligible
BPVGK,15,male,Andhra Pradesh,10th,76.6,60000.0,999,999,1,0,0,1,0,1,63.64,Borderline
BVOBC,17,female,Jharkhand,12th,56.9,373000.0,250,999,1,0,0,1,1,1,55.76,Ineligible
ARG45,36,female,Andhra Pradesh,phd,61.1,286000.0,5,999,1,0,0,0,1,1,74.44,Ineligible
ARG45,29,male,Sikkim,phd,88.7,465000.0,6,999,1,0,0,1,1,1,75.48,Eligible
A023B,25,female,Gujarat,masters,60.1,763000.0,3,999,1,0,0,1,1,1,64.04,Ineligible
BVOBC,21,male,Jharkhand,bachelors,75.5,259000.0,250,999,1,0,0,1,1,1,58.2,Ineligible
BPVGK,17,male,Tripura,10th,90.3,326000.0,999,999,1,0,0,1,1,1,64.12,Ineligible
BPVGK,14,male,Mizoram,10th,49.3,124000.0,999,999,1,0,0,1,1,1,52.72,Ineligible
BVOBC,18,male,Meghalaya,bachelors,81.7,214000.0,3,999,1,0,0,1,1,1,77.68,Eligible
A023B,18,male,Gujarat,bachelors,59.8,641000.0,1,999,1,0,0,1,1,1,58.92,Ineligible
BPVGK,15,male,Rajasthan,10th,81.4,130000.0,999,999,1,0,0,0,1,1,65.56,Ineligible
A023B,22,female,Manipur,bachelors,57.6,515000.0,1,999,1,0,0,1,1,1,68.04,Eligible
A023B,22,female,Telangana,masters,86.0,197000.0,85,999,1,0,0,1,0,1,79.4,Borderline
A023B,19,male,Nagaland,bachelors,69.0,456000.0,3,999,1,0,0,1,1,0,67.6,Borderline
A023B,21,female,Telangana,masters,94.6,181000.0,1,999,1,0,0,1,0,1,92.84,Borderline
ARG45,27,male,Sikkim,masters,74.5,721000.0,2,999,1,0,0,1,1,0,64.8,Borderline
A023B,18,female,Chhattisgarh,bachelors,83.5,771000.0,85,999,1,0,0,1,1,1,63.4,Ineligible
ARG45,26,male,Madhya Pradesh,masters,62.0,367000.0,1,999,1,0,0,1,1,1,69.8,Eligible
BVOBC,22,male,Chhattisgarh,12th,56.3,188000.0,2,999,1,0,0,1,1,1,72.52,Eligible
ARG45,24,female,Tamil Nadu,phd,85.7,270000.0,110,999,1,0,0,1,1,1,67.28,Eligible
BVOBC,22,female,Chhattisgarh,12th,74.4,91000.0,65,999,1,0,0,1,1,1,74.76,Eligible
ARG45,32,male,Tamil Nadu,phd,50.3,267000.0,2,999,1,0,0,1,1,1,65.12,Ineligible
BVOBC,20,female,Mizoram,12th,82.7,234000.0,65,999,1,0,0,1,1,1,73.08,Eligible
ARG45,30,female,Madhya Pradesh,phd,52.6,386000.0,140,999,1,0,0,1,1,1,54.04,Ineligible
ARG45,25,male,Maharashtra,phd,93.5,165000.0,110,999,1,0,0,1,1,1,70.4,Eligible
BPVGK,17,female,Karnataka,10th,88.2,260000.0,999,999,1,0,0,1,1,1,68.28,Ineligible
BVOBC,20,female,Rajasthan,bachelors,82.0,387000.0,3,999,1,0,0,1,1,1,82.8,Ineligible
AZKMI,37,male,Sikkim,postdoc,70.3,469000.0,999,6,1,0,0,1,1,1,68.12,Ineligible
AZKMI,28,female,Jharkhand,postdoc,71.1,252000.0,999,6,1,1,79,1,1,1,83.44,Eligible
ARG45,34,male,Manipur,phd,58.5,240000.0,2,999,1,1,74,0,1,1,73.4,Ineligible
A023B,20,male,Assam,masters,77.7,263000.0,2,999,1,0,0,1,1,1,76.08,Eligible
AZKMI,36,male,Karnataka,postdoc,81.0,679000.0,999,22,1,0,0,1,1,1,67.4,Ineligible
ARG45,36,female,Meghalaya,phd,88.6,839000.0,65,999,1,0,0,1,1,0,65.44,Borderline
BPVGK,17,female,Jharkhand,10th,83.4,58000.0,999,999,1,0,0,1,0,1,71.36,Borderline
AZKMI,24,male,Kerala,postdoc,59.9,714000.0,999,22,1,0,0,1,0,1,58.96,Ineligible
ARG45,23,female,Sikkim,phd,69.2,702000.0,140,999,1,0,0,1,1,1,50.68,Eligible
A023B,20,male,Madhya Pradesh,bachelors,67.0,436000.0,3,999,0,0,0,1,1,1,66.8,Ineligible
BVOBC,19,female,Maharashtra,12th,93.9,388000.0,65,999,1,0,0,1,0,1,77.56,Ineligible
BPVGK,16,female,Karnataka,10th,48.2,278000.0,999,999,1,1,70,1,1,1,57.28,Ineligible
A023B,24,female,Gujarat,masters,75.0,124000.0,1,999,1,0,0,1,1,1,85.0,Eligible
AZKMI,35,female,Maharashtra,postdoc,53.5,763000.0,999,37,1,0,0,1,1,1,61.4,Ineligible
AZKMI,31,female,Sikkim,phd,61.6,770000.0,999,8,0,0,0,1,1,1,64.64,Ineligible
AZKMI,24,female,Andhra Pradesh,postdoc,84.3,686000.0,999,2,1,0,0,1,1,1,73.72,Ineligible
BVOBC,21,female,Meghalaya,12th,56.4,185000.0,59,999,1,0,0,1,1,1,67.56,Eligible
ARG45,24,male,Rajasthan,masters,66.2,219000.0,110,999,0,0,0,1,1,1,54.48,Ineligible
A023B,18,female,Meghalaya,bachelors,86.3,116000.0,65,999,1,0,0,1,1,1,79.52,Eligible
BVOBC,24,female,Chhattisgarh,12th,73.6,308000.0,6,999,1,0,0,1,1,1,79.44,Ineligible
ARG45,22,female,Gujarat,phd,51.6,715000.0,3,999,1,0,0,1,1,1,60.64,Ineligible
BPVGK,17,male,Madhya Pradesh,10th,92.8,342000.0,999,999,1,0,0,1,1,1,65.12,Ineligible
AZKMI,29,male,Madhya Pradesh,masters,92.3,698000.0,999,14,0,0,0,1,1,1,71.92,Ineligible
ARG45,32,female,Assam,masters,85.8,621000.0,5,999,0,0,0,1,1,1,74.32,Ineligible
A023B,25,male,Tripura,masters,79.4,721000.0,2,999,1,0,0,1,0,1,66.76,Ineligible
BPVGK,17,male,Karnataka,10th,57.2,317000.0,999,999,1,0,0,1,1,1,50.88,Ineligible
ARG45,24,male,Meghalaya,phd,64.0,786000.0,78,999,0,0,0,1,0,0,50.6,Ineligible
BVOBC,24,male,Arunachal Pradesh,bachelors,56.2,383000.0,6,999,1,0,0,1,1,1,67.48,Ineligible
BPVGK,14,female,Manipur,10th,48.0,288000.0,999,999,1,0,0,1,1,1,52.2,Ineligible
AZKMI,36,female,Jharkhand,postdoc,71.8,266000.0,999,2,1,0,0,1,1,1,78.72,Ineligible
BPVGK,15,male,Karnataka,10th,55.3,118000.0,999,999,1,0,0,1,1,1,55.12,Eligible
A023B,21,male,Sikkim,bachelors,74.3,762000.0,5,999,1,0,0,1,1,1,64.72,Ineligible
ARG45,33,female,Arunachal Pradesh,phd,75.9,665000.0,6,999,1,0,0,1,1,1,70.36,Eligible
AZKMI,22,male,Gujarat,masters,65.8,299000.0,999,14,1,0,0,1,0,1,71.32,Borderline
AZKMI,29,male,Maharashtra,masters,88.7,692000.0,999,14,1,0,0,1,1,1,70.48,Ineligible
BPVGK,16,female,Odisha,10th,64.2,179000.0,999,999,1,0,0,1,1,1,63.68,Eligible
ARG45,25,female,Rajasthan,phd,66.5,638000.0,250,999,1,0,0,1,1,1,49.6,Eligible
A023B,19,male,Rajasthan,bachelors,80.3,447000.0,95,999,1,0,0,0,1,1,62.12,Ineligible
ARG45,35,male,Arunachal Pradesh,masters,93.0,555000.0,88,999,1,0,0,1,1,1,67.2,Eligible
BVOBC,22,female,Maharashtra,12th,85.2,224000.0,3,999,1,0,0,0,1,1,84.08,Ineligible
A023B,25,male,Assam,bachelors,73.6,342000.0,85,999,1,0,0,1,1,1,64.44,Eligible
ARG45,27,other,Tamil Nadu,masters,52.4,830000.0,59,999,1,0,0,1,1,1,45.96,Ineligible
A023B,19,male,Gujarat,masters,71.8,775000.0,2,999,1,0,0,1,1,1,63.72,Ineligible
ARG45,31,female,Tripura,phd,72.5,632000.0,1,999,1,0,0,1,1,1,69.0,Eligible
BPVGK,15,male,Karnataka,10th,59.0,85000.0,999,999,1,0,0,1,1,1,56.6,Eligible
BVOBC,22,female,Chhattisgarh,12th,94.8,353000.0,72,999,1,0,0,1,1,1,77.92,Ineligible
A023B,24,male,Madhya Pradesh,bachelors,60.4,786000.0,5,999,1,0,0,1,1,1,59.16,Ineligible
BPVGK,16,male,Karnataka,10th,81.1,190000.0,999,999,1,0,0,1,1,0,65.44,Borderline
ARG45,26,male,Jharkhand,masters,73.5,207000.0,72,999,1,0,0,1,1,1,64.4,Eligible
AZKMI,22,female,Andhra Pradesh,masters,76.6,460000.0,999,37,1,0,0,1,1,1,75.64,Eligible
ARG45,36,female,Meghalaya,masters,67.6,242000.0,5,999,1,0,0,1,1,1,77.04,Eligible
BVOBC,18,female,Tripura,bachelors,73.6,168000.0,65,999,1,0,0,1,1,0,74.44,Borderline
A023B,22,female,Madhya Pradesh,masters,88.2,669000.0,1,999,1,0,0,1,1,1,75.28,Ineligible
ARG45,30,female,Manipur,phd,61.4,865000.0,6,999,1,0,0,1,1,1,64.56,Eligible
ARG45,26,male,Arunachal Pradesh,phd,93.7,387000.0,1,999,1,0,0,1,1,1,82.48,Eligible
BVOBC,19,male,Rajasthan,12th,68.3,205000.0,250,999,1,0,0,1,1,1,55.32,Eligible
BPVGK,17,male,Odisha,10th,94.6,310000.0,999,999,1,0,0,1,1,1,65.84,Ineligible
A023B,23,male,Manipur,bachelors,74.5,390000.0,6,999,1,0,0,1,1,1,74.8,Eligible
A023B,18,male,Andhra Pradesh,bachelors,83.3,307000.0,5,999,1,0,0,0,0,1,78.32,Borderline
BVOBC,24,male,Odisha,12th,93.9,72000.0,78,999,1,0,0,1,0,1,77.56,Borderline
BPVGK,14,female,Jharkhand,10th,90.8,252000.0,999,999,1,0,0,1,1,1,69.32,Ineligible
BPVGK,15,male,Telangana,10th,65.5,145000.0,999,999,1,0,0,1,1,1,59.2,Eligible
BVOBC,20,male,Meghalaya,12th,78.3,224000.0,59,999,1,0,0,1,1,1,66.32,Eligible
A023B,25,female,Rajasthan,masters,62.8,114000.0,5,999,1,0,0,1,1,1,80.12,Eligible
A023B,23,female,Karnataka,bachelors,75.6,303000.0,1,999,1,1,79,1,1,1,85.24,Eligible
AZKMI,27,female,Mizoram,phd,74.8,379000.0,999,22,1,0,0,0,1,1,79.92,Ineligible
AZKMI,22,male,Arunachal Pradesh,postdoc,65.8,116000.0,999,21,1,0,0,1,1,1,76.32,Eligible
BVOBC,18,male,Tamil Nadu,12th,59.8,303000.0,250,999,1,0,0,1,1,0,51.92,Ineligible
BVOBC,24,female,Mizoram,12th,89.7,393000.0,78,999,1,0,0,1,1,1,75.88,Ineligible
A023B,19,female,Karnataka,bachelors,56.7,396000.0,59,999,1,0,0,1,1,1,62.68,Eligible
BVOBC,20,female,Assam,12th,55.0,364000.0,110,999,1,0,0,1,1,1,55.0,Ineligible
AZKMI,26,female,Meghalaya,postdoc,77.9,571000.0,999,6,0,0,0,1,1,1,76.16,Ineligible
BPVGK,16,female,Nagaland,10th,50.3,179000.0,999,999,1,0,0,1,1,1,58.12,Eligible
BVOBC,20,male,Telangana,12th,55.3,324000.0,2,999,1,0,0,0,1,1,67.12,Ineligible
BPVGK,17,female,Telangana,10th,47.1,172000.0,999,999,1,0,0,1,1,0,56.84,Ineligible
ARG45,26,male,Tripura,masters,64.3,706000.0,2,999,1,0,0,0,1,1,60.72,Ineligible
ARG45,27,male,Chhattisgarh,masters,73.4,217000.0,72,999,1,0,0,1,1,1,64.36,Eligible
ARG45,34,female,Rajasthan,phd,71.8,501000.0,3,999,1,0,0,1,1,1,73.72,Eligible
A023B,25,female,Mizoram,masters,76.4,425000.0,2,999,1,0,0,1,1,1,75.56,Eligible
A023B,23,female,Madhya Pradesh,masters,92.8,346000.0,6,999,1,0,0,1,1,1,87.12,Eligible
AZKMI,27,male,Andhra Pradesh,masters,61.4,851000.0,999,1,0,0,0,1,1,1,59.56,Ineligible
BVOBC,24,male,Maharashtra,12th,46.9,280000.0,65,999,1,0,0,1,1,1,53.76,Ineligible
BVOBC,18,male,Nagaland,bachelors,88.4,218000.0,88,999,1,0,0,1,1,1,70.36,Eligible
BVOBC,20,female,Manipur,12th,88.9,174000.0,3,999,1,0,0,1,1,1,90.56,Eligible
A023B,22,female,Sikkim,masters,95.1,521000.0,1,999,1,0,0,1,1,1,83.04,Eligible
A023B,23,male,Andhra Pradesh,masters,92.9,200000.0,6,999,0,0,0,1,1,1,87.16,Ineligible
ARG45,31,male,Manipur,masters,62.7,434000.0,250,999,1,0,0,1,1,1,48.08,Eligible
BPVGK,15,female,Tripura,10th,58.4,332000.0,999,999,1,0,0,1,1,1,56.36,Ineligible
ARG45,32,female,Sikkim,phd,61.7,168000.0,5,999,1,0,0,1,1,1,79.68,Eligible
ARG45,33,male,Meghalaya,phd,59.1,561000.0,110,999,1,0,0,1,1,1,46.64,Eligible
AZKMI,35,male,Assam,phd,80.9,110000.0,999,6,1,0,0,1,1,1,82.36,Eligible
BPVGK,14,male,Sikkim,10th,63.0,175000.0,999,999,1,0,0,1,1,1,58.2,Eligible
ARG45,31,female,Karnataka,masters,77.6,75000.0,1,999,1,0,0,1,1,1,86.04,Eligible
BVOBC,22,male,Maharashtra,bachelors,91.2,367000.0,140,999,1,0,0,1,1,1,64.48,Ineligible
ARG45,34,male,Meghalaya,phd,88.2,711000.0,72,999,1,0,0,1,1,1,60.28,Eligible
BVOBC,20,male,Manipur,12th,69.3,72000.0,2,999,1,0,0,1,1,1,77.72,Eligible
BVOBC,21,female,Telangana,12th,82.7,214000.0,6,999,1,0,0,1,1,1,83.08,Eligible
BVOBC,17,female,Gujarat,12th,89.5,253000.0,3,999,1,0,0,1,1,1,85.8,Ineligible
BVOBC,23,female,Meghalaya,bachelors,65.7,211000.0,250,999,1,0,0,1,1,1,59.28,Eligible
ARG45,24,female,Jharkhand,masters,70.7,817000.0,59,999,1,0,0,1,1,1,58.28,Eligible
A023B,22,male,Gujarat,masters,86.3,785000.0,250,999,1,0,0,1,1,1,52.52,Ineligible
A023B,22,male,Jharkhand,bachelors,77.1,280000.0,1,999,1,0,0,1,1,1,75.84,Eligible
ARG45,24,male,Maharashtra,phd,75.6,290000.0,1,999,1,0,0,1,1,1,75.24,Eligible
ARG45,27,female,Telangana,masters,90.7,861000.0,88,999,1,0,0,1,1,1,66.28,Eligible
BVOBC,21,female,Nagaland,bachelors,93.2,167000.0,72,999,1,0,0,1,1,1,82.28,Eligible
BPVGK,15,female,Maharashtra,10th,56.5,162000.0,999,999,1,0,0,1,1,1,60.6,Eligible
BVOBC,24,female,Andhra Pradesh,bachelors,66.0,144000.0,110,999,1,0,0,1,1,1,64.4,Eligible
BPVGK,16,female,Tripura,10th,58.7,152000.0,999,999,1,0,0,1,1,1,61.48,Eligible
ARG45,35,female,Andhra Pradesh,masters,68.4,367000.0,250,999,0,0,0,1,1,1,60.36,Ineligible
BVOBC,18,female,Tripura,12th,72.8,41000.0,78,999,1,0,0,1,1,1,74.12,Eligible
A023B,23,male,Mizoram,masters,78.7,193000.0,110,999,1,0,0,1,0,1,64.48,Ineligible
ARG45,23,female,Gujarat,phd,70.0,212000.0,110,999,1,0,0,1,1,1,61.0,Eligible
BPVGK,17,male,Chhattisgarh,10th,45.8,309000.0,999,999,1,0,0,1,1,1,46.32,Ineligible
BPVGK,14,male,Mizoram,10th,59.2,296000.0,999,999,1,0,0,1,1,1,51.68,Ineligible
BPVGK,17,female,Maharashtra,10th,66.8,111000.0,999,999,1,0,0,1,1,1,64.72,Eligible
A023B,18,male,Tamil Nadu,masters,90.5,484000.0,65,999,1,0,0,1,0,1,66.2,Borderline
A023B,22,female,Telangana,bachelors,88.8,507000.0,2,999,1,0,0,1,1,1,80.52,Eligible
BVOBC,24,female,Maharashtra,bachelors,88.4,163000.0,110,999,1,0,0,1,1,1,73.36,Eligible
A023B,21,other,Kerala,bachelors,83.4,375000.0,1,999,1,0,0,0,1,1,78.36,Ineligible
AZKMI,28,female,Tamil Nadu,masters,71.0,213000.0,999,650,1,0,0,1,1,1,58.4,Ineligible
AZKMI,37,female,Telangana,postdoc,83.1,714000.0,999,8,1,0,0,1,1,1,73.24,Ineligible
A023B,18,female,Madhya Pradesh,bachelors,59.0,472000.0,6,999,1,0,0,1,1,1,68.6,Eligible
AZKMI,34,female,Jharkhand,masters,84.1,134000.0,999,3,1,0,0,1,1,1,88.64,Eligible
BVOBC,17,female,Meghalaya,bachelors,62.8,315000.0,65,999,1,0,0,1,0,1,65.12,Ineligible
ARG45,26,male,Arunachal Pradesh,masters,94.4,440000.0,250,999,1,0,0,1,1,1,60.76,Eligible
AZKMI,26,male,Karnataka,phd,83.9,228000.0,999,8,1,0,0,1,1,1,78.56,Eligible
A023B,22,female,Kerala,bachelors,82.3,596000.0,2,999,1,0,0,1,1,1,77.92,Eligible
ARG45,29,male,Telangana,phd,82.9,777000.0,5,999,1,0,0,1,1,1,68.16,Eligible
BVOBC,17,male,Mizoram,12th,94.6,252000.0,6,999,1,0,0,1,1,1,82.84,Ineligible
BPVGK,17,female,Madhya Pradesh,10th,81.6,298000.0,999,999,1,0,0,1,1,1,65.64,Ineligible
BVOBC,17,male,Meghalaya,12th,48.7,222000.0,5,999,1,0,0,1,1,1,64.48,Ineligible
BVOBC,20,male,Madhya Pradesh,bachelors,88.6,382000.0,85,999,1,0,0,1,1,1,70.44,Ineligible
BPVGK,17,male,Manipur,10th,94.5,79000.0,999,999,1,0,0,1,1,1,70.8,Eligible
AZKMI,35,male,Tamil Nadu,phd,74.3,523000.0,999,37,0,0,0,1,1,1,69.72,Ineligible
BPVGK,16,male,Karnataka,10th,88.6,36000.0,999,999,1,0,0,1,1,1,68.44,Eligible
BVOBC,21,female,Rajasthan,12th,74.9,246000.0,1,999,1,0,0,1,1,1,79.96,Eligible
A023B,23,female,Manipur,bachelors,65.1,383000.0,6,999,1,0,0,1,1,1,76.04,Eligible
ARG45,30,female,Sikkim,masters,72.3,99000.0,250,999,1,0,0,1,1,1,66.92,Eligible
A023B,19,male,Tamil Nadu,masters,68.3,747000.0,59,999,1,0,0,1,1,1,52.32,Ineligible
ARG45,26,male,Maharashtra,phd,85.0,757000.0,6,999,1,0,0,1,1,1,69.0,Eligible
ARG45,30,male,Odisha,masters,57.0,602000.0,95,999,1,0,0,0,0,1,47.8,Borderline
A023B,22,male,Chhattisgarh,masters,75.8,438000.0,3,999,1,0,0,1,1,1,70.32,Eligible
BVOBC,21,male,Mizoram,12th,90.7,148000.0,72,999,1,0,0,1,1,1,76.28,Eligible
A023B,21,male,Maharashtra,masters,79.1,770000.0,110,999,1,0,0,1,1,1,49.64,Ineligible
AZKMI,26,other,Andhra Pradesh,postdoc,69.1,254000.0,999,32,1,0,0,1,1,1,72.64,Eligible
BVOBC,18,male,Manipur,bachelors,75.8,204000.0,88,999,1,0,0,1,1,1,65.32,Eligible
BPVGK,14,male,Nagaland,10th,50.4,274000.0,999,999,1,0,0,1,1,1,48.16,Ineligible
BPVGK,17,male,Jharkhand,10th,53.2,334000.0,999,999,1,0,0,1,1,1,49.28,Ineligible
A023B,18,female,Mizoram,masters,72.3,612000.0,1,999,1,0,0,0,0,1,68.92,Ineligible
A023B,25,male,Kerala,masters,69.3,182000.0,2,999,1,0,0,1,1,1,77.72,Eligible
BVOBC,18,male,Jharkhand,bachelors,53.1,346000.0,95,999,1,0,0,1,1,1,56.24,Ineligible
A023B,20,female,Manipur,bachelors,95.8,291000.0,88,999,1,0,0,1,1,1,78.32,Eligible
A023B,25,male,Chhattisgarh,bachelors,74.0,736000.0,250,999,1,0,0,0,1,1,47.6,Ineligible
ARG45,26,female,Meghalaya,masters,60.9,574000.0,2,999,0,0,0,1,1,1,69.36,Ineligible
AZKMI,38,female,Meghalaya,masters,67.1,214000.0,999,650,1,1,71,1,1,1,61.84,Ineligible
BVOBC,20,male,Mizoram,12th,58.2,283000.0,2,999,1,0,0,1,1,1,68.28,Ineligible
A023B,24,female,Odisha,masters,89.4,201000.0,1,999,1,0,0,1,1,1,85.76,Eligible
BPVGK,17,female,Assam,10th,86.2,115000.0,999,999,1,0,0,1,1,1,72.48,Eligible
ARG45,25,other,Sikkim,phd,79.5,388000.0,2,999,1,0,0,1,1,1,76.8,Eligible
A023B,18,male,Andhra Pradesh,bachelors,72.9,230000.0,6,999,1,0,0,1,1,1,74.16,Eligible
ARG45,34,female,Telangana,masters,71.7,890000.0,250,999,1,0,0,1,0,1,51.68,Borderline
AZKMI,23,male,Tamil Nadu,phd,90.8,734000.0,999,4,1,0,0,1,1,1,71.32,Ineligible
BVOBC,18,female,Mizoram,12th,67.3,358000.0,1,999,1,0,0,1,1,1,76.92,Ineligible
A023B,24,male,Odisha,bachelors,87.0,320000.0,5,999,1,0,0,0,1,1,79.8,Ineligible
ARG45,36,male,Karnataka,masters,76.1,154000.0,110,999,0,0,0,1,1,1,63.44,Ineligible
BVOBC,22,female,Assam,bachelors,55.0,360000.0,3,999,1,0,0,1,1,1,72.0,Ineligible
A023B,23,male,Tripura,bachelors,93.4,717000.0,250,999,1,0,0,1,1,1,55.36,Ineligible
A023B,21,female,Gujarat,masters,70.0,683000.0,3,999,1,1,49,1,1,1,73.0,Ineligible
A023B,25,male,Arunachal Pradesh,masters,97.7,317000.0,1,999,1,0,0,1,1,1,84.08,Eligible
A023B,24,female,Tamil Nadu,masters,56.4,451000.0,6,999,0,1,78,1,1,1,72.56,Ineligible
BVOBC,23,female,Manipur,12th,49.7,232000.0,250,999,1,0,0,1,1,1,52.88,Ineligible
A023B,20,male,Telangana,bachelors,93.2,161000.0,85,999,1,0,0,1,1,1,77.28,Eligible
BPVGK,16,female,Mizoram,10th,78.1,215000.0,999,999,1,0,0,1,1,1,64.24,Eligible
AZKMI,24,female,Telangana,phd,74.3,563000.0,999,37,1,1,77,1,1,1,79.72,Eligible
AZKMI,22,male,Chhattisgarh,postdoc,70.9,701000.0,999,32,0,0,0,1,1,1,63.36,Ineligible
A023B,18,male,Odisha,bachelors,90.8,694000.0,3,999,1,0,0,1,1,1,71.32,Ineligible
A023B,23,male,Rajasthan,masters,88.2,576000.0,1,999,1,0,0,1,1,1,75.28,Eligible
ARG45,34,other,Tripura,phd,83.9,342000.0,65,999,1,0,0,1,1,1,68.56,Eligible
BVOBC,21,female,Mizoram,12th,92.9,165000.0,2,999,1,0,0,1,0,0,92.16,Borderline
BVOBC,24,male,Tamil Nadu,12th,92.6,122000.0,250,999,1,0,0,1,1,1,70.04,Eligible
A023B,23,male,Nagaland,bachelors,79.4,326000.0,2,999,1,0,0,1,1,1,76.76,Eligible
AZKMI,24,female,Andhra Pradesh,phd,64.6,195000.0,999,21,1,0,0,1,1,0,80.84,Borderline
AZKMI,26,female,Gujarat,masters,56.9,743000.0,999,2,1,0,0,1,1,1,62.76,Ineligible
ARG45,24,male,Maharashtra,phd,80.7,332000.0,5,999,1,0,0,1,1,1,77.28,Eligible
A023B,23,female,Telangana,masters,82.9,690000.0,2,999,0,0,0,1,1,1,73.16,Ineligible
AZKMI,22,male,Tripura,phd,58.5,483000.0,999,3,1,0,0,1,1,1,63.4,Eligible
A023B,18,male,Karnataka,masters,69.8,295000.0,2,999,1,0,0,1,0,1,72.92,Borderline
A023B,18,male,Telangana,masters,72.5,724000.0,2,999,0,0,0,1,1,1,64.0,Ineligible
BVOBC,18,female,Chhattisgarh,bachelors,82.9,379000.0,5,999,1,0,0,1,1,1,83.16,Ineligible
ARG45,29,male,Manipur,phd,92.1,737000.0,2,999,1,0,0,1,1,1,71.84,Eligible
BPVGK,14,male,Madhya Pradesh,10th,70.4,179000.0,999,999,1,0,0,1,1,1,61.16,Eligible
BPVGK,16,female,Arunachal Pradesh,10th,92.0,121000.0,999,999,1,0,0,1,1,1,74.8,Eligible
BVOBC,20,female,Mizoram,bachelors,92.5,372000.0,65,999,1,0,0,1,1,1,77.0,Ineligible
AZKMI,38,female,Andhra Pradesh,postdoc,87.2,537000.0,999,14,1,0,0,1,1,1,79.88,Ineligible
AZKMI,26,male,Telangana,postdoc,59.9,949000.0,999,3,1,0,0,0,1,1,58.96,Ineligible
AZKMI,36,male,Chhattisgarh,postdoc,74.2,555000.0,999,37,0,0,0,1,1,1,69.68,Ineligible
BPVGK,14,female,Arunachal Pradesh,10th,57.7,214000.0,999,999,1,0,0,1,1,1,56.08,Eligible
BVOBC,22,female,Mizoram,12th,45.2,65000.0,2,999,1,0,0,1,1,0,73.08,Ineligible
ARG45,27,male,Arunachal Pradesh,masters,71.8,339000.0,6,999,1,0,0,1,1,1,73.72,Eligible
ARG45,22,female,Tripura,phd,87.7,872000.0,2,999,1,0,0,0,1,1,75.08,Ineligible
BPVGK,15,female,Odisha,10th,46.5,337000.0,999,999,1,0,0,1,1,1,51.6,Ineligible
BVOBC,24,male,Mizoram,12th,81.4,96000.0,88,999,1,0,0,1,1,1,72.56,Eligible
AZKMI,30,male,Mizoram,postdoc,67.7,147000.0,999,37,1,0,0,1,1,1,77.08,Eligible
BVOBC,18,female,Kerala,bachelors,69.1,179000.0,78,999,1,0,0,1,1,1,72.64,Eligible
BPVGK,14,male,Odisha,10th,64.1,234000.0,999,999,1,0,0,1,1,1,53.64,Eligible
AZKMI,36,female,Madhya Pradesh,masters,59.9,282000.0,999,650,1,0,0,1,1,1,53.96,Ineligible
ARG45,33,female,Meghalaya,masters,55.1,823000.0,2,999,1,0,0,1,1,1,62.04,Eligible
ARG45,35,male,Kerala,masters,64.7,313000.0,2,999,1,0,0,1,1,1,70.88,Eligible
ARG45,29,male,Karnataka,phd,62.1,480000.0,2,999,1,0,0,1,1,1,64.84,Eligible
BVOBC,19,male,Maharashtra,bachelors,46.5,260000.0,72,999,1,0,0,1,1,0,53.6,Ineligible
AZKMI,23,female,Kerala,phd,58.5,990000.0,999,3,1,0,0,1,1,1,63.4,Ineligible
A023B,22,male,Kerala,masters,68.8,326000.0,1,999,1,0,0,1,1,1,72.52,Eligible
ARG45,35,female,Meghalaya,masters,50.9,893000.0,1,999,1,1,65,1,1,1,65.36,Ineligible
BPVGK,17,male,Karnataka,10th,48.4,53000.0,999,999,1,0,0,1,1,1,52.36,Ineligible
ARG45,29,female,Gujarat,masters,78.3,131000.0,78,999,1,0,0,1,1,1,76.32,Eligible
ARG45,24,female,Chhattisgarh,phd,83.0,807000.0,110,999,1,0,0,1,1,1,56.2,Eligible
BPVGK,17,female,Nagaland,10th,82.3,249000.0,999,999,1,0,0,1,1,1,65.92,Eligible
AZKMI,38,male,Tripura,phd,67.4,837000.0,999,14,1,0,0,1,1,1,61.96,Ineligible
ARG45,25,female,Maharashtra,phd,60.6,840000.0,78,999,1,0,0,1,0,1,54.24,Borderline
ARG45,35,female,Mizoram,phd,78.1,614000.0,65,999,1,0,0,1,1,1,61.24,Eligible
ARG45,32,male,Nagaland,phd,66.7,533000.0,2,999,1,0,0,1,1,1,66.68,Eligible
BVOBC,22,male,Manipur,12th,58.9,88000.0,1,999,1,0,0,1,1,1,73.56,Eligible
AZKMI,28,female,Chhattisgarh,postdoc,93.3,971000.0,999,650,0,0,0,1,1,1,57.32,Ineligible
BVOBC,22,male,Karnataka,bachelors,91.8,277000.0,88,999,1,0,0,1,1,1,71.72,Ineligible
BVOBC,17,male,Tamil Nadu,12th,48.9,66000.0,2,999,1,0,0,1,1,1,69.56,Ineligible
A023B,18,male,Kerala,bachelors,59.4,395000.0,85,999,1,0,0,1,1,1,58.76,Eligible
A023B,24,female,Andhra Pradesh,bachelors,66.8,535000.0,250,999,1,0,0,0,1,1,54.72,Ineligible
ARG45,28,female,Rajasthan,masters,69.3,190000.0,6,999,1,0,0,1,1,1,82.72,Eligible
A023B,25,male,Maharashtra,bachelors,91.2,627000.0,65,999,1,0,0,1,1,1,61.48,Ineligible
AZKMI,38,female,Rajasthan,masters,93.7,557000.0,999,1,1,0,0,1,1,1,82.48,Ineligible
A023B,19,female,Meghalaya,masters,67.0,202000.0,6,999,1,1,42,0,1,1,81.8,Ineligible
ARG45,22,male,Tripura,phd,69.2,677000.0,250,999,1,0,0,1,0,1,45.68,Borderline
AZKMI,30,female,Manipur,postdoc,64.1,605000.0,999,6,1,0,0,0,1,1,65.64,Ineligible
ARG45,30,female,Andhra Pradesh,phd,91.5,465000.0,140,999,1,0,0,0,1,1,64.6,Ineligible
ARG45,30,male,Nagaland,masters,83.4,833000.0,59,999,1,0,0,1,1,1,58.36,Eligible
A023B,25,male,Tripura,bachelors,85.7,406000.0,1,999,1,0,0,1,1,0,74.28,Borderline
BPVGK,15,male,Tamil Nadu,10th,48.7,102000.0,999,999,1,0,0,1,1,1,52.48,Ineligible
ARG45,33,male,Nagaland,masters,57.2,876000.0,6,999,1,0,0,1,1,1,57.88,Eligible
ARG45,32,female,Rajasthan,masters,67.1,535000.0,140,999,1,0,0,1,1,1,54.84,Eligible
ARG45,33,female,Madhya Pradesh,phd,86.7,555000.0,78,999,1,0,0,1,1,1,69.68,Eligible
A023B,24,male,Tripura,masters,87.8,341000.0,5,999,1,0,0,0,1,1,80.12,Ineligible
A023B,23,male,Karnataka,bachelors,83.6,616000.0,2,999,1,0,0,1,1,1,68.44,Ineligible
ARG45,22,male,Nagaland,phd,81.6,538000.0,88,999,1,0,0,1,1,1,62.64,Eligible
BPVGK,14,male,Karnataka,10th,81.8,134000.0,999,999,1,0,0,1,1,1,65.72,Eligible
A023B,19,male,Kerala,masters,71.8,604000.0,2,999,1,0,0,1,1,1,63.72,Ineligible
BPVGK,17,male,Mizoram,10th,47.0,245000.0,999,999,1,0,0,1,1,1,46.8,Ineligible
BPVGK,14,female,Sikkim,10th,54.0,237000.0,999,999,1,0,0,1,1,1,54.6,Eligible
ARG45,31,female,Assam,phd,61.2,333000.0,59,999,1,0,0,1,1,1,64.48,Eligible
A023B,19,female,Nagaland,bachelors,59.7,544000.0,2,999,1,0,0,1,1,1,68.88,Eligible
A023B,18,female,Kerala,masters,75.1,180000.0,1,999,1,0,0,1,1,1,85.04,Eligible
BVOBC,24,female,Karnataka,12th,57.4,274000.0,1,999,1,0,0,0,1,1,72.96,Ineligible
BPVGK,17,male,Kerala,10th,68.4,52000.0,999,999,1,1,63,1,1,1,65.36,Eligible
BVOBC,20,female,Odisha,12th,69.0,108000.0,65,999,1,0,0,1,1,1,72.6,Eligible
BPVGK,14,male,Kerala,10th,59.0,273000.0,999,999,1,0,0,1,0,1,51.6,Ineligible
AZKMI,34,female,Madhya Pradesh,phd,90.6,583000.0,999,37,1,0,0,1,1,0,81.24,Borderline
ARG45,22,male,Gujarat,phd,59.5,530000.0,59,999,1,0,0,1,0,1,53.8,Borderline
A023B,21,male,Kerala,masters,69.9,653000.0,85,999,1,0,0,1,1,1,52.96,Ineligible
AZKMI,28,male,Odisha,phd,87.9,585000.0,999,14,1,0,0,1,0,1,75.16,Borderline
ARG45,26,female,Odisha,masters,90.7,541000.0,250,999,1,0,0,1,1,1,64.28,Eligible
ARG45,33,female,Andhra Pradesh,phd,71.6,199000.0,59,999,0,0,0,1,1,1,73.64,Ineligible
AZKMI,27,male,Maharashtra,masters,89.2,199000.0,999,21,1,0,0,1,1,1,85.68,Eligible
BVOBC,18,male,Karnataka,12th,92.4,144000.0,59,999,1,0,0,1,1,1,76.96,Eligible
ARG45,25,male,Gujarat,phd,70.8,623000.0,72,999,1,0,0,0,1,1,53.32,Ineligible
AZKMI,31,female,Rajasthan,masters,54.1,880000.0,999,3,1,0,0,1,1,1,61.64,Ineligible
A023B,20,female,Andhra Pradesh,masters,71.1,238000.0,78,999,1,0,0,1,1,1,68.44,Eligible
AZKMI,37,female,Assam,postdoc,80.9,334000.0,999,4,0,0,0,1,1,0,82.36,Ineligible
ARG45,24,male,Meghalaya,phd,76.4,686000.0,65,999,1,0,0,1,1,1,55.56,Eligible
BVOBC,20,male,Gujarat,12th,81.4,259000.0,95,999,1,0,0,1,1,1,67.56,Ineligible
A023B,19,male,Mizoram,bachelors,91.2,296000.0,1,999,1,0,0,1,1,1,81.48,Eligible
BPVGK,17,male,Tamil Nadu,10th,73.1,166000.0,999,999,1,0,0,1,0,1,62.24,Borderline
AZKMI,35,male,Kerala,postdoc,69.1,956000.0,999,37,1,0,0,1,1,1,62.64,Ineligible
BVOBC,24,male,Rajasthan,bachelors,62.2,138000.0,85,999,1,0,0,1,1,1,64.88,Eligible
BPVGK,16,male,Rajasthan,10th,45.1,157000.0,999,999,1,0,0,1,1,1,51.04,Ineligible
AZKMI,25,male,Andhra Pradesh,postdoc,82.6,533000.0,999,37,1,0,0,1,1,1,73.04,Eligible
ARG45,27,male,Chhattisgarh,phd,59.8,233000.0,1,999,1,0,0,1,1,1,68.92,Eligible
AZKMI,32,male,Jharkhand,postdoc,79.1,387000.0,999,14,0,0,0,1,1,1,76.64,Ineligible
ARG45,26,male,Chhattisgarh,masters,57.8,608000.0,65,999,1,1,68,1,1,1,53.12,Eligible
A023B,22,female,Assam,masters,87.4,263000.0,95,999,0,0,0,1,1,1,74.96,Ineligible
ARG45,32,female,Karnataka,masters,73.0,789000.0,5,999,1,0,0,1,1,1,69.2,Eligible
ARG45,27,male,Andhra Pradesh,phd,50.2,155000.0,1,999,1,0,0,1,1,1,70.08,Ineligible
A023B,20,female,Andhra Pradesh,bachelors,93.7,769000.0,2,999,1,0,0,1,1,1,77.48,Ineligible
BVOBC,22,female,Assam,12th,79.7,157000.0,1,999,1,0,0,1,1,1,86.88,Eligible
ARG45,25,male,Nagaland,masters,85.7,104000.0,85,999,1,0,0,1,1,1,74.28,Eligible
A023B,25,male,Chhattisgarh,bachelors,91.8,267000.0,1,999,1,0,0,1,0,1,81.72,Borderline
A023B,18,female,Tripura,bachelors,97.7,371000.0,88,999,1,0,0,1,1,1,79.08,Eligible
A023B,18,male,Tamil Nadu,masters,79.9,578000.0,5,999,1,0,0,1,0,1,71.96,Borderline
ARG45,36,male,Mizoram,phd,70.1,715000.0,72,999,1,0,0,1,1,0,53.04,Borderline
BPVGK,15,male,Telangana,10th,49.3,318000.0,999,999,1,0,0,1,1,1,47.72,Ineligible
A023B,22,female,Mizoram,bachelors,55.7,281000.0,3,999,1,1,66,1,1,1,77.28,Eligible
BVOBC,21,female,Kerala,12th,80.4,323000.0,85,999,1,0,0,1,1,1,72.16,Ineligible
BPVGK,14,male,Gujarat,10th,54.4,320000.0,999,999,1,0,0,1,1,1,49.76,Ineligible
ARG45,26,female,Chhattisgarh,phd,90.2,218000.0,78,999,1,0,0,1,0,1,76.08,Borderline
AZKMI,34,male,Jharkhand,postdoc,79.8,599000.0,999,8,1,0,0,1,1,0,71.92,Borderline
AZKMI,37,male,Mizoram,phd,68.8,982000.0,999,3,1,0,0,1,1,1,62.52,Ineligible
ARG45,24,male,Nagaland,masters,88.2,440000.0,3,999,1,0,0,1,1,1,75.28,Eligible
AZKMI,24,male,Mizoram,phd,71.9,396000.0,999,22,1,0,0,1,1,1,73.76,Eligible
BPVGK,15,male,Sikkim,10th,64.7,46000.0,999,999,1,0,0,1,1,1,58.88,Eligible
A023B,20,male,Gujarat,masters,63.1,458000.0,2,999,1,0,0,1,1,1,65.24,Eligible
BVOBC,24,male,Tripura,12th,90.3,130000.0,6,999,1,0,0,1,1,1,86.12,Eligible
AZKMI,36,female,Kerala,masters,64.5,812000.0,999,1,0,0,0,1,1,1,65.8,Ineligible
BPVGK,16,female,Odisha,10th,70.7,84000.0,999,999,1,0,0,1,1,1,66.28,Eligible
BVOBC,17,male,Andhra Pradesh,12th,86.6,68000.0,65,999,1,0,0,1,1,1,74.64,Eligible
BVOBC,23,female,Nagaland,12th,45.5,371000.0,110,999,1,0,0,1,1,1,51.2,Ineligible
BVOBC,19,female,Rajasthan,bachelors,56.2,234000.0,6,999,1,0,0,1,1,1,72.48,Eligible
BPVGK,16,female,Mizoram,10th,49.8,280000.0,999,999,1,0,0,1,1,1,52.92,Ineligible
ARG45,28,male,Jharkhand,phd,81.1,680000.0,1,999,1,0,0,1,1,1,67.44,Eligible
BVOBC,17,male,Sikkim,12th,76.0,135000.0,1,999,1,0,0,1,1,1,80.4,Eligible
BVOBC,23,female,Jharkhand,12th,56.8,379000.0,85,999,1,0,0,1,1,1,62.72,Ineligible
BPVGK,17,male,Nagaland,10th,80.1,303000.0,999,999,1,0,0,1,1,1,60.04,Ineligible
ARG45,30,female,Nagaland,masters,91.2,344000.0,3,999,1,0,0,1,1,1,86.48,Eligible
BVOBC,20,female,Arunachal Pradesh,bachelors,70.1,143000.0,78,999,1,0,0,1,1,1,73.04,Eligible
BVOBC,17,female,Tripura,bachelors,47.3,150000.0,5,999,1,0,0,1,1,1,73.92,Ineligible
BPVGK,17,male,Kerala,10th,54.7,156000.0,999,999,1,0,0,1,1,1,54.88,Eligible
AZKMI,23,female,Tamil Nadu,postdoc,87.7,357000.0,999,650,1,0,0,1,1,1,65.08,Ineligible
BVOBC,20,male,Chhattisgarh,12th,76.5,176000.0,78,999,1,0,0,1,1,1,70.6,Eligible
AZKMI,37,other,Telangana,postdoc,84.5,939000.0,999,37,0,0,0,1,1,1,68.8,Ineligible
BPVGK,15,female,Maharashtra,10th,94.8,313000.0,999,999,1,0,0,1,1,1,70.92,Ineligible
ARG45,35,female,Assam,masters,88.3,677000.0,1,999,1,0,0,1,1,1,75.32,Eligible
BVOBC,18,male,Mizoram,12th,76.1,297000.0,2,999,1,0,0,1,1,1,75.44,Ineligible
BPVGK,17,female,Kerala,10th,91.9,146000.0,999,999,1,0,0,1,1,1,74.76,Eligible
BVOBC,24,male,Tripura,bachelors,63.4,377000.0,5,999,1,0,0,1,1,1,70.36,Ineligible
BVOBC,23,female,Odisha,12th,46.0,138000.0,250,999,1,0,0,0,1,1,56.4,Ineligible
A023B,24,female,Arunachal Pradesh,bachelors,55.3,202000.0,65,999,1,0,0,1,1,1,62.12,Eligible
A023B,25,male,Kerala,masters,64.5,122000.0,85,999,1,0,0,1,1,0,65.8,Borderline
AZKMI,26,female,Andhra Pradesh,phd,64.7,417000.0,999,37,1,1,47,1,1,1,75.88,Eligible
ARG45,27,female,Arunachal Pradesh,masters,77.1,514000.0,2,999,1,0,0,1,1,1,75.84,Eligible
BVOBC,17,female,Nagaland,bachelors,61.6,331000.0,5,999,1,0,0,1,1,1,74.64,Ineligible
ARG45,27,female,Meghalaya,masters,64.2,208000.0,72,999,1,0,0,1,1,1,65.68,Eligible
AZKMI,29,male,Tripura,phd,84.9,126000.0,999,21,1,0,0,1,1,1,83.96,Eligible
BPVGK,15,female,Telangana,10th,46.1,114000.0,999,999,1,0,0,1,1,1,56.44,Ineligible
BVOBC,22,female,Karnataka,bachelors,48.4,318000.0,1,999,1,0,0,1,1,1,69.36,Ineligible
A023B,22,male,Madhya Pradesh,bachelors,96.0,577000.0,1,999,1,0,0,1,1,1,78.4,Eligible
A023B,25,male,Jharkhand,masters,76.3,657000.0,2,999,1,0,0,1,1,1,65.52,Ineligible
A023B,25,female,Maharashtra,masters,86.3,750000.0,2,999,1,0,0,1,1,1,74.52,Ineligible
BPVGK,15,male,Mizoram,10th,52.8,207000.0,999,999,1,0,0,1,1,1,49.12,Eligible
ARG45,29,male,Odisha,masters,80.9,666000.0,1,999,1,0,0,1,1,1,67.36,Eligible
AZKMI,28,female,Nagaland,masters,69.3,332000.0,999,8,1,0,0,1,1,1,77.72,Eligible
ARG45,29,female,Telangana,masters,53.4,143000.0,85,999,1,0,0,1,1,1,66.36,Ineligible
BVOBC,23,male,Arunachal Pradesh,12th,72.5,209000.0,2,999,1,0,0,1,1,1,74.0,Eligible
BVOBC,22,female,Karnataka,12th,71.6,65000.0,65,999,1,0,0,1,1,1,73.64,Eligible
BVOBC,20,male,Telangana,bachelors,64.0,123000.0,2,999,1,0,0,1,0,1,75.6,Borderline
A023B,23,female,Mizoram,bachelors,93.2,789000.0,140,999,1,1,74,1,1,1,65.28,Ineligible
ARG45,34,female,Odisha,masters,54.7,553000.0,1,999,0,0,0,1,1,1,66.88,Ineligible
ARG45,28,female,Arunachal Pradesh,masters,93.1,803000.0,65,999,1,0,0,1,1,1,67.24,Eligible
A023B,22,male,Karnataka,bachelors,59.5,437000.0,88,999,1,0,0,1,1,1,53.8,Eligible
BVOBC,19,female,Mizoram,bachelors,69.4,175000.0,95,999,1,0,0,1,1,1,72.76,Eligible
AZKMI,29,male,Meghalaya,postdoc,85.6,422000.0,999,8,1,0,0,1,1,1,74.24,Eligible
BPVGK,17,male,Chhattisgarh,10th,61.4,196000.0,999,999,1,0,0,1,1,1,57.56,Eligible
A023B,23,female,Arunachal Pradesh,masters,60.5,791000.0,110,999,1,0,0,1,1,1,47.2,Ineligible
BVOBC,23,male,Telangana,12th,78.9,227000.0,1,999,1,0,0,1,1,1,76.56,Eligible
AZKMI,34,female,Nagaland,postdoc,87.7,222000.0,999,3,1,1,66,1,1,1,90.08,Eligible
AZKMI,24,male,Rajasthan,postdoc,81.2,249000.0,999,37,1,0,0,1,1,1,77.48,Eligible
AZKMI,37,male,Rajasthan,phd,84.4,615000.0,999,21,1,0,0,1,1,0,68.76,Ineligible
AZKMI,34,female,Maharashtra,phd,92.4,210000.0,999,650,1,0,0,1,1,1,66.96,Ineligible
AZKMI,32,male,Telangana,postdoc,81.4,900000.0,999,650,0,0,0,1,1,0,47.56,Ineligible
A023B,18,female,Telangana,bachelors,55.5,394000.0,1,999,1,0,0,1,1,1,72.2,Eligible
AZKMI,23,female,Maharashtra,postdoc,69.9,238000.0,999,22,1,0,0,1,1,1,77.96,Eligible
BVOBC,20,male,Tamil Nadu,12th,62.7,120000.0,59,999,1,0,0,1,0,1,65.08,Borderline
ARG45,33,male,Rajasthan,masters,52.0,480000.0,88,999,1,1,40,1,1,0,55.8,Ineligible
BPVGK,15,female,Telangana,10th,83.0,330000.0,999,999,1,0,0,1,1,1,66.2,Ineligible
A023B,25,male,Odisha,bachelors,85.7,631000.0,2,999,1,0,0,1,1,1,69.28,Ineligible
BVOBC,17,male,Rajasthan,12th,66.6,334000.0,2,999,1,0,0,1,1,1,71.64,Ineligible
AZKMI,21,male,Assam,masters,78.0,954000.0,999,650,1,0,0,1,1,1,46.2,Ineligible
AZKMI,32,male,Madhya Pradesh,postdoc,86.0,891000.0,999,3,1,0,0,1,0,1,69.4,Ineligible
ARG45,33,female,Meghalaya,masters,64.1,774000.0,65,999,1,0,0,1,1,0,55.64,Borderline
ARG45,35,female,Chhattisgarh,phd,85.4,292000.0,85,999,1,0,0,1,1,0,74.16,Borderline
AZKMI,33,male,Karnataka,postdoc,87.9,453000.0,999,14,1,0,0,1,1,1,75.16,Eligible
A023B,25,female,Andhra Pradesh,bachelors,92.1,198000.0,59,999,1,0,0,1,1,1,81.84,Eligible
AZKMI,24,male,Karnataka,masters,68.9,194000.0,999,1,1,0,0,1,1,1,77.56,Eligible
ARG45,27,male,Nagaland,masters,80.3,429000.0,140,999,1,0,0,1,1,1,55.12,Eligible
ARG45,27,male,Nagaland,masters,77.5,642000.0,3,999,1,0,0,1,1,1,66.0,Eligible
BPVGK,15,female,Kerala,10th,53.0,323000.0,999,999,1,0,0,1,1,1,54.2,Ineligible
A023B,19,female,Tamil Nadu,bachelors,62.3,689000.0,65,999,1,0,0,1,1,1,54.92,Ineligible
BPVGK,14,female,Mizoram,10th,65.8,98000.0,999,999,1,0,0,1,1,1,64.32,Eligible
BPVGK,14,female,Chhattisgarh,10th,48.5,200000.0,999,999,1,1,63,1,1,1,62.4,Ineligible
ARG45,29,male,Mizoram,masters,59.1,275000.0,3,999,1,0,0,1,1,1,68.64,Eligible
ARG45,36,male,Andhra Pradesh,phd,66.2,289000.0,65,999,1,0,0,1,1,1,61.48,Eligible
BVOBC,21,female,Tripura,bachelors,52.3,143000.0,95,999,1,0,0,1,1,1,65.92,Eligible
ARG45,23,male,Meghalaya,phd,56.8,532000.0,72,999,1,0,0,1,1,1,52.72,Eligible
AZKMI,21,male,Nagaland,postdoc,54.4,969000.0,999,14,1,0,0,1,1,1,56.76,Ineligible
BPVGK,14,male,Gujarat,10th,51.6,173000.0,999,999,1,0,0,1,1,1,53.64,Eligible
BVOBC,18,male,Telangana,bachelors,58.5,65000.0,3,999,1,1,74,1,1,1,78.4,Eligible
ARG45,31,female,Karnataka,phd,68.1,427000.0,250,999,1,0,0,1,1,1,55.24,Eligible
AZKMI,23,male,Meghalaya,phd,69.5,409000.0,999,1,1,0,0,1,1,1,67.8,Eligible
BVOBC,18,female,Madhya Pradesh,12th,92.4,318000.0,250,999,1,0,0,1,1,1,69.96,Ineligible
AZKMI,30,male,Manipur,postdoc,87.3,604000.0,999,14,1,0,0,1,1,1,69.92,Ineligible
BPVGK,17,female,Assam,10th,74.6,57000.0,999,999,1,0,0,1,1,1,67.84,Eligible
BVOBC,22,female,Nagaland,12th,80.6,155000.0,85,999,1,0,0,1,0,1,77.24,Borderline
A023B,24,male,Chhattisgarh,bachelors,66.5,91000.0,1,999,1,0,0,1,1,1,76.6,Eligible
BVOBC,20,male,Meghalaya,bachelors,86.1,396000.0,140,999,1,0,0,1,1,0,62.44,Ineligible
A023B,19,female,Chhattisgarh,bachelors,59.1,113000.0,6,999,1,0,0,1,1,1,78.64,Eligible
AZKMI,37,female,Karnataka,phd,61.7,718000.0,999,3,1,0,0,1,1,1,64.68,Ineligible
AZKMI,27,male,Madhya Pradesh,masters,62.3,153000.0,999,14,1,0,0,1,1,1,74.92,Eligible
BVOBC,21,female,Madhya Pradesh,bachelors,77.6,249000.0,250,999,1,0,0,1,1,1,64.04,Eligible
AZKMI,25,female,Manipur,phd,84.4,548000.0,999,650,1,0,0,1,1,1,58.76,Ineligible
BVOBC,24,male,Tamil Nadu,12th,59.5,292000.0,72,999,1,0,0,1,0,1,58.8,Ineligible
BVOBC,20,female,Kerala,bachelors,47.6,269000.0,78,999,1,0,0,1,1,0,59.04,Ineligible
ARG45,29,male,Gujarat,phd,85.0,133000.0,78,999,1,0,0,1,1,1,74.0,Eligible
ARG45,25,female,Meghalaya,masters,92.8,874000.0,110,999,1,0,0,1,1,1,60.12,Eligible
A023B,20,male,Arunachal Pradesh,masters,82.3,289000.0,85,999,1,0,0,1,1,1,67.92,Eligible
ARG45,35,male,Tripura,phd,85.8,799000.0,6,999,1,0,0,1,1,0,69.32,Borderline
ARG45,22,female,Arunachal Pradesh,phd,62.3,577000.0,78,999,1,0,0,1,0,1,59.92,Borderline
BPVGK,16,female,Chhattisgarh,10th,67.1,45000.0,999,999,1,0,0,1,1,1,64.84,Eligible
BVOBC,21,female,Karnataka,12th,48.5,348000.0,3,999,1,1,49,0,1,1,74.4,Ineligible
ARG45,25,male,Rajasthan,phd,65.2,791000.0,72,999,1,0,0,1,1,1,51.08,Eligible
BVOBC,23,female,Kerala,bachelors,80.6,246000.0,140,999,1,0,0,1,1,1,65.24,Eligible
BVOBC,22,male,Telangana,bachelors,58.7,248000.0,72,999,1,0,0,1,1,0,58.48,Borderline
BVOBC,20,female,Odisha,12th,94.1,265000.0,110,999,1,0,0,1,1,1,70.64,Ineligible
ARG45,30,male,Rajasthan,phd,76.2,435000.0,250,999,1,0,0,1,1,1,53.48,Eligible
BPVGK,17,male,Andhra Pradesh,10th,57.3,302000.0,999,999,1,0,0,1,1,1,50.92,Ineligible
AZKMI,27,male,Telangana,postdoc,60.8,166000.0,999,1,1,0,0,1,0,1,74.32,Borderline
A023B,23,female,Andhra Pradesh,bachelors,71.7,254000.0,1,999,1,0,0,1,1,1,78.68,Eligible
ARG45,25,male,Jharkhand,masters,90.5,790000.0,65,999,1,0,0,1,1,1,61.2,Eligible
ARG45,28,female,Chhattisgarh,phd,57.3,584000.0,1,999,1,0,0,1,1,1,67.92,Eligible
A023B,20,female,Nagaland,masters,83.0,406000.0,2,999,1,0,0,1,1,1,78.2,Eligible
A023B,21,female,Manipur,masters,59.4,280000.0,250,999,1,0,0,1,1,1,56.76,Ineligible
AZKMI,29,female,Telangana,masters,58.8,454000.0,999,22,0,0,0,1,1,1,68.52,Ineligible
BPVGK,15,male,Arunachal Pradesh,10th,92.3,166000.0,999,999,1,0,0,1,1,1,69.92,Eligible
AZKMI,35,male,Meghalaya,phd,75.2,107000.0,999,3,1,0,0,1,1,1,80.08,Eligible
A023B,22,male,Assam,masters,85.5,314000.0,6,999,1,0,0,1,1,1,79.2,Eligible
A023B,25,female,Telangana,bachelors,77.4,687000.0,3,999,1,0,0,1,1,1,70.96,Ineligible
BVOBC,20,male,Tamil Nadu,12th,87.0,342000.0,2,999,1,0,0,1,1,1,79.8,Ineligible
ARG45,27,male,Jharkhand,masters,69.1,405000.0,95,999,1,0,0,1,1,1,57.64,Eligible
A023B,19,female,Sikkim,masters,90.2,573000.0,1,999,1,0,0,1,1,1,81.08,Eligible
ARG45,25,male,Manipur,phd,53.4,817000.0,59,999,1,0,0,1,1,1,46.36,Ineligible
AZKMI,21,female,Assam,postdoc,93.4,348000.0,999,37,1,0,0,1,1,1,87.36,Eligible
ARG45,26,female,Nagaland,masters,91.9,149000.0,72,999,1,0,0,0,1,1,81.76,Ineligible
AZKMI,34,female,Sikkim,masters,68.7,994000.0,999,22,1,0,0,1,1,1,67.48,Ineligible
BVOBC,19,female,Jharkhand,12th,74.9,245000.0,95,999,1,0,0,1,1,1,69.96,Eligible
BPVGK,17,male,Gujarat,10th,76.5,147000.0,999,999,1,0,0,1,1,1,63.6,Eligible
BPVGK,17,female,Kerala,10th,61.8,319000.0,999,999,1,0,0,1,1,1,57.72,Ineligible
BVOBC,19,male,Tripura,12th,93.7,232000.0,1,999,1,0,0,1,1,1,82.48,Eligible
BVOBC,23,male,Manipur,bachelors,56.1,76000.0,5,999,1,0,0,1,1,1,72.44,Eligible
A023B,18,male,Karnataka,masters,72.1,340000.0,3,999,1,0,0,1,1,0,73.84,Borderline
ARG45,36,female,Arunachal Pradesh,phd,64.0,691000.0,5,999,1,1,70,1,1,1,70.6,Eligible
A023B,25,male,Kerala,bachelors,55.9,354000.0,3,999,1,0,0,1,1,0,67.36,Borderline
AZKMI,38,female,Tripura,phd,62.2,617000.0,999,32,1,0,0,1,1,1,64.88,Ineligible
AZKMI,28,male,Sikkim,phd,52.3,171000.0,999,21,1,0,0,1,1,1,70.92,Ineligible
A023B,24,female,Gujarat,bachelors,66.4,142000.0,3,999,1,0,0,1,1,1,81.56,Eligible
ARG45,30,female,Chhattisgarh,phd,83.5,67000.0,78,999,1,0,0,0,1,1,78.4,Ineligible
A023B,20,female,Tripura,masters,91.5,277000.0,110,999,1,0,0,1,1,1,69.6,Ineligible
AZKMI,37,male,Karnataka,postdoc,77.6,387000.0,999,22,1,0,0,1,1,1,76.04,Ineligible
BVOBC,24,female,Gujarat,bachelors,46.4,230000.0,85,999,1,0,0,1,1,1,58.56,Ineligible
A023B,24,female,Rajasthan,bachelors,59.4,653000.0,1,999,0,0,0,0,1,1,63.76,Ineligible
A023B,25,male,Rajasthan,bachelors,94.9,252000.0,5,999,1,0,0,1,1,1,82.96,Eligible
ARG45,24,female,Assam,phd,58.7,369000.0,6,999,1,0,0,1,1,1,73.48,Eligible
A023B,22,male,Odisha,masters,86.1,188000.0,88,999,1,0,0,1,1,1,74.44,Eligible
A023B,23,male,Jharkhand,bachelors,95.5,442000.0,3,999,1,1,79,1,1,1,83.2,Eligible
ARG45,24,male,Gujarat,masters,73.8,488000.0,1,999,1,0,0,1,0,1,69.52,Borderline
AZKMI,29,female,Odisha,phd,83.4,561000.0,999,4,1,0,0,1,1,1,78.36,Eligible
BPVGK,17,female,Assam,10th,47.1,191000.0,999,999,1,0,0,0,1,1,56.84,Ineligible
A023B,18,male,Nagaland,masters,55.6,533000.0,5,999,1,0,0,1,1,1,62.24,Eligible
ARG45,28,male,Meghalaya,phd,78.1,557000.0,5,999,1,0,0,1,1,0,71.24,Borderline
ARG45,27,female,Nagaland,phd,66.8,105000.0,85,999,1,0,0,1,1,1,71.72,Eligible
ARG45,26,female,Rajasthan,masters,76.2,633000.0,3,999,0,0,0,1,1,1,70.48,Ineligible
A023B,25,male,Kerala,bachelors,60.4,98000.0,5,999,1,1,47,1,1,1,79.16,Eligible
ARG45,36,male,Tamil Nadu,masters,88.4,490000.0,1,999,1,0,0,1,1,1,75.36,Eligible
BVOBC,21,female,Andhra Pradesh,bachelors,92.7,187000.0,1,999,1,0,0,1,1,1,92.08,Eligible
ARG45,29,male,Jharkhand,phd,59.4,365000.0,110,999,1,0,0,1,1,1,51.76,Eligible
A023B,21,male,Tamil Nadu,bachelors,74.0,508000.0,1,999,1,0,0,1,1,1,69.6,Eligible
BPVGK,16,female,Jharkhand,10th,63.4,75000.0,999,999,1,0,0,1,1,1,63.36,Eligible
ARG45,23,male,Meghalaya,phd,53.4,167000.0,88,999,0,0,0,1,1,1,61.36,Ineligible
AZKMI,32,male,Chhattisgarh,phd,76.2,826000.0,999,650,1,0,0,1,1,1,45.48,Ineligible
A023B,24,male,Tripura,bachelors,62.5,157000.0,3,999,1,0,0,1,1,1,75.0,Eligible
BPVGK,15,female,Meghalaya,10th,70.4,171000.0,999,999,1,0,0,1,1,1,66.16,Eligible
A023B,25,male,Odisha,masters,90.3,591000.0,2,999,1,0,0,1,1,1,76.12,Eligible
BVOBC,22,male,Andhra Pradesh,bachelors,55.0,197000.0,110,999,1,0,0,0,1,1,55.0,Ineligible
BPVGK,16,male,Madhya Pradesh,10th,57.9,112000.0,999,999,1,0,0,1,1,1,56.16,Eligible
A023B,22,female,Gujarat,masters,57.7,625000.0,6,999,1,0,0,1,0,1,63.08,Ineligible
BPVGK,14,female,Assam,10th,56.7,95000.0,999,999,1,0,0,1,1,1,60.68,Eligible
ARG45,27,male,Arunachal Pradesh,masters,88.5,478000.0,95,999,1,0,0,1,1,0,65.4,Borderline
BVOBC,21,male,Madhya Pradesh,bachelors,68.8,124000.0,110,999,1,1,67,1,0,1,65.52,Borderline
BVOBC,17,female,Tamil Nadu,12th,52.8,355000.0,1,999,1,0,0,1,1,1,71.12,Ineligible
AZKMI,29,female,Gujarat,masters,66.9,358000.0,999,21,1,0,0,1,1,1,76.76,Eligible
A023B,21,male,Telangana,bachelors,84.8,130000.0,72,999,1,0,0,1,1,1,73.92,Eligible
BVOBC,19,male,Meghalaya,12th,92.6,82000.0,59,999,1,0,0,1,1,1,77.04,Eligible
BVOBC,21,female,Gujarat,12th,50.3,326000.0,65,999,1,0,0,1,1,1,60.12,Ineligible
BVOBC,20,female,Mizoram,12th,84.6,222000.0,110,999,1,0,0,1,1,1,66.84,Eligible
A023B,22,male,Maharashtra,bachelors,80.8,163000.0,1,999,1,0,0,1,1,1,82.32,Eligible
A023B,25,female,Telangana,masters,97.5,768000.0,2,999,1,0,0,1,1,1,79.0,Ineligible
AZKMI,36,male,Chhattisgarh,postdoc,64.8,724000.0,999,2,1,0,0,1,1,1,60.92,Ineligible
BVOBC,22,male,Meghalaya,12th,59.9,250000.0,3,999,1,0,0,1,1,1,68.96,Eligible
A023B,23,female,Telangana,masters,66.5,339000.0,2,999,1,0,0,1,1,1,76.6,Eligible
A023B,18,male,Nagaland,bachelors,66.0,500000.0,1,999,1,0,0,1,1,1,66.4,Eligible
A023B,20,female,Manipur,bachelors,73.0,796000.0,95,999,1,0,0,1,1,1,59.2,Ineligible
BPVGK,14,female,Mizoram,10th,52.5,209000.0,999,999,1,0,0,1,1,1,54.0,Eligible
BPVGK,16,male,Manipur,10th,86.8,218000.0,999,999,1,0,0,1,1,1,62.72,Eligible
BVOBC,23,male,Meghalaya,bachelors,78.8,196000.0,1,999,1,0,0,1,0,1,81.52,Borderline
A023B,20,female,Maharashtra,bachelors,83.7,714000.0,65,999,1,0,0,1,1,1,63.48,Ineligible
ARG45,36,male,Rajasthan,masters,66.7,631000.0,3,999,1,0,0,1,1,1,61.68,Eligible
ARG45,32,male,Andhra Pradesh,masters,60.1,70000.0,1,999,1,0,0,1,1,0,74.04,Borderline
A023B,21,female,Manipur,bachelors,95.4,720000.0,78,999,1,0,0,1,1,1,68.16,Ineligible
A023B,20,female,Madhya Pradesh,bachelors,72.4,265000.0,6,999,1,0,0,1,1,1,78.96,Eligible
ARG45,33,female,Telangana,masters,51.2,349000.0,140,999,1,0,0,1,1,1,53.48,Ineligible
A023B,20,female,Nagaland,masters,90.2,711000.0,65,999,1,0,0,1,1,1,66.08,Ineligible
A023B,20,male,Maharashtra,masters,84.7,258000.0,110,999,1,0,0,1,1,1,61.88,Ineligible
BPVGK,16,male,Nagaland,10th,78.3,105000.0,999,999,1,0,0,1,1,1,64.32,Eligible
ARG45,23,male,Meghalaya,masters,77.5,684000.0,250,999,0,0,0,1,1,1,49.0,Ineligible
BVOBC,24,male,Kerala,bachelors,86.2,242000.0,65,999,1,0,0,1,1,1,69.48,Eligible
AZKMI,27,female,Arunachal Pradesh,masters,70.9,896000.0,999,21,1,0,0,0,1,1,68.36,Ineligible
ARG45,26,other,Arunachal Pradesh,masters,69.1,216000.0,2,999,1,0,0,1,1,1,72.64,Eligible
ARG45,28,female,Rajasthan,masters,67.4,806000.0,85,999,1,1,78,1,1,1,61.96,Eligible
BVOBC,17,female,Telangana,bachelors,79.1,46000.0,2,999,1,0,0,1,1,1,86.64,Eligible
ARG45,30,male,Assam,masters,50.5,325000.0,110,999,1,0,0,1,1,1,48.2,Ineligible
ARG45,23,female,Gujarat,masters,63.1,617000.0,6,999,1,0,0,1,1,1,65.24,Eligible
ARG45,30,male,Odisha,phd,61.5,200000.0,72,999,1,0,0,1,1,1,64.6,Eligible
BVOBC,18,female,Maharashtra,bachelors,57.3,384000.0,78,999,1,0,0,1,1,1,62.92,Ineligible
BVOBC,19,female,Mizoram,12th,81.7,290000.0,2,999,1,0,0,1,0,1,82.68,Ineligible
BPVGK,15,female,Mizoram,10th,54.8,151000.0,999,999,1,0,0,1,1,1,59.92,Eligible
AZKMI,30,female,Telangana,masters,75.9,190000.0,999,1,0,1,80,1,1,1,90.36,Ineligible
BVOBC,18,male,Odisha,bachelors,79.8,150000.0,2,999,1,0,0,1,1,1,81.92,Eligible
AZKMI,25,male,Assam,masters,56.6,612000.0,999,22,1,0,0,0,1,1,57.64,Ineligible
BPVGK,14,male,Tripura,10th,52.1,114000.0,999,999,1,0,0,1,1,1,53.84,Eligible
ARG45,23,male,Odisha,phd,52.5,549000.0,72,999,1,0,0,1,1,1,51.0,Ineligible
BPVGK,16,female,Madhya Pradesh,10th,59.2,83000.0,999,999,1,0,0,1,1,1,61.68,Eligible
ARG45,33,female,Jharkhand,phd,58.8,621000.0,85,999,1,0,0,1,1,1,53.52,Eligible
A023B,22,female,Sikkim,masters,63.2,553000.0,2,999,1,0,0,1,1,0,70.28,Borderline
BVOBC,23,male,Mizoram,bachelors,67.6,168000.0,110,999,1,0,0,1,1,1,60.04,Eligible
ARG45,32,male,Tripura,phd,70.4,304000.0,2,999,1,0,0,1,1,1,73.16,Eligible
A023B,23,female,Karnataka,masters,73.7,693000.0,88,999,0,0,0,1,1,1,59.48,Ineligible
AZKMI,21,female,Assam,phd,71.9,261000.0,999,650,1,0,0,1,1,1,58.76,Ineligible
ARG45,33,male,Sikkim,phd,84.3,250000.0,2,999,1,0,0,1,1,0,78.72,Borderline
ARG45,26,female,Telangana,phd,65.0,640000.0,85,999,1,0,0,1,1,1,56.0,Eligible
ARG45,25,male,Kerala,masters,60.2,776000.0,65,999,0,0,0,1,1,1,49.08,Ineligible
AZKMI,21,female,Rajasthan,phd,94.7,266000.0,999,32,1,0,0,1,1,1,87.88,Eligible
AZKMI,23,male,Rajasthan,postdoc,53.9,269000.0,999,21,1,0,0,1,1,1,66.56,Ineligible
A023B,22,male,Andhra Pradesh,masters,62.1,751000.0,2,999,1,0,0,1,1,0,59.84,Ineligible
BVOBC,24,male,Manipur,12th,45.2,226000.0,59,999,1,0,0,1,1,1,53.08,Ineligible
ARG45,24,male,Telangana,masters,66.0,333000.0,1,999,1,0,0,1,1,1,71.4,Eligible
A023B,24,male,Karnataka,bachelors,69.7,145000.0,2,999,1,0,0,1,1,1,77.88,Eligible
AZKMI,38,male,Arunachal Pradesh,postdoc,65.5,797000.0,999,1,1,0,0,1,1,1,61.2,Ineligible
AZKMI,38,male,Karnataka,masters,92.4,638000.0,999,4,1,1,71,1,1,1,76.96,Ineligible
AZKMI,35,male,Kerala,postdoc,84.1,169000.0,999,32,1,0,0,1,1,1,83.64,Eligible
AZKMI,32,female,Chhattisgarh,phd,89.7,190000.0,999,21,1,0,0,1,0,0,90.88,Borderline
BPVGK,14,male,Maharashtra,10th,94.0,139000.0,999,999,1,0,0,1,1,1,70.6,Eligible
A023B,19,male,Nagaland,masters,95.0,711000.0,1,999,1,0,0,1,1,1,73.0,Ineligible
AZKMI,29,male,Telangana,phd,65.8,218000.0,999,2,1,0,0,1,1,1,71.32,Eligible
BVOBC,17,male,Tamil Nadu,12th,64.1,164000.0,3,999,1,0,0,1,1,1,75.64,Eligible
ARG45,26,male,Telangana,masters,60.2,627000.0,85,999,1,0,0,1,1,1,49.08,Eligible
ARG45,27,female,Jharkhand,masters,61.8,178000.0,78,999,1,0,0,1,1,1,69.72,Eligible
AZKMI,35,male,Meghalaya,phd,67.0,266000.0,999,37,1,0,0,1,1,1,71.8,Eligible
BPVGK,15,female,Manipur,10th,48.6,85000.0,999,999,1,0,0,1,1,1,57.44,Ineligible
ARG45,23,female,Jharkhand,phd,60.3,136000.0,65,999,1,0,0,1,1,1,69.12,Eligible
A023B,23,male,Tripura,masters,96.9,510000.0,6,999,1,0,0,1,1,1,78.76,Eligible
BPVGK,15,female,Sikkim,10th,59.2,241000.0,999,999,1,0,0,1,0,1,56.68,Borderline
A023B,24,male,Chhattisgarh,masters,86.2,430000.0,6,999,1,0,0,1,1,1,74.48,Eligible
A023B,24,female,Nagaland,bachelors,98.0,734000.0,72,999,1,0,0,1,1,1,69.2,Ineligible
BVOBC,17,male,Tamil Nadu,bachelors,62.9,175000.0,5,999,1,0,0,1,1,1,75.16,Eligible
A023B,24,male,Madhya Pradesh,bachelors,59.1,148000.0,85,999,1,0,0,1,1,0,63.64,Borderline
AZKMI,25,female,Sikkim,postdoc,55.8,967000.0,999,14,1,0,0,1,1,1,62.32,Ineligible
AZKMI,28,male,Kerala,phd,50.2,580000.0,999,32,1,0,0,1,1,1,60.08,Ineligible
BPVGK,17,female,Arunachal Pradesh,10th,79.3,168000.0,999,999,1,0,0,0,1,1,69.72,Ineligible
BVOBC,24,female,Andhra Pradesh,bachelors,82.9,68000.0,3,999,1,0,0,1,1,1,88.16,Eligible
AZKMI,34,male,Manipur,phd,83.9,195000.0,999,1,1,0,0,1,1,1,83.56,Eligible
A023B,22,male,Manipur,masters,75.6,670000.0,78,999,1,0,0,1,1,1,55.24,Ineligible
BVOBC,24,male,Karnataka,12th,75.6,396000.0,65,999,1,0,0,1,1,1,65.24,Ineligible
ARG45,31,female,Tripura,phd,79.8,658000.0,110,999,1,0,0,1,1,0,54.92,Borderline
BVOBC,21,female,Assam,bachelors,86.1,301000.0,2,999,1,0,0,1,1,1,84.44,Ineligible
AZKMI,21,female,Jharkhand,masters,58.1,824000.0,999,14,1,0,0,1,1,1,63.24,Ineligible
BPVGK,15,female,Manipur,10th,57.2,112000.0,999,999,1,0,0,1,1,1,60.88,Eligible
AZKMI,26,female,Tripura,postdoc,90.2,412000.0,999,8,1,0,0,1,1,1,81.08,Eligible
BVOBC,22,male,Meghalaya,bachelors,46.9,170000.0,1,999,1,0,0,1,1,1,68.76,Ineligible
ARG45,36,male,Telangana,phd,53.1,336000.0,85,999,1,0,0,1,1,1,56.24,Ineligible
ARG45,24,female,Jharkhand,masters,72.7,640000.0,2,999,1,0,0,1,1,1,69.08,Eligible
AZKMI,38,female,Nagaland,masters,88.4,529000.0,999,6,1,0,0,1,0,1,80.36,Ineligible
ARG45,32,male,Sikkim,masters,84.2,447000.0,110,999,1,0,0,1,1,0,56.68,Borderline
A023B,19,female,Madhya Pradesh,masters,76.2,727000.0,59,999,1,0,0,1,1,0,60.48,Ineligible
BVOBC,19,female,Chhattisgarh,bachelors,85.5,285000.0,2,999,1,0,0,1,1,1,84.2,Ineligible
AZKMI,26,female,Tamil Nadu,phd,88.0,959000.0,999,2,1,0,0,1,1,1,75.2,Ineligible
AZKMI,24,female,Telangana,phd,57.9,529000.0,999,650,1,0,0,1,1,1,48.16,Ineligible
AZKMI,32,female,Madhya Pradesh,postdoc,94.2,943000.0,999,3,1,0,0,1,1,1,77.68,Ineligible
A023B,21,female,Tamil Nadu,bachelors,95.3,566000.0,140,999,1,0,0,1,1,1,66.12,Ineligible
BVOBC,17,female,Arunachal Pradesh,12th,93.8,342000.0,110,999,1,0,0,1,1,1,70.52,Ineligible
BPVGK,15,male,Gujarat,10th,59.5,226000.0,999,999,1,0,0,1,1,0,51.8,Borderline
ARG45,32,male,Madhya Pradesh,masters,94.0,571000.0,65,999,0,0,0,1,1,1,67.6,Ineligible
BPVGK,16,male,Maharashtra,10th,74.5,62000.0,999,999,1,0,0,1,1,1,62.8,Eligible
BPVGK,17,female,Nagaland,10th,75.0,333000.0,999,999,1,0,0,1,1,1,63.0,Ineligible
BPVGK,14,female,Mizoram,10th,57.3,189000.0,999,999,1,0,0,1,1,1,60.92,Eligible
ARG45,31,male,Madhya Pradesh,masters,76.4,620000.0,1,999,1,0,0,1,1,1,65.56,Eligible
A023B,18,female,Chhattisgarh,bachelors,91.1,110000.0,2,999,1,0,0,1,1,1,91.44,Eligible
BVOBC,24,female,Andhra Pradesh,bachelors,94.9,247000.0,2,999,1,0,0,1,1,1,87.96,Eligible
ARG45,24,male,Madhya Pradesh,phd,81.4,479000.0,1,999,1,1,65,1,1,1,77.56,Eligible
ARG45,33,male,Chhattisgarh,masters,63.7,276000.0,2,999,1,0,0,1,1,1,70.48,Eligible
AZKMI,32,female,Arunachal Pradesh,postdoc,54.9,202000.0,999,2,1,0,0,1,1,1,71.96,Ineligible
BVOBC,18,male,Kerala,bachelors,64.5,129000.0,85,999,1,0,0,1,1,1,65.8,Eligible
BVOBC,20,female,Chhattisgarh,12th,88.4,183000.0,95,999,1,0,0,1,1,1,80.36,Eligible
ARG45,26,female,Nagaland,masters,54.3,290000.0,1,999,1,0,0,1,1,1,71.72,Ineligible
A023B,24,female,Meghalaya,masters,95.4,609000.0,85,999,1,0,0,1,1,1,68.16,Ineligible
ARG45,32,female,Meghalaya,masters,60.8,339000.0,5,999,1,0,0,1,1,1,74.32,Eligible
BVOBC,19,male,Gujarat,12th,72.0,67000.0,250,999,1,0,0,1,1,1,61.8,Eligible
BPVGK,14,female,Kerala,10th,62.7,245000.0,999,999,1,0,0,1,1,1,58.08,Eligible
BVOBC,18,other,Rajasthan,bachelors,75.2,335000.0,1,999,1,0,0,1,1,1,75.08,Ineligible
AZKMI,35,male,Kerala,masters,83.6,465000.0,999,21,1,0,0,1,1,1,73.44,Eligible
A023B,19,female,Karnataka,bachelors,96.2,786000.0,2,999,1,0,0,1,1,1,78.48,Ineligible
AZKMI,29,male,Telangana,masters,64.5,928000.0,999,6,1,0,0,1,1,1,60.8,Ineligible
A023B,18,female,Nagaland,masters,90.6,257000.0,1,999,1,0,0,1,1,1,86.24,Eligible
BVOBC,23,male,Nagaland,bachelors,67.5,207000.0,250,999,1,0,0,1,1,1,55.0,Eligible
ARG45,31,male,Assam,masters,77.5,731000.0,78,999,1,0,0,1,1,1,56.0,Eligible
ARG45,27,female,Rajasthan,phd,72.3,318000.0,95,999,1,0,0,1,1,1,68.92,Eligible
ARG45,28,female,Kerala,phd,79.4,687000.0,5,999,1,0,0,1,1,1,71.76,Eligible
BVOBC,21,male,Andhra Pradesh,12th,58.9,199000.0,65,999,1,1,68,1,1,1,68.56,Eligible
A023B,23,other,Tamil Nadu,bachelors,67.3,600000.0,5,999,1,0,0,1,1,1,66.92,Eligible
A023B,19,female,Kerala,bachelors,72.6,391000.0,1,999,1,0,0,1,1,1,79.04,Eligible
ARG45,36,female,Chhattisgarh,phd,73.4,495000.0,1,999,1,0,0,1,1,1,74.36,Eligible
BVOBC,17,male,Odisha,12th,83.4,212000.0,95,999,1,0,0,1,1,1,68.36,Eligible
BPVGK,17,male,Maharashtra,10th,74.7,45000.0,999,999,1,0,0,1,1,1,62.88,Eligible
AZKMI,35,female,Assam,postdoc,85.7,570000.0,999,8,1,0,0,1,1,1,79.28,Eligible
BVOBC,20,male,Sikkim,12th,79.5,113000.0,59,999,1,0,0,1,1,1,71.8,Eligible
A023B,19,female,Mizoram,masters,64.4,495000.0,85,999,1,0,0,1,1,1,60.76,Eligible
BPVGK,17,female,Telangana,10th,57.6,112000.0,999,999,1,0,0,1,1,1,61.04,Eligible
A023B,25,female,Meghalaya,bachelors,59.2,528000.0,2,999,1,0,0,0,1,1,68.68,Ineligible
ARG45,33,male,Andhra Pradesh,phd,76.5,531000.0,78,999,1,1,62,1,1,1,65.6,Eligible
AZKMI,22,female,Assam,masters,51.3,569000.0,999,37,1,0,0,1,1,1,65.52,Ineligible
A023B,25,female,Jharkhand,bachelors,89.5,255000.0,3,999,1,0,0,1,1,1,85.8,Eligible
A023B,18,male,Sikkim,bachelors,68.2,304000.0,85,999,1,0,0,1,1,1,62.28,Eligible
BPVGK,17,female,Nagaland,10th,61.2,101000.0,999,999,1,0,0,1,1,1,62.48,Eligible
AZKMI,21,male,Rajasthan,phd,52.0,241000.0,999,14,1,0,0,1,1,1,65.8,Ineligible
AZKMI,27,female,Jharkhand,masters,61.1,378000.0,999,3,1,0,0,1,1,1,74.44,Eligible
BPVGK,16,male,Meghalaya,10th,47.8,335000.0,999,999,1,0,0,1,1,1,47.12,Ineligible
BVOBC,21,male,Meghalaya,12th,85.2,337000.0,3,999,1,0,0,1,1,1,79.08,Ineligible
AZKMI,29,male,Karnataka,phd,76.4,212000.0,999,2,1,0,0,1,1,1,75.56,Eligible
AZKMI,31,male,Mizoram,phd,84.4,892000.0,999,2,1,0,0,1,1,1,68.76,Ineligible
BVOBC,20,female,Tripura,12th,82.6,389000.0,110,999,1,0,0,1,1,1,66.04,Ineligible
BPVGK,17,female,Kerala,10th,66.5,60000.0,999,999,1,0,0,0,0,1,64.6,Borderline
BPVGK,14,female,Gujarat,10th,61.0,306000.0,999,999,1,0,0,1,1,1,57.4,Ineligible
BVOBC,23,male,Telangana,bachelors,76.9,148000.0,2,999,1,0,0,1,1,1,80.76,Eligible
BVOBC,20,female,Arunachal Pradesh,bachelors,49.8,245000.0,250,999,1,0,0,1,1,1,52.92,Ineligible
BPVGK,14,female,Nagaland,10th,75.2,279000.0,999,999,1,0,0,1,1,1,63.08,Ineligible
BVOBC,19,female,Madhya Pradesh,bachelors,63.8,160000.0,6,999,1,0,0,1,0,0,80.52,Borderline
A023B,19,male,Meghalaya,masters,75.5,304000.0,2,999,1,0,0,1,1,1,75.2,Eligible
BPVGK,17,male,Maharashtra,10th,91.1,221000.0,999,999,1,0,0,1,1,1,64.44,Eligible
A023B,25,female,Rajasthan,masters,91.9,628000.0,110,999,1,0,0,1,1,1,59.76,Ineligible
BVOBC,19,male,Meghalaya,bachelors,71.0,125000.0,3,999,1,0,0,1,1,1,78.4,Eligible
A023B,18,female,Meghalaya,bachelors,96.4,432000.0,78,999,1,0,0,1,1,1,73.56,Eligible
ARG45,27,male,Maharashtra,phd,54.3,552000.0,78,999,1,0,0,1,0,1,51.72,Ineligible
ARG45,31,female,Chhattisgarh,phd,62.0,315000.0,88,999,1,0,0,1,1,1,64.8,Eligible
A023B,25,male,Jharkhand,masters,85.0,446000.0,2,999,1,0,0,1,1,1,74.0,Eligible
A023B,24,female,Assam,bachelors,80.1,597000.0,3,999,1,0,0,1,1,1,77.04,Eligible
BVOBC,17,female,Gujarat,12th,62.7,212000.0,2,999,1,0,0,1,1,1,75.08,Eligible
BPVGK,17,other,Rajasthan,10th,71.5,193000.0,999,999,1,0,0,1,1,1,61.6,Eligible
ARG45,30,female,Tamil Nadu,phd,68.2,145000.0,250,999,1,0,0,1,1,1,65.28,Eligible
BVOBC,21,male,Gujarat,bachelors,68.6,328000.0,6,999,1,0,0,1,1,1,72.44,Ineligible
A023B,18,male,Andhra Pradesh,bachelors,78.0,290000.0,85,999,1,1,75,1,1,1,71.2,Eligible
BVOBC,23,female,Meghalaya,bachelors,91.3,58000.0,85,999,1,0,0,1,1,1,81.52,Eligible
ARG45,24,male,Jharkhand,phd,59.8,72000.0,2,999,0,0,0,1,1,1,73.92,Ineligible
ARG45,24,male,Tripura,masters,58.7,540000.0,1,999,1,0,0,1,1,1,63.48,Eligible
BPVGK,16,female,Rajasthan,10th,68.8,273000.0,999,999,1,0,0,1,1,1,60.52,Ineligible
BPVGK,15,female,Tripura,10th,75.7,207000.0,999,999,1,0,0,1,1,1,63.28,Eligible
BPVGK,16,male,Meghalaya,10th,75.3,93000.0,999,999,1,0,0,1,1,1,63.12,Eligible
BVOBC,21,male,Karnataka,bachelors,82.1,226000.0,95,999,1,0,0,1,0,1,67.84,Borderline
ARG45,30,male,Manipur,phd,67.0,534000.0,250,999,1,0,0,0,1,1,49.8,Ineligible
A023B,18,female,Telangana,bachelors,80.4,150000.0,65,999,1,0,0,1,0,1,77.16,Borderline
BVOBC,20,male,Kerala,12th,71.7,42000.0,140,999,1,0,0,1,1,1,61.68,Eligible
BVOBC,24,other,Andhra Pradesh,12th,87.0,246000.0,250,999,1,0,0,1,1,1,62.8,Eligible
A023B,21,female,Kerala,bachelors,62.5,101000.0,1,999,1,0,0,1,1,1,80.0,Eligible
A023B,24,female,Andhra Pradesh,bachelors,59.3,149000.0,2,999,1,0,0,1,1,1,78.72,Eligible
ARG45,34,female,Tamil Nadu,masters,60.2,276000.0,2,999,1,0,0,1,1,1,74.08,Eligible
BVOBC,21,female,Chhattisgarh,12th,64.9,363000.0,6,999,1,0,0,1,1,1,75.96,Ineligible
A023B,22,male,Nagaland,masters,83.3,434000.0,110,999,1,0,0,1,1,1,56.32,Ineligible
ARG45,30,male,Chhattisgarh,phd,89.5,547000.0,5,999,1,0,0,1,1,1,75.8,Eligible
A023B,19,male,Rajasthan,bachelors,77.2,613000.0,65,999,1,0,0,1,1,1,55.88,Ineligible
AZKMI,23,female,Karnataka,masters,60.2,348000.0,999,37,1,0,0,1,1,1,74.08,Eligible
AZKMI,28,male,Manipur,masters,52.9,573000.0,999,3,1,0,0,1,1,1,61.16,Ineligible
BVOBC,23,male,Chhattisgarh,12th,92.0,64000.0,3,999,1,0,0,1,1,0,86.8,Borderline
AZKMI,23,female,Assam,masters,91.9,955000.0,999,21,0,0,0,0,1,1,76.76,Ineligible
AZKMI,32,female,Nagaland,postdoc,70.8,247000.0,999,21,0,0,0,1,0,1,78.32,Ineligible
BVOBC,18,female,Meghalaya,12th,52.8,274000.0,59,999,1,0,0,1,1,1,61.12,Ineligible
ARG45,28,female,Jharkhand,phd,50.0,400000.0,78,999,1,0,0,1,1,1,60.0,Ineligible
ARG45,28,female,Sikkim,phd,56.8,869000.0,1,999,1,0,0,1,1,1,62.72,Eligible
A023B,23,female,Madhya Pradesh,bachelors,70.0,252000.0,6,999,1,0,0,1,1,1,78.0,Eligible
A023B,19,male,Andhra Pradesh,masters,74.7,105000.0,2,999,1,0,0,0,1,1,79.88,Ineligible
ARG45,26,male,Mizoram,masters,83.2,688000.0,88,999,1,0,0,1,1,1,58.28,Eligible
AZKMI,37,male,Tripura,masters,54.5,592000.0,999,4,0,0,0,1,0,1,61.8,Ineligible
ARG45,32,male,Telangana,phd,91.6,673000.0,3,999,1,0,0,1,1,1,71.64,Eligible
AZKMI,23,male,Gujarat,postdoc,81.7,344000.0,999,32,1,0,0,1,1,0,77.68,Borderline
A023B,21,male,Tripura,masters,76.5,593000.0,1,999,1,0,0,1,1,1,70.6,Eligible
A023B,25,female,Mizoram,masters,59.3,97000.0,110,999,1,0,0,1,1,1,61.72,Ineligible
BVOBC,23,female,Mizoram,12th,86.7,155000.0,88,999,1,0,0,1,1,1,79.68,Eligible
A023B,18,female,Telangana,masters,82.6,733000.0,85,999,1,0,0,1,1,1,63.04,Ineligible
ARG45,36,female,Chhattisgarh,phd,60.3,601000.0,140,999,1,0,0,1,1,1,47.12,Eligible
BVOBC,24,female,Jharkhand,bachelors,83.3,386000.0,5,999,1,1,56,0,1,1,88.32,Ineligible
A023B,21,female,Sikkim,bachelors,95.2,491000.0,1,999,1,0,0,1,1,1,83.08,Eligible
AZKMI,23,female,Arunachal Pradesh,phd,58.1,737000.0,999,8,0,0,0,1,1,1,63.24,Ineligible
A023B,18,female,Arunachal Pradesh,masters,62.0,724000.0,72,999,1,0,0,1,1,1,54.8,Ineligible
ARG45,27,male,Maharashtra,phd,59.2,261000.0,78,999,1,0,0,1,1,1,58.68,Eligible
BVOBC,22,male,Nagaland,12th,66.0,385000.0,5,999,1,0,0,1,1,1,71.4,Ineligible
BPVGK,14,female,Arunachal Pradesh,10th,89.7,317000.0,999,999,1,0,0,1,1,1,68.88,Ineligible
AZKMI,32,female,Gujarat,masters,82.1,724000.0,999,14,1,0,0,1,1,1,72.84,Ineligible
BVOBC,23,male,Arunachal Pradesh,12th,52.8,225000.0,110,999,1,0,0,1,1,1,49.12,Eligible
BVOBC,21,male,Tripura,12th,61.6,258000.0,95,999,1,0,0,1,1,1,59.64,Ineligible
BVOBC,21,male,Sikkim,12th,58.9,179000.0,78,999,1,0,0,1,1,1,63.56,Eligible
A023B,25,male,Maharashtra,bachelors,64.6,121000.0,1,999,1,0,0,1,0,1,75.84,Borderline
BVOBC,23,female,Gujarat,bachelors,87.4,215000.0,3,999,1,0,0,1,1,1,84.96,Eligible
ARG45,26,male,Gujarat,masters,71.4,569000.0,85,999,1,0,0,1,1,1,58.56,Eligible
ARG45,24,female,Chhattisgarh,masters,51.0,70000.0,250,999,1,0,0,1,1,1,58.4,Ineligible
ARG45,35,female,Manipur,masters,60.4,772000.0,1,999,0,0,0,1,1,1,64.16,Ineligible
BVOBC,23,female,Meghalaya,bachelors,70.1,399000.0,59,999,1,0,0,1,1,1,68.04,Ineligible
BPVGK,14,male,Odisha,10th,94.5,321000.0,999,999,1,0,0,1,1,1,65.8,Ineligible
AZKMI,21,female,Tamil Nadu,phd,72.0,796000.0,999,14,1,0,0,0,1,1,68.8,Ineligible
A023B,23,male,Maharashtra,bachelors,66.9,740000.0,85,999,1,0,0,1,1,1,51.76,Ineligible
ARG45,23,female,Arunachal Pradesh,phd,67.3,473000.0,3,999,1,0,0,1,1,1,71.92,Eligible
A023B,20,male,Odisha,bachelors,85.9,725000.0,2,999,1,0,0,1,1,1,69.36,Ineligible
ARG45,24,female,Karnataka,phd,54.3,202000.0,65,999,1,1,40,1,1,1,66.72,Ineligible
BPVGK,16,male,Karnataka,10th,70.6,284000.0,999,999,1,0,0,1,1,1,56.24,Ineligible
AZKMI,29,male,Kerala,phd,51.4,904000.0,999,32,1,0,0,1,1,1,55.56,Ineligible
BPVGK,16,female,Karnataka,10th,90.7,174000.0,999,999,1,0,0,1,1,1,74.28,Eligible
AZKMI,21,female,Nagaland,masters,78.4,149000.0,999,650,1,0,0,1,0,1,66.36,Ineligible
A023B,25,female,Telangana,masters,96.8,648000.0,65,999,1,0,0,1,0,1,68.72,Ineligible
ARG45,34,male,Madhya Pradesh,masters,64.3,873000.0,78,999,1,0,0,1,1,1,50.72,Eligible
ARG45,26,female,Mizoram,masters,65.7,465000.0,1,999,1,0,0,1,1,1,71.28,Eligible
BVOBC,23,male,Assam,bachelors,93.5,227000.0,2,999,1,0,0,1,1,1,82.4,Eligible
BPVGK,16,female,Tamil Nadu,10th,62.0,223000.0,999,999,1,0,0,1,1,1,57.8,Eligible
ARG45,32,male,Karnataka,masters,93.5,743000.0,6,999,1,0,0,1,1,1,72.4,Eligible
AZKMI,32,female,Arunachal Pradesh,phd,88.0,982000.0,999,2,1,0,0,1,1,1,75.2,Ineligible
AZKMI,29,male,Manipur,phd,90.3,348000.0,999,32,1,0,0,1,1,1,81.12,Eligible
ARG45,29,male,Madhya Pradesh,masters,78.3,466000.0,6,999,1,0,0,1,1,1,71.32,Eligible
A023B,19,male,Jharkhand,masters,56.3,342000.0,85,999,1,0,0,1,1,0,57.52,Borderline
AZKMI,25,female,Tripura,phd,78.7,497000.0,999,22,1,0,0,1,1,1,76.48,Eligible
BVOBC,17,male,Telangana,bachelors,73.0,91000.0,250,999,1,0,0,1,1,1,62.2,Eligible
BVOBC,24,male,Jharkhand,bachelors,74.0,46000.0,1,999,1,0,0,1,1,1,79.6,Eligible
ARG45,31,male,Gujarat,phd,81.0,103000.0,140,999,1,0,0,1,1,1,65.4,Eligible
A023B,20,female,Maharashtra,bachelors,94.7,310000.0,85,999,1,0,0,1,1,1,77.88,Eligible
BVOBC,24,female,Arunachal Pradesh,12th,59.4,242000.0,59,999,1,0,0,1,1,1,63.76,Eligible
A023B,20,female,Maharashtra,masters,86.3,610000.0,6,999,0,0,0,1,1,0,74.52,Ineligible
A023B,24,male,Tamil Nadu,bachelors,73.5,395000.0,65,999,1,1,52,0,1,1,69.4,Ineligible
A023B,23,female,Tripura,masters,82.7,361000.0,3,999,1,0,0,1,1,1,83.08,Eligible
BPVGK,16,female,Arunachal Pradesh,10th,64.6,56000.0,999,999,1,0,0,1,1,1,63.84,Eligible
ARG45,32,female,Meghalaya,masters,84.2,160000.0,95,999,1,0,0,1,1,1,78.68,Eligible
A023B,22,male,Sikkim,bachelors,89.0,619000.0,2,999,1,0,0,1,1,1,70.6,Ineligible
BPVGK,17,female,Mizoram,10th,91.4,155000.0,999,999,1,0,0,1,1,1,74.56,Eligible
A023B,18,female,Tamil Nadu,masters,55.3,651000.0,5,999,1,0,0,1,1,1,62.12,Ineligible
BVOBC,20,male,Arunachal Pradesh,12th,64.2,192000.0,2,999,1,0,0,1,1,1,75.68,Eligible
BPVGK,16,female,Nagaland,10th,62.3,108000.0,999,999,1,0,0,1,1,1,62.92,Eligible
BVOBC,23,male,Meghalaya,12th,83.6,278000.0,78,999,1,0,0,1,1,1,68.44,Ineligible
A023B,18,male,Tamil Nadu,bachelors,93.1,721000.0,78,999,1,0,0,1,1,1,62.24,Ineligible
BVOBC,21,female,Rajasthan,bachelors,45.8,81000.0,95,999,1,0,0,1,1,1,63.32,Ineligible
AZKMI,26,female,Sikkim,postdoc,75.1,135000.0,999,21,1,0,0,1,1,1,85.04,Eligible
AZKMI,33,other,Telangana,masters,65.3,678000.0,999,2,1,0,0,1,0,1,61.12,Ineligible
ARG45,32,male,Karnataka,phd,57.0,833000.0,95,999,1,1,79,1,1,1,52.8,Eligible
ARG45,25,male,Mizoram,masters,80.2,614000.0,85,999,1,0,0,1,1,1,57.08,Eligible
BPVGK,17,male,Sikkim,10th,53.1,229000.0,999,999,1,0,0,1,1,1,49.24,Eligible
A023B,25,female,Jharkhand,masters,89.5,308000.0,110,999,1,0,0,1,1,1,68.8,Ineligible
ARG45,24,male,Tamil Nadu,masters,67.5,596000.0,3,999,1,0,0,1,0,1,67.0,Borderline
A023B,18,female,Arunachal Pradesh,masters,80.9,682000.0,65,999,1,0,0,1,1,1,62.36,Ineligible
AZKMI,31,male,Maharashtra,masters,93.3,337000.0,999,4,1,0,0,1,1,1,82.32,Eligible
A023B,19,male,Maharashtra,bachelors,84.6,116000.0,65,999,0,0,0,1,1,1,73.84,Ineligible
AZKMI,32,female,Andhra Pradesh,masters,59.4,304000.0,999,14,0,0,0,1,1,1,73.76,Ineligible
A023B,21,male,Telangana,bachelors,60.6,402000.0,6,999,1,0,0,1,1,1,64.24,Eligible
A023B,20,male,Maharashtra,masters,97.7,319000.0,110,999,1,0,0,1,1,1,67.08,Ineligible
A023B,20,male,Madhya Pradesh,bachelors,55.6,738000.0,2,999,1,0,0,1,1,1,57.24,Ineligible
ARG45,29,female,Rajasthan,phd,71.4,869000.0,95,999,1,0,0,1,0,1,58.56,Borderline
BPVGK,14,female,Madhya Pradesh,10th,85.3,285000.0,999,999,1,0,0,1,1,1,67.12,Ineligible
ARG45,32,male,Meghalaya,masters,85.7,586000.0,2,999,1,0,0,1,1,1,74.28,Eligible
ARG45,27,female,Telangana,phd,73.7,155000.0,3,999,1,0,0,1,1,1,84.48,Eligible
BPVGK,17,male,Chhattisgarh,10th,86.7,247000.0,999,999,1,0,0,1,1,1,62.68,Eligible
AZKMI,37,female,Madhya Pradesh,masters,60.2,280000.0,999,650,1,0,0,1,0,1,54.08,Ineligible
ARG45,25,female,Sikkim,phd,88.4,239000.0,140,999,1,0,0,1,1,1,68.36,Eligible
ARG45,33,female,Mizoram,masters,55.8,192000.0,6,999,1,0,0,1,1,1,77.32,Eligible
AZKMI,21,male,Odisha,postdoc,55.3,353000.0,999,1,1,0,0,1,1,1,67.12,Eligible
AZKMI,21,male,Kerala,masters,78.6,277000.0,999,14,0,0,0,1,1,1,76.44,Ineligible
BVOBC,17,female,Odisha,bachelors,67.9,285000.0,88,999,1,0,0,1,1,0,67.16,Ineligible
A023B,23,male,Mizoram,masters,86.7,630000.0,250,999,1,0,0,1,1,1,52.68,Ineligible
BPVGK,17,female,Tripura,10th,49.4,187000.0,999,999,1,0,0,1,1,1,57.76,Ineligible
A023B,23,female,Sikkim,masters,83.2,795000.0,85,999,1,0,0,1,1,0,63.28,Ineligible
A023B,22,female,Andhra Pradesh,bachelors,83.6,492000.0,59,999,1,0,0,1,1,1,68.44,Eligible
AZKMI,34,female,Gujarat,masters,70.7,607000.0,999,2,1,0,0,1,1,1,68.28,Ineligible
BVOBC,24,male,Karnataka,12th,52.7,302000.0,1,999,1,0,0,1,0,1,66.08,Ineligible
ARG45,22,female,Assam,phd,59.8,484000.0,95,999,1,0,0,1,1,1,58.92,Eligible
AZKMI,25,male,Sikkim,masters,65.9,199000.0,999,4,1,0,0,1,1,1,76.36,Eligible
A023B,24,male,Nagaland,bachelors,61.0,369000.0,65,999,1,0,0,1,0,1,59.4,Borderline
BVOBC,19,female,Madhya Pradesh,bachelors,70.5,241000.0,3,999,1,0,0,1,1,1,78.2,Eligible
AZKMI,24,female,Manipur,postdoc,66.1,475000.0,999,22,1,1,65,1,1,1,76.44,Eligible
ARG45,35,female,Madhya Pradesh,phd,90.6,520000.0,59,999,1,0,0,1,1,1,71.24,Eligible
BVOBC,24,male,Tamil Nadu,bachelors,78.6,186000.0,2,999,1,0,0,1,1,1,81.44,Eligible
ARG45,32,female,Andhra Pradesh,masters,81.8,481000.0,2,999,1,0,0,1,1,1,77.72,Eligible
AZKMI,26,female,Karnataka,phd,60.7,215000.0,999,3,1,1,64,1,1,1,79.28,Eligible
ARG45,34,male,Nagaland,phd,89.6,418000.0,72,999,1,0,0,1,1,1,65.84,Eligible
ARG45,29,male,Odisha,phd,63.9,521000.0,78,999,1,0,0,1,1,1,55.56,Eligible
AZKMI,35,female,Meghalaya,masters,57.7,300000.0,999,650,1,0,0,1,1,1,53.08,Ineligible
ARG45,31,male,Madhya Pradesh,phd,93.1,409000.0,1,999,1,0,0,1,1,1,77.24,Eligible
BVOBC,17,female,Mizoram,12th,79.3,101000.0,1,999,1,0,0,1,1,0,86.72,Borderline
BVOBC,20,female,Assam,bachelors,91.9,289000.0,72,999,1,0,0,1,1,1,76.76,Ineligible
BVOBC,19,female,Madhya Pradesh,bachelors,51.4,98000.0,250,999,1,0,0,1,1,1,58.56,Eligible
BPVGK,17,female,Tamil Nadu,10th,64.5,180000.0,999,999,1,0,0,1,1,1,63.8,Eligible
ARG45,23,male,Madhya Pradesh,phd,79.5,510000.0,140,999,0,0,0,1,1,1,54.8,Ineligible
AZKMI,37,female,Andhra Pradesh,phd,70.9,442000.0,999,8,0,0,0,1,1,1,73.36,Ineligible
AZKMI,30,female,Kerala,phd,58.0,336000.0,999,21,1,0,0,1,1,1,73.2,Eligible
ARG45,26,female,Telangana,masters,81.7,179000.0,65,999,1,0,0,1,1,1,77.68,Eligible
A023B,20,female,Karnataka,bachelors,76.9,704000.0,3,999,1,0,0,1,0,1,70.76,Ineligible
BVOBC,21,male,Chhattisgarh,12th,82.8,364000.0,95,999,1,0,0,1,1,1,68.12,Ineligible
ARG45,25,male,Andhra Pradesh,masters,69.0,507000.0,95,999,1,0,0,1,1,1,57.6,Eligible
AZKMI,32,female,Tamil Nadu,phd,56.1,623000.0,999,4,1,0,0,1,1,1,62.44,Ineligible
BVOBC,20,male,Telangana,12th,51.0,316000.0,78,999,1,0,0,1,1,1,55.4,Ineligible
BVOBC,20,male,Chhattisgarh,12th,74.6,347000.0,3,999,1,0,0,1,1,1,74.84,Ineligible
ARG45,31,female,Chhattisgarh,masters,94.9,336000.0,3,999,1,0,0,1,1,1,87.96,Eligible
BPVGK,17,male,Rajasthan,10th,49.8,132000.0,999,999,1,0,0,1,1,1,52.92,Ineligible
ARG45,23,female,Rajasthan,masters,84.7,484000.0,95,999,1,0,0,1,0,1,68.88,Borderline
A023B,20,male,Meghalaya,masters,82.7,252000.0,3,999,1,1,49,1,1,1,83.08,Eligible
ARG45,36,female,Gujarat,phd,58.5,354000.0,110,999,1,0,0,1,1,1,56.4,Eligible
A023B,25,female,Karnataka,bachelors,82.3,789000.0,5,999,1,0,0,1,1,1,72.92,Ineligible
AZKMI,27,male,Rajasthan,phd,79.1,400000.0,999,1,1,0,0,1,1,1,76.64,Eligible
AZKMI,26,female,Tamil Nadu,phd,56.8,129000.0,999,32,1,0,0,1,1,1,77.72,Eligible
ARG45,34,male,Mizoram,phd,73.6,282000.0,85,999,1,0,0,1,1,1,64.44,Eligible
ARG45,36,male,Andhra Pradesh,phd,59.5,75000.0,88,999,1,0,0,1,1,1,63.8,Eligible
AZKMI,25,female,Nagaland,postdoc,80.6,920000.0,999,32,1,0,0,1,1,0,72.24,Ineligible
ARG45,26,male,Tripura,masters,83.4,783000.0,1,999,1,1,53,1,1,1,73.36,Eligible
BVOBC,23,male,Manipur,bachelors,56.6,128000.0,3,999,1,0,0,1,1,1,72.64,Eligible
A023B,24,male,Meghalaya,masters,57.9,713000.0,85,999,0,0,0,1,1,1,48.16,Ineligible
BVOBC,23,female,Kerala,bachelors,64.7,315000.0,110,999,1,0,0,1,1,1,58.88,Ineligible
AZKMI,27,female,Telangana,postdoc,94.2,886000.0,999,3,1,0,0,1,1,1,77.68,Ineligible
A023B,22,male,Andhra Pradesh,bachelors,75.0,87000.0,1,999,0,0,0,1,1,1,80.0,Ineligible
ARG45,30,male,Mizoram,phd,93.6,83000.0,5,999,1,0,0,1,1,1,87.44,Eligible
BVOBC,17,male,Arunachal Pradesh,12th,86.3,352000.0,250,999,1,0,0,1,0,1,62.52,Ineligible
AZKMI,29,female,Rajasthan,postdoc,90.8,628000.0,999,32,1,0,0,1,1,1,76.32,Ineligible
AZKMI,34,female,Sikkim,postdoc,60.5,597000.0,999,8,1,0,0,1,1,1,69.2,Eligible
A023B,20,female,Meghalaya,masters,88.9,324000.0,2,999,1,0,0,1,1,1,85.56,Eligible
ARG45,22,other,Telangana,masters,63.1,315000.0,1,999,1,0,0,1,1,1,70.24,Eligible
A023B,21,female,Assam,bachelors,79.7,365000.0,6,999,1,0,0,1,1,1,81.88,Eligible
ARG45,30,male,Manipur,masters,59.9,742000.0,78,999,1,0,0,1,1,1,48.96,Eligible
AZKMI,27,female,Sikkim,masters,67.8,312000.0,999,650,1,0,0,1,1,1,57.12,Ineligible
ARG45,34,male,Meghalaya,phd,90.7,855000.0,3,999,0,0,0,1,1,1,71.28,Ineligible
BVOBC,21,female,Rajasthan,12th,72.0,323000.0,3,999,1,0,0,1,1,1,78.8,Ineligible
ARG45,33,female,Meghalaya,masters,77.3,558000.0,1,999,1,0,0,1,1,1,75.92,Eligible
BVOBC,19,female,Mizoram,bachelors,51.8,307000.0,5,999,1,1,67,1,1,1,75.72,Ineligible
ARG45,22,male,Madhya Pradesh,phd,55.5,294000.0,250,999,1,0,0,1,1,1,50.2,Eligible
A023B,21,female,Assam,masters,78.0,377000.0,65,999,1,0,0,0,1,1,71.2,Ineligible
AZKMI,35,male,Telangana,masters,53.9,672000.0,999,8,0,1,79,1,1,1,61.56,Ineligible
BVOBC,24,other,Maharashtra,12th,93.0,211000.0,3,999,1,0,0,1,1,1,82.2,Eligible
BPVGK,15,female,Nagaland,10th,53.3,252000.0,999,999,1,0,0,1,0,1,54.32,Ineligible
BVOBC,19,male,Maharashtra,12th,57.0,136000.0,1,999,1,0,0,1,0,1,72.8,Borderline
BVOBC,19,male,Assam,12th,91.1,229000.0,1,999,1,0,0,1,1,1,81.44,Eligible
BVOBC,19,female,Kerala,bachelors,51.9,198000.0,1,999,1,0,0,1,1,1,75.76,Eligible
BVOBC,24,female,Assam,bachelors,95.1,223000.0,250,999,1,0,0,1,1,1,71.04,Eligible
AZKMI,36,male,Rajasthan,masters,59.0,570000.0,999,6,1,0,0,1,1,1,63.6,Ineligible
AZKMI,33,male,Karnataka,postdoc,94.6,627000.0,999,3,1,0,0,1,1,1,72.84,Ineligible
ARG45,27,female,Jharkhand,phd,86.3,114000.0,6,999,1,0,0,1,1,1,89.52,Eligible
ARG45,22,female,Mizoram,phd,78.9,423000.0,1,999,1,0,0,1,1,1,76.56,Eligible
ARG45,35,male,Gujarat,phd,73.0,886000.0,3,999,1,0,0,1,0,1,64.2,Borderline
ARG45,28,female,Karnataka,phd,58.9,153000.0,5,999,1,0,0,1,1,1,78.56,Eligible
BVOBC,18,male,Odisha,bachelors,69.1,285000.0,1,999,1,0,0,1,1,1,72.64,Ineligible
A023B,22,male,Kerala,masters,70.6,241000.0,3,999,1,0,0,1,1,1,73.24,Eligible
BVOBC,24,male,Arunachal Pradesh,bachelors,94.7,324000.0,2,999,1,0,0,1,1,1,82.88,Ineligible
A023B,23,female,Tamil Nadu,masters,70.1,330000.0,6,999,1,0,0,1,1,1,78.04,Eligible
A023B,18,male,Jharkhand,masters,56.7,368000.0,95,999,1,0,0,1,1,1,57.68,Eligible
BPVGK,14,female,Madhya Pradesh,10th,61.5,303000.0,999,999,1,0,0,1,0,1,57.6,Ineligible
BVOBC,21,male,Telangana,12th,76.6,357000.0,1,999,1,0,0,0,1,1,75.64,Ineligible
BPVGK,17,male,Andhra Pradesh,10th,73.3,195000.0,999,999,1,0,0,1,1,1,62.32,Eligible
AZKMI,30,male,Rajasthan,masters,76.0,717000.0,999,21,1,0,0,1,1,1,65.4,Ineligible
BPVGK,15,female,Mizoram,10th,61.0,103000.0,999,999,1,0,0,1,1,1,62.4,Eligible
AZKMI,27,female,Andhra Pradesh,masters,81.9,682000.0,999,8,1,0,0,1,1,1,72.76,Ineligible
A023B,19,female,Tripura,bachelors,81.7,435000.0,6,999,1,0,0,1,1,1,77.68,Eligible
AZKMI,23,female,Andhra Pradesh,phd,63.4,253000.0,999,650,1,0,0,1,1,1,55.36,Ineligible
BVOBC,20,female,Rajasthan,bachelors,74.9,360000.0,72,999,1,0,0,1,1,1,69.96,Ineligible
ARG45,33,female,Sikkim,phd,89.3,743000.0,6,999,1,0,0,1,1,1,75.72,Eligible
AZKMI,31,male,Madhya Pradesh,masters,77.3,244000.0,999,6,1,0,0,1,1,0,75.92,Borderline
A023B,21,male,Assam,bachelors,69.3,556000.0,1,999,1,0,0,1,1,1,67.72,Eligible
AZKMI,31,male,Sikkim,masters,75.4,840000.0,999,4,1,0,0,1,1,0,65.16,Ineligible
BPVGK,15,male,Tamil Nadu,10th,70.5,275000.0,999,999,1,0,0,1,1,1,56.2,Ineligible
A023B,24,female,Tamil Nadu,bachelors,62.1,336000.0,1,999,1,0,0,1,1,1,74.84,Eligible
BVOBC,18,female,Assam,bachelors,91.6,329000.0,140,999,1,0,0,1,1,0,69.64,Ineligible
ARG45,34,female,Arunachal Pradesh,masters,89.6,482000.0,1,999,1,0,0,1,1,1,80.84,Eligible
ARG45,28,male,Kerala,masters,60.7,308000.0,85,999,1,0,0,1,1,1,59.28,Eligible
A023B,21,female,Sikkim,masters,91.9,733000.0,5,999,1,0,0,1,0,1,76.76,Ineligible
ARG45,24,male,Meghalaya,phd,84.3,820000.0,3,999,1,0,0,1,1,1,68.72,Eligible
A023B,18,female,Karnataka,bachelors,89.1,345000.0,72,999,1,0,0,1,1,1,75.64,Eligible
AZKMI,34,female,Chhattisgarh,postdoc,76.4,413000.0,999,1,1,0,0,1,1,1,75.56,Eligible
BVOBC,23,male,Arunachal Pradesh,12th,65.6,258000.0,59,999,1,0,0,1,1,1,61.24,Ineligible
AZKMI,34,female,Jharkhand,masters,50.0,384000.0,999,14,1,0,0,1,1,1,70.0,Ineligible
BPVGK,17,female,Nagaland,10th,70.7,332000.0,999,999,1,0,0,1,1,1,61.28,Ineligible
A023B,19,female,Telangana,bachelors,57.4,319000.0,5,999,1,0,0,1,1,1,72.96,Eligible
AZKMI,38,male,Arunachal Pradesh,postdoc,69.7,326000.0,999,3,1,0,0,1,1,1,72.88,Ineligible
AZKMI,26,female,Jharkhand,postdoc,80.9,229000.0,999,3,1,0,0,1,1,1,82.36,Eligible
BVOBC,21,female,Maharashtra,bachelors,49.5,162000.0,140,999,1,0,0,1,1,1,57.8,Ineligible
AZKMI,35,male,Andhra Pradesh,masters,84.3,556000.0,999,4,1,0,0,0,1,1,73.72,Ineligible
ARG45,22,female,Gujarat,phd,78.8,820000.0,5,999,1,0,0,1,1,1,71.52,Eligible
BVOBC,19,female,Nagaland,12th,59.7,48000.0,65,999,1,0,0,1,1,1,68.88,Eligible
ARG45,26,other,Telangana,phd,58.5,781000.0,95,999,1,0,0,1,1,1,48.4,Eligible
BVOBC,24,male,Meghalaya,12th,92.3,295000.0,72,999,1,0,0,1,1,1,71.92,Ineligible
BVOBC,18,male,Chhattisgarh,bachelors,74.7,198000.0,1,999,1,0,0,1,1,1,79.88,Eligible
ARG45,25,male,Telangana,phd,84.5,214000.0,250,999,1,1,57,1,1,0,66.8,Borderline
BPVGK,14,female,Tamil Nadu,10th,92.0,345000.0,999,999,1,1,42,1,1,1,74.8,Ineligible
ARG45,28,female,Kerala,phd,90.6,349000.0,59,999,1,0,0,1,1,0,76.24,Borderline
ARG45,25,male,Meghalaya,masters,88.7,437000.0,250,999,1,0,0,0,1,1,58.48,Ineligible
BVOBC,17,male,Meghalaya,bachelors,54.5,154000.0,3,999,1,0,0,1,1,1,71.8,Eligible
BVOBC,22,female,Sikkim,bachelors,67.1,184000.0,1,999,1,0,0,1,1,1,81.84,Eligible
BPVGK,15,female,Jharkhand,10th,83.0,295000.0,999,999,1,0,0,1,1,1,66.2,Ineligible
BPVGK,16,female,Tripura,10th,87.3,96000.0,999,999,1,0,0,1,1,1,72.92,Eligible
AZKMI,36,female,Chhattisgarh,phd,65.6,867000.0,999,22,1,0,0,1,1,1,66.24,Ineligible
ARG45,25,male,Madhya Pradesh,phd,71.4,693000.0,65,999,0,0,0,1,1,1,53.56,Ineligible
BPVGK,17,other,Nagaland,10th,78.9,304000.0,999,999,1,0,0,1,1,1,59.56,Ineligible
AZKMI,22,female,Tamil Nadu,phd,56.4,677000.0,999,1,1,0,0,1,1,1,62.56,Ineligible
A023B,19,male,Gujarat,bachelors,82.8,416000.0,3,999,1,0,0,0,1,1,73.12,Ineligible
BPVGK,15,female,Sikkim,10th,77.9,328000.0,999,999,1,0,0,1,1,1,64.16,Ineligible
AZKMI,34,female,Andhra Pradesh,phd,90.2,111000.0,999,21,1,0,0,1,1,1,91.08,Eligible
BPVGK,17,female,Chhattisgarh,10th,46.3,105000.0,999,999,1,0,0,1,1,1,56.52,Ineligible
AZKMI,35,female,Nagaland,masters,92.4,377000.0,999,32,1,0,0,1,1,1,86.96,Eligible
BVOBC,22,male,Rajasthan,bachelors,52.2,311000.0,95,999,1,0,0,1,1,1,55.88,Ineligible
BVOBC,24,female,Odisha,bachelors,59.2,75000.0,1,999,1,0,0,1,1,1,78.68,Eligible
BPVGK,14,male,Kerala,10th,62.1,294000.0,999,999,1,0,0,1,1,1,52.84,Ineligible
BVOBC,21,male,Mizoram,12th,75.2,212000.0,2,999,1,0,0,1,1,1,75.08,Eligible
A023B,24,female,Manipur,bachelors,67.3,451000.0,85,999,0,0,0,1,1,1,61.92,Ineligible
AZKMI,32,other,Madhya Pradesh,postdoc,76.3,267000.0,999,14,0,0,0,1,1,1,75.52,Ineligible
A023B,24,female,Madhya Pradesh,bachelors,61.9,207000.0,6,999,1,0,0,1,1,1,74.76,Eligible
BVOBC,24,female,Odisha,bachelors,95.6,251000.0,72,999,1,1,72,1,1,1,83.24,Ineligible
ARG45,28,female,Kerala,phd,50.3,755000.0,72,999,1,1,65,1,1,1,55.12,Ineligible
A023B,21,male,Sikkim,bachelors,92.9,427000.0,5,999,1,0,0,1,1,1,77.16,Eligible
A023B,20,male,Mizoram,bachelors,56.4,385000.0,3,999,1,0,0,1,1,1,67.56,Eligible
ARG45,34,female,Jharkhand,phd,80.2,196000.0,140,999,1,0,0,1,1,1,70.08,Eligible
ARG45,24,male,Mizoram,masters,78.8,235000.0,88,999,1,0,0,1,1,1,66.52,Eligible
ARG45,22,female,Kerala,masters,64.5,773000.0,2,999,1,0,0,1,1,1,65.8,Eligible
AZKMI,31,male,Meghalaya,postdoc,59.3,455000.0,999,32,0,0,0,1,1,1,63.72,Ineligible
BVOBC,22,female,Jharkhand,bachelors,66.4,339000.0,3,999,1,0,0,1,1,1,76.56,Ineligible
AZKMI,29,female,Assam,postdoc,70.4,767000.0,999,1,1,0,0,1,1,1,68.16,Ineligible
ARG45,35,male,Arunachal Pradesh,masters,70.3,835000.0,2,999,1,0,0,1,1,0,63.12,Borderline
BPVGK,15,male,Meghalaya,10th,49.7,241000.0,999,999,1,0,0,1,1,1,47.88,Ineligible
ARG45,25,female,Andhra Pradesh,masters,85.9,600000.0,85,999,1,0,0,1,1,1,69.36,Eligible
ARG45,27,female,Telangana,masters,70.2,444000.0,6,999,1,0,0,1,1,1,73.08,Eligible
AZKMI,24,male,Mizoram,postdoc,56.0,757000.0,999,650,1,0,0,1,1,1,37.4,Ineligible
ARG45,28,male,Kerala,phd,63.3,676000.0,250,999,1,0,0,1,1,1,43.32,Eligible
BVOBC,23,female,Gujarat,12th,48.2,202000.0,85,999,1,0,0,1,1,1,59.28,Ineligible
BPVGK,17,male,Madhya Pradesh,10th,89.4,52000.0,999,999,1,0,0,1,0,1,68.76,Borderline
A023B,18,male,Rajasthan,bachelors,84.5,448000.0,1,999,1,0,0,1,1,1,73.8,Eligible
BVOBC,18,male,Maharashtra,12th,57.6,103000.0,2,999,1,0,0,1,1,1,73.04,Eligible
ARG45,26,female,Rajasthan,phd,84.7,219000.0,250,999,1,0,0,1,1,1,66.88,Eligible
BVOBC,23,male,Andhra Pradesh,bachelors,49.2,244000.0,5,999,1,0,0,1,1,1,64.68,Ineligible
AZKMI,36,male,Kerala,masters,86.0,643000.0,999,2,1,0,0,1,1,1,69.4,Ineligible
BPVGK,14,female,Maharashtra,10th,64.8,153000.0,999,999,1,0,0,1,1,1,63.92,Eligible
A023B,25,male,Kerala,masters,94.9,574000.0,95,999,1,0,0,1,1,1,67.96,Eligible
A023B,19,female,Kerala,bachelors,73.7,147000.0,110,999,1,0,0,1,1,1,67.48,Ineligible
BPVGK,14,female,Madhya Pradesh,10th,59.4,155000.0,999,999,1,0,0,1,1,1,61.76,Eligible
A023B,24,female,Jharkhand,masters,85.9,403000.0,78,999,1,0,0,1,1,0,69.36,Borderline
BPVGK,14,female,Mizoram,10th,62.2,170000.0,999,999,1,0,0,1,1,1,62.88,Eligible
BVOBC,17,male,Nagaland,12th,73.8,213000.0,59,999,1,0,0,1,1,1,64.52,Eligible
BVOBC,19,female,Manipur,12th,53.7,352000.0,72,999,1,0,0,1,1,1,61.48,Ineligible
BPVGK,17,male,Maharashtra,10th,50.6,54000.0,999,999,1,0,0,1,1,1,53.24,Eligible
A023B,23,male,Karnataka,masters,58.3,336000.0,1,999,1,0,0,1,1,1,68.32,Eligible
AZKMI,36,female,Odisha,postdoc,93.8,517000.0,999,8,1,0,0,1,1,1,82.52,Ineligible
BPVGK,17,female,Telangana,10th,85.2,110000.0,999,999,1,0,0,1,1,1,72.08,Eligible
A023B,21,female,Sikkim,bachelors,79.3,551000.0,1,999,1,0,0,1,1,1,76.72,Eligible
BPVGK,15,male,Madhya Pradesh,10th,85.5,146000.0,999,999,1,0,0,1,1,1,67.2,Eligible
A023B,20,female,Chhattisgarh,bachelors,84.3,669000.0,1,999,1,0,0,1,1,1,73.72,Ineligible
A023B,24,male,Madhya Pradesh,masters,60.7,120000.0,2,999,1,0,0,1,1,1,74.28,Eligible
ARG45,36,female,Tamil Nadu,phd,61.9,178000.0,2,999,1,0,0,1,1,1,79.76,Eligible
BPVGK,15,female,Manipur,10th,46.8,313000.0,999,999,1,0,0,1,1,1,51.72,Ineligible
A023B,21,female,Karnataka,bachelors,74.7,287000.0,5,999,1,0,0,1,0,1,79.88,Borderline
BPVGK,17,female,Jharkhand,10th,47.9,241000.0,999,999,1,0,0,1,1,1,52.16,Ineligible
A023B,23,female,Andhra Pradesh,bachelors,92.6,551000.0,78,999,1,0,0,1,1,1,72.04,Eligible
AZKMI,38,male,Sikkim,masters,72.5,445000.0,999,2,1,0,0,1,0,1,69.0,Ineligible
BVOBC,23,male,Gujarat,12th,95.3,344000.0,65,999,1,0,0,1,1,1,73.12,Ineligible
ARG45,32,female,Mizoram,masters,87.4,783000.0,65,999,1,0,0,1,1,0,64.96,Borderline
AZKMI,33,male,Sikkim,phd,73.1,159000.0,999,37,1,0,0,1,1,1,79.24,Eligible
ARG45,25,female,Tamil Nadu,masters,70.8,436000.0,95,999,1,0,0,1,1,1,63.32,Eligible
ARG45,35,female,Sikkim,masters,51.1,787000.0,95,999,1,0,0,1,1,1,50.44,Ineligible
BVOBC,21,male,Gujarat,12th,47.8,318000.0,72,999,1,0,0,1,1,1,54.12,Ineligible
BPVGK,16,male,Meghalaya,10th,50.5,208000.0,999,999,1,1,45,1,1,1,53.2,Eligible
BPVGK,17,male,Arunachal Pradesh,10th,83.6,292000.0,999,999,1,1,53,1,1,1,66.44,Ineligible
A023B,22,female,Telangana,masters,59.9,379000.0,6,999,1,0,0,1,1,1,73.96,Eligible
A023B,24,male,Jharkhand,masters,65.4,147000.0,3,999,1,0,0,1,1,1,76.16,Eligible
BVOBC,19,female,Nagaland,bachelors,94.6,289000.0,1,999,1,1,61,1,1,0,92.84,Ineligible
BVOBC,21,male,Meghalaya,12th,70.4,129000.0,2,999,1,0,0,1,1,1,78.16,Eligible
BVOBC,23,female,Manipur,bachelors,77.4,350000.0,110,999,1,0,0,1,1,1,63.96,Ineligible
ARG45,29,female,Manipur,phd,76.4,406000.0,59,999,1,0,0,0,1,1,65.56,Ineligible
ARG45,22,male,Jharkhand,phd,89.4,826000.0,1,999,1,0,0,1,1,1,70.76,Eligible
AZKMI,30,male,Madhya Pradesh,masters,68.5,394000.0,999,4,1,0,0,0,1,1,72.4,Ineligible
A023B,20,male,Manipur,bachelors,73.4,343000.0,3,999,1,0,0,1,1,1,74.36,Eligible
ARG45,34,male,Meghalaya,phd,76.0,598000.0,250,999,1,0,0,1,1,1,53.4,Eligible
BVOBC,17,male,Assam,bachelors,48.6,235000.0,5,999,1,0,0,1,1,1,64.44,Ineligible
BPVGK,14,male,Nagaland,10th,87.2,143000.0,999,999,1,0,0,1,1,1,67.88,Eligible
ARG45,26,male,Maharashtra,masters,67.9,496000.0,78,999,1,0,0,1,1,1,57.16,Eligible
ARG45,30,female,Odisha,phd,74.3,844000.0,110,999,0,0,0,1,1,1,52.72,Ineligible
ARG45,26,male,Manipur,masters,94.5,397000.0,85,999,1,0,0,1,1,1,72.8,Eligible
A023B,18,male,Andhra Pradesh,masters,84.6,471000.0,3,999,1,0,0,1,1,1,73.84,Eligible
BVOBC,23,male,Tamil Nadu,12th,70.3,275000.0,6,999,1,0,0,1,1,1,73.12,Ineligible
AZKMI,26,female,Chhattisgarh,phd,53.8,367000.0,999,6,1,0,0,1,1,1,71.52,Ineligible
BVOBC,20,male,Andhra Pradesh,12th,91.8,316000.0,250,999,1,0,0,1,0,1,64.72,Ineligible
ARG45,23,female,Sikkim,phd,79.4,568000.0,72,999,1,0,0,1,1,1,66.76,Eligible
BPVGK,15,male,Andhra Pradesh,10th,48.4,199000.0,999,999,1,0,0,1,1,1,52.36,Ineligible
ARG45,36,male,Gujarat,masters,74.4,364000.0,110,999,1,0,0,1,1,1,57.76,Eligible
BVOBC,21,female,Tripura,12th,94.4,54000.0,250,999,1,0,0,1,1,1,75.76,Eligible
ARG45,22,female,Assam,phd,50.9,228000.0,1,999,1,0,0,1,0,1,70.36,Ineligible
AZKMI,36,male,Tripura,masters,87.4,567000.0,999,32,1,0,0,0,1,1,74.96,Ineligible
BVOBC,22,male,Gujarat,12th,73.2,80000.0,2,999,1,0,0,1,1,1,79.28,Eligible
ARG45,25,female,Maharashtra,phd,93.7,638000.0,59,999,1,0,0,1,1,1,67.48,Eligible
BVOBC,19,female,Kerala,12th,79.3,400000.0,2,999,1,0,0,1,1,1,81.72,Ineligible
A023B,21,male,Kerala,bachelors,81.7,654000.0,1,999,1,0,0,1,1,1,67.68,Ineligible
BVOBC,19,male,Gujarat,bachelors,74.9,136000.0,1,999,1,0,0,1,1,1,79.96,Eligible
ARG45,31,female,Tamil Nadu,masters,51.7,218000.0,1,999,1,0,0,1,1,1,70.68,Ineligible
BVOBC,19,male,Madhya Pradesh,bachelors,64.9,153000.0,110,999,1,0,0,1,1,1,58.96,Eligible
ARG45,25,female,Maharashtra,phd,89.9,557000.0,1,999,1,0,0,1,1,1,80.96,Eligible
BVOBC,18,male,Tripura,bachelors,78.0,132000.0,78,999,1,0,0,1,1,1,71.2,Eligible
ARG45,28,female,Sikkim,masters,54.1,576000.0,72,999,1,0,0,0,1,1,56.64,Ineligible
A023B,18,male,Meghalaya,masters,84.5,183000.0,2,999,1,0,0,1,1,1,83.8,Eligible
A023B,22,female,Assam,bachelors,70.9,255000.0,65,999,1,0,0,1,1,1,68.36,Eligible
ARG45,32,female,Kerala,phd,94.1,876000.0,85,999,1,0,0,1,1,1,67.64,Eligible
A023B,25,male,Jharkhand,masters,62.4,496000.0,140,999,1,0,0,1,1,1,47.96,Ineligible
ARG45,31,male,Maharashtra,phd,79.3,406000.0,140,999,1,0,0,0,0,1,54.72,Borderline
ARG45,23,female,Rajasthan,masters,59.1,728000.0,1,999,1,0,0,1,1,1,63.64,Eligible
BPVGK,15,male,Rajasthan,10th,84.0,73000.0,999,999,1,0,0,1,0,0,66.6,Borderline
ARG45,27,male,Chhattisgarh,masters,69.7,357000.0,1,999,1,0,0,1,1,1,72.88,Eligible
ARG45,33,female,Nagaland,phd,64.4,297000.0,250,999,1,0,0,1,1,1,58.76,Eligible
ARG45,30,female,Odisha,masters,93.1,135000.0,3,999,1,0,0,0,1,1,92.24,Ineligible
AZKMI,25,male,Andhra Pradesh,masters,50.2,993000.0,999,8,1,0,0,1,1,1,55.08,Ineligible
AZKMI,23,female,Manipur,phd,74.2,647000.0,999,1,1,0,0,1,1,1,69.68,Ineligible
A023B,24,male,Arunachal Pradesh,bachelors,58.3,103000.0,1,999,0,0,0,1,1,1,73.32,Ineligible
BPVGK,16,male,Mizoram,10th,65.3,310000.0,999,999,1,0,0,0,0,1,54.12,Ineligible
BPVGK,16,female,Andhra Pradesh,10th,93.5,32000.0,999,999,1,0,0,1,1,1,75.4,Eligible
BVOBC,20,male,Tripura,bachelors,54.7,223000.0,88,999,1,0,0,1,1,1,56.88,Eligible
AZKMI,36,male,Telangana,phd,72.8,211000.0,999,8,1,0,0,1,0,1,74.12,Ineligible
ARG45,22,male,Tamil Nadu,phd,70.1,357000.0,6,999,0,0,0,1,1,1,73.04,Ineligible
ARG45,30,male,Sikkim,masters,82.4,345000.0,250,999,1,0,0,1,1,1,60.96,Eligible
ARG45,29,male,Madhya Pradesh,masters,83.0,201000.0,2,999,1,0,0,1,1,1,78.2,Eligible
ARG45,32,male,Gujarat,masters,65.4,519000.0,72,999,1,0,0,1,1,1,56.16,Eligible
AZKMI,24,male,Kerala,postdoc,56.3,842000.0,999,37,1,0,0,1,0,1,57.52,Ineligible
ARG45,33,male,Andhra Pradesh,phd,52.3,651000.0,65,999,1,0,0,1,1,1,45.92,Ineligible
BPVGK,17,female,Rajasthan,10th,80.7,188000.0,999,999,1,0,0,1,1,1,70.28,Eligible
BPVGK,15,female,Rajasthan,10th,90.8,42000.0,999,999,1,0,0,1,1,0,74.32,Borderline
ARG45,36,male,Andhra Pradesh,phd,87.9,94000.0,65,999,0,0,0,1,1,1,75.16,Ineligible
ARG45,35,male,Madhya Pradesh,phd,85.6,550000.0,2,999,1,0,0,1,1,1,74.24,Eligible
BVOBC,18,male,Odisha,bachelors,64.4,358000.0,72,999,1,1,79,1,0,1,65.76,Ineligible
BVOBC,22,female,Chhattisgarh,12th,87.3,400000.0,5,999,1,0,0,1,1,1,84.92,Ineligible
ARG45,23,male,Rajasthan,phd,71.7,137000.0,5,999,1,0,0,1,0,1,78.68,Borderline
A023B,25,female,Gujarat,bachelors,69.6,317000.0,6,999,1,0,0,1,1,1,77.84,Eligible
ARG45,25,male,Tripura,masters,82.5,126000.0,95,999,1,0,0,1,1,1,73.0,Eligible
ARG45,31,female,Nagaland,phd,53.1,456000.0,95,999,1,0,0,1,1,1,56.24,Ineligible
BPVGK,17,female,Odisha,10th,46.4,280000.0,999,999,1,0,0,1,0,1,51.56,Ineligible
AZKMI,33,female,Nagaland,postdoc,52.7,359000.0,999,32,1,0,0,1,0,1,71.08,Ineligible
AZKMI,34,female,Rajasthan,masters,93.1,518000.0,999,8,1,0,0,1,1,1,82.24,Eligible
BPVGK,17,female,Nagaland,10th,71.3,55000.0,999,999,1,0,0,1,1,1,66.52,Eligible
ARG45,32,male,Arunachal Pradesh,phd,80.0,606000.0,1,999,1,0,0,1,1,1,67.0,Eligible
ARG45,33,male,Karnataka,masters,79.8,109000.0,2,999,0,0,0,1,0,1,81.92,Ineligible
AZKMI,28,female,Telangana,masters,64.4,452000.0,999,3,1,0,0,1,1,1,70.76,Eligible
ARG45,28,female,Karnataka,phd,70.3,567000.0,78,999,0,0,0,1,1,1,63.12,Ineligible
ARG45,33,male,Maharashtra,phd,72.0,458000.0,1,999,1,0,0,1,1,1,68.8,Eligible
ARG45,36,male,Kerala,masters,70.7,626000.0,59,999,1,0,0,1,1,1,53.28,Eligible
AZKMI,29,male,Sikkim,phd,67.3,644000.0,999,2,1,0,0,1,1,1,61.92,Ineligible
ARG45,22,male,Gujarat,masters,63.0,849000.0,65,999,0,0,0,1,1,1,50.2,Ineligible
BPVGK,17,male,Telangana,10th,79.4,156000.0,999,999,1,0,0,1,1,1,64.76,Eligible
BPVGK,17,female,Maharashtra,10th,66.9,142000.0,999,999,1,0,0,1,1,1,64.76,Eligible
ARG45,22,female,Meghalaya,masters,89.2,736000.0,2,999,1,0,0,1,1,1,75.68,Eligible
BVOBC,20,male,Tripura,12th,95.1,225000.0,2,999,1,0,0,1,1,1,83.04,Eligible
BPVGK,17,female,Arunachal Pradesh,10th,80.9,155000.0,999,999,1,0,0,1,1,1,70.36,Eligible
BVOBC,18,female,Madhya Pradesh,bachelors,63.3,100000.0,3,999,1,0,0,1,1,1,80.32,Eligible
BVOBC,22,female,Kerala,12th,74.2,48000.0,65,999,1,0,0,1,1,1,74.68,Eligible
ARG45,31,male,Sikkim,masters,65.5,526000.0,1,999,1,0,0,1,1,1,66.2,Eligible
AZKMI,26,female,Telangana,masters,89.9,841000.0,999,1,0,0,0,1,1,1,75.96,Ineligible
ARG45,36,male,Kerala,phd,57.0,87000.0,65,999,1,0,0,1,1,1,62.8,Eligible
BVOBC,20,male,Assam,bachelors,56.8,85000.0,2,999,1,0,0,1,1,1,72.72,Eligible
BVOBC,24,male,Sikkim,bachelors,70.6,203000.0,2,999,1,1,48,1,1,1,78.24,Eligible
BVOBC,18,male,Tripura,bachelors,84.9,153000.0,88,999,1,0,0,1,1,1,73.96,Eligible
AZKMI,37,male,Assam,phd,93.9,313000.0,999,32,1,0,0,1,1,1,82.56,Ineligible
A023B,19,female,Karnataka,masters,77.0,327000.0,2,999,1,0,0,1,0,1,80.8,Borderline
ARG45,31,male,Maharashtra,masters,90.6,539000.0,85,999,1,0,0,1,1,1,66.24,Eligible
BVOBC,17,female,Andhra Pradesh,bachelors,69.3,341000.0,250,999,1,0,0,1,1,1,60.72,Ineligible
BPVGK,16,male,Assam,10th,90.4,121000.0,999,999,1,0,0,1,1,1,69.16,Eligible
AZKMI,27,male,Chhattisgarh,postdoc,50.6,141000.0,999,32,0,0,0,1,1,1,70.24,Ineligible
AZKMI,27,male,Mizoram,postdoc,93.2,598000.0,999,14,1,0,0,1,1,1,77.28,Eligible
BVOBC,22,female,Kerala,bachelors,57.1,239000.0,110,999,1,0,0,1,1,1,55.84,Eligible
BVOBC,22,male,Gujarat,bachelors,78.4,306000.0,1,999,1,0,0,1,1,1,76.36,Ineligible
BVOBC,23,male,Rajasthan,12th,90.8,126000.0,3,999,1,0,0,1,1,1,86.32,Eligible
ARG45,31,female,Gujarat,phd,88.7,878000.0,250,999,1,0,0,1,1,1,58.48,Eligible
BVOBC,17,female,Jharkhand,12th,52.5,107000.0,110,999,1,0,0,1,1,1,59.0,Eligible
BVOBC,23,female,Nagaland,12th,61.4,340000.0,1,999,1,0,0,1,0,1,74.56,Ineligible
AZKMI,21,male,Manipur,masters,77.6,270000.0,999,6,1,0,0,1,1,1,76.04,Eligible
BVOBC,19,male,Mizoram,bachelors,95.4,178000.0,250,999,1,0,0,1,1,0,71.16,Borderline
BVOBC,20,female,Madhya Pradesh,12th,60.5,202000.0,78,999,1,0,0,1,1,1,64.2,Eligible
ARG45,34,female,Telangana,phd,83.5,108000.0,65,999,1,0,0,1,1,1,78.4,Eligible
ARG45,33,male,Manipur,phd,53.0,502000.0,140,999,1,0,0,1,1,1,44.2,Ineligible
ARG45,31,female,Gujarat,masters,57.7,625000.0,2,999,1,0,0,1,1,1,63.08,Eligible
A023B,22,female,Karnataka,bachelors,86.1,476000.0,110,999,1,0,0,1,1,1,62.44,Ineligible
AZKMI,32,female,Arunachal Pradesh,postdoc,60.2,325000.0,999,3,1,0,0,1,1,1,74.08,Eligible
A023B,24,male,Arunachal Pradesh,bachelors,60.4,81000.0,59,999,1,0,0,1,1,1,64.16,Eligible
BPVGK,17,female,Tamil Nadu,10th,56.1,301000.0,999,999,1,0,0,1,1,1,55.44,Ineligible
BPVGK,17,male,Telangana,10th,60.8,103000.0,999,999,1,0,0,1,1,1,57.32,Eligible
ARG45,33,male,Chhattisgarh,phd,54.9,702000.0,72,999,1,0,0,1,1,1,46.96,Ineligible
AZKMI,36,male,Tripura,phd,79.3,689000.0,999,21,0,0,0,1,1,1,66.72,Ineligible
ARG45,22,male,Nagaland,phd,83.9,468000.0,6,999,1,0,0,1,1,1,73.56,Eligible
A023B,25,female,Gujarat,masters,59.7,470000.0,65,999,1,1,62,1,1,1,63.88,Eligible
BPVGK,14,female,Rajasthan,10th,63.0,246000.0,999,999,1,0,0,1,1,1,58.2,Eligible
A023B,25,male,Meghalaya,masters,96.1,659000.0,2,999,1,0,0,1,1,1,73.44,Ineligible
ARG45,25,female,Tripura,masters,86.4,588000.0,140,999,1,0,0,1,1,1,62.56,Eligible
ARG45,24,male,Karnataka,phd,87.9,159000.0,59,999,1,1,58,1,1,1,80.16,Eligible
A023B,23,male,Tamil Nadu,masters,63.3,286000.0,1,999,1,0,0,1,1,1,70.32,Eligible
BVOBC,20,female,Telangana,bachelors,89.9,130000.0,2,999,1,0,0,1,1,1,90.96,Eligible
BPVGK,14,male,Telangana,10th,84.7,36000.0,999,999,1,0,0,1,1,1,66.88,Eligible
ARG45,32,female,Arunachal Pradesh,masters,78.3,694000.0,78,999,1,0,0,1,0,1,61.32,Borderline
ARG45,36,female,Rajasthan,phd,79.7,296000.0,85,999,1,0,0,1,1,1,71.88,Eligible
BPVGK,16,other,Mizoram,10th,91.4,95000.0,999,999,1,0,0,1,1,1,69.56,Eligible
BVOBC,17,other,Odisha,12th,79.3,199000.0,140,999,1,1,48,1,1,1,69.72,Eligible
AZKMI,33,male,Nagaland,masters,57.8,839000.0,999,32,1,0,0,1,1,1,58.12,Ineligible
AZKMI,26,male,Odisha,postdoc,76.3,956000.0,999,2,1,0,0,1,1,1,65.52,Ineligible
ARG45,26,female,Maharashtra,masters,53.6,149000.0,59,999,1,0,0,1,1,1,66.44,Ineligible
BVOBC,22,male,Karnataka,bachelors,63.0,209000.0,59,999,1,0,0,1,1,1,60.2,Eligible
A023B,19,male,Mizoram,masters,73.3,600000.0,85,999,1,1,43,1,1,1,64.32,Eligible
ARG45,36,male,Karnataka,masters,86.8,487000.0,95,999,1,0,0,1,1,1,64.72,Eligible
ARG45,26,male,Kerala,phd,75.8,215000.0,72,999,1,0,0,1,1,1,65.32,Eligible
BPVGK,16,male,Assam,10th,59.6,144000.0,999,999,1,0,0,1,1,1,56.84,Eligible
BVOBC,19,female,Arunachal Pradesh,12th,89.9,308000.0,72,999,1,0,0,1,1,1,75.96,Ineligible
A023B,21,other,Sikkim,masters,68.5,491000.0,6,999,1,0,0,1,1,1,67.4,Eligible
A023B,24,male,Madhya Pradesh,bachelors,74.7,373000.0,140,999,1,0,0,1,0,1,57.88,Ineligible
BVOBC,19,male,Sikkim,12th,52.1,297000.0,1,999,1,0,0,1,1,1,65.84,Ineligible
BVOBC,18,female,Madhya Pradesh,bachelors,63.6,56000.0,2,999,1,0,0,1,1,1,80.44,Eligible
ARG45,26,male,Arunachal Pradesh,masters,73.7,882000.0,5,999,1,0,0,1,1,1,64.48,Eligible
A023B,18,male,Odisha,masters,77.3,316000.0,1,999,1,0,0,1,1,0,75.92,Borderline
ARG45,27,female,Kerala,phd,76.8,494000.0,1,999,1,0,0,1,1,1,75.72,Eligible
ARG45,35,male,Arunachal Pradesh,phd,71.4,758000.0,85,999,1,0,0,1,1,1,53.56,Eligible
A023B,19,female,Mizoram,bachelors,72.0,728000.0,5,999,1,0,0,1,1,1,68.8,Ineligible
BPVGK,17,male,Kerala,10th,55.2,317000.0,999,999,1,0,0,1,1,1,50.08,Ineligible
BVOBC,18,male,Kerala,12th,76.5,261000.0,59,999,1,0,0,1,1,1,65.6,Ineligible
A023B,18,male,Tamil Nadu,masters,82.7,153000.0,78,999,1,0,0,1,1,1,73.08,Eligible
ARG45,25,male,Kerala,phd,78.1,131000.0,3,999,1,0,0,1,1,1,81.24,Eligible
BPVGK,17,male,Sikkim,10th,54.0,85000.0,999,999,1,0,0,1,1,1,54.6,Eligible
ARG45,33,female,Nagaland,masters,65.5,653000.0,65,999,1,0,0,1,1,1,56.2,Eligible
BVOBC,20,female,Jharkhand,bachelors,47.5,386000.0,250,999,1,0,0,1,1,1,52.0,Ineligible
BVOBC,20,female,Tamil Nadu,12th,51.7,249000.0,250,999,1,0,0,1,1,1,53.68,Eligible
ARG45,23,female,Odisha,phd,52.9,332000.0,78,999,1,0,0,1,1,1,61.16,Ineligible
A023B,25,male,Tripura,masters,65.1,697000.0,2,999,1,0,0,1,0,1,61.04,Ineligible
ARG45,31,male,Jharkhand,masters,66.2,657000.0,2,999,1,0,0,1,1,1,61.48,Eligible
BPVGK,14,male,Telangana,10th,61.5,329000.0,999,999,1,0,0,1,1,1,52.6,Ineligible
BVOBC,17,female,Kerala,bachelors,65.2,215000.0,250,999,1,0,0,1,1,1,59.08,Eligible
A023B,22,female,Andhra Pradesh,masters,88.4,537000.0,6,999,1,0,0,1,1,1,80.36,Eligible
A023B,25,female,Madhya Pradesh,bachelors,70.1,102000.0,72,999,1,0,0,1,1,1,73.04,Eligible
ARG45,24,female,Nagaland,masters,72.6,517000.0,2,999,1,0,0,1,1,1,74.04,Eligible
ARG45,22,male,Odisha,phd,80.2,513000.0,78,999,1,0,0,1,1,1,62.08,Eligible
A023B,18,male,Chhattisgarh,bachelors,92.6,251000.0,85,999,1,0,0,1,1,1,72.04,Eligible
BPVGK,17,male,Tamil Nadu,10th,59.6,229000.0,999,999,1,0,0,1,1,1,51.84,Eligible
ARG45,22,male,Gujarat,masters,75.6,223000.0,2,999,1,0,0,1,1,1,75.24,Eligible
ARG45,28,male,Madhya Pradesh,phd,60.6,240000.0,3,999,1,0,0,1,1,1,69.24,Eligible
AZKMI,29,female,Kerala,postdoc,51.5,566000.0,999,650,1,0,0,1,0,1,45.6,Ineligible
ARG45,35,male,Rajasthan,phd,65.4,388000.0,5,999,1,0,0,1,1,1,71.16,Eligible
ARG45,33,female,Manipur,masters,74.4,154000.0,2,999,1,0,0,1,1,1,84.76,Eligible
A023B,22,male,Andhra Pradesh,bachelors,84.6,511000.0,6,999,1,1,60,1,1,1,78.84,Eligible
A023B,24,male,Gujarat,bachelors,68.8,113000.0,95,999,1,0,0,1,1,1,67.52,Eligible
BVOBC,22,male,Madhya Pradesh,bachelors,52.8,355000.0,95,999,1,0,0,1,1,1,56.12,Ineligible
AZKMI,37,male,Mizoram,masters,56.6,677000.0,999,6,1,0,0,1,1,1,57.64,Ineligible
BPVGK,17,male,Maharashtra,10th,47.4,317000.0,999,999,1,0,0,0,1,1,46.96,Ineligible
A023B,20,male,Chhattisgarh,masters,69.6,760000.0,65,999,1,0,0,1,1,0,52.84,Ineligible
ARG45,26,female,Kerala,masters,94.6,833000.0,59,999,0,0,0,1,1,1,67.84,Ineligible
ARG45,28,male,Mizoram,masters,65.1,486000.0,2,999,1,0,0,1,1,1,66.04,Eligible
BPVGK,15,male,Madhya Pradesh,10th,59.7,324000.0,999,999,1,0,0,1,1,1,51.88,Ineligible
AZKMI,34,male,Karnataka,masters,57.5,546000.0,999,650,1,1,64,1,1,1,48.0,Ineligible
ARG45,28,female,Madhya Pradesh,masters,88.8,160000.0,78,999,1,0,0,1,1,1,80.52,Eligible
ARG45,25,female,Manipur,phd,53.8,472000.0,85,999,1,0,0,0,1,0,56.52,Ineligible
ARG45,24,female,Tripura,masters,92.1,675000.0,1,999,1,0,0,1,1,1,76.84,Eligible
ARG45,29,male,Odisha,masters,80.8,698000.0,2,999,1,0,0,1,1,0,67.32,Borderline
BPVGK,15,male,Manipur,10th,68.9,86000.0,999,999,1,0,0,1,0,1,60.56,Borderline
AZKMI,21,female,Arunachal Pradesh,phd,84.3,748000.0,999,2,1,0,0,1,1,1,73.72,Ineligible
ARG45,22,female,Gujarat,phd,78.9,754000.0,72,999,1,0,0,1,1,1,61.56,Eligible
ARG45,34,female,Sikkim,phd,51.4,159000.0,72,999,1,0,0,1,1,1,65.56,Ineligible
BVOBC,23,male,Arunachal Pradesh,bachelors,55.2,78000.0,1,999,1,0,0,1,1,1,72.08,Eligible
ARG45,22,female,Meghalaya,masters,63.6,353000.0,6,999,1,0,0,1,0,1,75.44,Borderline
BVOBC,20,female,Manipur,bachelors,84.7,106000.0,5,999,1,0,0,1,1,1,88.88,Eligible
A023B,21,female,Manipur,masters,69.2,688000.0,2,999,1,1,77,1,1,1,72.68,Ineligible
ARG45,36,female,Rajasthan,phd,59.1,860000.0,140,999,1,0,0,1,1,1,46.64,Eligible
ARG45,22,female,Gujarat,phd,73.6,463000.0,5,999,1,0,0,1,1,1,74.44,Eligible
A023B,23,female,Tamil Nadu,bachelors,81.3,635000.0,65,999,1,1,60,1,1,1,67.52,Ineligible
ARG45,23,female,Jharkhand,phd,85.3,604000.0,59,999,1,0,0,1,1,0,64.12,Borderline
BVOBC,21,female,Tripura,12th,48.8,152000.0,95,999,1,0,0,1,1,0,64.52,Ineligible
BPVGK,15,male,Jharkhand,10th,64.8,235000.0,999,999,1,0,0,1,1,1,53.92,Eligible
BVOBC,22,male,Telangana,12th,62.9,397000.0,2,999,1,0,0,1,1,0,70.16,Ineligible
BPVGK,16,female,Sikkim,10th,63.1,212000.0,999,999,1,0,0,1,1,1,58.24,Eligible
AZKMI,23,female,Odisha,masters,65.8,556000.0,999,1,1,0,0,1,1,1,71.32,Eligible
BVOBC,18,male,Sikkim,bachelors,53.9,334000.0,3,999,1,0,0,1,1,1,66.56,Ineligible
ARG45,34,female,Maharashtra,masters,53.4,531000.0,1,999,1,0,0,1,1,1,66.36,Ineligible
BPVGK,14,male,Rajasthan,10th,87.6,265000.0,999,999,1,0,0,1,1,1,63.04,Ineligible
ARG45,36,female,Maharashtra,phd,70.7,689000.0,85,999,1,0,0,1,1,1,58.28,Eligible
BVOBC,22,female,Karnataka,12th,72.5,81000.0,78,999,1,0,0,1,1,1,74.0,Eligible
A023B,18,male,Manipur,masters,80.3,741000.0,1,999,1,0,0,1,1,1,67.12,Ineligible
ARG45,22,male,Chhattisgarh,masters,79.7,690000.0,85,999,1,0,0,1,0,1,56.88,Borderline
BPVGK,16,male,Arunachal Pradesh,10th,65.8,208000.0,999,999,1,0,0,1,1,1,54.32,Eligible
ARG45,25,male,Mizoram,phd,71.2,728000.0,3,999,1,0,0,1,1,1,63.48,Eligible
A023B,22,female,Chhattisgarh,bachelors,91.3,459000.0,6,999,1,0,0,1,1,1,81.52,Eligible
BPVGK,15,female,Chhattisgarh,10th,68.1,188000.0,999,999,1,1,45,1,1,1,70.24,Eligible
BVOBC,23,female,Tripura,12th,49.3,131000.0,110,999,1,0,0,1,1,1,57.72,Ineligible
BPVGK,17,female,Sikkim,10th,50.3,131000.0,999,999,1,0,0,1,1,1,58.12,Eligible
A023B,22,female,Odisha,masters,58.7,542000.0,1,999,1,0,0,1,1,1,68.48,Eligible
A023B,22,male,Madhya Pradesh,bachelors,55.2,513000.0,5,999,1,0,0,1,1,1,62.08,Eligible
BVOBC,23,male,Tamil Nadu,bachelors,80.4,347000.0,5,999,1,0,0,1,1,1,77.16,Ineligible
ARG45,28,female,Rajasthan,masters,55.6,404000.0,6,999,1,0,0,1,1,1,67.24,Eligible
AZKMI,26,male,Kerala,masters,70.3,808000.0,999,32,1,0,0,0,1,1,63.12,Ineligible
BPVGK,16,male,Kerala,10th,93.3,92000.0,999,999,1,0,0,1,1,1,70.32,Eligible
A023B,25,male,Telangana,bachelors,85.4,127000.0,85,999,1,0,0,1,1,1,74.16,Eligible
ARG45,35,male,Kerala,phd,68.2,572000.0,5,999,1,0,0,1,1,1,67.28,Eligible
BVOBC,18,female,Jharkhand,12th,92.4,296000.0,59,999,1,0,0,1,1,1,76.96,Ineligible
ARG45,34,male,Nagaland,phd,88.4,645000.0,85,999,1,0,0,1,1,1,60.36,Eligible
BVOBC,17,female,Assam,12th,54.9,227000.0,2,999,1,0,0,1,1,1,71.96,Eligible
A023B,25,male,Tamil Nadu,masters,65.7,703000.0,88,999,1,0,0,1,1,1,51.28,Ineligible
BVOBC,20,male,Odisha,12th,66.1,324000.0,5,999,1,0,0,1,1,1,71.44,Ineligible
BVOBC,20,female,Telangana,bachelors,65.3,202000.0,140,999,1,0,0,1,1,1,59.12,Eligible
AZKMI,28,other,Tripura,masters,52.3,214000.0,999,32,1,0,0,1,1,1,65.92,Ineligible
BPVGK,16,male,Tripura,10th,92.5,316000.0,999,999,1,0,0,1,1,1,65.0,Ineligible
BPVGK,14,other,Tripura,10th,90.1,103000.0,999,999,1,0,0,1,1,1,69.04,Eligible
ARG45,31,other,Jharkhand,masters,76.5,729000.0,88,999,1,0,0,1,1,1,55.6,Eligible
A023B,24,male,Chhattisgarh,bachelors,80.2,585000.0,85,999,1,0,0,1,1,1,62.08,Eligible
A023B,22,male,Madhya Pradesh,masters,78.6,517000.0,110,999,1,0,0,1,0,1,54.44,Ineligible
ARG45,36,female,Manipur,phd,64.2,618000.0,72,999,1,0,0,1,1,1,55.68,Eligible
BVOBC,18,male,Arunachal Pradesh,bachelors,72.3,227000.0,3,999,1,1,57,1,1,1,78.92,Eligible
A023B,23,female,Karnataka,masters,94.2,461000.0,65,999,0,0,0,1,1,1,72.68,Ineligible
ARG45,32,male,Kerala,masters,89.0,530000.0,85,999,0,0,0,1,1,1,65.6,Ineligible
AZKMI,28,female,Andhra Pradesh,phd,63.5,608000.0,999,8,1,0,0,1,1,1,65.4,Ineligible
ARG45,29,male,Arunachal Pradesh,phd,58.2,420000.0,1,999,1,0,0,1,1,1,63.28,Eligible
ARG45,29,female,Karnataka,phd,50.3,69000.0,2,999,1,0,0,1,1,1,75.12,Ineligible
BVOBC,23,male,Arunachal Pradesh,12th,51.4,63000.0,6,999,1,0,0,1,1,1,70.56,Eligible
BVOBC,17,female,Jharkhand,bachelors,85.7,252000.0,88,999,1,0,0,0,1,1,74.28,Ineligible
BVOBC,18,male,Kerala,12th,48.2,50000.0,3,999,1,0,0,1,1,0,69.28,Ineligible
ARG45,33,female,Kerala,phd,70.8,639000.0,78,999,1,0,0,1,1,1,58.32,Eligible
ARG45,35,male,Mizoram,masters,66.4,806000.0,95,999,1,0,0,1,1,1,51.56,Eligible
AZKMI,26,female,Jharkhand,phd,60.5,492000.0,999,6,1,0,0,1,1,1,69.2,Eligible
A023B,18,male,Odisha,masters,82.3,315000.0,1,999,1,0,0,1,1,1,77.92,Eligible
A023B,24,female,Gujarat,bachelors,56.5,638000.0,6,999,1,0,0,1,1,1,62.6,Ineligible
BVOBC,18,male,Meghalaya,12th,60.2,378000.0,2,999,1,0,0,1,1,1,69.08,Ineligible
BPVGK,16,male,Maharashtra,10th,69.5,65000.0,999,999,1,0,0,1,1,1,60.8,Eligible
A023B,20,male,Madhya Pradesh,bachelors,78.1,274000.0,1,999,1,0,0,1,1,1,76.24,Eligible
A023B,23,female,Chhattisgarh,bachelors,64.7,103000.0,1,999,1,0,0,0,1,1,80.88,Ineligible
BVOBC,20,male,Tamil Nadu,bachelors,91.1,110000.0,72,999,1,0,0,1,1,1,76.44,Eligible
BVOBC,19,male,Madhya Pradesh,bachelors,92.0,75000.0,78,999,1,0,0,1,1,1,76.8,Eligible
BVOBC,21,other,Meghalaya,12th,85.2,171000.0,85,999,1,1,54,1,1,1,79.08,Eligible
BPVGK,14,female,Karnataka,10th,64.2,79000.0,999,999,1,0,0,1,1,1,63.68,Eligible
A023B,19,male,Tripura,bachelors,88.4,87000.0,3,999,1,0,0,1,1,1,85.36,Eligible
A023B,24,female,Tripura,masters,74.5,511000.0,2,999,1,0,0,1,1,1,74.8,Eligible
ARG45,25,female,Telangana,masters,89.3,733000.0,72,999,1,0,0,1,1,1,65.72,Eligible
A023B,24,male,Madhya Pradesh,masters,57.8,583000.0,6,999,1,0,0,1,1,1,63.12,Eligible
A023B,22,male,Madhya Pradesh,bachelors,74.3,97000.0,110,999,0,0,0,1,0,1,62.72,Ineligible
A023B,20,male,Chhattisgarh,masters,83.1,700000.0,85,999,1,0,0,1,1,1,58.24,Ineligible
BVOBC,19,female,Manipur,12th,83.6,318000.0,2,999,1,0,0,1,0,1,83.44,Ineligible
BVOBC,23,male,Odisha,bachelors,90.8,287000.0,78,999,1,0,0,1,1,1,71.32,Ineligible
AZKMI,27,female,Maharashtra,phd,90.8,585000.0,999,14,1,0,0,1,0,1,81.32,Borderline
BVOBC,22,female,Assam,12th,79.0,76000.0,110,999,1,0,0,1,1,1,69.6,Eligible
BVOBC,18,other,Nagaland,bachelors,70.4,50000.0,6,999,1,1,77,1,0,1,83.16,Borderline
AZKMI,36,male,Assam,postdoc,66.9,963000.0,999,650,1,0,0,1,1,0,41.76,Ineligible
BVOBC,21,male,Karnataka,12th,48.8,297000.0,59,999,1,0,0,1,1,1,54.52,Ineligible
BVOBC,17,male,Tamil Nadu,bachelors,89.0,347000.0,3,999,1,0,0,1,1,1,80.6,Ineligible
AZKMI,26,female,Tamil Nadu,phd,93.1,252000.0,999,14,0,0,0,1,1,1,87.24,Ineligible
BVOBC,24,male,Jharkhand,12th,56.2,84000.0,72,999,1,0,0,1,1,1,62.48,Eligible
BVOBC,22,female,Rajasthan,bachelors,54.5,195000.0,65,999,1,0,0,1,1,1,66.8,Eligible
BVOBC,20,female,Gujarat,bachelors,48.5,85000.0,110,999,1,0,0,1,1,1,57.4,Ineligible
ARG45,26,female,Meghalaya,phd,88.9,259000.0,2,999,1,0,0,1,1,1,85.56,Eligible
BVOBC,18,female,Sikkim,12th,91.3,329000.0,5,999,1,0,0,1,1,1,86.52,Ineligible
ARG45,22,female,Nagaland,phd,77.6,403000.0,95,999,1,0,0,1,1,0,66.04,Borderline
BVOBC,22,female,Chhattisgarh,12th,59.8,92000.0,250,999,1,0,0,1,1,1,61.92,Eligible
A023B,20,male,Manipur,masters,66.0,754000.0,5,999,1,0,0,1,0,1,61.4,Ineligible
A023B,18,male,Sikkim,masters,95.4,132000.0,2,999,1,0,0,1,1,1,88.16,Eligible
ARG45,28,male,Arunachal Pradesh,masters,65.4,468000.0,3,999,1,0,0,1,1,1,66.16,Eligible
AZKMI,29,female,Manipur,phd,86.2,685000.0,999,1,1,0,0,1,1,1,74.48,Ineligible
A023B,24,male,Jharkhand,masters,59.3,764000.0,3,999,1,0,0,1,1,1,58.72,Ineligible
ARG45,34,male,Telangana,masters,83.7,508000.0,78,999,1,0,0,0,1,1,63.48,Ineligible
BPVGK,14,male,Mizoram,10th,45.5,234000.0,999,999,1,0,0,1,1,1,46.2,Ineligible
ARG45,31,male,Odisha,masters,76.6,819000.0,250,999,1,1,44,1,1,1,53.64,Eligible
BVOBC,22,female,Mizoram,bachelors,76.3,220000.0,95,999,1,0,0,1,1,1,70.52,Eligible
ARG45,28,female,Maharashtra,masters,73.9,865000.0,3,999,1,0,0,1,1,1,69.56,Eligible
ARG45,34,female,Gujarat,phd,55.8,341000.0,5,999,1,0,0,1,1,1,72.32,Eligible
ARG45,30,female,Maharashtra,masters,60.0,755000.0,78,999,1,0,0,1,1,1,54.0,Eligible
A023B,23,female,Gujarat,bachelors,75.4,588000.0,65,999,1,0,0,1,1,1,65.16,Eligible
BVOBC,18,female,Karnataka,12th,84.7,385000.0,6,999,1,0,0,1,1,1,83.88,Ineligible
AZKMI,37,male,Tripura,postdoc,82.1,523000.0,999,2,1,0,0,1,1,1,72.84,Ineligible
BPVGK,17,male,Gujarat,10th,79.5,267000.0,999,999,1,0,0,1,1,1,59.8,Ineligible
BPVGK,15,male,Gujarat,10th,69.9,132000.0,999,999,1,0,0,0,1,1,60.96,Ineligible
A023B,25,female,Tamil Nadu,bachelors,87.5,401000.0,88,999,1,0,0,1,0,1,70.0,Borderline
AZKMI,23,male,Sikkim,postdoc,77.3,961000.0,999,8,1,0,0,1,1,1,65.92,Ineligible
BVOBC,19,female,Assam,12th,72.1,63000.0,110,999,1,0,0,0,1,1,66.84,Ineligible
BVOBC,21,female,Rajasthan,bachelors,68.5,124000.0,110,999,1,0,0,1,1,1,65.4,Eligible
AZKMI,34,male,Assam,phd,83.3,462000.0,999,21,1,0,0,1,1,1,73.32,Eligible
A023B,21,male,Nagaland,masters,69.3,630000.0,5,999,1,1,68,1,1,1,67.72,Ineligible
AZKMI,26,male,Manipur,postdoc,94.7,456000.0,999,1,1,1,63,1,0,1,82.88,Borderline
BVOBC,22,female,Assam,bachelors,86.3,262000.0,140,999,1,0,0,1,1,1,67.52,Ineligible
BVOBC,17,female,Karnataka,12th,90.9,358000.0,95,999,1,0,0,1,1,1,76.36,Ineligible
AZKMI,28,male,Chhattisgarh,postdoc,86.1,863000.0,999,14,1,0,0,1,1,1,69.44,Ineligible
A023B,21,female,Assam,masters,74.2,696000.0,59,999,1,0,0,1,1,1,59.68,Ineligible
ARG45,35,male,Jharkhand,phd,85.0,784000.0,72,999,1,0,0,1,1,1,59.0,Eligible
ARG45,28,male,Manipur,phd,81.8,745000.0,6,999,1,0,0,1,1,1,67.72,Eligible
A023B,24,female,Mizoram,bachelors,83.4,318000.0,5,999,1,0,0,1,1,1,83.36,Eligible
BVOBC,20,female,Nagaland,bachelors,49.1,255000.0,3,999,1,0,0,1,1,1,69.64,Ineligible
ARG45,30,male,Andhra Pradesh,masters,61.3,657000.0,250,999,1,0,0,1,1,1,42.52,Eligible
A023B,24,female,Karnataka,masters,83.8,652000.0,1,999,1,0,0,1,1,1,73.52,Ineligible
AZKMI,29,female,Kerala,postdoc,79.1,636000.0,999,650,0,0,0,1,1,1,51.64,Ineligible
AZKMI,33,female,Meghalaya,phd,71.4,193000.0,999,4,1,0,0,1,1,0,83.56,Borderline
ARG45,34,other,Kerala,phd,87.0,490000.0,6,999,1,0,0,1,1,1,74.8,Eligible
AZKMI,33,male,Maharashtra,masters,77.4,255000.0,999,32,1,0,0,1,1,1,75.96,Eligible
AZKMI,21,male,Gujarat,postdoc,72.1,266000.0,999,32,1,0,0,1,1,1,73.84,Eligible
A023B,20,male,Manipur,masters,57.0,146000.0,1,999,1,0,0,1,1,1,72.8,Eligible
BPVGK,15,male,Kerala,10th,49.1,223000.0,999,999,1,0,0,1,1,1,47.64,Ineligible
AZKMI,33,female,Meghalaya,postdoc,50.2,373000.0,999,3,1,1,54,1,1,1,75.08,Ineligible
BVOBC,23,female,Tripura,12th,71.2,380000.0,59,999,1,0,0,1,1,1,68.48,Ineligible
BVOBC,24,male,Sikkim,12th,57.6,54000.0,88,999,1,0,0,1,1,1,63.04,Eligible
A023B,24,female,Chhattisgarh,masters,61.2,784000.0,2,999,1,0,0,1,1,1,64.48,Ineligible
AZKMI,29,male,Assam,postdoc,91.3,395000.0,999,8,1,0,0,1,1,1,81.52,Eligible
ARG45,29,female,Arunachal Pradesh,masters,75.2,121000.0,85,999,1,0,0,1,1,1,75.08,Eligible
AZKMI,23,male,Nagaland,phd,86.9,203000.0,999,1,1,0,0,1,1,1,79.76,Eligible
A023B,23,male,Telangana,bachelors,81.7,182000.0,3,999,1,0,0,1,1,1,82.68,Eligible
ARG45,31,male,Rajasthan,phd,79.6,544000.0,5,999,0,0,0,1,1,1,71.84,Ineligible
A023B,19,female,Telangana,masters,85.9,601000.0,6,999,1,0,0,1,1,1,74.36,Ineligible
ARG45,33,female,Tamil Nadu,masters,75.9,416000.0,140,999,1,0,0,1,1,1,58.36,Eligible
BVOBC,17,male,Telangana,12th,78.1,342000.0,65,999,1,0,0,1,1,1,66.24,Ineligible
ARG45,33,male,Nagaland,masters,78.7,739000.0,59,999,1,0,0,1,0,1,56.48,Borderline
A023B,25,female,Nagaland,bachelors,89.9,468000.0,2,999,1,0,0,1,1,1,80.96,Eligible
ARG45,35,male,Assam,masters,94.0,792000.0,140,999,1,0,0,1,1,1,55.6,Eligible
BVOBC,18,male,Kerala,bachelors,54.5,126000.0,140,999,1,0,0,1,1,1,54.8,Eligible
BPVGK,17,male,Tamil Nadu,10th,89.4,83000.0,999,999,1,0,0,0,1,1,68.76,Ineligible
ARG45,24,female,Andhra Pradesh,masters,73.1,767000.0,78,999,1,0,0,0,1,1,59.24,Ineligible
ARG45,30,male,Tamil Nadu,masters,83.7,817000.0,72,999,1,0,0,1,1,1,58.48,Eligible
ARG45,23,other,Karnataka,masters,86.2,156000.0,59,999,1,0,0,1,1,0,74.48,Borderline
A023B,21,male,Maharashtra,bachelors,55.7,228000.0,5,999,1,0,0,1,1,0,67.28,Borderline
AZKMI,23,male,Chhattisgarh,phd,94.9,988000.0,999,21,1,0,0,1,0,1,72.96,Ineligible
BPVGK,15,male,Karnataka,10th,75.7,109000.0,999,999,1,0,0,1,1,1,63.28,Eligible
AZKMI,22,male,Tamil Nadu,postdoc,69.0,137000.0,999,650,1,0,0,1,1,1,57.6,Ineligible
A023B,21,male,Manipur,masters,66.2,107000.0,1,999,1,0,0,1,1,1,76.48,Eligible
ARG45,25,female,Kerala,masters,76.1,644000.0,6,999,1,0,0,1,1,1,70.44,Eligible
A023B,19,female,Jharkhand,bachelors,64.8,150000.0,85,999,1,0,0,1,1,1,70.92,Eligible
BPVGK,17,female,Manipur,10th,49.6,324000.0,999,999,1,0,0,1,1,1,52.84,Ineligible
ARG45,27,female,Rajasthan,phd,71.5,345000.0,85,999,1,0,0,1,1,1,68.6,Eligible
BVOBC,20,female,Arunachal Pradesh,12th,87.6,348000.0,78,999,1,0,0,1,1,1,75.04,Ineligible
ARG45,22,female,Mizoram,masters,90.0,289000.0,72,999,1,0,0,1,1,1,76.0,Eligible
BPVGK,14,female,Assam,10th,77.1,334000.0,999,999,1,0,0,1,1,1,63.84,Ineligible
ARG45,23,female,Andhra Pradesh,masters,51.4,647000.0,2,999,1,0,0,1,1,1,60.56,Ineligible
BVOBC,17,male,Jharkhand,bachelors,58.8,99000.0,140,999,1,0,0,1,1,1,56.52,Eligible
BVOBC,17,male,Gujarat,bachelors,77.2,260000.0,5,999,1,0,0,1,1,0,75.88,Ineligible
A023B,19,female,Sikkim,masters,75.7,134000.0,5,999,1,0,0,1,1,0,85.28,Borderline
ARG45,24,male,Gujarat,phd,56.7,562000.0,250,999,1,0,0,1,1,1,45.68,Eligible
AZKMI,32,female,Tamil Nadu,postdoc,61.3,766000.0,999,650,1,0,0,1,1,1,44.52,Ineligible
BVOBC,20,male,Telangana,bachelors,85.2,214000.0,5,999,1,0,0,1,1,1,79.08,Eligible
A023B,24,female,Assam,masters,82.8,226000.0,65,999,1,0,0,1,1,1,73.12,Eligible
A023B,23,female,Mizoram,bachelors,76.1,500000.0,2,999,1,0,0,1,0,1,75.44,Borderline
ARG45,33,female,Rajasthan,masters,84.7,135000.0,3,999,1,0,0,1,1,1,88.88,Eligible
BPVGK,15,male,Chhattisgarh,10th,54.5,313000.0,999,999,1,0,0,1,1,1,49.8,Ineligible
ARG45,29,male,Mizoram,phd,93.5,624000.0,250,999,1,0,0,1,0,1,55.4,Borderline
BVOBC,19,male,Arunachal Pradesh,bachelors,82.0,138000.0,2,999,1,1,54,1,1,1,87.8,Eligible
BPVGK,17,male,Odisha,10th,85.0,229000.0,999,999,1,0,0,1,1,1,62.0,Eligible
ARG45,23,male,Arunachal Pradesh,masters,65.1,600000.0,95,999,1,0,0,1,1,0,56.04,Borderline
BPVGK,16,male,Telangana,10th,61.6,56000.0,999,999,1,0,0,1,1,1,57.64,Eligible
BVOBC,20,female,Manipur,12th,81.9,327000.0,110,999,1,0,0,1,1,1,65.76,Ineligible
BPVGK,14,female,Rajasthan,10th,73.1,294000.0,999,999,1,0,0,1,0,1,62.24,Ineligible
ARG45,34,male,Rajasthan,phd,74.6,601000.0,85,999,1,0,0,1,1,1,54.84,Eligible
BPVGK,16,male,Gujarat,10th,74.4,339000.0,999,999,1,0,0,1,1,1,57.76,Ineligible
AZKMI,38,male,Tamil Nadu,masters,72.5,793000.0,999,14,1,0,0,0,1,1,64.0,Ineligible
BPVGK,15,female,Maharashtra,10th,76.9,146000.0,999,999,1,1,76,1,1,1,73.76,Eligible
ARG45,23,male,Andhra Pradesh,phd,82.3,864000.0,1,999,1,0,0,1,1,1,67.92,Eligible
AZKMI,33,female,Jharkhand,postdoc,75.2,561000.0,999,2,1,0,0,1,1,1,75.08,Eligible
BVOBC,22,other,Odisha,12th,91.4,134000.0,95,999,1,0,0,1,1,0,76.56,Borderline
ARG45,28,male,Kerala,masters,59.5,450000.0,1,999,1,0,0,1,1,1,63.8,Eligible
ARG45,25,male,Rajasthan,phd,72.2,461000.0,3,999,1,0,0,1,1,1,68.88,Eligible
BPVGK,16,female,Manipur,10th,45.6,57000.0,999,999,1,0,0,1,1,1,56.24,Ineligible
BVOBC,24,female,Gujarat,12th,74.5,340000.0,1,999,1,0,0,0,1,1,79.8,Ineligible
A023B,25,male,Jharkhand,bachelors,76.8,782000.0,85,999,1,1,54,1,1,1,60.72,Ineligible
BPVGK,15,female,Kerala,10th,53.4,85000.0,999,999,1,1,53,1,1,1,64.36,Eligible
ARG45,36,male,Madhya Pradesh,masters,63.0,775000.0,95,999,1,1,74,1,0,0,55.2,Borderline
BVOBC,19,male,Jharkhand,bachelors,69.4,175000.0,5,999,1,0,0,1,1,1,77.76,Eligible
ARG45,32,male,Maharashtra,masters,75.5,349000.0,78,999,0,0,0,1,1,1,65.2,Ineligible
AZKMI,33,male,Maharashtra,phd,88.0,203000.0,999,650,1,0,0,1,1,1,60.2,Ineligible
BPVGK,17,male,Telangana,10th,91.1,313000.0,999,999,1,0,0,1,1,1,64.44,Ineligible
AZKMI,27,male,Madhya Pradesh,postdoc,52.9,315000.0,999,22,1,0,0,1,0,1,66.16,Ineligible
A023B,23,female,Rajasthan,masters,83.4,297000.0,88,999,0,0,0,1,1,1,73.36,Ineligible
A023B,19,female,Arunachal Pradesh,bachelors,81.2,637000.0,6,999,1,0,0,1,1,1,72.48,Ineligible
BPVGK,17,other,Odisha,10th,56.0,93000.0,999,999,1,0,0,1,1,1,55.4,Eligible
BPVGK,15,male,Assam,10th,75.7,242000.0,999,999,1,0,0,1,1,1,58.28,Eligible
A023B,22,other,Nagaland,bachelors,90.5,673000.0,5,999,1,0,0,1,1,1,71.2,Ineligible
BPVGK,16,female,Nagaland,10th,82.4,113000.0,999,999,1,0,0,1,1,1,70.96,Eligible
A023B,23,female,Sikkim,masters,67.1,251000.0,3,999,1,0,0,1,1,1,76.84,Eligible
ARG45,27,male,Arunachal Pradesh,phd,85.8,698000.0,110,999,1,0,0,1,1,1,52.32,Eligible
A023B,21,male,Karnataka,bachelors,87.3,99000.0,85,999,1,0,0,1,1,1,74.92,Eligible
AZKMI,34,female,Andhra Pradesh,masters,57.7,925000.0,999,32,1,0,0,1,0,1,63.08,Ineligible
A023B,18,female,Meghalaya,bachelors,86.8,739000.0,1,999,1,0,0,1,1,1,74.72,Ineligible
BVOBC,18,male,Sikkim,12th,85.0,83000.0,72,999,1,0,0,1,1,1,74.0,Eligible
BPVGK,15,female,Madhya Pradesh,10th,85.3,244000.0,999,999,1,0,0,1,1,1,67.12,Eligible
AZKMI,33,male,Sikkim,postdoc,60.5,923000.0,999,6,1,0,0,1,1,1,59.2,Ineligible
BPVGK,15,female,Nagaland,10th,89.7,32000.0,999,999,1,0,0,1,1,1,73.88,Eligible
BVOBC,18,male,Manipur,bachelors,48.9,176000.0,1,999,1,0,0,1,1,1,69.56,Ineligible
AZKMI,21,male,Nagaland,phd,58.1,576000.0,999,1,1,0,0,1,1,1,63.24,Eligible
ARG45,24,female,Rajasthan,masters,76.5,267000.0,78,999,1,0,0,1,1,1,70.6,Eligible
BPVGK,15,male,Telangana,10th,52.4,81000.0,999,999,1,0,0,1,0,1,53.96,Borderline
BVOBC,23,female,Madhya Pradesh,bachelors,59.5,64000.0,110,999,1,1,50,1,1,1,66.8,Eligible
ARG45,34,other,Meghalaya,phd,93.6,582000.0,5,999,1,0,0,1,0,1,77.44,Borderline
A023B,22,male,Tamil Nadu,bachelors,94.6,418000.0,1,999,1,0,0,1,1,1,77.84,Eligible
A023B,18,female,Rajasthan,masters,63.1,146000.0,85,999,1,0,0,1,1,1,70.24,Eligible
A023B,22,female,Kerala,masters,85.1,165000.0,2,999,1,1,54,1,1,1,94.04,Eligible
BPVGK,17,male,Meghalaya,10th,58.7,220000.0,999,999,1,0,0,1,1,1,51.48,Eligible
BPVGK,15,female,Andhra Pradesh,10th,91.9,269000.0,999,999,1,0,0,1,1,1,69.76,Ineligible
ARG45,26,female,Jharkhand,phd,52.1,497000.0,72,999,1,0,0,1,1,1,55.84,Ineligible
ARG45,27,male,Mizoram,masters,57.1,568000.0,85,999,1,0,0,1,1,1,52.84,Eligible
BVOBC,23,male,Maharashtra,bachelors,80.3,61000.0,88,999,1,0,0,1,1,1,72.12,Eligible
BPVGK,16,female,Nagaland,10th,65.0,349000.0,999,999,1,0,0,1,1,1,59.0,Ineligible
BPVGK,14,female,Manipur,10th,77.2,91000.0,999,999,1,0,0,1,1,1,68.88,Eligible
BVOBC,21,male,Nagaland,12th,71.6,116000.0,5,999,1,0,0,1,1,1,78.64,Eligible
ARG45,30,female,Manipur,phd,81.2,766000.0,72,999,1,0,0,0,1,1,62.48,Ineligible
ARG45,36,male,Meghalaya,masters,55.7,770000.0,6,999,1,0,0,1,1,1,57.28,Eligible
BVOBC,20,male,Nagaland,12th,81.4,265000.0,1,999,1,0,0,1,0,1,77.56,Ineligible
A023B,25,male,Jharkhand,masters,63.0,741000.0,1,999,0,0,0,1,1,1,60.2,Ineligible
BVOBC,23,male,Manipur,bachelors,75.9,96000.0,3,999,1,0,0,1,0,1,80.36,Borderline
BVOBC,22,female,Maharashtra,12th,53.7,371000.0,1,999,1,0,0,1,1,1,71.48,Ineligible
A023B,23,male,Arunachal Pradesh,masters,85.4,754000.0,5,999,0,0,0,1,1,1,69.16,Ineligible
A023B,25,female,Andhra Pradesh,masters,58.6,487000.0,2,999,1,0,0,1,0,1,68.44,Borderline
ARG45,31,female,Arunachal Pradesh,masters,62.8,488000.0,72,999,1,0,0,1,1,1,60.12,Eligible
AZKMI,22,female,Mizoram,phd,57.2,179000.0,999,650,1,0,0,1,1,1,57.88,Ineligible
BVOBC,17,female,Tripura,bachelors,87.1,168000.0,95,999,1,0,0,1,1,1,79.84,Eligible
BVOBC,20,male,Mizoram,12th,76.2,188000.0,72,999,1,0,0,1,1,1,70.48,Eligible
BVOBC,19,female,Telangana,12th,94.7,297000.0,2,999,1,0,0,1,1,1,87.88,Ineligible
AZKMI,26,female,Mizoram,phd,69.5,942000.0,999,8,1,0,0,1,1,1,67.8,Ineligible
A023B,19,female,Odisha,bachelors,64.7,297000.0,85,999,1,0,0,1,1,1,65.88,Eligible
AZKMI,34,male,Arunachal Pradesh,phd,67.8,710000.0,999,8,1,0,0,1,1,1,62.12,Ineligible
ARG45,28,female,Meghalaya,phd,77.9,875000.0,1,999,1,0,0,1,1,1,71.16,Eligible
BPVGK,14,male,Karnataka,10th,84.0,290000.0,999,999,1,0,0,1,1,1,61.6,Ineligible
BVOBC,21,female,Meghalaya,bachelors,68.5,309000.0,250,999,1,0,0,1,1,1,60.4,Ineligible
AZKMI,23,female,Arunachal Pradesh,postdoc,71.8,829000.0,999,650,0,0,0,1,1,1,48.72,Ineligible
BVOBC,17,male,Tamil Nadu,bachelors,74.0,49000.0,85,999,1,0,0,0,1,1,69.6,Ineligible
BVOBC,22,female,Odisha,bachelors,79.7,316000.0,140,999,1,0,0,1,1,1,64.88,Ineligible
A023B,19,male,Gujarat,bachelors,83.8,108000.0,65,999,1,0,0,1,1,1,73.52,Eligible
A023B,24,male,Odisha,masters,67.0,726000.0,3,999,1,0,0,1,1,1,61.8,Ineligible
BVOBC,18,female,Assam,12th,93.6,148000.0,85,999,1,0,0,1,1,1,82.44,Eligible
AZKMI,34,female,Tripura,phd,64.1,699000.0,999,37,1,0,0,1,1,1,65.64,Ineligible
A023B,18,male,Jharkhand,masters,89.2,421000.0,6,999,1,0,0,1,1,1,75.68,Eligible
ARG45,35,female,Manipur,masters,57.4,696000.0,85,999,1,0,0,1,1,1,52.96,Eligible
BVOBC,21,male,Chhattisgarh,12th,66.9,131000.0,78,999,1,0,0,1,1,1,66.76,Eligible
A023B,21,male,Tripura,bachelors,62.1,676000.0,85,999,1,0,0,1,1,1,49.84,Ineligible
ARG45,26,male,Nagaland,masters,73.5,402000.0,6,999,1,0,0,1,1,1,69.4,Eligible
A023B,19,male,Meghalaya,bachelors,81.6,500000.0,6,999,1,0,0,0,1,1,72.64,Ineligible
BPVGK,14,female,Tamil Nadu,10th,51.7,318000.0,999,999,1,0,0,1,1,1,53.68,Ineligible
A023B,18,male,Chhattisgarh,bachelors,88.8,730000.0,2,999,1,0,0,1,1,1,70.52,Ineligible
BVOBC,18,male,Gujarat,12th,67.7,164000.0,72,999,1,0,0,1,0,1,67.08,Borderline
ARG45,34,male,Chhattisgarh,masters,60.3,754000.0,250,999,0,0,0,1,1,1,42.12,Ineligible
AZKMI,28,female,Rajasthan,postdoc,81.5,886000.0,999,2,1,0,0,1,1,1,72.6,Ineligible
AZKMI,30,female,Manipur,phd,82.0,239000.0,999,650,0,0,0,1,1,1,62.8,Ineligible
ARG45,28,male,Karnataka,masters,58.5,755000.0,1,999,1,0,0,1,1,1,58.4,Eligible
BVOBC,24,female,Nagaland,bachelors,88.5,307000.0,85,999,1,0,0,1,1,1,75.4,Ineligible
BPVGK,16,male,Tripura,10th,83.5,102000.0,999,999,1,0,0,1,1,0,66.4,Borderline
A023B,25,male,Maharashtra,masters,85.9,487000.0,5,999,0,0,0,1,1,1,74.36,Ineligible
AZKMI,37,female,Sikkim,phd,63.1,915000.0,999,3,1,0,0,1,1,1,65.24,Ineligible
BVOBC,18,female,Arunachal Pradesh,12th,52.4,132000.0,3,999,1,0,0,1,1,1,75.96,Eligible
BVOBC,19,female,Nagaland,bachelors,62.2,331000.0,250,999,1,0,0,1,1,1,57.88,Ineligible
BVOBC,22,male,Tamil Nadu,bachelors,74.1,116000.0,65,999,1,0,0,1,1,1,69.64,Eligible
BVOBC,24,female,Karnataka,12th,88.7,117000.0,2,999,1,0,0,1,1,1,90.48,Eligible
BPVGK,17,male,Maharashtra,10th,61.3,132000.0,999,999,1,0,0,1,1,0,57.52,Borderline
AZKMI,24,female,Chhattisgarh,phd,69.9,398000.0,999,21,0,0,0,1,1,1,77.96,Ineligible
BVOBC,22,female,Chhattisgarh,bachelors,52.5,351000.0,250,999,1,0,0,1,1,1,54.0,Ineligible
ARG45,24,female,Kerala,phd,81.0,542000.0,72,999,1,0,0,1,1,1,67.4,Eligible
AZKMI,22,female,Telangana,phd,61.2,342000.0,999,4,1,0,0,1,1,1,74.48,Eligible
ARG45,23,female,Rajasthan,phd,54.4,68000.0,250,999,1,0,0,1,1,1,59.76,Ineligible
A023B,20,male,Meghalaya,masters,68.6,355000.0,88,999,1,0,0,1,1,1,62.44,Eligible
AZKMI,23,male,Meghalaya,phd,51.0,884000.0,999,22,1,0,0,1,1,1,55.4,Ineligible
BVOBC,22,male,Chhattisgarh,12th,87.0,254000.0,5,999,1,0,0,1,1,1,79.8,Ineligible
ARG45,32,female,Arunachal Pradesh,masters,76.1,482000.0,1,999,1,0,0,1,1,1,75.44,Eligible
ARG45,22,female,Manipur,masters,94.3,293000.0,250,999,1,0,0,0,1,1,70.72,Ineligible
A023B,25,male,Assam,masters,83.1,120000.0,65,999,1,0,0,1,1,1,73.24,Eligible
AZKMI,29,male,Telangana,masters,83.5,445000.0,999,32,1,0,0,1,1,1,73.4,Eligible
ARG45,31,female,Jharkhand,phd,51.2,504000.0,1,999,1,0,0,1,1,1,65.48,Ineligible
BVOBC,23,female,Assam,12th,45.9,274000.0,85,999,1,0,0,1,1,1,58.36,Ineligible
ARG45,25,male,Karnataka,masters,91.2,654000.0,72,999,1,0,0,1,1,1,61.48,Eligible
BVOBC,22,male,Rajasthan,12th,64.6,134000.0,250,999,1,0,0,1,1,1,58.84,Eligible
ARG45,34,male,Maharashtra,phd,73.3,652000.0,110,999,1,0,0,1,0,1,47.32,Borderline
AZKMI,29,female,Madhya Pradesh,phd,55.2,418000.0,999,2,1,0,0,1,1,1,67.08,Eligible
AZKMI,34,female,Mizoram,phd,78.3,158000.0,999,4,1,0,0,1,1,1,86.32,Eligible
A023B,19,female,Gujarat,bachelors,62.6,658000.0,3,999,1,0,0,1,1,1,65.04,Ineligible
ARG45,29,male,Andhra Pradesh,masters,70.7,877000.0,95,999,1,0,0,1,1,1,53.28,Eligible
A023B,25,male,Jharkhand,masters,75.8,427000.0,2,999,1,0,0,1,1,1,70.32,Eligible
A023B,20,male,Tamil Nadu,masters,67.4,82000.0,1,999,1,0,0,1,1,1,76.96,Eligible
A023B,25,female,Tripura,bachelors,92.9,683000.0,78,999,1,0,0,1,1,1,67.16,Ineligible
BVOBC,23,male,Assam,bachelors,74.2,43000.0,1,999,1,0,0,1,1,1,79.68,Eligible
ARG45,24,female,Nagaland,phd,68.3,200000.0,85,999,1,0,0,1,1,0,72.32,Borderline
BVOBC,18,male,Gujarat,bachelors,68.2,63000.0,85,999,1,0,0,1,1,1,67.28,Eligible
AZKMI,23,female,Madhya Pradesh,phd,74.4,532000.0,999,32,1,0,0,1,1,1,74.76,Eligible
BVOBC,19,male,Tripura,12th,57.2,215000.0,65,999,1,0,0,1,1,1,57.88,Eligible
BVOBC,22,male,Tamil Nadu,12th,85.3,334000.0,2,999,1,0,0,1,1,1,79.12,Ineligible
ARG45,32,male,Karnataka,phd,53.6,270000.0,250,999,1,0,0,0,1,1,49.44,Ineligible
A023B,20,female,Madhya Pradesh,masters,85.4,322000.0,1,999,1,0,0,1,1,1,84.16,Eligible
ARG45,32,male,Meghalaya,phd,59.9,688000.0,110,999,1,0,0,1,1,1,41.96,Eligible
ARG45,26,male,Mizoram,masters,83.5,443000.0,95,999,1,0,0,1,1,1,63.4,Eligible
A023B,20,female,Tamil Nadu,masters,58.4,246000.0,5,999,1,0,0,1,1,1,73.36,Eligible
BVOBC,23,female,Telangana,12th,69.4,267000.0,2,999,1,1,58,1,1,1,82.76,Ineligible
A023B,18,male,Arunachal Pradesh,masters,97.1,520000.0,2,999,1,0,0,1,1,1,78.84,Eligible
A023B,25,male,Manipur,masters,76.5,527000.0,6,999,1,0,0,1,1,1,70.6,Eligible
BVOBC,18,female,Madhya Pradesh,12th,85.4,201000.0,78,999,1,0,0,1,1,1,74.16,Eligible
BPVGK,14,female,Rajasthan,10th,49.9,51000.0,999,999,1,0,0,1,1,1,57.96,Ineligible
BPVGK,14,female,Rajasthan,10th,76.6,182000.0,999,999,1,0,0,1,1,1,68.64,Eligible
A023B,23,male,Telangana,bachelors,82.0,312000.0,72,999,1,0,0,1,1,1,67.8,Eligible
ARG45,29,female,Kerala,phd,51.1,514000.0,2,999,1,0,0,1,1,1,65.44,Ineligible
ARG45,32,female,Karnataka,masters,63.5,619000.0,2,999,1,0,0,1,1,1,65.4,Eligible
BVOBC,23,male,Jharkhand,bachelors,48.3,135000.0,6,999,1,0,0,1,1,1,69.32,Ineligible
BPVGK,15,female,Meghalaya,10th,57.3,94000.0,999,999,1,0,0,1,1,0,60.92,Borderline
AZKMI,34,female,Odisha,masters,83.6,892000.0,999,650,1,0,0,1,0,1,53.44,Ineligible
ARG45,36,female,Jharkhand,masters,76.9,396000.0,95,999,1,0,0,1,1,1,70.76,Eligible
BVOBC,23,female,Maharashtra,bachelors,71.7,155000.0,110,999,1,0,0,1,1,1,66.68,Eligible
BVOBC,23,male,Nagaland,bachelors,62.0,342000.0,1,999,1,0,0,1,1,1,69.8,Ineligible
BPVGK,17,male,Mizoram,10th,73.4,71000.0,999,999,1,0,0,1,1,1,62.36,Eligible
BPVGK,15,female,Sikkim,10th,76.5,107000.0,999,999,1,1,76,1,1,1,73.6,Eligible
AZKMI,36,female,Arunachal Pradesh,postdoc,89.5,424000.0,999,14,0,0,0,1,0,1,80.8,Ineligible
A023B,23,female,Arunachal Pradesh,bachelors,93.9,337000.0,2,999,1,0,0,1,1,1,87.56,Eligible
A023B,22,male,Chhattisgarh,masters,93.3,413000.0,5,999,1,0,0,1,1,1,77.32,Eligible
ARG45,23,female,Assam,phd,62.1,728000.0,1,999,1,0,0,1,1,1,64.84,Eligible
ARG45,29,female,Maharashtra,masters,93.4,183000.0,1,999,1,0,0,1,1,1,92.36,Eligible
AZKMI,29,female,Maharashtra,phd,54.6,455000.0,999,3,1,0,0,1,1,1,66.84,Ineligible
AZKMI,33,female,Jharkhand,postdoc,57.1,562000.0,999,8,1,1,79,1,1,1,72.84,Eligible
BVOBC,19,female,Maharashtra,12th,92.5,196000.0,72,999,1,0,0,1,1,1,82.0,Eligible
BVOBC,22,female,Karnataka,bachelors,65.3,242000.0,1,999,1,0,0,1,1,1,76.12,Eligible
AZKMI,35,female,Manipur,masters,70.3,908000.0,999,32,1,0,0,1,1,1,68.12,Ineligible
ARG45,28,female,Karnataka,phd,80.2,203000.0,88,999,1,0,0,1,1,1,72.08,Eligible
AZKMI,28,female,Arunachal Pradesh,phd,54.2,346000.0,999,650,1,0,0,1,1,1,51.68,Ineligible
ARG45,29,male,Arunachal Pradesh,phd,89.3,553000.0,88,999,1,0,0,1,1,0,65.72,Borderline
ARG45,29,male,Nagaland,masters,71.8,299000.0,78,999,1,0,0,1,1,1,63.72,Eligible
BVOBC,18,male,Jharkhand,12th,45.7,325000.0,59,999,1,0,0,1,0,1,53.28,Ineligible
ARG45,29,other,Arunachal Pradesh,masters,53.3,847000.0,2,999,0,0,0,1,1,1,56.32,Ineligible
A023B,24,female,Tripura,bachelors,65.0,367000.0,1,999,1,0,0,1,1,1,76.0,Eligible
BPVGK,15,female,Madhya Pradesh,10th,88.0,227000.0,999,999,1,0,0,1,1,1,68.2,Eligible
AZKMI,34,male,Chhattisgarh,phd,55.1,920000.0,999,4,1,0,0,1,1,1,57.04,Ineligible
A023B,20,female,Assam,masters,94.1,104000.0,95,999,1,0,0,1,1,1,82.64,Eligible
AZKMI,31,female,Meghalaya,masters,64.8,511000.0,999,37,0,0,0,1,1,1,70.92,Ineligible
AZKMI,21,female,Telangana,phd,79.2,199000.0,999,14,1,0,0,1,1,1,86.68,Eligible
BVOBC,21,female,Madhya Pradesh,bachelors,52.4,135000.0,3,999,1,0,0,1,1,0,75.96,Borderline
A023B,21,female,Rajasthan,masters,63.1,776000.0,72,999,1,1,44,1,1,1,60.24,Ineligible
AZKMI,23,female,Jharkhand,phd,94.8,827000.0,999,37,1,0,0,1,0,1,77.92,Ineligible
ARG45,33,male,Chhattisgarh,phd,65.9,465000.0,140,999,1,0,0,1,1,1,49.36,Eligible
BVOBC,17,male,Karnataka,12th,81.2,44000.0,72,999,1,0,0,1,1,1,72.48,Eligible
BPVGK,15,male,Sikkim,10th,72.7,85000.0,999,999,1,0,0,1,1,1,62.08,Eligible
BVOBC,23,female,Gujarat,12th,50.6,220000.0,59,999,1,0,0,1,1,1,60.24,Eligible
AZKMI,36,male,Mizoram,masters,93.6,970000.0,999,21,1,0,0,1,1,1,72.44,Ineligible
A023B,23,female,Manipur,masters,68.5,794000.0,85,999,1,0,0,1,1,1,57.4,Ineligible
A023B,23,male,Nagaland,bachelors,78.4,333000.0,1,999,1,0,0,1,1,1,76.36,Eligible
BVOBC,18,other,Rajasthan,bachelors,69.4,111000.0,88,999,1,0,0,0,1,1,67.76,Ineligible
AZKMI,29,female,Meghalaya,phd,52.2,275000.0,999,1,1,0,0,1,1,1,70.88,Ineligible
BPVGK,15,male,Madhya Pradesh,10th,61.1,90000.0,999,999,1,0,0,1,1,1,57.44,Eligible
BVOBC,20,male,Sikkim,12th,93.7,360000.0,72,999,1,1,42,1,1,1,77.48,Ineligible
ARG45,33,female,Odisha,phd,56.5,403000.0,85,999,1,0,0,1,1,1,57.6,Eligible
BVOBC,23,male,Karnataka,bachelors,83.7,185000.0,140,999,1,0,0,0,1,1,66.48,Ineligible
ARG45,31,male,Karnataka,masters,70.6,779000.0,2,999,1,0,0,1,1,1,63.24,Eligible
BVOBC,23,male,Tripura,12th,51.2,247000.0,5,999,1,0,0,1,1,1,65.48,Eligible
BVOBC,22,female,Karnataka,bachelors,53.6,183000.0,59,999,1,0,0,1,0,1,66.44,Borderline
A023B,18,male,Kerala,bachelors,88.7,612000.0,1,999,1,0,0,1,1,1,70.48,Ineligible
BPVGK,15,male,Mizoram,10th,66.2,255000.0,999,999,1,0,0,1,1,1,54.48,Ineligible
AZKMI,31,female,Gujarat,phd,81.2,543000.0,999,21,1,0,0,1,0,1,77.48,Borderline
BPVGK,14,male,Maharashtra,10th,62.0,164000.0,999,999,1,0,0,1,1,1,57.8,Eligible
A023B,21,male,Odisha,masters,70.8,186000.0,85,999,1,0,0,1,1,0,68.32,Borderline
BVOBC,21,female,Assam,12th,93.7,79000.0,95,999,1,0,0,0,1,1,82.48,Ineligible
BVOBC,18,male,Assam,12th,94.4,280000.0,5,999,1,0,0,1,0,1,82.76,Ineligible
BVOBC,20,female,Andhra Pradesh,bachelors,67.2,400000.0,2,999,1,0,0,1,1,1,76.88,Ineligible
ARG45,29,male,Tripura,phd,83.8,893000.0,2,999,1,0,0,1,1,1,68.52,Eligible
BPVGK,17,male,Tamil Nadu,10th,62.4,203000.0,999,999,1,0,0,1,1,1,52.96,Eligible
ARG45,24,male,Nagaland,masters,88.6,821000.0,250,999,1,0,0,1,1,0,53.44,Borderline
BPVGK,17,male,Tamil Nadu,10th,71.0,51000.0,999,999,1,0,0,1,1,1,61.4,Eligible
BPVGK,14,female,Kerala,10th,63.1,244000.0,999,999,1,0,0,1,1,1,58.24,Eligible
BVOBC,22,male,Karnataka,12th,68.9,377000.0,85,999,1,0,0,1,1,1,62.56,Ineligible
ARG45,31,male,Assam,phd,90.3,223000.0,2,999,1,0,0,0,1,1,81.12,Ineligible
ARG45,33,female,Maharashtra,masters,71.4,144000.0,95,999,1,0,0,0,1,1,73.56,Ineligible
BVOBC,24,male,Maharashtra,12th,91.1,347000.0,78,999,1,0,0,1,1,1,71.44,Ineligible
BVOBC,20,male,Karnataka,bachelors,55.6,57000.0,1,999,1,0,0,1,1,1,72.24,Eligible
BVOBC,22,female,Arunachal Pradesh,12th,81.1,297000.0,2,999,1,0,0,1,1,1,82.44,Ineligible
AZKMI,38,female,Sikkim,postdoc,89.4,290000.0,999,8,1,1,50,1,1,1,90.76,Ineligible
BVOBC,23,female,Maharashtra,12th,85.5,54000.0,1,999,1,0,0,1,1,1,89.2,Eligible
ARG45,23,female,Telangana,phd,67.9,400000.0,5,999,1,0,0,1,1,1,77.16,Eligible
A023B,20,male,Rajasthan,bachelors,92.6,285000.0,3,999,1,0,0,0,1,1,82.04,Ineligible
BPVGK,16,male,Meghalaya,10th,50.4,153000.0,999,999,1,0,0,1,1,1,53.16,Eligible
A023B,22,male,Mizoram,bachelors,63.3,303000.0,78,999,1,0,0,1,1,1,60.32,Eligible
BVOBC,21,male,Rajasthan,bachelors,81.7,106000.0,78,999,1,0,0,1,1,1,72.68,Eligible
ARG45,35,female,Karnataka,masters,91.3,358000.0,250,999,1,0,0,1,1,1,69.52,Eligible
ARG45,27,female,Assam,phd,77.2,480000.0,2,999,1,0,0,1,1,1,75.88,Eligible
AZKMI,28,female,Jharkhand,phd,63.0,443000.0,999,14,1,0,0,1,1,1,70.2,Eligible
AZKMI,34,female,Gujarat,masters,75.8,716000.0,999,37,1,0,0,1,1,1,70.32,Ineligible
BVOBC,24,other,Andhra Pradesh,bachelors,90.5,41000.0,1,999,1,0,0,1,1,1,86.2,Eligible
A023B,24,male,Arunachal Pradesh,masters,80.5,299000.0,3,999,1,0,0,1,1,1,77.2,Eligible
ARG45,33,other,Odisha,masters,62.7,107000.0,250,999,1,0,0,1,1,1,58.08,Eligible
A023B,20,male,Rajasthan,bachelors,64.4,411000.0,5,999,0,0,0,1,1,1,65.76,Ineligible
BPVGK,16,male,Andhra Pradesh,10th,54.8,245000.0,999,999,1,0,0,1,1,1,49.92,Eligible
AZKMI,27,female,Madhya Pradesh,phd,61.1,919000.0,999,6,0,0,0,0,1,1,64.44,Ineligible
BVOBC,21,male,Meghalaya,bachelors,93.4,117000.0,140,999,1,0,0,1,1,1,70.36,Eligible
AZKMI,31,female,Tamil Nadu,postdoc,70.0,864000.0,999,21,1,0,0,1,0,1,68.0,Ineligible
AZKMI,38,female,Chhattisgarh,phd,68.2,997000.0,999,2,1,0,0,1,1,1,67.28,Ineligible
BVOBC,17,female,Tripura,12th,47.5,229000.0,3,999,1,0,0,1,1,1,69.0,Ineligible
BPVGK,14,male,Kerala,10th,71.6,83000.0,999,999,1,0,0,1,1,1,61.64,Eligible
BVOBC,19,male,Tripura,12th,73.9,72000.0,88,999,1,1,52,1,1,1,74.56,Eligible
AZKMI,25,female,Odisha,masters,73.8,417000.0,999,1,1,0,0,1,1,1,74.52,Eligible
AZKMI,24,male,Chhattisgarh,postdoc,59.1,974000.0,999,6,0,0,0,1,1,1,58.64,Ineligible
AZKMI,22,male,Gujarat,phd,84.1,271000.0,999,3,1,0,0,1,1,1,78.64,Eligible
A023B,21,female,Jharkhand,bachelors,78.3,87000.0,6,999,1,0,0,1,1,1,86.32,Eligible
BVOBC,21,female,Telangana,bachelors,84.0,291000.0,88,999,1,0,0,1,1,1,73.6,Ineligible
BVOBC,22,male,Karnataka,12th,88.4,151000.0,72,999,1,0,0,1,1,1,75.36,Eligible
ARG45,32,female,Assam,phd,91.0,354000.0,3,999,1,0,0,1,1,1,86.4,Eligible
ARG45,33,female,Nagaland,masters,80.8,321000.0,88,999,1,0,0,1,1,1,72.32,Eligible
A023B,18,male,Gujarat,bachelors,86.8,769000.0,2,999,1,0,0,1,1,1,69.72,Ineligible
BPVGK,15,female,Assam,10th,52.3,167000.0,999,999,1,0,0,1,1,1,58.92,Eligible
BVOBC,20,female,Manipur,bachelors,76.2,222000.0,72,999,1,0,0,0,1,1,70.48,Ineligible
A023B,24,female,Kerala,bachelors,69.9,111000.0,85,999,1,0,0,1,1,1,72.96,Eligible
A023B,22,male,Gujarat,bachelors,75.5,641000.0,88,999,1,1,70,1,1,1,60.2,Ineligible
A023B,23,male,Sikkim,masters,69.0,383000.0,95,999,1,0,0,1,1,1,62.6,Eligible
ARG45,29,male,Mizoram,phd,85.5,253000.0,140,999,1,0,0,1,0,1,62.2,Borderline
ARG45,36,male,Andhra Pradesh,phd,90.0,487000.0,1,999,1,0,0,1,1,1,76.0,Eligible
A023B,25,male,Sikkim,bachelors,71.6,206000.0,250,999,1,0,0,1,1,1,56.64,Ineligible
BVOBC,19,female,Jharkhand,12th,47.9,281000.0,3,999,1,0,0,1,0,1,69.16,Ineligible
BPVGK,16,female,Tripura,10th,92.1,243000.0,999,999,1,0,0,1,1,1,69.84,Eligible
BPVGK,14,female,Odisha,10th,50.3,169000.0,999,999,1,0,0,1,0,1,58.12,Borderline
BVOBC,19,male,Telangana,bachelors,81.2,139000.0,59,999,1,0,0,1,1,1,72.48,Eligible
BVOBC,18,female,Assam,12th,91.4,48000.0,2,999,1,0,0,1,1,1,91.56,Eligible
ARG45,33,female,Jharkhand,phd,63.2,411000.0,2,999,1,0,0,1,1,1,70.28,Eligible
BPVGK,17,female,Kerala,10th,55.7,171000.0,999,999,1,0,0,1,1,1,60.28,Eligible
AZKMI,30,female,Mizoram,postdoc,87.0,289000.0,999,14,1,0,0,1,1,1,84.8,Eligible
BVOBC,19,male,Andhra Pradesh,bachelors,54.2,237000.0,1,999,1,0,0,1,1,1,66.68,Eligible
BVOBC,20,female,Nagaland,bachelors,80.9,324000.0,72,999,1,0,0,1,1,1,72.36,Ineligible
A023B,23,female,Nagaland,masters,96.1,510000.0,65,999,1,0,0,1,1,1,73.44,Eligible
A023B,25,female,Jharkhand,bachelors,55.4,561000.0,2,999,1,0,0,1,1,1,67.16,Eligible
BVOBC,19,female,Telangana,bachelors,74.0,356000.0,2,999,1,0,0,1,1,1,79.6,Ineligible
A023B,19,male,Kerala,bachelors,84.2,776000.0,72,999,1,0,0,1,1,1,58.68,Ineligible
ARG45,33,female,Telangana,phd,71.6,315000.0,1,999,1,0,0,1,1,1,78.64,Eligible
A023B,20,male,Telangana,bachelors,60.1,478000.0,3,999,1,0,0,1,1,1,64.04,Eligible
ARG45,24,male,Sikkim,masters,94.3,334000.0,2,999,1,0,0,1,1,1,82.72,Eligible
BPVGK,15,female,Madhya Pradesh,10th,85.9,129000.0,999,999,1,0,0,1,1,1,72.36,Eligible
BPVGK,15,male,Jharkhand,10th,88.9,216000.0,999,999,1,0,0,1,1,1,63.56,Eligible
AZKMI,36,male,Andhra Pradesh,phd,63.2,368000.0,999,1,0,0,0,1,0,0,70.28,Ineligible
BVOBC,24,female,Tripura,bachelors,95.0,250000.0,72,999,1,0,0,1,1,1,78.0,Eligible
BPVGK,16,male,Sikkim,10th,87.7,334000.0,999,999,1,0,0,1,1,0,63.08,Ineligible
ARG45,23,female,Manipur,masters,51.5,783000.0,6,999,1,0,0,1,1,1,60.6,Ineligible
BPVGK,16,female,Karnataka,10th,76.3,172000.0,999,999,1,0,0,1,1,1,68.52,Eligible
ARG45,36,male,Karnataka,masters,67.2,644000.0,59,999,1,0,0,1,1,0,51.88,Borderline
AZKMI,23,female,Maharashtra,phd,66.3,559000.0,999,4,1,0,0,1,1,1,71.52,Eligible
A023B,24,male,Mizoram,masters,80.7,484000.0,250,999,0,0,0,1,1,1,55.28,Ineligible
AZKMI,36,male,Chhattisgarh,masters,52.3,583000.0,999,2,1,0,0,1,1,1,60.92,Ineligible
BPVGK,14,male,Manipur,10th,56.3,207000.0,999,999,1,0,0,1,0,1,50.52,Borderline
BVOBC,21,female,Kerala,12th,95.5,212000.0,85,999,1,0,0,1,1,1,78.2,Eligible
ARG45,29,male,Arunachal Pradesh,masters,80.3,876000.0,2,999,1,0,0,1,1,1,67.12,Eligible
AZKMI,34,male,Mizoram,phd,92.4,169000.0,999,22,1,1,49,1,1,1,91.96,Eligible
BVOBC,22,male,Telangana,12th,94.2,50000.0,72,999,1,0,0,1,1,1,77.68,Eligible
A023B,24,male,Chhattisgarh,bachelors,81.4,546000.0,5,999,1,0,0,1,1,1,72.56,Eligible
BVOBC,24,female,Rajasthan,12th,92.6,357000.0,85,999,1,0,0,1,1,1,77.04,Ineligible
BVOBC,19,female,Telangana,bachelors,92.7,106000.0,2,999,1,1,58,1,1,1,97.08,Eligible
ARG45,30,male,Rajasthan,masters,55.6,659000.0,65,999,1,1,64,1,1,1,52.24,Eligible
ARG45,32,male,Jharkhand,phd,77.2,571000.0,59,999,1,0,0,1,0,1,60.88,Borderline
AZKMI,37,female,Assam,masters,65.3,964000.0,999,37,1,0,0,1,1,1,66.12,Ineligible
BVOBC,22,male,Assam,12th,65.6,151000.0,78,999,1,0,0,1,1,1,66.24,Eligible
ARG45,31,female,Sikkim,masters,71.2,391000.0,65,999,1,0,0,1,1,1,68.48,Eligible
ARG45,25,female,Andhra Pradesh,masters,54.1,408000.0,2,999,1,0,0,1,1,1,66.64,Ineligible
ARG45,32,male,Nagaland,masters,55.3,239000.0,59,999,1,0,0,1,1,1,57.12,Eligible
BPVGK,15,female,Chhattisgarh,10th,47.6,127000.0,999,999,1,0,0,1,1,1,57.04,Ineligible
AZKMI,35,female,Mizoram,postdoc,62.6,115000.0,999,650,1,0,0,1,1,1,60.04,Ineligible
AZKMI,32,male,Mizoram,phd,50.9,317000.0,999,14,1,0,0,1,1,1,65.36,Ineligible
A023B,25,male,Karnataka,masters,74.5,390000.0,85,999,1,0,0,1,1,1,64.8,Eligible
ARG45,35,female,Rajasthan,masters,78.1,488000.0,72,999,0,0,0,1,1,1,66.24,Ineligible
ARG45,22,female,Jharkhand,masters,74.4,499000.0,59,999,1,0,0,1,1,1,64.76,Eligible
BVOBC,22,female,Meghalaya,12th,85.6,89000.0,1,999,1,0,0,1,1,1,89.24,Eligible
A023B,20,female,Madhya Pradesh,masters,57.8,269000.0,2,999,0,0,0,1,1,1,73.12,Ineligible
BVOBC,18,female,Chhattisgarh,12th,51.1,88000.0,2,999,1,0,0,1,1,1,75.44,Eligible
BPVGK,17,male,Arunachal Pradesh,10th,80.5,133000.0,999,999,1,0,0,1,1,1,65.2,Eligible
AZKMI,24,female,Tamil Nadu,masters,94.3,532000.0,999,21,1,0,0,1,1,1,82.72,Eligible
A023B,25,male,Telangana,masters,78.5,625000.0,1,999,1,0,0,1,1,1,66.4,Ineligible
ARG45,29,male,Kerala,phd,61.7,893000.0,6,999,1,0,0,1,1,1,59.68,Eligible
ARG45,29,male,Manipur,phd,68.0,508000.0,2,999,1,0,0,1,1,1,67.2,Eligible
AZKMI,23,female,Jharkhand,masters,90.7,883000.0,999,32,1,0,0,1,1,1,76.28,Ineligible
ARG45,22,male,Karnataka,masters,69.9,615000.0,85,999,1,0,0,1,1,1,52.96,Eligible
ARG45,27,male,Tripura,masters,75.1,687000.0,1,999,1,0,0,1,1,1,65.04,Eligible
A023B,20,other,Andhra Pradesh,masters,76.8,227000.0,59,999,1,0,0,1,1,1,65.72,Eligible
BVOBC,20,male,Mizoram,bachelors,63.6,248000.0,3,999,1,0,0,1,1,1,70.44,Eligible
ARG45,23,male,Sikkim,masters,56.4,281000.0,250,999,1,0,0,1,1,1,50.56,Eligible
BPVGK,15,male,Tamil Nadu,10th,87.2,297000.0,999,999,1,0,0,1,1,1,62.88,Ineligible
ARG45,31,male,Assam,phd,58.7,860000.0,2,999,1,0,0,1,1,0,58.48,Borderline
ARG45,31,male,Tamil Nadu,masters,68.2,602000.0,72,999,1,0,0,1,1,1,52.28,Eligible
A023B,19,male,Rajasthan,masters,81.1,260000.0,65,999,1,0,0,1,1,1,67.44,Eligible
AZKMI,23,male,Andhra Pradesh,masters,84.8,431000.0,999,8,1,0,0,1,1,1,73.92,Eligible
A023B,25,female,Nagaland,bachelors,79.0,525000.0,6,999,1,0,0,1,1,1,76.6,Eligible
BVOBC,18,female,Tripura,12th,77.6,183000.0,59,999,1,0,0,1,1,1,76.04,Eligible
A023B,22,male,Madhya Pradesh,bachelors,56.0,740000.0,2,999,1,0,0,1,1,1,57.4,Ineligible
ARG45,35,female,Andhra Pradesh,phd,50.4,80000.0,65,999,1,0,0,0,1,1,65.16,Ineligible
BVOBC,21,female,Jharkhand,12th,73.4,169000.0,65,999,1,0,0,1,1,1,74.36,Eligible
BPVGK,16,male,Arunachal Pradesh,10th,50.1,283000.0,999,999,1,0,0,1,0,1,48.04,Ineligible
BPVGK,15,male,Mizoram,10th,51.5,181000.0,999,999,1,0,0,1,1,1,53.6,Eligible
BVOBC,19,female,Manipur,12th,55.6,209000.0,1,999,1,0,0,1,1,1,72.24,Eligible
ARG45,32,male,Jharkhand,phd,86.7,147000.0,85,999,1,0,0,0,1,1,74.68,Ineligible
ARG45,22,male,Manipur,masters,71.1,163000.0,5,999,1,0,0,1,1,1,78.44,Eligible
BVOBC,18,female,Arunachal Pradesh,12th,89.9,369000.0,78,999,1,1,58,1,1,1,80.96,Ineligible
AZKMI,35,male,Maharashtra,masters,58.4,932000.0,999,32,1,0,0,1,1,1,58.36,Ineligible
AZKMI,28,female,Meghalaya,masters,69.6,294000.0,999,22,1,0,0,0,1,0,77.84,Borderline
BVOBC,21,male,Jharkhand,bachelors,80.4,64000.0,95,999,1,0,0,0,1,1,72.16,Ineligible
ARG45,25,female,Odisha,masters,88.8,194000.0,78,999,1,0,0,0,1,1,80.52,Ineligible
AZKMI,21,female,Maharashtra,phd,51.2,668000.0,999,14,0,0,0,1,1,1,60.48,Ineligible
ARG45,22,female,Andhra Pradesh,masters,89.6,208000.0,65,999,1,0,0,1,1,1,75.84,Eligible
ARG45,26,female,Assam,masters,65.4,207000.0,6,999,1,0,0,1,1,1,76.16,Eligible
BVOBC,21,female,Chhattisgarh,bachelors,49.9,143000.0,110,999,1,0,0,1,1,1,57.96,Ineligible
A023B,24,male,Arunachal Pradesh,masters,72.4,733000.0,1,999,1,1,61,1,1,1,68.96,Ineligible
AZKMI,26,male,Chhattisgarh,postdoc,83.4,515000.0,999,8,1,0,0,1,1,1,73.36,Eligible
BVOBC,17,male,Sikkim,12th,94.8,111000.0,95,999,1,0,0,1,1,1,77.92,Eligible
AZKMI,32,male,Maharashtra,postdoc,53.2,744000.0,999,14,1,0,0,1,1,0,56.28,Ineligible
AZKMI,36,female,Andhra Pradesh,masters,64.4,344000.0,999,14,1,0,0,1,1,1,75.76,Ineligible
BVOBC,17,female,Madhya Pradesh,bachelors,49.2,236000.0,85,999,1,0,0,1,1,1,59.68,Ineligible
ARG45,27,male,Nagaland,phd,64.9,168000.0,72,999,1,0,0,1,1,1,65.96,Eligible
A023B,24,female,Tamil Nadu,masters,57.9,672000.0,1,999,1,0,0,1,1,1,63.16,Ineligible
A023B,23,female,Telangana,masters,62.1,398000.0,3,999,1,0,0,0,1,1,74.84,Ineligible
BVOBC,19,male,Nagaland,12th,70.4,368000.0,3,999,1,0,0,1,1,1,73.16,Ineligible
ARG45,31,female,Mizoram,masters,60.4,125000.0,88,999,1,0,0,1,1,1,69.16,Eligible
AZKMI,31,female,Odisha,phd,73.8,695000.0,999,650,1,0,0,1,1,1,49.52,Ineligible
ARG45,36,male,Mizoram,masters,67.1,799000.0,5,999,1,0,0,1,1,1,61.84,Eligible
BVOBC,20,female,Maharashtra,12th,89.5,358000.0,85,999,1,0,0,1,1,1,75.8,Ineligible
AZKMI,29,female,Sikkim,phd,88.6,834000.0,999,22,1,0,0,1,1,1,75.44,Ineligible
A023B,24,female,Meghalaya,bachelors,72.0,172000.0,1,999,1,0,0,1,1,1,83.8,Eligible
ARG45,29,male,Jharkhand,phd,81.7,641000.0,110,999,1,0,0,1,1,1,50.68,Eligible
BVOBC,22,female,Sikkim,bachelors,71.1,137000.0,110,999,1,0,0,1,1,1,66.44,Eligible
A023B,23,male,Assam,bachelors,73.2,195000.0,2,999,1,0,0,1,1,1,79.28,Eligible
ARG45,28,male,Kerala,phd,81.2,814000.0,6,999,1,1,57,1,1,1,72.48,Eligible
ARG45,36,female,Meghalaya,phd,54.3,447000.0,95,999,0,0,0,1,1,1,56.72,Ineligible
ARG45,25,female,Tripura,masters,78.0,611000.0,2,999,0,0,0,1,1,1,71.2,Ineligible
BVOBC,18,female,Odisha,12th,75.3,261000.0,88,999,1,0,0,1,1,1,70.12,Ineligible
ARG45,35,female,Tamil Nadu,masters,66.5,853000.0,250,999,1,0,0,0,1,1,49.6,Ineligible
AZKMI,37,female,Andhra Pradesh,postdoc,53.1,754000.0,999,37,1,0,0,1,0,1,61.24,Ineligible
ARG45,25,female,Nagaland,phd,70.0,734000.0,250,999,1,0,0,1,1,1,51.0,Eligible
BVOBC,18,male,Meghalaya,bachelors,94.8,315000.0,88,999,1,0,0,1,1,0,72.92,Ineligible
BPVGK,16,female,Jharkhand,10th,52.5,204000.0,999,999,1,0,0,1,1,1,54.0,Eligible
AZKMI,33,female,Assam,masters,62.4,312000.0,999,650,1,0,0,1,0,1,54.96,Ineligible
AZKMI,31,male,Mizoram,postdoc,69.2,708000.0,999,21,1,0,0,1,1,1,62.68,Ineligible
A023B,19,female,Manipur,masters,86.6,179000.0,1,999,1,0,0,1,1,1,89.64,Eligible
BVOBC,21,female,Tamil Nadu,bachelors,64.2,262000.0,95,999,1,0,0,1,1,1,65.68,Ineligible
ARG45,36,male,Sikkim,masters,79.7,772000.0,85,999,1,0,0,1,0,1,56.88,Borderline
ARG45,25,male,Mizoram,masters,56.3,452000.0,140,999,1,0,0,1,1,1,45.52,Eligible
ARG45,35,female,Andhra Pradesh,masters,67.4,358000.0,85,999,1,0,0,1,1,1,66.96,Eligible
ARG45,25,male,Telangana,masters,67.8,871000.0,6,999,1,0,0,1,1,1,62.12,Eligible
A023B,20,female,Assam,bachelors,79.2,135000.0,2,999,0,0,0,1,1,1,86.68,Ineligible
AZKMI,21,male,Tamil Nadu,phd,86.2,558000.0,999,3,1,0,0,1,1,1,74.48,Eligible
A023B,21,female,Kerala,bachelors,95.9,208000.0,5,999,1,0,0,1,1,1,88.36,Eligible
A023B,20,other,Madhya Pradesh,bachelors,84.5,89000.0,85,999,1,0,0,0,1,1,73.8,Ineligible
A023B,24,female,Arunachal Pradesh,bachelors,96.5,662000.0,95,999,1,0,0,1,1,1,68.6,Ineligible
BVOBC,18,male,Meghalaya,bachelors,84.8,228000.0,72,999,1,0,0,1,1,1,68.92,Eligible
BVOBC,20,other,Rajasthan,bachelors,89.6,62000.0,85,999,1,0,0,1,1,1,75.84,Eligible
BVOBC,19,female,Manipur,bachelors,49.3,187000.0,5,999,1,1,70,1,1,1,79.72,Ineligible
BPVGK,15,female,Arunachal Pradesh,10th,83.5,190000.0,999,999,1,0,0,1,1,1,71.4,Eligible
ARG45,36,female,Sikkim,phd,56.5,111000.0,2,999,1,0,0,1,1,1,77.6,Eligible
AZKMI,25,male,Tamil Nadu,postdoc,51.4,641000.0,999,4,1,0,0,1,1,1,55.56,Ineligible
ARG45,35,female,Gujarat,masters,70.1,116000.0,110,999,1,0,0,1,1,1,66.04,Eligible
ARG45,22,female,Tripura,masters,58.5,705000.0,88,999,1,0,0,1,1,1,53.4,Eligible
ARG45,35,female,Manipur,phd,80.9,700000.0,78,999,1,0,0,1,1,1,62.36,Eligible
ARG45,25,female,Sikkim,phd,57.1,178000.0,65,999,1,0,0,1,1,1,67.84,Eligible
AZKMI,34,female,Jharkhand,phd,91.8,738000.0,999,21,1,0,0,1,1,1,76.72,Ineligible
ARG45,25,female,Mizoram,masters,90.8,270000.0,78,999,1,0,0,1,1,1,76.32,Eligible
BPVGK,17,female,Tamil Nadu,10th,83.9,303000.0,999,999,1,1,50,1,1,1,71.56,Ineligible
ARG45,32,female,Nagaland,phd,79.6,295000.0,5,999,1,0,0,1,1,1,81.84,Eligible
BVOBC,23,male,Rajasthan,bachelors,95.4,181000.0,2,999,1,0,0,1,1,1,88.16,Eligible
AZKMI,34,female,Mizoram,phd,60.3,827000.0,999,6,1,0,0,1,1,1,64.12,Ineligible
ARG45,33,female,Maharashtra,phd,92.5,481000.0,1,999,1,0,0,0,1,1,82.0,Ineligible
ARG45,34,female,Assam,phd,91.3,142000.0,78,999,1,0,0,1,1,1,81.52,Eligible
BVOBC,23,male,Meghalaya,12th,52.3,50000.0,1,999,1,0,0,1,1,1,70.92,Eligible
BPVGK,16,female,Meghalaya,10th,89.7,119000.0,999,999,1,0,0,1,1,1,73.88,Eligible
ARG45,29,male,Andhra Pradesh,phd,85.1,283000.0,1,999,1,0,0,1,1,1,79.04,Eligible
BVOBC,18,male,Karnataka,bachelors,69.3,301000.0,250,999,1,0,0,1,1,1,55.72,Ineligible
ARG45,30,male,Mizoram,masters,88.8,766000.0,140,999,1,0,0,1,1,1,53.52,Eligible
BPVGK,17,male,Arunachal Pradesh,10th,72.5,123000.0,999,999,1,0,0,1,1,1,62.0,Eligible
BVOBC,20,female,Arunachal Pradesh,bachelors,94.1,149000.0,1,999,1,1,47,1,1,1,97.64,Eligible
BVOBC,22,female,Odisha,bachelors,54.3,126000.0,85,999,1,0,0,1,0,1,66.72,Borderline
ARG45,35,male,Telangana,phd,57.3,144000.0,65,999,1,1,76,1,1,1,67.92,Eligible
ARG45,34,female,Arunachal Pradesh,phd,61.0,702000.0,65,999,0,0,0,1,1,1,54.4,Ineligible
BVOBC,23,female,Kerala,bachelors,45.4,207000.0,65,999,1,0,0,1,1,1,58.16,Ineligible
AZKMI,31,female,Madhya Pradesh,phd,85.7,610000.0,999,6,1,0,0,1,1,1,74.28,Ineligible
BPVGK,15,female,Odisha,10th,47.7,199000.0,999,999,1,0,0,1,1,1,57.08,Ineligible
BPVGK,17,female,Sikkim,10th,84.1,59000.0,999,999,1,1,53,1,1,1,76.64,Eligible
ARG45,25,male,Tripura,phd,62.0,68000.0,85,999,1,0,0,1,1,1,64.8,Eligible
A023B,23,female,Maharashtra,masters,91.0,291000.0,65,999,1,0,0,1,1,1,76.4,Eligible
ARG45,26,male,Sikkim,masters,85.1,501000.0,78,999,1,0,0,1,1,0,64.04,Borderline
A023B,22,male,Nagaland,bachelors,92.0,423000.0,5,999,1,0,0,1,0,1,76.8,Borderline
ARG45,32,male,Gujarat,phd,74.7,285000.0,2,999,1,1,72,1,0,1,79.88,Borderline
BPVGK,16,male,Rajasthan,10th,59.1,157000.0,999,999,1,0,0,1,1,1,56.64,Eligible
ARG45,24,female,Assam,masters,67.4,530000.0,72,999,1,0,0,1,1,1,61.96,Eligible
BVOBC,24,female,Odisha,12th,69.4,87000.0,140,999,1,0,0,1,1,1,65.76,Eligible
BVOBC,17,female,Maharashtra,bachelors,68.8,187000.0,5,999,1,0,0,1,1,1,82.52,Eligible
ARG45,31,male,Telangana,phd,72.2,203000.0,6,999,1,0,0,1,1,1,73.88,Eligible
AZKMI,32,female,Andhra Pradesh,phd,56.8,762000.0,999,650,1,0,0,1,1,1,42.72,Ineligible
A023B,21,female,Jharkhand,bachelors,66.9,194000.0,6,999,1,0,0,1,1,1,81.76,Eligible
A023B,24,male,Karnataka,bachelors,74.7,375000.0,2,999,1,0,0,0,1,1,74.88,Ineligible
ARG45,27,male,Andhra Pradesh,masters,75.6,130000.0,78,999,1,0,0,1,1,1,70.24,Eligible
AZKMI,35,male,Arunachal Pradesh,phd,61.9,913000.0,999,32,1,0,0,1,1,1,59.76,Ineligible
A023B,18,female,Tamil Nadu,masters,56.1,633000.0,59,999,1,0,0,1,1,1,52.44,Ineligible
BVOBC,24,male,Kerala,bachelors,73.8,249000.0,1,999,1,0,0,1,1,1,74.52,Eligible
A023B,20,female,Manipur,bachelors,58.2,297000.0,3,999,1,0,0,1,1,1,73.28,Eligible
BPVGK,16,female,Madhya Pradesh,10th,76.8,223000.0,999,999,1,0,0,1,1,1,63.72,Eligible
A023B,21,female,Odisha,bachelors,94.2,224000.0,1,999,1,0,0,1,1,1,87.68,Eligible
BVOBC,21,female,Nagaland,12th,76.3,264000.0,6,999,1,0,0,1,1,1,80.52,Ineligible
ARG45,29,female,Karnataka,masters,77.9,637000.0,78,999,1,0,0,1,1,1,61.16,Eligible
A023B,23,male,Jharkhand,bachelors,78.3,625000.0,2,999,1,0,0,0,1,1,66.32,Ineligible
BVOBC,24,male,Mizoram,12th,69.7,62000.0,3,999,1,0,0,1,1,1,77.88,Eligible
BPVGK,17,male,Meghalaya,10th,46.5,125000.0,999,999,1,0,0,1,1,1,51.6,Ineligible
ARG45,25,male,Nagaland,masters,90.9,229000.0,88,999,1,0,0,1,1,1,71.36,Eligible
BPVGK,15,male,Madhya Pradesh,10th,52.7,67000.0,999,999,1,0,0,1,1,1,54.08,Eligible
AZKMI,37,female,Nagaland,postdoc,78.6,147000.0,999,6,0,0,0,1,1,1,86.44,Ineligible
A023B,19,female,Meghalaya,bachelors,97.5,588000.0,3,999,1,0,0,1,1,1,84.0,Eligible
BPVGK,17,female,Jharkhand,10th,90.1,267000.0,999,999,1,0,0,1,1,1,69.04,Ineligible
A023B,24,female,Chhattisgarh,bachelors,74.3,248000.0,65,999,1,0,0,1,1,1,69.72,Eligible
A023B,25,female,Maharashtra,masters,89.5,404000.0,1,999,1,0,0,1,0,1,80.8,Borderline
BPVGK,17,female,Arunachal Pradesh,10th,68.3,345000.0,999,999,1,1,59,1,1,1,65.32,Ineligible
ARG45,22,male,Telangana,phd,52.5,827000.0,72,999,1,0,0,1,1,1,46.0,Ineligible
A023B,25,male,Andhra Pradesh,bachelors,92.9,512000.0,1,999,1,0,0,1,1,1,77.16,Eligible
ARG45,33,male,Meghalaya,phd,65.1,186000.0,85,999,1,0,0,1,1,1,66.04,Eligible
AZKMI,26,male,Karnataka,masters,93.1,654000.0,999,14,1,0,0,1,1,1,72.24,Ineligible
BVOBC,19,female,Kerala,bachelors,73.4,198000.0,88,999,1,0,0,1,1,1,74.36,Eligible
ARG45,22,male,Maharashtra,phd,87.2,485000.0,78,999,1,0,0,1,1,0,64.88,Borderline
A023B,22,male,Mizoram,bachelors,96.8,670000.0,6,999,1,0,0,0,1,1,73.72,Ineligible
BVOBC,18,female,Andhra Pradesh,bachelors,65.2,311000.0,78,999,1,0,0,1,1,1,66.08,Ineligible
A023B,20,male,Andhra Pradesh,bachelors,80.3,438000.0,3,999,1,0,0,1,1,1,72.12,Eligible
BVOBC,20,male,Arunachal Pradesh,12th,54.2,150000.0,78,999,1,0,0,1,1,1,61.68,Eligible
A023B,19,female,Odisha,masters,74.9,701000.0,2,999,1,0,0,1,1,1,69.96,Ineligible
AZKMI,34,male,Karnataka,postdoc,73.1,605000.0,999,4,1,0,0,1,1,1,64.24,Ineligible
A023B,22,male,Sikkim,masters,59.6,549000.0,1,999,1,0,0,1,1,1,63.84,Eligible
A023B,24,female,Assam,bachelors,65.5,493000.0,65,999,1,0,0,0,1,1,61.2,Ineligible
BPVGK,15,male,Assam,10th,65.5,172000.0,999,999,1,0,0,1,1,1,59.2,Eligible
ARG45,26,female,Nagaland,phd,92.0,389000.0,59,999,1,0,0,1,1,1,76.8,Eligible
ARG45,24,male,Arunachal Pradesh,phd,82.3,334000.0,250,999,1,0,0,1,1,1,60.92,Eligible
ARG45,34,female,Karnataka,phd,68.0,569000.0,65,999,1,0,0,1,1,1,62.2,Eligible
AZKMI,38,female,Nagaland,masters,58.5,762000.0,999,37,0,0,0,1,1,1,63.4,Ineligible
BPVGK,14,female,Nagaland,10th,66.2,89000.0,999,999,1,0,0,1,1,1,64.48,Eligible
ARG45,29,male,Kerala,phd,82.5,601000.0,110,999,0,0,0,1,1,1,51.0,Ineligible
A023B,22,male,Gujarat,masters,69.8,480000.0,1,999,1,0,0,1,1,1,67.92,Eligible
A023B,20,female,Kerala,bachelors,64.1,623000.0,2,999,1,1,76,1,0,1,70.64,Ineligible
ARG45,22,male,Gujarat,masters,82.2,203000.0,95,999,1,0,0,0,1,1,67.88,Ineligible
AZKMI,30,male,Meghalaya,phd,85.0,695000.0,999,32,1,0,0,1,1,1,69.0,Ineligible
A023B,18,male,Gujarat,masters,70.0,794000.0,2,999,1,0,0,1,1,1,63.0,Ineligible
ARG45,23,female,Gujarat,phd,57.6,895000.0,88,999,0,0,0,1,1,1,53.04,Ineligible
ARG45,28,female,Tripura,phd,92.3,501000.0,140,999,1,0,0,1,1,1,64.92,Eligible
A023B,25,male,Tamil Nadu,bachelors,90.3,413000.0,2,999,1,0,0,1,1,1,76.12,Eligible
ARG45,25,male,Telangana,masters,87.9,887000.0,140,999,1,0,0,1,1,1,53.16,Eligible
A023B,23,female,Mizoram,bachelors,94.8,381000.0,1,999,1,0,0,1,1,1,87.92,Eligible
A023B,18,male,Tamil Nadu,masters,97.1,420000.0,2,999,1,0,0,1,1,0,78.84,Borderline
BVOBC,21,female,Chhattisgarh,bachelors,92.8,330000.0,1,999,1,0,0,1,1,1,87.12,Ineligible
BVOBC,17,male,Odisha,bachelors,84.4,117000.0,59,999,1,0,0,1,1,1,73.76,Eligible
BPVGK,17,female,Sikkim,10th,74.7,82000.0,999,999,1,0,0,1,1,1,67.88,Eligible
AZKMI,25,male,Andhra Pradesh,phd,75.4,156000.0,999,3,1,0,0,1,1,1,80.16,Eligible
AZKMI,30,female,Chhattisgarh,phd,65.0,493000.0,999,1,1,0,0,1,1,1,71.0,Eligible
BVOBC,18,female,Mizoram,12th,68.2,53000.0,6,999,1,0,0,1,1,1,82.28,Eligible
ARG45,24,female,Chhattisgarh,masters,52.6,890000.0,72,999,1,0,0,1,1,1,51.04,Ineligible
AZKMI,37,female,Meghalaya,phd,73.2,226000.0,999,32,0,0,0,1,1,1,79.28,Ineligible
A023B,20,male,Karnataka,bachelors,84.8,757000.0,72,999,1,0,0,1,1,1,58.92,Ineligible
BVOBC,18,male,Maharashtra,12th,75.3,353000.0,110,999,1,0,0,1,1,1,58.12,Ineligible
AZKMI,25,female,Tamil Nadu,masters,87.1,538000.0,999,14,1,0,0,1,1,1,79.84,Eligible
ARG45,28,female,Meghalaya,phd,74.2,778000.0,3,999,1,0,0,1,1,1,69.68,Eligible
AZKMI,35,female,Nagaland,phd,65.4,299000.0,999,32,1,0,0,1,1,1,76.16,Eligible
BPVGK,14,male,Assam,10th,64.0,64000.0,999,999,1,0,0,1,1,1,58.6,Eligible
A023B,20,female,Assam,masters,70.2,372000.0,3,999,1,0,0,1,1,1,78.08,Eligible
BPVGK,15,female,Tamil Nadu,10th,88.1,148000.0,999,999,1,0,0,1,1,1,73.24,Eligible
AZKMI,34,female,Kerala,phd,66.1,207000.0,999,3,0,0,0,1,1,1,76.44,Ineligible
AZKMI,30,male,Kerala,masters,61.0,101000.0,999,4,1,0,0,1,1,1,74.4,Eligible
BPVGK,15,male,Chhattisgarh,10th,53.1,280000.0,999,999,1,0,0,1,1,1,49.24,Ineligible
BVOBC,19,female,Madhya Pradesh,12th,85.2,197000.0,65,999,1,0,0,1,1,1,79.08,Eligible
AZKMI,26,male,Sikkim,phd,65.6,569000.0,999,14,1,0,0,1,1,1,66.24,Eligible
BVOBC,20,female,Madhya Pradesh,12th,58.5,161000.0,2,999,1,0,0,1,1,1,78.4,Eligible
ARG45,26,other,Tamil Nadu,phd,54.3,764000.0,2,999,1,1,49,1,1,0,61.72,Ineligible
BVOBC,24,female,Karnataka,12th,69.4,232000.0,1,999,1,0,0,1,1,1,77.76,Eligible
A023B,22,female,Assam,masters,90.8,745000.0,65,999,1,0,0,0,1,1,66.32,Ineligible
AZKMI,21,female,Kerala,masters,87.6,820000.0,999,650,1,0,0,1,1,1,55.04,Ineligible
A023B,19,female,Madhya Pradesh,masters,95.1,221000.0,1,999,1,0,0,1,1,1,88.04,Eligible
AZKMI,29,female,Assam,masters,57.0,310000.0,999,3,0,0,0,1,1,1,72.8,Ineligible
BVOBC,24,male,Karnataka,bachelors,87.8,311000.0,2,999,1,0,0,1,1,1,80.12,Ineligible
ARG45,25,male,Rajasthan,masters,94.5,351000.0,85,999,1,0,0,1,1,1,72.8,Eligible
AZKMI,21,male,Tamil Nadu,masters,61.4,191000.0,999,2,1,0,0,1,1,1,74.56,Eligible
BPVGK,16,male,Rajasthan,10th,60.8,232000.0,999,999,1,0,0,1,1,1,52.32,Eligible
BVOBC,23,female,Jharkhand,bachelors,54.2,62000.0,88,999,1,0,0,1,1,1,66.68,Eligible
BPVGK,15,male,Sikkim,10th,74.7,256000.0,999,999,1,0,0,1,1,1,57.88,Ineligible
BPVGK,15,female,Gujarat,10th,61.7,350000.0,999,999,1,0,0,1,1,1,57.68,Ineligible
A023B,22,other,Maharashtra,masters,67.9,196000.0,59,999,1,0,0,1,1,1,67.16,Eligible
BVOBC,24,male,Arunachal Pradesh,bachelors,59.5,73000.0,1,999,1,0,0,1,1,1,73.8,Eligible
ARG45,27,male,Manipur,phd,90.6,812000.0,72,999,1,0,0,1,1,1,61.24,Eligible
BPVGK,14,female,Odisha,10th,76.4,280000.0,999,999,1,0,0,1,1,1,63.56,Ineligible
BVOBC,20,female,Chhattisgarh,12th,59.5,380000.0,72,999,1,0,0,1,1,1,63.8,Ineligible
A023B,21,male,Maharashtra,bachelors,81.4,175000.0,2,999,1,0,0,1,1,1,82.56,Eligible
BVOBC,23,male,Jharkhand,bachelors,73.4,139000.0,65,999,1,0,0,1,1,1,69.36,Eligible
ARG45,34,male,Madhya Pradesh,masters,68.2,744000.0,140,999,1,0,0,1,1,1,45.28,Eligible
ARG45,27,female,Telangana,masters,80.4,397000.0,6,999,1,0,0,1,1,1,82.16,Eligible
A023B,18,male,Chhattisgarh,bachelors,70.4,121000.0,1,999,1,0,0,1,1,1,78.16,Eligible
AZKMI,29,female,Odisha,masters,79.9,409000.0,999,3,1,0,0,1,1,1,76.96,Eligible
BPVGK,14,male,Jharkhand,10th,88.9,324000.0,999,999,1,1,71,1,0,1,68.56,Ineligible
BVOBC,18,female,Meghalaya,12th,81.7,371000.0,59,999,1,0,0,1,0,1,72.68,Ineligible
ARG45,31,female,Madhya Pradesh,masters,90.8,409000.0,88,999,1,0,0,1,1,1,71.32,Eligible
A023B,24,male,Odisha,masters,77.4,161000.0,5,999,1,0,0,1,1,1,80.96,Eligible
BVOBC,19,female,Karnataka,12th,55.1,256000.0,65,999,1,0,0,1,0,1,62.04,Ineligible
AZKMI,35,female,Tamil Nadu,phd,79.2,412000.0,999,1,1,0,0,1,1,1,76.68,Eligible
BVOBC,24,male,Meghalaya,12th,66.9,283000.0,140,999,1,0,0,1,0,1,54.76,Ineligible
ARG45,29,male,Nagaland,masters,55.4,340000.0,110,999,1,0,0,1,1,1,50.16,Eligible
ARG45,22,male,Mizoram,masters,66.3,740000.0,88,999,0,0,0,1,1,1,51.52,Ineligible
ARG45,28,male,Rajasthan,phd,91.9,473000.0,110,999,1,0,0,1,1,1,59.76,Eligible
BVOBC,22,female,Chhattisgarh,bachelors,80.7,105000.0,85,999,1,0,0,1,1,1,77.28,Eligible
A023B,22,female,Chhattisgarh,bachelors,79.9,591000.0,3,999,1,0,0,1,1,1,76.96,Eligible
ARG45,33,female,Nagaland,masters,88.0,228000.0,1,999,1,0,0,1,1,1,85.2,Eligible
A023B,19,male,Madhya Pradesh,masters,83.7,749000.0,88,999,1,0,0,1,1,1,58.48,Ineligible
BPVGK,16,other,Arunachal Pradesh,10th,91.9,159000.0,999,999,1,0,0,1,1,1,69.76,Eligible
ARG45,36,female,Odisha,phd,72.8,136000.0,78,999,1,0,0,1,1,1,74.12,Eligible
BVOBC,20,female,Assam,12th,66.7,298000.0,59,999,1,0,0,1,1,1,66.68,Ineligible
A023B,19,female,Tamil Nadu,masters,72.3,331000.0,2,999,1,0,0,1,1,1,78.92,Eligible
A023B,24,other,Manipur,masters,71.7,500000.0,1,999,1,0,0,1,0,1,68.68,Borderline
AZKMI,30,male,Arunachal Pradesh,phd,71.8,806000.0,999,6,0,0,0,1,1,1,63.72,Ineligible
ARG45,33,male,Madhya Pradesh,phd,60.1,895000.0,110,999,1,0,0,1,1,1,42.04,Eligible
BVOBC,22,female,Tripura,12th,49.7,54000.0,65,999,1,0,0,1,1,1,64.88,Ineligible
A023B,24,male,Manipur,bachelors,89.8,338000.0,2,999,1,0,0,1,1,1,80.92,Eligible
BPVGK,15,other,Jharkhand,10th,70.8,261000.0,999,999,1,1,72,0,1,1,61.32,Ineligible
BPVGK,16,female,Arunachal Pradesh,10th,66.5,84000.0,999,999,1,0,0,1,1,1,64.6,Eligible
A023B,21,female,Manipur,bachelors,59.9,421000.0,2,999,1,0,0,1,1,1,68.96,Eligible
AZKMI,26,male,Maharashtra,postdoc,65.7,208000.0,999,1,1,1,42,1,1,1,76.28,Eligible
ARG45,23,male,Manipur,phd,79.5,693000.0,6,999,1,0,0,1,1,1,66.8,Eligible
BPVGK,14,female,Maharashtra,10th,60.7,283000.0,999,999,1,0,0,1,1,1,57.28,Ineligible
ARG45,25,male,Madhya Pradesh,phd,61.7,691000.0,1,999,1,0,0,1,1,1,59.68,Eligible
A023B,24,female,Tripura,masters,72.5,562000.0,1,999,1,0,0,1,1,1,74.0,Eligible
A023B,23,male,Assam,masters,58.9,614000.0,1,999,1,0,0,1,1,1,58.56,Ineligible
A023B,24,male,Assam,masters,80.7,461000.0,1,999,1,0,0,1,1,1,72.28,Eligible
ARG45,35,female,Assam,masters,57.8,261000.0,110,999,1,0,0,1,1,1,56.12,Eligible
BPVGK,15,male,Tamil Nadu,10th,71.2,201000.0,999,999,1,0,0,1,1,1,56.48,Eligible
A023B,19,male,Gujarat,masters,76.7,115000.0,6,999,1,0,0,1,1,1,80.68,Eligible
BVOBC,22,female,Kerala,bachelors,71.8,292000.0,1,999,1,0,0,1,1,1,78.72,Ineligible
BVOBC,23,female,Manipur,bachelors,55.8,270000.0,1,999,1,0,0,1,1,1,72.32,Ineligible
A023B,20,female,Madhya Pradesh,masters,55.8,548000.0,65,999,1,0,0,1,1,1,57.32,Eligible
ARG45,27,male,Tamil Nadu,phd,77.0,441000.0,78,999,0,0,0,1,1,1,60.8,Ineligible
BPVGK,16,male,Gujarat,10th,65.0,336000.0,999,999,1,0,0,1,1,1,54.0,Ineligible
A023B,21,male,Andhra Pradesh,masters,72.5,274000.0,6,999,1,0,0,1,1,1,74.0,Eligible
BVOBC,20,male,Telangana,bachelors,94.9,57000.0,5,999,1,0,0,0,1,1,87.96,Ineligible
BVOBC,23,male,Tripura,bachelors,92.6,352000.0,140,999,1,0,0,0,1,0,65.04,Ineligible
AZKMI,22,female,Odisha,postdoc,72.2,730000.0,999,650,0,0,0,1,1,1,48.88,Ineligible
A023B,23,female,Odisha,masters,78.7,554000.0,85,999,1,0,0,1,1,1,66.48,Eligible
ARG45,22,male,Kerala,phd,89.3,570000.0,72,999,1,0,0,1,1,1,65.72,Eligible
BVOBC,23,male,Gujarat,bachelors,66.6,244000.0,3,999,1,0,0,1,1,1,71.64,Eligible
ARG45,34,female,Andhra Pradesh,masters,76.9,528000.0,3,999,1,0,0,1,1,1,75.76,Eligible
ARG45,26,male,Madhya Pradesh,phd,70.3,367000.0,1,999,1,0,0,1,1,1,73.12,Eligible
BPVGK,17,female,Karnataka,10th,83.1,329000.0,999,999,1,0,0,1,1,1,66.24,Ineligible
ARG45,30,male,Kerala,phd,67.0,467000.0,85,999,0,0,0,0,0,1,56.8,Ineligible
ARG45,26,male,Karnataka,masters,82.2,338000.0,65,999,1,0,0,1,1,1,67.88,Eligible
A023B,24,female,Manipur,masters,85.9,501000.0,6,999,1,0,0,1,1,1,79.36,Eligible
BPVGK,17,male,Kerala,10th,58.2,158000.0,999,999,1,0,0,1,1,0,56.28,Borderline
A023B,20,male,Odisha,masters,79.5,161000.0,1,999,1,0,0,1,0,1,81.8,Borderline
BVOBC,18,male,Mizoram,12th,86.7,53000.0,2,999,1,0,0,1,1,1,84.68,Eligible
ARG45,28,female,Mizoram,masters,58.9,309000.0,140,999,1,0,0,1,1,1,56.56,Eligible
A023B,22,female,Tripura,bachelors,69.0,794000.0,3,999,1,0,0,1,1,1,67.6,Ineligible
BVOBC,24,male,Odisha,12th,75.8,217000.0,88,999,1,0,0,1,1,1,65.32,Eligible
ARG45,30,female,Gujarat,phd,63.8,499000.0,110,999,1,0,0,1,1,1,53.52,Eligible
BPVGK,16,male,Jharkhand,10th,62.1,326000.0,999,999,1,0,0,1,1,1,52.84,Ineligible
BPVGK,17,female,Maharashtra,10th,58.5,66000.0,999,999,1,0,0,1,1,1,61.4,Eligible
BVOBC,21,male,Madhya Pradesh,bachelors,93.0,299000.0,78,999,1,0,0,1,0,1,72.2,Ineligible
AZKMI,32,male,Kerala,phd,89.7,268000.0,999,6,1,0,0,1,1,1,80.88,Eligible
AZKMI,36,female,Mizoram,masters,60.2,575000.0,999,3,1,0,0,0,1,1,69.08,Ineligible
AZKMI,33,female,Mizoram,phd,74.5,559000.0,999,2,1,0,0,1,1,0,74.8,Borderline
ARG45,28,male,Meghalaya,masters,68.0,738000.0,3,999,1,0,0,1,0,1,62.2,Borderline
BPVGK,16,female,Arunachal Pradesh,10th,91.6,224000.0,999,999,1,0,0,1,1,1,69.64,Eligible
BPVGK,14,female,Meghalaya,10th,85.9,215000.0,999,999,1,0,0,1,0,1,67.36,Borderline
ARG45,26,female,Chhattisgarh,phd,53.1,535000.0,1,999,1,0,0,1,1,1,66.24,Ineligible
BVOBC,18,male,Andhra Pradesh,bachelors,92.1,345000.0,65,999,1,0,0,1,1,1,71.84,Ineligible
ARG45,25,male,Kerala,phd,84.2,883000.0,95,999,1,0,0,1,1,1,58.68,Eligible
A023B,25,male,Madhya Pradesh,bachelors,59.7,659000.0,2,999,1,0,0,0,0,1,58.88,Ineligible
A023B,24,male,Odisha,masters,81.1,657000.0,250,999,1,0,0,1,1,1,50.44,Ineligible
BPVGK,17,male,Jharkhand,10th,94.7,179000.0,999,999,1,0,0,1,1,1,70.88,Eligible
BVOBC,17,female,Meghalaya,bachelors,78.3,75000.0,72,999,1,0,0,0,0,1,76.32,Borderline
A023B,25,male,Maharashtra,masters,88.9,283000.0,72,999,1,1,67,1,1,1,75.56,Eligible
BPVGK,14,female,Mizoram,10th,67.9,121000.0,999,999,1,0,0,1,0,1,65.16,Borderline
AZKMI,37,male,Arunachal Pradesh,postdoc,65.5,672000.0,999,650,0,0,0,1,1,1,41.2,Ineligible
ARG45,23,female,Gujarat,phd,51.2,894000.0,5,999,1,0,0,1,1,1,60.48,Ineligible
BVOBC,17,female,Chhattisgarh,bachelors,55.8,284000.0,250,999,1,0,0,1,1,1,55.32,Ineligible
A023B,25,female,Karnataka,masters,89.0,506000.0,3,999,0,0,0,1,1,1,80.6,Ineligible
BPVGK,15,male,Karnataka,10th,94.7,241000.0,999,999,1,0,0,1,1,1,65.88,Eligible
ARG45,35,male,Chhattisgarh,masters,62.6,364000.0,110,999,1,0,0,1,1,1,53.04,Eligible
A023B,19,female,Odisha,bachelors,71.8,431000.0,72,999,1,0,0,1,1,1,63.72,Eligible
BVOBC,23,female,Tripura,12th,88.4,114000.0,6,999,1,0,0,1,1,1,90.36,Eligible
AZKMI,28,female,Karnataka,masters,55.3,318000.0,999,3,1,0,0,1,0,1,72.12,Borderline
BPVGK,17,female,Chhattisgarh,10th,74.7,204000.0,999,999,1,1,68,1,1,1,67.88,Eligible
BVOBC,23,male,Tamil Nadu,12th,71.9,209000.0,6,999,1,0,0,1,1,1,73.76,Eligible
A023B,18,female,Karnataka,bachelors,69.1,291000.0,85,999,1,0,0,1,1,1,67.64,Eligible
ARG45,26,male,Gujarat,masters,76.2,477000.0,95,999,1,0,0,1,1,1,60.48,Eligible
BPVGK,16,female,Nagaland,10th,70.5,192000.0,999,999,1,1,78,1,1,1,71.2,Eligible
AZKMI,37,female,Madhya Pradesh,postdoc,87.2,598000.0,999,8,1,0,0,1,1,1,79.88,Ineligible
A023B,25,female,Andhra Pradesh,masters,64.4,505000.0,3,999,1,0,0,1,1,1,70.76,Eligible
ARG45,28,male,Andhra Pradesh,phd,63.6,540000.0,88,999,1,0,0,1,1,1,55.44,Eligible
ARG45,28,female,Assam,phd,87.4,573000.0,2,999,1,0,0,1,1,1,79.96,Eligible
AZKMI,31,female,Tamil Nadu,masters,91.6,735000.0,999,32,1,0,0,1,1,1,76.64,Ineligible
BPVGK,17,male,Telangana,10th,85.9,344000.0,999,999,1,0,0,1,1,1,62.36,Ineligible
BPVGK,16,male,Karnataka,10th,60.9,128000.0,999,999,1,0,0,1,1,1,57.36,Eligible
A023B,20,male,Assam,bachelors,73.2,769000.0,72,999,1,0,0,1,1,1,54.28,Ineligible
ARG45,23,male,Jharkhand,masters,62.3,116000.0,1,999,1,0,0,1,1,1,74.92,Eligible
A023B,23,male,Arunachal Pradesh,masters,60.4,436000.0,1,999,1,0,0,1,1,1,64.16,Eligible
AZKMI,25,female,Karnataka,phd,60.9,136000.0,999,32,1,0,0,1,0,1,79.36,Borderline
A023B,19,female,Sikkim,bachelors,95.8,173000.0,5,999,1,0,0,1,1,1,93.32,Eligible
BVOBC,19,male,Andhra Pradesh,12th,72.8,137000.0,5,999,1,0,0,1,1,1,79.12,Eligible
ARG45,31,male,Gujarat,phd,78.3,442000.0,3,999,1,0,0,1,1,1,71.32,Eligible
ARG45,36,female,Meghalaya,phd,87.2,504000.0,3,999,1,0,0,1,1,0,79.88,Borderline
BVOBC,24,male,Tamil Nadu,12th,72.1,51000.0,72,999,1,0,0,0,1,1,68.84,Ineligible
AZKMI,26,female,Gujarat,masters,71.9,150000.0,999,3,1,0,0,1,1,1,83.76,Eligible
A023B,25,male,Mizoram,masters,55.8,658000.0,85,999,1,0,0,0,1,1,47.32,Ineligible
AZKMI,28,female,Tripura,masters,72.9,978000.0,999,4,1,0,0,1,1,1,69.16,Ineligible
A023B,19,female,Mizoram,masters,69.7,395000.0,1,999,1,0,0,1,1,1,77.88,Eligible
AZKMI,37,male,Meghalaya,postdoc,51.6,230000.0,999,1,1,0,0,1,1,1,65.64,Ineligible
ARG45,31,male,Assam,phd,71.7,837000.0,2,999,1,0,0,1,1,1,63.68,Eligible
ARG45,35,female,Andhra Pradesh,phd,89.0,383000.0,78,999,1,0,0,1,1,1,75.6,Eligible
ARG45,29,male,Rajasthan,masters,58.3,486000.0,3,999,1,0,0,1,1,1,63.32,Eligible
ARG45,31,male,Rajasthan,masters,50.1,427000.0,2,999,1,0,0,1,0,1,60.04,Ineligible
AZKMI,25,male,Sikkim,masters,82.5,216000.0,999,4,1,0,0,1,1,1,78.0,Eligible
ARG45,27,other,Telangana,masters,55.9,283000.0,1,999,1,1,58,1,1,1,72.36,Eligible
BVOBC,20,female,Madhya Pradesh,bachelors,60.9,83000.0,2,999,1,0,0,1,1,1,79.36,Eligible
BPVGK,15,female,Rajasthan,10th,84.4,180000.0,999,999,1,0,0,1,1,1,71.76,Eligible
AZKMI,31,female,Rajasthan,phd,79.7,705000.0,999,1,1,0,0,1,1,1,71.88,Ineligible
BVOBC,18,female,Maharashtra,bachelors,95.0,79000.0,65,999,1,0,0,1,1,1,83.0,Eligible
AZKMI,23,female,Manipur,masters,76.1,528000.0,999,1,1,0,0,1,1,1,75.44,Eligible
ARG45,28,female,Telangana,masters,67.3,706000.0,140,999,1,0,0,1,1,1,49.92,Eligible
AZKMI,31,female,Assam,phd,66.4,255000.0,999,14,1,0,0,1,1,1,76.56,Eligible
BVOBC,17,female,Madhya Pradesh,12th,50.7,350000.0,65,999,1,0,0,1,1,1,60.28,Ineligible
BPVGK,16,female,Mizoram,10th,45.8,122000.0,999,999,1,0,0,1,1,1,56.32,Ineligible
BVOBC,17,female,Meghalaya,12th,59.5,47000.0,72,999,1,0,0,1,1,1,68.8,Eligible
BPVGK,15,male,Andhra Pradesh,10th,57.9,307000.0,999,999,1,0,0,1,1,1,51.16,Ineligible
BPVGK,14,male,Chhattisgarh,10th,60.9,338000.0,999,999,1,0,0,0,1,1,52.36,Ineligible
AZKMI,25,female,Maharashtra,postdoc,64.8,879000.0,999,1,1,0,0,1,1,1,65.92,Ineligible
BPVGK,14,male,Maharashtra,10th,86.8,191000.0,999,999,1,0,0,1,1,1,67.72,Eligible
A023B,25,female,Tripura,bachelors,82.5,109000.0,65,999,0,0,0,1,1,1,78.0,Ineligible
BPVGK,15,male,Telangana,10th,59.1,201000.0,999,999,1,0,0,1,1,1,51.64,Eligible
A023B,22,female,Arunachal Pradesh,bachelors,86.3,508000.0,2,999,1,0,0,1,1,1,79.52,Eligible
BVOBC,23,male,Odisha,bachelors,60.2,124000.0,5,999,1,0,0,1,1,1,74.08,Eligible
A023B,22,male,Mizoram,bachelors,73.0,537000.0,65,999,1,0,0,1,1,1,59.2,Eligible
ARG45,32,male,Maharashtra,phd,80.3,381000.0,3,999,1,0,0,1,1,1,77.12,Eligible
A023B,25,female,Tamil Nadu,masters,92.5,558000.0,65,999,0,0,0,1,1,1,72.0,Ineligible
BPVGK,16,female,Meghalaya,10th,64.9,276000.0,999,999,1,0,0,1,1,1,58.96,Ineligible
AZKMI,38,female,Chhattisgarh,postdoc,94.7,113000.0,999,2,0,0,0,1,1,1,92.88,Ineligible
ARG45,25,female,Maharashtra,masters,77.8,846000.0,65,999,1,0,0,0,1,1,61.12,Ineligible
BPVGK,16,female,Tamil Nadu,10th,65.4,290000.0,999,999,1,1,80,1,1,1,64.16,Ineligible
BVOBC,17,female,Nagaland,bachelors,52.4,382000.0,72,999,1,0,0,1,1,1,60.96,Ineligible
BVOBC,22,female,Arunachal Pradesh,bachelors,95.3,356000.0,59,999,1,0,0,1,1,1,78.12,Ineligible
AZKMI,29,male,Rajasthan,postdoc,76.1,812000.0,999,14,1,0,0,1,1,1,65.44,Ineligible
BVOBC,17,male,Mizoram,bachelors,91.4,243000.0,250,999,1,0,0,1,1,1,64.56,Eligible
AZKMI,21,female,Nagaland,postdoc,59.7,231000.0,999,32,1,0,0,1,1,1,73.88,Eligible
BPVGK,15,female,Tripura,10th,53.2,213000.0,999,999,1,0,0,1,1,1,54.28,Eligible
A023B,18,female,Sikkim,bachelors,92.9,763000.0,65,999,1,0,0,1,1,1,67.16,Ineligible
BVOBC,18,female,Maharashtra,12th,58.9,279000.0,65,999,1,0,0,1,1,1,63.56,Ineligible
BVOBC,18,female,Madhya Pradesh,12th,70.1,184000.0,2,999,1,0,0,1,1,1,83.04,Eligible
BPVGK,17,female,Maharashtra,10th,74.8,94000.0,999,999,1,0,0,1,1,1,67.92,Eligible
A023B,25,male,Rajasthan,masters,58.1,457000.0,72,999,0,0,0,1,1,1,53.24,Ineligible
BVOBC,19,female,Tamil Nadu,12th,58.0,156000.0,65,999,1,1,64,1,1,1,73.2,Eligible
AZKMI,36,female,Kerala,postdoc,52.0,385000.0,999,22,1,1,80,1,1,1,75.8,Ineligible
ARG45,27,male,Madhya Pradesh,masters,60.2,339000.0,88,999,1,0,0,1,1,1,59.08,Eligible
AZKMI,29,male,Manipur,postdoc,52.1,278000.0,999,21,0,0,0,1,1,1,65.84,Ineligible
AZKMI,25,female,Andhra Pradesh,masters,72.2,354000.0,999,2,1,0,0,1,1,1,78.88,Eligible
AZKMI,23,female,Manipur,phd,54.7,683000.0,999,1,1,0,0,1,1,1,61.88,Ineligible
AZKMI,37,other,Assam,phd,93.9,389000.0,999,2,1,0,0,1,1,1,82.56,Ineligible
BVOBC,17,female,Gujarat,12th,79.3,383000.0,6,999,1,0,0,1,1,1,81.72,Ineligible
BVOBC,20,male,Jharkhand,bachelors,60.6,168000.0,3,999,1,0,0,1,1,0,74.24,Borderline
ARG45,34,male,Telangana,phd,93.1,856000.0,140,999,1,0,0,1,1,1,55.24,Eligible
AZKMI,22,female,Jharkhand,masters,50.2,151000.0,999,37,1,0,0,1,1,1,75.08,Ineligible
BVOBC,19,female,Rajasthan,bachelors,64.6,279000.0,65,999,1,0,0,1,1,1,65.84,Ineligible
BVOBC,21,male,Telangana,bachelors,53.9,297000.0,95,999,1,1,40,1,1,1,61.56,Ineligible
A023B,20,male,Sikkim,bachelors,57.1,512000.0,6,999,1,0,0,1,1,1,62.84,Eligible
BVOBC,22,male,Meghalaya,bachelors,55.6,248000.0,110,999,1,0,0,1,1,1,50.24,Eligible
BPVGK,14,female,Sikkim,10th,60.5,143000.0,999,999,1,0,0,1,1,1,62.2,Eligible
AZKMI,24,male,Nagaland,postdoc,67.9,340000.0,999,1,1,0,0,1,1,1,72.16,Eligible
BPVGK,16,female,Odisha,10th,93.3,283000.0,999,999,1,0,0,1,1,1,70.32,Ineligible
A023B,25,female,Kerala,bachelors,75.6,529000.0,3,999,1,0,0,1,1,1,75.24,Eligible
AZKMI,30,male,Kerala,masters,81.5,289000.0,999,650,1,0,0,1,1,0,57.6,Ineligible
A023B,19,female,Assam,masters,90.3,451000.0,65,999,1,0,0,1,1,1,71.12,Eligible
BPVGK,17,female,Manipur,10th,46.3,185000.0,999,999,1,0,0,1,1,1,56.52,Ineligible
A023B,23,male,Jharkhand,masters,74.6,542000.0,2,999,1,0,0,1,1,1,69.84,Eligible
A023B,18,female,Kerala,bachelors,83.6,519000.0,250,999,1,0,0,1,1,1,61.44,Ineligible
ARG45,31,female,Maharashtra,phd,80.6,139000.0,3,999,1,0,0,1,1,1,87.24,Eligible
BPVGK,14,male,Jharkhand,10th,82.7,118000.0,999,999,1,0,0,1,0,1,66.08,Borderline
A023B,19,male,Assam,masters,70.2,297000.0,1,999,1,0,0,1,1,1,73.08,Eligible
ARG45,36,female,Kerala,masters,73.1,352000.0,59,999,0,0,0,1,1,1,69.24,Ineligible
BVOBC,22,female,Karnataka,12th,60.6,87000.0,85,999,1,0,0,1,1,1,69.24,Eligible
BVOBC,22,male,Odisha,bachelors,50.1,102000.0,95,999,1,0,0,1,1,1,60.04,Eligible
BVOBC,24,male,Odisha,12th,48.0,333000.0,250,999,1,0,0,1,1,1,47.2,Ineligible
ARG45,36,female,Gujarat,masters,91.5,107000.0,2,999,1,0,0,1,1,1,91.6,Eligible
A023B,24,male,Sikkim,masters,71.4,682000.0,110,999,1,0,0,1,1,1,46.56,Ineligible
A023B,22,male,Kerala,masters,66.2,275000.0,5,999,1,0,0,1,1,1,71.48,Eligible
ARG45,28,male,Chhattisgarh,masters,75.9,221000.0,95,999,1,0,0,1,1,1,65.36,Eligible
A023B,25,female,Tamil Nadu,bachelors,73.8,374000.0,65,999,1,0,0,1,1,1,69.52,Eligible
BVOBC,23,female,Kerala,12th,73.9,296000.0,1,999,1,0,0,1,0,1,79.56,Ineligible
AZKMI,35,male,Andhra Pradesh,postdoc,54.3,731000.0,999,2,1,0,0,1,1,1,56.72,Ineligible
A023B,25,male,Meghalaya,bachelors,56.0,760000.0,59,999,1,0,0,0,1,1,47.4,Ineligible
BPVGK,15,female,Gujarat,10th,48.4,215000.0,999,999,1,0,0,1,1,1,52.36,Ineligible
BVOBC,24,female,Kerala,bachelors,94.9,261000.0,3,999,1,0,0,1,1,1,87.96,Ineligible
BVOBC,23,female,Kerala,bachelors,64.9,161000.0,2,999,1,0,0,1,1,1,80.96,Eligible
ARG45,29,male,Tamil Nadu,masters,63.5,691000.0,78,999,1,0,0,1,1,1,50.4,Eligible
ARG45,28,female,Arunachal Pradesh,masters,80.5,292000.0,250,999,1,0,0,1,1,1,65.2,Eligible
BPVGK,14,female,Manipur,10th,69.2,272000.0,999,999,1,0,0,1,1,1,60.68,Ineligible
AZKMI,36,male,Manipur,phd,85.4,342000.0,999,8,1,0,0,1,1,1,79.16,Ineligible
BVOBC,19,male,Karnataka,bachelors,84.4,377000.0,85,999,1,0,0,1,1,1,68.76,Ineligible
A023B,23,male,Tamil Nadu,masters,81.3,103000.0,1,999,1,1,60,1,1,1,87.52,Eligible
BPVGK,17,female,Karnataka,10th,58.1,108000.0,999,999,1,0,0,1,1,1,61.24,Eligible
BVOBC,21,female,Nagaland,bachelors,62.7,172000.0,5,999,1,0,0,1,1,1,80.08,Eligible
AZKMI,30,female,Nagaland,masters,89.5,792000.0,999,4,1,0,0,1,1,1,75.8,Ineligible
BVOBC,19,male,Chhattisgarh,bachelors,52.3,372000.0,78,999,1,0,0,1,1,1,55.92,Ineligible
BVOBC,22,female,Meghalaya,bachelors,89.5,316000.0,2,999,1,1,66,1,0,1,90.8,Ineligible
A023B,18,male,Maharashtra,bachelors,55.3,214000.0,6,999,1,0,0,1,1,1,67.12,Eligible
BVOBC,18,female,Sikkim,bachelors,82.8,298000.0,2,999,1,0,0,1,1,1,83.12,Ineligible
A023B,21,male,Meghalaya,masters,87.2,398000.0,59,999,0,0,0,1,1,1,69.88,Ineligible
BPVGK,16,male,Madhya Pradesh,10th,72.4,305000.0,999,999,1,0,0,1,1,1,56.96,Ineligible
BVOBC,18,male,Madhya Pradesh,12th,84.6,223000.0,140,999,1,0,0,1,1,1,61.84,Eligible
AZKMI,25,male,Meghalaya,postdoc,63.0,320000.0,999,4,1,0,0,1,0,1,70.2,Borderline
BVOBC,24,male,Telangana,bachelors,59.9,279000.0,6,999,1,0,0,1,1,1,68.96,Ineligible
AZKMI,37,female,Manipur,phd,56.6,328000.0,999,2,0,0,0,1,1,1,72.64,Ineligible
ARG45,25,female,Tripura,masters,75.1,878000.0,140,999,1,0,0,1,0,0,53.04,Borderline
BVOBC,20,male,Madhya Pradesh,12th,76.5,241000.0,65,999,1,0,0,1,1,1,65.6,Eligible
AZKMI,30,male,Chhattisgarh,masters,74.5,796000.0,999,37,1,0,0,1,1,1,64.8,Ineligible
ARG45,27,male,Gujarat,masters,90.2,584000.0,250,999,1,0,0,1,1,1,59.08,Eligible
AZKMI,26,male,Telangana,masters,83.2,818000.0,999,21,0,0,0,1,1,1,68.28,Ineligible
ARG45,31,female,Maharashtra,masters,54.4,831000.0,1,999,1,0,0,1,1,0,61.76,Ineligible
ARG45,35,female,Arunachal Pradesh,masters,79.6,557000.0,85,999,1,0,0,1,1,1,66.84,Eligible
A023B,21,female,Assam,masters,90.2,560000.0,2,999,1,0,0,1,1,1,81.08,Eligible
A023B,23,male,Jharkhand,masters,65.3,285000.0,3,999,1,0,0,1,1,1,71.12,Eligible
BVOBC,20,female,Karnataka,12th,48.3,338000.0,250,999,1,0,0,0,1,1,52.32,Ineligible
ARG45,25,female,Tamil Nadu,masters,61.7,704000.0,140,999,1,0,0,1,1,1,47.68,Eligible
AZKMI,30,male,Telangana,phd,72.8,361000.0,999,8,0,0,0,1,1,1,74.12,Ineligible
BVOBC,20,female,Telangana,12th,86.6,388000.0,6,999,1,0,0,1,1,1,84.64,Ineligible
BVOBC,24,male,Mizoram,bachelors,90.1,331000.0,88,999,1,1,64,1,1,1,76.04,Ineligible
A023B,22,female,Meghalaya,masters,75.3,477000.0,3,999,1,0,0,1,1,1,75.12,Eligible
BVOBC,24,female,Tripura,bachelors,83.6,225000.0,6,999,1,0,0,1,1,1,83.44,Eligible
A023B,21,male,Andhra Pradesh,bachelors,79.6,90000.0,6,999,1,0,0,1,1,1,81.84,Eligible
ARG45,24,female,Nagaland,phd,80.3,272000.0,5,999,1,0,0,1,1,1,82.12,Eligible
A023B,25,male,Tripura,bachelors,88.7,396000.0,5,999,1,0,0,1,1,1,80.48,Eligible
BPVGK,17,female,Assam,10th,77.6,233000.0,999,999,1,0,0,1,0,1,64.04,Borderline
BVOBC,20,female,Tripura,bachelors,82.3,178000.0,65,999,1,0,0,1,1,1,77.92,Eligible
BVOBC,23,male,Odisha,12th,93.1,214000.0,2,999,1,0,0,1,1,1,82.24,Eligible
A023B,18,male,Kerala,bachelors,89.1,269000.0,65,999,1,0,0,1,1,1,70.64,Eligible
A023B,21,female,Rajasthan,bachelors,73.9,370000.0,95,999,1,0,0,1,1,1,69.56,Eligible
BVOBC,24,male,Telangana,12th,83.5,100000.0,5,999,1,0,0,0,1,1,83.4,Ineligible
BPVGK,15,male,Maharashtra,10th,71.1,86000.0,999,999,1,0,0,1,1,1,61.44,Eligible
BVOBC,17,female,Nagaland,bachelors,79.8,178000.0,95,999,1,0,0,1,1,1,76.92,Eligible
ARG45,26,male,Andhra Pradesh,masters,51.9,799000.0,88,999,1,0,0,1,1,1,45.76,Ineligible
ARG45,31,female,Maharashtra,masters,61.7,890000.0,1,999,1,0,0,1,1,1,64.68,Eligible
A023B,23,female,Manipur,bachelors,67.1,510000.0,3,999,1,0,0,1,1,1,71.84,Eligible
ARG45,28,female,Gujarat,phd,56.9,492000.0,250,999,1,0,0,1,1,1,50.76,Eligible
ARG45,29,male,Maharashtra,masters,81.3,759000.0,2,999,1,0,0,1,1,1,67.52,Eligible
ARG45,28,female,Manipur,masters,85.3,250000.0,5,999,1,0,0,1,1,1,84.12,Eligible
BVOBC,23,female,Arunachal Pradesh,12th,94.0,59000.0,2,999,1,0,0,1,1,1,92.6,Eligible
ARG45,34,male,Assam,phd,91.1,449000.0,2,999,1,0,0,1,1,0,76.44,Borderline
ARG45,23,male,Tamil Nadu,phd,73.2,581000.0,78,999,1,0,0,1,1,1,59.28,Eligible
ARG45,26,female,Meghalaya,phd,61.3,136000.0,85,999,1,0,0,1,1,1,69.52,Eligible
ARG45,31,male,Madhya Pradesh,masters,79.6,666000.0,6,999,1,1,67,1,1,1,71.84,Eligible
A023B,22,female,Jharkhand,masters,65.2,648000.0,3,999,1,0,0,1,1,1,66.08,Ineligible
BPVGK,17,female,Gujarat,10th,57.0,127000.0,999,999,1,0,0,1,0,1,60.8,Borderline
ARG45,33,male,Odisha,masters,78.9,383000.0,3,999,1,0,0,1,1,1,76.56,Eligible
BPVGK,16,female,Jharkhand,10th,91.6,138000.0,999,999,1,0,0,1,1,1,74.64,Eligible
BVOBC,19,male,Sikkim,12th,78.6,45000.0,5,999,1,0,0,1,1,1,81.44,Eligible
BVOBC,22,female,Gujarat,12th,52.0,296000.0,1,999,1,0,0,1,1,1,70.8,Ineligible
A023B,24,female,Odisha,masters,87.0,381000.0,5,999,1,0,0,1,1,1,84.8,Eligible
ARG45,26,female,Tripura,masters,76.0,833000.0,3,999,0,0,0,1,1,1,70.4,Ineligible
A023B,19,male,Gujarat,masters,55.6,424000.0,85,999,1,0,0,1,1,1,52.24,Eligible
BPVGK,16,male,Arunachal Pradesh,10th,74.3,211000.0,999,999,1,0,0,1,1,1,57.72,Eligible
ARG45,31,male,Assam,masters,66.0,740000.0,2,999,1,0,0,1,1,1,61.4,Eligible
BPVGK,16,male,Odisha,10th,87.5,116000.0,999,999,1,0,0,1,1,1,68.0,Eligible
BPVGK,14,male,Gujarat,10th,89.6,269000.0,999,999,1,0,0,1,1,1,63.84,Ineligible
A023B,25,female,Odisha,masters,59.2,419000.0,3,999,1,0,0,1,1,1,68.68,Eligible
A023B,24,female,Nagaland,masters,74.1,353000.0,1,999,1,0,0,1,1,1,79.64,Eligible
AZKMI,35,female,Arunachal Pradesh,masters,54.5,195000.0,999,37,1,0,0,1,1,1,76.8,Ineligible
BVOBC,18,male,Andhra Pradesh,12th,79.1,394000.0,250,999,1,0,0,1,1,1,59.64,Ineligible
ARG45,22,female,Chhattisgarh,phd,73.2,307000.0,59,999,1,0,0,1,1,1,69.28,Eligible
ARG45,24,male,Gujarat,phd,63.7,846000.0,6,999,1,1,66,1,1,1,65.48,Eligible
BVOBC,21,female,Rajasthan,bachelors,88.1,392000.0,6,999,1,0,0,1,1,1,85.24,Ineligible
BVOBC,21,female,Meghalaya,12th,51.9,202000.0,95,999,1,0,0,1,0,1,60.76,Borderline
BVOBC,24,female,Nagaland,bachelors,45.5,77000.0,72,999,1,0,0,1,1,1,63.2,Ineligible
AZKMI,21,male,Assam,masters,50.5,635000.0,999,650,1,0,0,1,1,1,35.2,Ineligible
A023B,19,female,Maharashtra,masters,68.8,122000.0,85,999,1,0,0,1,1,1,72.52,Eligible
A023B,25,male,Arunachal Pradesh,bachelors,65.9,359000.0,250,999,1,0,0,1,1,1,54.36,Ineligible
AZKMI,24,female,Maharashtra,postdoc,90.4,881000.0,999,32,1,0,0,1,1,1,76.16,Ineligible
AZKMI,32,female,Tripura,phd,56.1,455000.0,999,650,0,0,0,0,1,1,47.44,Ineligible
ARG45,32,female,Sikkim,masters,73.3,549000.0,72,999,1,0,0,1,1,1,64.32,Eligible
A023B,24,male,Chhattisgarh,bachelors,96.3,372000.0,5,999,1,1,54,1,1,1,88.52,Eligible
BVOBC,17,male,Arunachal Pradesh,bachelors,54.0,252000.0,88,999,1,0,0,1,1,1,56.6,Ineligible
ARG45,27,male,Tamil Nadu,masters,86.0,555000.0,2,999,1,0,0,1,1,1,74.4,Eligible
BPVGK,15,male,Sikkim,10th,49.1,334000.0,999,999,1,0,0,1,0,1,47.64,Ineligible
ARG45,25,male,Madhya Pradesh,masters,64.5,367000.0,5,999,1,0,0,1,0,1,70.8,Borderline
A023B,18,male,Odisha,masters,65.7,245000.0,3,999,1,0,0,1,1,1,71.28,Eligible
A023B,21,female,Rajasthan,bachelors,69.8,324000.0,1,999,1,0,0,1,1,1,77.92,Eligible
AZKMI,24,female,Tripura,masters,53.1,172000.0,999,1,1,1,70,1,1,1,81.24,Ineligible
BVOBC,22,male,Sikkim,12th,86.8,182000.0,78,999,1,0,0,1,1,1,74.72,Eligible
ARG45,35,female,Jharkhand,masters,93.2,473000.0,78,999,1,0,0,1,1,1,72.28,Eligible
ARG45,33,female,Meghalaya,masters,95.0,68000.0,88,999,1,0,0,1,1,1,83.0,Eligible
BVOBC,22,male,Meghalaya,bachelors,54.0,356000.0,110,999,1,0,0,1,1,1,49.6,Ineligible
AZKMI,27,female,Karnataka,phd,61.2,672000.0,999,21,1,0,0,1,1,0,64.48,Ineligible
A023B,22,male,Maharashtra,bachelors,59.6,120000.0,85,999,1,0,0,1,1,1,63.84,Eligible
AZKMI,26,male,Meghalaya,postdoc,89.9,423000.0,999,37,1,0,0,0,1,1,75.96,Ineligible
BPVGK,15,female,Andhra Pradesh,10th,73.3,68000.0,999,999,1,0,0,1,1,1,67.32,Eligible
BVOBC,20,female,Rajasthan,12th,86.9,323000.0,1,999,1,0,0,1,1,1,84.76,Ineligible
BPVGK,15,female,Telangana,10th,82.9,78000.0,999,999,1,0,0,1,1,1,71.16,Eligible
A023B,23,female,Kerala,masters,80.6,239000.0,250,999,1,0,0,1,1,1,65.24,Ineligible
AZKMI,27,female,Nagaland,phd,54.9,172000.0,999,1,1,0,0,1,1,1,76.96,Ineligible
ARG45,34,female,Madhya Pradesh,masters,54.3,368000.0,95,999,1,0,0,1,1,1,61.72,Ineligible
BPVGK,16,female,Nagaland,10th,58.3,78000.0,999,999,1,0,0,1,1,1,61.32,Eligible
AZKMI,33,male,Kerala,phd,83.9,422000.0,999,21,1,0,0,1,1,1,73.56,Eligible
ARG45,33,female,Chhattisgarh,masters,53.5,670000.0,1,999,1,0,0,1,1,1,61.4,Ineligible
A023B,25,female,Gujarat,masters,64.5,146000.0,65,999,1,0,0,1,1,1,70.8,Eligible
A023B,22,male,Assam,masters,91.4,603000.0,1,999,1,0,0,1,1,1,71.56,Ineligible
BPVGK,17,male,Maharashtra,10th,89.5,51000.0,999,999,1,0,0,1,1,1,68.8,Eligible
BVOBC,20,male,Madhya Pradesh,bachelors,72.5,270000.0,3,999,1,0,0,1,0,1,74.0,Ineligible
A023B,20,female,Manipur,bachelors,83.6,723000.0,6,999,1,0,0,1,1,1,73.44,Ineligible
ARG45,23,male,Odisha,phd,67.1,478000.0,2,999,1,0,0,0,1,1,66.84,Ineligible
BVOBC,18,female,Odisha,bachelors,82.5,356000.0,250,999,1,0,0,1,0,1,66.0,Ineligible
AZKMI,28,male,Maharashtra,masters,91.8,377000.0,999,8,1,0,0,1,1,1,81.72,Eligible
BPVGK,17,female,Arunachal Pradesh,10th,71.4,288000.0,999,999,1,0,0,0,0,1,61.56,Ineligible
BVOBC,17,female,Tamil Nadu,12th,73.0,186000.0,6,999,1,1,52,1,1,1,89.2,Eligible
A023B,19,female,Meghalaya,bachelors,79.0,403000.0,3,999,1,0,0,1,1,1,76.6,Eligible
A023B,21,female,Telangana,masters,80.0,357000.0,65,999,1,0,0,1,1,1,72.0,Eligible
BPVGK,15,male,Manipur,10th,46.5,31000.0,999,999,1,0,0,1,1,1,51.6,Ineligible
ARG45,36,male,Meghalaya,phd,60.2,241000.0,2,999,1,0,0,1,1,1,69.08,Eligible
A023B,25,female,Odisha,masters,66.5,518000.0,2,999,1,0,0,1,1,1,71.6,Eligible
BVOBC,21,female,Andhra Pradesh,bachelors,90.8,85000.0,1,999,1,0,0,1,1,0,91.32,Borderline
A023B,23,male,Gujarat,masters,72.9,585000.0,1,999,1,0,0,1,1,1,69.16,Eligible
AZKMI,25,female,Kerala,phd,88.3,868000.0,999,8,1,0,0,1,1,0,75.32,Ineligible
ARG45,24,male,Chhattisgarh,phd,77.4,634000.0,110,999,1,0,0,1,1,1,48.96,Eligible
AZKMI,37,female,Meghalaya,postdoc,63.3,826000.0,999,32,1,0,0,1,1,1,65.32,Ineligible
A023B,21,male,Telangana,bachelors,85.1,235000.0,88,999,1,0,0,1,1,1,69.04,Eligible
BVOBC,19,female,Andhra Pradesh,12th,57.8,180000.0,72,999,1,0,0,1,1,1,68.12,Eligible
ARG45,30,male,Gujarat,masters,59.0,713000.0,1,999,1,0,0,1,0,1,58.6,Borderline
AZKMI,36,male,Arunachal Pradesh,postdoc,74.8,200000.0,999,14,0,0,0,1,1,1,79.92,Ineligible
BVOBC,22,male,Jharkhand,bachelors,68.2,325000.0,85,999,1,0,0,1,1,1,62.28,Ineligible
AZKMI,22,male,Chhattisgarh,postdoc,78.5,938000.0,999,37,1,0,0,1,1,1,66.4,Ineligible
BVOBC,17,male,Assam,12th,82.7,391000.0,59,999,1,0,0,1,1,1,68.08,Ineligible
BVOBC,24,male,Andhra Pradesh,bachelors,82.6,213000.0,59,999,1,0,0,1,1,1,68.04,Eligible
A023B,20,female,Maharashtra,bachelors,87.3,429000.0,5,999,1,1,58,1,1,1,84.92,Eligible
BVOBC,21,male,Odisha,12th,84.9,382000.0,3,999,1,0,0,1,1,1,78.96,Ineligible
ARG45,26,female,Manipur,phd,88.8,845000.0,2,999,0,0,0,1,0,0,75.52,Ineligible
A023B,19,male,Odisha,bachelors,90.0,381000.0,78,999,1,0,0,0,1,1,71.0,Ineligible
A023B,19,male,Nagaland,masters,88.4,173000.0,3,999,1,0,0,1,1,1,85.36,Eligible
AZKMI,23,female,Gujarat,phd,57.1,277000.0,999,6,1,0,0,1,1,1,72.84,Eligible
ARG45,30,male,Nagaland,phd,59.8,71000.0,88,999,1,0,0,1,1,1,63.92,Eligible
BVOBC,20,female,Assam,bachelors,73.3,80000.0,1,999,1,0,0,1,1,1,84.32,Eligible
BVOBC,18,male,Maharashtra,bachelors,66.4,319000.0,5,999,1,0,0,1,1,1,71.56,Ineligible
ARG45,22,female,Andhra Pradesh,masters,83.3,319000.0,110,999,1,0,0,1,1,1,66.32,Eligible
AZKMI,25,female,Rajasthan,postdoc,54.5,182000.0,999,1,0,0,0,1,1,1,76.8,Ineligible
ARG45,31,male,Rajasthan,masters,50.3,346000.0,2,999,1,0,0,1,1,1,65.12,Ineligible
A023B,25,female,Assam,bachelors,67.3,680000.0,6,999,1,0,0,0,1,1,66.92,Ineligible
ARG45,25,female,Tamil Nadu,phd,51.1,347000.0,2,999,1,0,0,1,1,1,70.44,Ineligible
BVOBC,19,male,Meghalaya,bachelors,92.7,310000.0,1,999,1,0,0,1,1,1,82.08,Ineligible
AZKMI,34,female,Gujarat,masters,71.4,391000.0,999,4,1,0,0,1,1,1,78.56,Eligible
BVOBC,18,female,Assam,bachelors,72.5,379000.0,59,999,1,0,0,1,1,1,69.0,Ineligible
A023B,23,female,Karnataka,bachelors,97.8,181000.0,1,999,1,0,0,1,1,1,94.12,Eligible
BVOBC,20,male,Jharkhand,bachelors,67.2,236000.0,6,999,1,0,0,1,1,1,71.88,Eligible
ARG45,35,female,Tripura,phd,68.8,877000.0,85,999,1,0,0,1,1,1,57.52,Eligible
ARG45,23,female,Jharkhand,masters,65.6,175000.0,250,999,1,0,0,1,1,1,64.24,Eligible
BVOBC,20,male,Maharashtra,bachelors,68.1,380000.0,85,999,1,0,0,1,1,1,62.24,Ineligible
BPVGK,14,female,Odisha,10th,51.9,194000.0,999,999,1,0,0,1,1,1,58.76,Eligible
ARG45,35,male,Madhya Pradesh,masters,77.9,618000.0,3,999,0,0,0,1,1,1,66.16,Ineligible
ARG45,27,male,Telangana,masters,58.4,78000.0,250,999,1,0,0,0,1,1,56.36,Ineligible
A023B,18,female,Jharkhand,bachelors,71.5,659000.0,3,999,1,0,0,1,1,1,68.6,Ineligible
BPVGK,16,male,Kerala,10th,48.9,238000.0,999,999,1,0,0,1,0,1,47.56,Ineligible
BPVGK,16,male,Manipur,10th,47.9,144000.0,999,999,1,0,0,1,1,1,52.16,Ineligible
A023B,23,male,Tamil Nadu,bachelors,72.3,611000.0,2,999,1,0,0,0,1,1,63.92,Ineligible
ARG45,24,male,Rajasthan,phd,69.4,829000.0,110,999,1,1,77,1,1,1,50.76,Eligible
AZKMI,22,male,Arunachal Pradesh,masters,55.2,858000.0,999,1,0,1,53,1,1,1,62.08,Ineligible
A023B,21,female,Telangana,bachelors,62.2,504000.0,250,999,1,0,0,1,1,1,52.88,Ineligible
BVOBC,24,male,Gujarat,12th,53.1,118000.0,1,999,1,0,0,1,0,1,71.24,Borderline
BPVGK,14,female,Kerala,10th,82.2,159000.0,999,999,1,0,0,1,1,1,70.88,Eligible
BVOBC,22,female,Tamil Nadu,bachelors,54.8,300000.0,88,999,1,0,0,1,0,1,61.92,Ineligible
A023B,18,female,Karnataka,bachelors,84.6,101000.0,85,999,1,0,0,1,1,1,78.84,Eligible
ARG45,26,female,Tripura,masters,70.4,752000.0,250,999,1,0,0,0,1,1,51.16,Ineligible
A023B,22,male,Madhya Pradesh,masters,69.9,494000.0,6,999,1,0,0,0,1,1,67.96,Ineligible
A023B,23,female,Tripura,masters,82.8,461000.0,1,999,1,0,0,1,1,1,78.12,Eligible
ARG45,35,female,Chhattisgarh,masters,63.6,276000.0,88,999,1,0,0,1,1,1,65.44,Eligible
AZKMI,26,female,Assam,masters,71.4,973000.0,999,4,0,0,0,1,1,1,68.56,Ineligible
AZKMI,30,male,Jharkhand,postdoc,53.3,741000.0,999,4,1,0,0,1,1,1,56.32,Ineligible
BVOBC,24,female,Mizoram,bachelors,83.8,205000.0,85,999,1,0,0,1,1,1,73.52,Eligible
BVOBC,20,female,Karnataka,bachelors,85.3,346000.0,3,999,1,0,0,0,1,1,84.12,Ineligible
BPVGK,15,male,Telangana,10th,79.0,287000.0,999,999,1,0,0,1,1,1,59.6,Ineligible
BVOBC,17,female,Maharashtra,bachelors,76.4,219000.0,250,999,1,0,0,1,1,1,63.56,Eligible
BVOBC,22,male,Maharashtra,12th,94.1,319000.0,3,999,1,0,0,1,1,1,82.64,Ineligible
AZKMI,25,male,Jharkhand,masters,94.3,420000.0,999,37,1,0,0,1,1,1,77.72,Eligible
AZKMI,33,female,Chhattisgarh,phd,53.3,850000.0,999,6,1,0,0,1,1,1,61.32,Ineligible
BVOBC,24,male,Nagaland,bachelors,52.0,126000.0,88,999,1,0,0,1,1,1,60.8,Eligible
AZKMI,38,female,Kerala,phd,75.5,417000.0,999,14,1,1,48,1,1,1,80.2,Ineligible
AZKMI,36,male,Tamil Nadu,masters,61.2,825000.0,999,3,1,0,0,1,1,1,59.48,Ineligible
ARG45,29,male,Telangana,phd,66.7,151000.0,5,999,1,0,0,1,1,1,76.68,Eligible
BPVGK,15,male,Manipur,10th,57.8,301000.0,999,999,1,0,0,1,1,1,51.12,Ineligible
BPVGK,15,male,Madhya Pradesh,10th,73.2,45000.0,999,999,1,0,0,1,1,1,62.28,Eligible
BVOBC,24,male,Jharkhand,12th,47.5,148000.0,1,999,1,0,0,1,1,1,69.0,Ineligible
ARG45,23,female,Odisha,masters,58.6,260000.0,140,999,1,0,0,1,0,1,56.44,Borderline
ARG45,24,male,Tamil Nadu,masters,81.3,700000.0,85,999,1,0,0,1,1,1,57.52,Eligible
AZKMI,27,male,Sikkim,phd,79.0,952000.0,999,2,1,1,65,1,1,1,71.6,Ineligible
A023B,25,female,Andhra Pradesh,bachelors,88.7,728000.0,1,999,1,0,0,1,1,1,75.48,Ineligible
ARG45,27,other,Jharkhand,masters,91.9,830000.0,5,999,1,0,0,1,1,1,71.76,Eligible
BPVGK,14,female,Kerala,10th,82.8,104000.0,999,999,1,0,0,1,1,1,71.12,Eligible
BPVGK,16,male,Chhattisgarh,10th,49.5,238000.0,999,999,1,0,0,0,1,1,47.8,Ineligible
A023B,25,female,Telangana,bachelors,78.3,284000.0,1,999,1,0,0,1,1,1,81.32,Eligible
ARG45,32,female,Sikkim,phd,71.6,834000.0,95,999,0,0,0,1,1,1,58.64,Ineligible
ARG45,33,female,Arunachal Pradesh,masters,71.0,383000.0,95,999,1,0,0,1,1,1,68.4,Eligible
BVOBC,18,female,Rajasthan,12th,55.1,87000.0,250,999,1,0,0,1,1,1,60.04,Eligible
A023B,23,male,Arunachal Pradesh,bachelors,69.2,440000.0,6,999,1,0,0,1,1,1,67.68,Eligible
ARG45,24,male,Andhra Pradesh,masters,94.8,466000.0,3,999,1,0,0,1,1,1,77.92,Eligible
BVOBC,24,male,Andhra Pradesh,12th,75.0,171000.0,2,999,1,0,0,1,1,1,80.0,Eligible
ARG45,32,male,Madhya Pradesh,phd,88.9,148000.0,6,999,1,0,0,0,1,1,85.56,Ineligible
ARG45,31,male,Nagaland,masters,65.0,800000.0,95,999,1,0,0,1,1,1,51.0,Eligible
ARG45,32,male,Andhra Pradesh,phd,63.4,794000.0,2,999,1,0,0,1,1,1,60.36,Eligible
BPVGK,17,female,Tamil Nadu,10th,81.7,78000.0,999,999,1,0,0,1,1,0,70.68,Borderline
AZKMI,28,other,Chhattisgarh,masters,90.6,952000.0,999,1,1,0,0,1,1,1,71.24,Ineligible
A023B,23,male,Meghalaya,masters,67.5,774000.0,1,999,1,0,0,1,1,1,62.0,Ineligible
AZKMI,32,male,Nagaland,masters,85.5,905000.0,999,650,1,0,0,1,0,1,49.2,Ineligible
ARG45,23,male,Tripura,masters,53.2,371000.0,3,999,1,0,0,1,1,1,66.28,Ineligible
AZKMI,36,female,Gujarat,masters,50.6,232000.0,999,4,1,0,0,1,0,1,70.24,Ineligible
ARG45,30,male,Arunachal Pradesh,masters,68.4,874000.0,6,999,0,0,0,1,1,1,62.36,Ineligible
AZKMI,21,male,Odisha,phd,74.8,445000.0,999,32,1,0,0,1,1,1,69.92,Eligible
BVOBC,22,male,Andhra Pradesh,12th,50.8,104000.0,2,999,1,1,49,1,1,1,75.32,Eligible
AZKMI,34,female,Mizoram,phd,57.1,636000.0,999,21,1,0,0,1,1,1,62.84,Ineligible
BPVGK,15,female,Rajasthan,10th,58.6,218000.0,999,999,1,0,0,1,1,1,56.44,Eligible
BPVGK,14,female,Tripura,10th,57.2,279000.0,999,999,1,0,0,1,1,1,55.88,Ineligible
AZKMI,38,female,Telangana,phd,92.1,549000.0,999,1,1,0,0,1,1,1,81.84,Ineligible
AZKMI,26,male,Chhattisgarh,phd,70.2,567000.0,999,2,1,0,0,1,1,1,68.08,Eligible
ARG45,33,male,Andhra Pradesh,masters,85.6,591000.0,110,999,1,0,0,0,1,1,57.24,Ineligible
ARG45,26,male,Arunachal Pradesh,phd,90.3,239000.0,250,999,1,0,0,1,0,1,64.12,Borderline
ARG45,36,female,Madhya Pradesh,masters,58.8,226000.0,72,999,1,0,0,1,1,1,63.52,Eligible
ARG45,23,other,Maharashtra,masters,73.7,493000.0,85,999,1,0,0,1,1,1,59.48,Eligible
BVOBC,20,female,Tripura,12th,72.2,138000.0,2,999,1,0,0,1,1,1,83.88,Eligible
BPVGK,15,female,Telangana,10th,62.0,51000.0,999,999,1,0,0,1,1,1,62.8,Eligible
A023B,20,female,Madhya Pradesh,masters,75.3,624000.0,5,999,1,0,0,1,0,1,70.12,Ineligible
AZKMI,35,male,Nagaland,postdoc,84.3,380000.0,999,3,0,0,0,1,1,1,78.72,Ineligible
A023B,24,female,Tripura,masters,75.0,488000.0,65,999,1,0,0,1,1,1,65.0,Eligible
BVOBC,19,male,Karnataka,bachelors,86.0,69000.0,59,999,1,0,0,1,1,1,74.4,Eligible
A023B,23,other,Arunachal Pradesh,masters,76.7,377000.0,5,999,1,0,0,1,1,0,75.68,Borderline
A023B,20,male,Maharashtra,masters,64.4,737000.0,6,999,1,0,0,1,1,1,60.76,Ineligible
BVOBC,24,female,Sikkim,12th,79.0,315000.0,110,999,1,0,0,0,0,1,64.6,Ineligible
ARG45,27,male,Kerala,masters,57.8,595000.0,2,999,1,0,0,0,1,1,63.12,Ineligible
BPVGK,15,male,Mizoram,10th,82.7,95000.0,999,999,1,0,0,1,1,1,66.08,Eligible
A023B,24,female,Telangana,masters,89.0,125000.0,250,999,1,0,0,1,1,1,73.6,Ineligible
A023B,23,female,Maharashtra,bachelors,94.1,214000.0,3,999,1,0,0,1,1,1,87.64,Eligible
ARG45,22,female,Arunachal Pradesh,phd,55.5,499000.0,65,999,1,0,0,1,1,1,57.2,Eligible
BVOBC,23,female,Karnataka,bachelors,48.9,357000.0,5,999,1,0,0,1,1,1,69.56,Ineligible
BPVGK,17,female,Jharkhand,10th,66.6,188000.0,999,999,1,0,0,1,1,1,64.64,Eligible
BVOBC,20,male,Kerala,bachelors,71.1,100000.0,250,999,1,0,0,1,1,1,61.44,Eligible
BVOBC,17,female,Nagaland,bachelors,49.0,235000.0,5,999,1,0,0,1,1,1,69.6,Ineligible
AZKMI,23,male,Andhra Pradesh,postdoc,68.6,182000.0,999,2,1,0,0,1,1,1,77.44,Eligible
A023B,20,female,Maharashtra,masters,90.9,215000.0,250,999,1,0,0,1,1,1,69.36,Ineligible
AZKMI,36,female,Gujarat,masters,86.4,315000.0,999,32,0,0,0,0,1,1,84.56,Ineligible
ARG45,23,female,Mizoram,phd,82.0,665000.0,65,999,1,0,0,1,1,1,62.8,Eligible
BVOBC,18,female,Karnataka,12th,55.6,70000.0,3,999,1,0,0,1,1,1,77.24,Eligible
AZKMI,35,male,Karnataka,postdoc,52.8,906000.0,999,4,1,0,0,1,1,1,56.12,Ineligible
BVOBC,22,male,Arunachal Pradesh,12th,56.7,222000.0,95,999,1,1,58,1,1,1,62.68,Eligible
ARG45,35,female,Meghalaya,masters,94.4,466000.0,88,999,1,0,0,1,1,1,72.76,Eligible
A023B,21,female,Chhattisgarh,masters,89.8,762000.0,2,999,1,0,0,1,1,1,75.92,Ineligible
A023B,18,female,Karnataka,bachelors,91.1,578000.0,3,999,1,0,0,1,1,1,81.44,Eligible
ARG45,36,female,Madhya Pradesh,phd,71.5,239000.0,250,999,1,0,0,1,0,1,61.6,Borderline
BVOBC,21,female,Chhattisgarh,12th,45.6,175000.0,5,999,1,0,0,1,1,1,73.24,Ineligible
BVOBC,19,female,Manipur,12th,65.9,224000.0,110,999,1,0,0,1,1,1,59.36,Eligible
A023B,18,male,Tripura,bachelors,89.5,256000.0,85,999,1,0,0,1,1,1,70.8,Eligible
AZKMI,25,male,Telangana,phd,91.6,790000.0,999,14,1,0,0,0,1,1,71.64,Ineligible
AZKMI,34,female,Tripura,phd,74.5,777000.0,999,14,0,0,0,1,1,1,69.8,Ineligible
BPVGK,16,other,Nagaland,10th,53.1,48000.0,999,999,1,0,0,1,0,1,54.24,Borderline
A023B,22,female,Nagaland,masters,86.1,437000.0,1,999,1,0,0,1,1,1,79.44,Eligible
BVOBC,20,female,Arunachal Pradesh,bachelors,51.9,191000.0,72,999,1,0,0,1,1,0,65.76,Borderline
BPVGK,16,female,Sikkim,10th,92.4,141000.0,999,999,1,0,0,1,1,0,74.96,Borderline
ARG45,36,female,Meghalaya,masters,62.6,231000.0,140,999,1,0,0,1,1,1,58.04,Eligible
AZKMI,27,female,Sikkim,phd,56.5,450000.0,999,6,1,0,0,1,1,1,67.6,Eligible
BVOBC,19,male,Meghalaya,bachelors,83.7,310000.0,65,999,1,0,0,1,1,1,68.48,Ineligible
ARG45,24,female,Gujarat,phd,66.8,613000.0,65,999,1,0,0,1,1,1,56.72,Eligible
BVOBC,19,male,Manipur,bachelors,56.6,132000.0,85,999,1,0,0,1,1,1,62.64,Eligible
ARG45,35,female,Tamil Nadu,masters,85.7,168000.0,250,999,1,0,0,1,1,1,72.28,Eligible
BPVGK,15,female,Manipur,10th,66.5,142000.0,999,999,1,0,0,1,1,1,64.6,Eligible
BPVGK,14,male,Meghalaya,10th,48.7,201000.0,999,999,1,0,0,1,1,1,47.48,Ineligible
BPVGK,17,female,Tripura,10th,61.1,290000.0,999,999,1,0,0,1,1,1,57.44,Ineligible
AZKMI,21,male,Andhra Pradesh,postdoc,89.8,587000.0,999,14,1,0,0,1,1,1,75.92,Eligible
AZKMI,32,male,Maharashtra,postdoc,88.2,324000.0,999,32,0,0,0,0,1,1,80.28,Ineligible
A023B,25,other,Kerala,bachelors,89.5,632000.0,2,999,1,0,0,1,1,1,70.8,Ineligible
ARG45,30,female,Tripura,masters,50.7,715000.0,65,999,1,0,0,1,1,1,50.28,Ineligible
A023B,21,male,Madhya Pradesh,masters,58.1,796000.0,3,999,1,0,0,1,1,1,58.24,Ineligible
ARG45,31,female,Tripura,masters,64.8,830000.0,65,999,0,0,0,1,1,1,55.92,Ineligible
AZKMI,26,female,Andhra Pradesh,masters,90.1,413000.0,999,4,0,0,0,1,1,1,81.04,Ineligible
AZKMI,24,female,Odisha,postdoc,80.2,211000.0,999,8,1,0,0,1,1,1,82.08,Eligible
BVOBC,18,male,Odisha,bachelors,57.8,343000.0,250,999,1,0,0,1,1,1,51.12,Ineligible
A023B,25,male,Tripura,masters,67.5,395000.0,1,999,1,0,0,1,1,1,72.0,Eligible
BPVGK,17,female,Telangana,10th,61.5,322000.0,999,999,1,0,0,1,0,1,57.6,Ineligible
BPVGK,17,female,Chhattisgarh,10th,67.7,68000.0,999,999,1,0,0,1,1,1,65.08,Eligible
BVOBC,17,male,Tripura,12th,81.8,372000.0,78,999,1,0,0,1,1,0,67.72,Ineligible
AZKMI,38,female,Manipur,postdoc,64.3,928000.0,999,6,1,0,0,1,1,1,65.72,Ineligible
BVOBC,20,male,Nagaland,bachelors,63.2,133000.0,2,999,1,0,0,1,1,1,75.28,Eligible
ARG45,25,male,Maharashtra,masters,80.7,398000.0,78,999,1,0,0,1,1,1,67.28,Eligible
ARG45,23,female,Chhattisgarh,phd,55.5,297000.0,250,999,1,0,0,1,1,1,55.2,Eligible
ARG45,27,male,Sikkim,phd,63.9,199000.0,2,999,1,0,0,1,1,0,75.56,Borderline
BVOBC,24,female,Arunachal Pradesh,12th,50.5,374000.0,78,999,1,0,0,1,1,1,60.2,Ineligible
ARG45,23,male,Telangana,masters,81.9,813000.0,78,999,1,0,0,1,0,1,57.76,Borderline
BVOBC,18,female,Rajasthan,12th,51.9,177000.0,5,999,1,0,0,1,1,1,75.76,Eligible
A023B,24,male,Assam,masters,79.5,711000.0,6,999,1,0,0,1,1,1,66.8,Ineligible
A023B,19,male,Maharashtra,bachelors,80.6,483000.0,250,999,1,0,0,0,1,1,55.24,Ineligible
A023B,22,male,Assam,bachelors,58.9,447000.0,3,999,0,0,0,1,1,1,63.56,Ineligible
BVOBC,18,male,Tamil Nadu,12th,45.8,66000.0,1,999,1,0,0,1,1,1,68.32,Ineligible
AZKMI,34,male,Telangana,phd,54.8,331000.0,999,8,1,0,0,1,0,1,66.92,Ineligible
A023B,18,female,Karnataka,bachelors,92.7,127000.0,85,999,1,0,0,1,1,1,82.08,Eligible
A023B,24,female,Meghalaya,bachelors,88.1,383000.0,1,999,1,0,0,1,0,1,85.24,Borderline
A023B,19,female,Kerala,bachelors,58.1,161000.0,3,999,1,0,0,1,1,1,78.24,Eligible
A023B,22,male,Madhya Pradesh,masters,58.6,564000.0,59,999,1,0,0,1,1,1,53.44,Eligible
ARG45,26,female,Andhra Pradesh,phd,87.6,415000.0,1,999,1,0,0,1,1,1,80.04,Eligible
BVOBC,20,male,Mizoram,12th,60.6,99000.0,2,999,1,0,0,1,1,1,74.24,Eligible
ARG45,26,male,Madhya Pradesh,masters,62.1,851000.0,72,999,1,1,51,1,0,1,54.84,Borderline
A023B,22,female,Karnataka,masters,76.1,597000.0,3,999,1,0,0,1,1,1,75.44,Eligible
ARG45,25,male,Karnataka,phd,56.8,231000.0,6,999,1,0,0,1,1,1,67.72,Eligible
ARG45,23,male,Andhra Pradesh,masters,77.4,613000.0,2,999,1,1,52,1,1,1,70.96,Eligible
BVOBC,17,male,Madhya Pradesh,bachelors,84.1,293000.0,250,999,1,0,0,1,1,1,61.64,Ineligible
BVOBC,17,female,Manipur,12th,62.2,308000.0,1,999,1,0,0,1,1,1,74.88,Ineligible
A023B,18,male,Meghalaya,masters,93.8,97000.0,6,999,1,0,0,1,1,1,87.52,Eligible
BVOBC,22,male,Gujarat,bachelors,65.1,190000.0,5,999,1,0,0,1,1,0,76.04,Borderline
ARG45,28,female,Karnataka,phd,66.9,631000.0,5,999,1,0,0,1,1,1,66.76,Eligible
BVOBC,20,male,Kerala,bachelors,85.0,87000.0,5,999,1,0,0,1,0,1,84.0,Borderline
BVOBC,24,female,Mizoram,12th,67.8,367000.0,3,999,1,0,0,1,0,1,77.12,Ineligible
BVOBC,20,female,Karnataka,bachelors,75.2,227000.0,88,999,1,0,0,1,1,1,70.08,Eligible
ARG45,28,male,Odisha,masters,68.9,89000.0,2,999,1,0,0,1,1,1,77.56,Eligible
BPVGK,14,male,Maharashtra,10th,46.7,297000.0,999,999,1,0,0,1,1,1,46.68,Ineligible
ARG45,25,female,Arunachal Pradesh,masters,57.1,420000.0,88,999,1,0,0,1,1,1,57.84,Eligible
A023B,24,female,Rajasthan,masters,66.8,140000.0,6,999,0,0,0,1,1,1,81.72,Ineligible
BVOBC,18,female,Karnataka,bachelors,78.8,151000.0,5,999,1,0,0,1,1,1,86.52,Eligible
AZKMI,27,male,Sikkim,phd,67.1,490000.0,999,6,1,0,0,1,1,1,66.84,Eligible
ARG45,22,male,Andhra Pradesh,phd,58.5,798000.0,250,999,1,0,0,1,1,1,41.4,Eligible
BVOBC,17,male,Odisha,bachelors,48.4,290000.0,1,999,1,0,0,1,1,1,64.36,Ineligible
BVOBC,21,male,Arunachal Pradesh,bachelors,78.9,108000.0,78,999,1,0,0,1,1,1,71.56,Eligible
BVOBC,17,female,Arunachal Pradesh,bachelors,50.6,166000.0,59,999,1,0,0,1,1,1,65.24,Eligible
AZKMI,24,male,Andhra Pradesh,phd,63.7,394000.0,999,2,1,0,0,1,1,1,70.48,Eligible
BVOBC,19,female,Andhra Pradesh,bachelors,49.0,377000.0,2,999,1,0,0,1,1,1,69.6,Ineligible
ARG45,36,female,Andhra Pradesh,masters,62.0,452000.0,65,999,1,0,0,0,0,1,59.8,Borderline
A023B,20,female,Telangana,masters,80.8,273000.0,1,999,1,0,0,1,1,1,82.32,Eligible
ARG45,29,female,Odisha,phd,61.5,892000.0,2,999,1,0,0,1,1,1,64.6,Eligible
BVOBC,18,other,Rajasthan,12th,94.7,305000.0,85,999,1,0,0,1,1,1,72.88,Ineligible
ARG45,31,male,Karnataka,masters,52.4,393000.0,1,999,1,0,0,1,1,1,65.96,Ineligible
BVOBC,18,female,Rajasthan,bachelors,94.5,50000.0,59,999,1,0,0,1,1,1,82.8,Eligible
A023B,20,male,Andhra Pradesh,bachelors,94.7,709000.0,78,999,1,0,0,1,1,1,62.88,Ineligible
ARG45,25,male,Assam,masters,77.3,717000.0,6,999,1,0,0,1,1,1,65.92,Eligible
ARG45,24,female,Chhattisgarh,phd,52.4,555000.0,2,999,1,0,0,1,1,1,65.96,Ineligible
A023B,23,female,Maharashtra,masters,84.8,237000.0,85,999,1,0,0,1,1,1,73.92,Eligible
BVOBC,17,female,Jharkhand,bachelors,66.0,355000.0,1,999,1,0,0,1,1,1,76.4,Ineligible
ARG45,35,male,Madhya Pradesh,masters,69.0,390000.0,85,999,1,0,0,1,0,1,62.6,Borderline
A023B,25,female,Sikkim,masters,64.3,762000.0,88,999,1,0,0,1,1,1,55.72,Ineligible
A023B,22,female,Jharkhand,bachelors,82.7,243000.0,5,999,1,0,0,1,1,1,83.08,Eligible
AZKMI,29,female,Chhattisgarh,postdoc,59.4,111000.0,999,22,1,1,45,1,0,1,83.76,Borderline
ARG45,32,female,Mizoram,masters,73.6,735000.0,2,999,1,0,0,1,1,1,69.44,Eligible
BVOBC,17,male,Jharkhand,12th,94.3,54000.0,88,999,1,0,0,1,1,1,77.72,Eligible
AZKMI,31,female,Kerala,masters,68.5,544000.0,999,22,1,0,0,1,1,1,72.4,Eligible
A023B,24,male,Madhya Pradesh,masters,67.0,394000.0,59,999,1,0,0,1,1,1,61.8,Eligible
ARG45,25,female,Maharashtra,phd,85.1,752000.0,2,999,0,0,0,1,1,1,74.04,Ineligible
A023B,23,female,Andhra Pradesh,bachelors,65.2,627000.0,78,999,1,0,0,1,1,1,56.08,Ineligible
BPVGK,16,female,Madhya Pradesh,10th,59.7,291000.0,999,999,1,0,0,1,1,1,56.88,Ineligible
A023B,23,female,Mizoram,masters,95.4,171000.0,1,999,1,0,0,1,1,1,93.16,Eligible
ARG45,32,male,Arunachal Pradesh,phd,66.7,287000.0,88,999,1,1,62,1,1,1,66.68,Eligible
AZKMI,32,male,Sikkim,postdoc,89.6,341000.0,999,32,1,0,0,1,1,1,80.84,Eligible
BVOBC,20,female,Rajasthan,bachelors,84.4,102000.0,85,999,1,0,0,1,1,1,78.76,Eligible
BPVGK,17,female,Rajasthan,10th,73.7,142000.0,999,999,1,0,0,1,1,1,67.48,Eligible
ARG45,22,male,Jharkhand,phd,76.8,205000.0,2,999,1,0,0,1,1,1,75.72,Eligible
BVOBC,20,female,Sikkim,12th,65.1,206000.0,6,999,1,0,0,1,1,1,76.04,Eligible
ARG45,24,female,Telangana,masters,69.2,299000.0,1,999,1,0,0,1,1,1,77.68,Eligible
BPVGK,16,female,Meghalaya,10th,46.9,219000.0,999,999,1,0,0,1,1,1,51.76,Ineligible
ARG45,28,female,Sikkim,phd,86.9,211000.0,65,999,1,0,0,1,1,1,74.76,Eligible
BVOBC,19,male,Manipur,12th,48.2,267000.0,140,999,1,0,0,1,1,1,47.28,Ineligible
BVOBC,19,male,Odisha,bachelors,46.3,104000.0,140,999,1,0,0,1,1,1,51.52,Ineligible
AZKMI,36,male,Tamil Nadu,postdoc,59.1,583000.0,999,4,1,0,0,1,1,1,63.64,Ineligible
ARG45,29,female,Gujarat,phd,94.2,855000.0,110,999,1,0,0,1,1,1,60.68,Eligible
AZKMI,29,male,Assam,masters,68.1,982000.0,999,14,1,0,0,1,1,1,62.24,Ineligible
ARG45,31,female,Maharashtra,masters,63.7,272000.0,65,999,1,0,0,1,1,1,65.48,Eligible
ARG45,26,male,Nagaland,masters,85.0,71000.0,140,999,1,0,0,1,1,1,67.0,Eligible
BVOBC,21,female,Rajasthan,12th,75.2,259000.0,78,999,1,0,0,1,1,0,70.08,Ineligible
ARG45,23,female,Tripura,masters,74.1,822000.0,88,999,0,0,0,1,1,1,59.64,Ineligible
ARG45,22,male,Nagaland,masters,70.6,166000.0,1,999,0,0,0,1,1,1,78.24,Ineligible
A023B,20,female,Assam,bachelors,89.0,670000.0,1,999,0,0,0,1,1,1,75.6,Ineligible
BVOBC,19,female,Mizoram,12th,78.9,151000.0,78,999,1,0,0,1,1,1,76.56,Eligible
BPVGK,15,male,Sikkim,10th,50.8,233000.0,999,999,1,0,0,1,1,1,48.32,Eligible
ARG45,34,male,Tamil Nadu,masters,73.1,442000.0,59,999,1,0,0,1,1,1,59.24,Eligible
ARG45,27,female,Maharashtra,masters,59.5,426000.0,110,999,1,0,0,1,1,1,51.8,Eligible
BPVGK,16,female,Meghalaya,10th,68.5,227000.0,999,999,1,0,0,1,0,1,60.4,Borderline
AZKMI,27,female,Maharashtra,postdoc,84.2,692000.0,999,22,1,0,0,1,1,1,73.68,Ineligible
A023B,19,female,Rajasthan,masters,96.2,353000.0,2,999,1,1,76,1,1,0,93.48,Borderline
AZKMI,29,male,Madhya Pradesh,phd,57.8,981000.0,999,4,1,0,0,1,1,1,58.12,Ineligible
BVOBC,20,male,Nagaland,bachelors,90.1,289000.0,78,999,1,0,0,1,1,1,71.04,Ineligible
BPVGK,15,male,Mizoram,10th,46.8,148000.0,999,999,1,0,0,1,1,1,51.72,Ineligible
BVOBC,17,female,Manipur,bachelors,62.3,95000.0,1,999,1,0,0,1,1,1,79.92,Eligible
A023B,24,female,Assam,bachelors,69.0,684000.0,2,999,1,0,0,1,1,1,67.6,Ineligible
BVOBC,23,male,Mizoram,bachelors,66.3,131000.0,3,999,1,0,0,1,0,1,76.52,Borderline
ARG45,30,male,Gujarat,phd,56.9,480000.0,6,999,1,0,0,1,1,1,62.76,Eligible
AZKMI,24,female,Maharashtra,phd,55.6,880000.0,999,3,1,0,0,1,1,1,62.24,Ineligible
BPVGK,15,male,Nagaland,10th,76.5,130000.0,999,999,1,0,0,1,1,1,63.6,Eligible
A023B,22,female,Odisha,masters,83.2,149000.0,65,999,1,0,0,1,1,1,78.28,Eligible
BPVGK,17,female,Tamil Nadu,10th,76.7,221000.0,999,999,1,0,0,1,0,1,63.68,Borderline
BPVGK,14,female,Gujarat,10th,80.4,42000.0,999,999,1,0,0,1,1,1,70.16,Eligible
A023B,25,female,Mizoram,masters,75.3,525000.0,65,999,1,0,0,1,1,1,65.12,Eligible
ARG45,22,male,Sikkim,masters,62.8,114000.0,6,999,1,0,0,1,1,1,75.12,Eligible
BVOBC,23,female,Tamil Nadu,12th,74.4,211000.0,140,999,1,0,0,1,1,1,62.76,Eligible
A023B,18,male,Gujarat,bachelors,66.5,247000.0,2,999,1,0,0,1,1,1,71.6,Eligible
A023B,22,male,Maharashtra,bachelors,67.9,91000.0,250,999,1,0,0,1,1,1,60.16,Ineligible
AZKMI,34,male,Karnataka,masters,54.3,515000.0,999,8,1,0,0,0,1,1,61.72,Ineligible
AZKMI,38,male,Sikkim,phd,56.7,910000.0,999,14,0,0,0,1,1,1,57.68,Ineligible
AZKMI,33,female,Assam,phd,50.4,457000.0,999,6,0,0,0,1,1,1,65.16,Ineligible
A023B,20,female,Chhattisgarh,bachelors,86.4,631000.0,1,999,1,0,0,1,1,1,74.56,Ineligible
BVOBC,19,male,Mizoram,bachelors,58.3,207000.0,85,999,1,0,0,0,1,1,58.32,Ineligible
BVOBC,20,male,Rajasthan,bachelors,94.0,107000.0,2,999,1,0,0,1,1,0,87.6,Borderline
BPVGK,14,female,Maharashtra,10th,66.0,129000.0,999,999,1,0,0,1,1,1,64.4,Eligible
BVOBC,17,female,Kerala,bachelors,80.6,56000.0,2,999,1,0,0,1,0,1,87.24,Borderline
BVOBC,22,male,Manipur,12th,65.4,94000.0,78,999,1,0,0,1,1,1,66.16,Eligible
ARG45,33,male,Nagaland,phd,69.5,440000.0,65,999,1,0,0,1,1,1,57.8,Eligible
A023B,25,female,Chhattisgarh,bachelors,66.9,141000.0,78,999,1,0,0,1,1,1,71.76,Eligible
A023B,19,male,Telangana,masters,58.3,381000.0,1,999,1,0,0,1,0,1,68.32,Borderline
ARG45,30,female,Kerala,masters,55.9,462000.0,3,999,1,0,0,1,1,1,67.36,Eligible
BPVGK,17,female,Tripura,10th,55.4,34000.0,999,999,1,0,0,1,0,1,60.16,Borderline
A023B,23,female,Jharkhand,masters,77.4,96000.0,5,999,0,0,0,1,1,1,85.96,Ineligible
ARG45,30,female,Rajasthan,masters,93.4,831000.0,72,999,1,0,0,1,1,1,67.36,Eligible
BVOBC,22,female,Tamil Nadu,12th,54.5,345000.0,6,999,1,0,0,1,1,1,71.8,Ineligible
BPVGK,17,male,Manipur,10th,92.9,96000.0,999,999,1,0,0,1,1,1,70.16,Eligible
BVOBC,23,male,Telangana,12th,48.7,332000.0,72,999,1,0,0,0,0,1,54.48,Ineligible
ARG45,34,other,Telangana,phd,54.9,82000.0,2,999,1,0,0,1,1,1,71.96,Ineligible
A023B,23,male,Gujarat,masters,55.4,592000.0,5,999,1,0,0,1,1,1,62.16,Eligible
ARG45,25,female,Assam,masters,86.3,95000.0,65,999,1,0,0,1,1,1,79.52,Eligible
ARG45,30,female,Chhattisgarh,phd,83.8,277000.0,65,999,1,0,0,1,1,1,73.52,Eligible
AZKMI,22,male,Nagaland,postdoc,82.1,328000.0,999,2,1,0,0,0,1,1,77.84,Ineligible
ARG45,22,male,Arunachal Pradesh,masters,76.4,360000.0,110,999,1,0,0,1,0,1,58.56,Borderline
BVOBC,21,male,Andhra Pradesh,12th,55.7,148000.0,85,999,1,0,0,1,1,1,62.28,Eligible
AZKMI,32,female,Jharkhand,postdoc,83.5,162000.0,999,650,1,0,0,1,0,1,68.4,Ineligible
ARG45,31,female,Mizoram,phd,76.4,115000.0,88,999,1,0,0,1,1,1,75.56,Eligible
AZKMI,38,male,Maharashtra,phd,78.8,715000.0,999,8,0,0,0,1,1,1,66.52,Ineligible
AZKMI,28,female,Maharashtra,masters,76.1,928000.0,999,14,1,0,0,1,1,1,70.44,Ineligible
BVOBC,17,female,Telangana,bachelors,63.4,364000.0,1,999,1,0,0,1,1,1,75.36,Ineligible
BVOBC,21,female,Sikkim,bachelors,75.8,132000.0,85,999,1,0,0,1,1,1,75.32,Eligible
ARG45,35,male,Arunachal Pradesh,phd,83.1,621000.0,59,999,1,0,0,1,1,1,58.24,Eligible
A023B,18,other,Tripura,masters,70.8,196000.0,110,999,1,0,0,1,1,1,61.32,Ineligible
BVOBC,23,male,Jharkhand,bachelors,95.3,256000.0,110,999,1,0,0,1,1,1,66.12,Ineligible
BPVGK,17,female,Assam,10th,63.9,302000.0,999,999,1,0,0,1,1,1,58.56,Ineligible
BVOBC,20,male,Nagaland,12th,60.8,366000.0,59,999,1,0,0,0,1,1,59.32,Ineligible
BVOBC,23,male,Meghalaya,12th,50.3,57000.0,2,999,1,0,0,1,1,1,70.12,Eligible
BVOBC,21,male,Meghalaya,12th,73.6,102000.0,110,999,1,0,0,1,1,1,62.44,Eligible
BVOBC,17,male,Odisha,12th,45.7,184000.0,85,999,1,0,0,1,1,1,58.28,Ineligible
A023B,20,female,Gujarat,bachelors,90.9,324000.0,85,999,1,0,0,1,1,1,76.36,Eligible
A023B,22,male,Jharkhand,masters,68.4,515000.0,1,999,1,0,0,1,1,1,67.36,Eligible
BPVGK,15,female,Gujarat,10th,62.5,332000.0,999,999,1,0,0,1,1,1,58.0,Ineligible
BVOBC,19,male,Chhattisgarh,bachelors,90.3,104000.0,250,999,1,0,0,1,1,1,69.12,Eligible
ARG45,34,male,Karnataka,masters,77.6,298000.0,72,999,1,0,0,1,1,1,66.04,Eligible
ARG45,34,male,Maharashtra,phd,81.8,757000.0,85,999,1,0,0,1,1,1,57.72,Eligible
A023B,25,male,Jharkhand,bachelors,65.3,665000.0,6,999,1,0,0,1,1,1,61.12,Ineligible
BVOBC,21,female,Andhra Pradesh,bachelors,50.0,320000.0,6,999,1,0,0,1,1,1,70.0,Ineligible
A023B,22,male,Tripura,bachelors,89.1,574000.0,85,999,1,0,0,1,0,1,65.64,Borderline
A023B,25,male,Meghalaya,bachelors,91.4,185000.0,1,999,1,0,0,1,1,1,86.56,Eligible
AZKMI,26,male,Sikkim,postdoc,57.9,581000.0,999,37,1,0,0,1,1,1,63.16,Eligible
AZKMI,32,male,Madhya Pradesh,postdoc,84.1,370000.0,999,37,0,0,0,1,1,1,78.64,Ineligible
ARG45,30,male,Nagaland,masters,87.3,600000.0,1,999,0,1,70,1,0,1,79.92,Ineligible
BPVGK,16,male,Maharashtra,10th,55.0,317000.0,999,999,1,0,0,1,1,1,50.0,Ineligible
AZKMI,25,male,Gujarat,masters,73.9,413000.0,999,22,1,0,0,1,1,1,69.56,Eligible
ARG45,23,female,Nagaland,masters,80.8,483000.0,65,999,1,0,0,1,1,1,67.32,Eligible
A023B,24,female,Sikkim,bachelors,70.4,754000.0,6,999,1,0,0,1,1,1,68.16,Ineligible
BVOBC,24,female,Meghalaya,12th,80.7,97000.0,2,999,1,0,0,0,1,1,87.28,Ineligible
A023B,18,female,Chhattisgarh,masters,79.7,87000.0,1,999,0,0,0,1,1,1,86.88,Ineligible
BVOBC,24,male,Tripura,12th,59.7,248000.0,85,999,1,0,0,1,1,1,58.88,Eligible
ARG45,33,male,Andhra Pradesh,masters,67.8,876000.0,110,999,1,0,0,0,1,1,45.12,Ineligible
BPVGK,17,female,Meghalaya,10th,91.0,276000.0,999,999,1,0,0,0,1,1,69.4,Ineligible
BVOBC,23,female,Nagaland,bachelors,57.3,195000.0,1,999,1,0,0,1,0,1,77.92,Borderline
A023B,22,female,Tamil Nadu,masters,71.1,458000.0,65,999,1,0,0,1,1,1,63.44,Eligible
BVOBC,20,female,Karnataka,12th,72.3,173000.0,5,999,1,0,0,1,1,1,83.92,Eligible
BVOBC,22,female,Maharashtra,12th,61.8,143000.0,2,999,1,0,0,1,1,1,79.72,Eligible
BPVGK,17,male,Mizoram,10th,92.6,30000.0,999,999,1,0,0,1,1,1,70.04,Eligible
A023B,21,male,Chhattisgarh,bachelors,90.7,282000.0,1,999,0,0,0,1,1,1,81.28,Ineligible
BVOBC,19,female,Assam,bachelors,46.4,162000.0,85,999,1,0,0,1,1,0,63.56,Ineligible
AZKMI,30,female,Rajasthan,masters,50.2,508000.0,999,1,1,0,0,1,1,1,65.08,Ineligible
ARG45,28,male,Gujarat,masters,78.3,306000.0,65,999,1,0,0,1,1,1,66.32,Eligible
BPVGK,15,male,Maharashtra,10th,89.3,311000.0,999,999,1,0,0,1,1,1,63.72,Ineligible
AZKMI,35,female,Tripura,phd,57.3,324000.0,999,650,1,0,0,1,1,1,52.92,Ineligible
BVOBC,17,female,Sikkim,12th,51.4,157000.0,5,999,1,0,0,1,1,1,75.56,Eligible
BVOBC,23,male,Mizoram,12th,95.7,267000.0,88,999,1,0,0,1,1,1,73.28,Ineligible
ARG45,33,female,Karnataka,phd,51.3,111000.0,250,999,0,0,0,1,1,0,58.52,Ineligible
BVOBC,22,female,Odisha,bachelors,69.4,316000.0,85,999,1,0,0,1,1,1,67.76,Ineligible
BVOBC,18,female,Sikkim,12th,71.9,123000.0,85,999,1,0,0,1,1,1,73.76,Eligible
BPVGK,15,male,Madhya Pradesh,10th,45.3,316000.0,999,999,1,0,0,1,1,1,46.12,Ineligible
BPVGK,17,male,Telangana,10th,87.8,242000.0,999,999,1,0,0,0,1,1,63.12,Ineligible
BVOBC,17,male,Manipur,bachelors,52.5,356000.0,110,999,1,0,0,1,0,1,49.0,Ineligible
ARG45,24,male,Tamil Nadu,phd,77.8,449000.0,2,999,1,0,0,1,1,1,71.12,Eligible
BPVGK,16,female,Sikkim,10th,88.9,312000.0,999,999,1,0,0,1,1,1,68.56,Ineligible
BVOBC,17,male,Tamil Nadu,12th,45.3,82000.0,59,999,1,0,0,1,1,1,58.12,Ineligible
ARG45,27,male,Kerala,phd,61.0,502000.0,88,999,1,0,0,1,1,1,54.4,Eligible
BVOBC,19,male,Odisha,12th,69.6,113000.0,85,999,1,0,0,1,0,1,67.84,Borderline
AZKMI,28,male,Rajasthan,postdoc,52.3,722000.0,999,8,1,0,0,1,1,1,55.92,Ineligible
BVOBC,23,male,Gujarat,bachelors,50.7,356000.0,95,999,1,0,0,1,1,1,55.28,Ineligible
BVOBC,21,male,Madhya Pradesh,12th,85.0,68000.0,78,999,1,0,0,1,1,1,74.0,Eligible
AZKMI,35,female,Kerala,postdoc,71.7,909000.0,999,3,0,0,0,1,1,1,68.68,Ineligible
BVOBC,21,male,Karnataka,12th,56.1,170000.0,95,999,1,0,0,1,1,1,62.44,Eligible
BVOBC,23,male,Manipur,bachelors,77.6,312000.0,72,999,1,0,0,1,1,1,66.04,Ineligible
BPVGK,14,male,Odisha,10th,58.2,308000.0,999,999,1,0,0,1,1,1,51.28,Ineligible
BVOBC,20,male,Gujarat,12th,79.0,125000.0,250,999,1,0,0,1,0,0,64.6,Borderline
AZKMI,38,other,Telangana,postdoc,53.2,104000.0,999,21,1,0,0,1,1,1,71.28,Ineligible
BVOBC,21,male,Meghalaya,12th,50.1,171000.0,59,999,1,0,0,0,1,1,60.04,Ineligible
BVOBC,24,female,Sikkim,bachelors,80.2,50000.0,3,999,1,0,0,1,1,1,87.08,Eligible
ARG45,26,female,Telangana,masters,57.7,169000.0,1,999,1,0,0,1,1,1,78.08,Eligible
BVOBC,23,female,Rajasthan,bachelors,51.4,329000.0,2,999,1,0,0,1,1,1,70.56,Ineligible
A023B,23,male,Sikkim,bachelors,65.7,86000.0,78,999,1,0,0,1,0,1,66.28,Borderline
A023B,20,male,Kerala,masters,68.0,119000.0,5,999,0,0,0,1,1,0,77.2,Ineligible
BVOBC,18,female,Odisha,bachelors,94.2,259000.0,85,999,1,0,0,1,1,1,77.68,Ineligible
BVOBC,21,male,Mizoram,12th,66.4,74000.0,110,999,1,0,0,1,1,1,59.56,Eligible
BPVGK,15,female,Tamil Nadu,10th,49.2,317000.0,999,999,1,0,0,1,1,0,52.68,Ineligible
A023B,20,male,Assam,bachelors,89.5,217000.0,250,999,1,0,0,1,1,1,63.8,Ineligible
ARG45,24,female,Maharashtra,masters,69.2,859000.0,88,999,1,0,0,1,1,1,57.68,Eligible
BVOBC,17,male,Assam,12th,84.3,307000.0,5,999,1,0,0,1,1,1,78.72,Ineligible
ARG45,29,male,Kerala,phd,56.0,584000.0,2,999,1,0,0,1,1,1,62.4,Eligible
BPVGK,17,female,Meghalaya,10th,84.1,325000.0,999,999,1,0,0,1,1,1,66.64,Ineligible
AZKMI,23,female,Mizoram,postdoc,50.6,193000.0,999,22,1,0,0,0,1,1,75.24,Ineligible
BPVGK,17,male,Tamil Nadu,10th,70.2,109000.0,999,999,1,0,0,1,1,1,61.08,Eligible
ARG45,32,male,Jharkhand,phd,84.4,787000.0,5,999,1,0,0,1,1,1,68.76,Eligible
BVOBC,21,male,Tripura,12th,80.7,175000.0,5,999,1,0,0,1,1,1,82.28,Eligible
BVOBC,20,female,Jharkhand,bachelors,53.8,326000.0,1,999,1,0,0,0,1,1,71.52,Ineligible
ARG45,26,female,Assam,phd,92.5,831000.0,85,999,1,0,0,1,1,1,67.0,Eligible
ARG45,33,female,Manipur,masters,79.7,681000.0,110,999,1,0,0,1,1,1,54.88,Eligible
BPVGK,16,male,Meghalaya,10th,74.5,83000.0,999,999,1,0,0,0,1,1,62.8,Ineligible
ARG45,30,female,Telangana,masters,87.0,338000.0,1,999,1,0,0,1,1,1,84.8,Eligible
A023B,18,male,Tripura,masters,96.7,489000.0,59,999,1,0,0,0,0,1,68.68,Borderline
BVOBC,20,female,Maharashtra,bachelors,49.0,249000.0,6,999,1,0,0,1,1,1,69.6,Ineligible
A023B,18,female,Manipur,bachelors,75.7,585000.0,1,999,1,0,0,1,0,1,75.28,Borderline
BPVGK,16,male,Maharashtra,10th,59.7,195000.0,999,999,1,0,0,1,1,1,56.88,Eligible
BPVGK,15,female,Mizoram,10th,59.7,174000.0,999,999,1,0,0,1,1,1,61.88,Eligible
A023B,21,female,Arunachal Pradesh,masters,91.4,767000.0,3,999,1,0,0,0,1,1,76.56,Ineligible
BVOBC,24,female,Sikkim,12th,56.7,308000.0,2,999,1,0,0,1,1,1,72.68,Ineligible
BVOBC,22,female,Andhra Pradesh,bachelors,60.0,393000.0,2,999,1,0,0,1,1,1,74.0,Ineligible
BVOBC,20,male,Karnataka,12th,55.7,246000.0,78,999,1,0,0,1,1,1,57.28,Eligible
ARG45,24,female,Gujarat,phd,72.0,670000.0,72,999,1,0,0,1,1,1,58.8,Eligible
BVOBC,17,female,Madhya Pradesh,12th,70.0,322000.0,250,999,1,0,0,1,1,1,61.0,Ineligible
ARG45,24,male,Odisha,phd,89.0,776000.0,3,999,1,0,0,1,1,1,70.6,Eligible
BVOBC,18,male,Andhra Pradesh,bachelors,68.9,141000.0,72,999,1,0,0,1,1,1,67.56,Eligible
AZKMI,25,male,Telangana,masters,73.1,348000.0,999,4,1,0,0,0,1,1,74.24,Ineligible
BVOBC,19,male,Madhya Pradesh,12th,56.5,369000.0,2,999,1,0,0,1,1,1,67.6,Ineligible
AZKMI,34,female,Chhattisgarh,postdoc,82.5,618000.0,999,4,1,0,0,1,1,1,73.0,Ineligible
BVOBC,21,male,Maharashtra,12th,93.3,141000.0,2,999,1,0,0,1,1,1,87.32,Eligible
A023B,22,male,Madhya Pradesh,masters,60.9,723000.0,3,999,1,0,0,1,1,1,59.36,Ineligible
AZKMI,23,female,Andhra Pradesh,phd,76.1,626000.0,999,22,1,0,0,1,1,1,70.44,Ineligible
A023B,24,female,Arunachal Pradesh,bachelors,88.9,474000.0,6,999,1,0,0,1,1,1,80.56,Eligible
ARG45,25,female,Manipur,phd,53.3,718000.0,1,999,1,1,48,1,1,1,66.32,Ineligible
AZKMI,22,female,Madhya Pradesh,postdoc,54.1,590000.0,999,1,1,0,0,0,0,1,66.64,Ineligible
A023B,24,female,Jharkhand,bachelors,55.2,693000.0,1,999,1,0,0,1,1,1,62.08,Ineligible
AZKMI,34,male,Kerala,postdoc,60.8,753000.0,999,4,1,0,0,1,1,1,59.32,Ineligible
ARG45,36,female,Odisha,masters,53.4,609000.0,250,999,1,1,69,1,1,1,49.36,Ineligible
BVOBC,20,female,Karnataka,bachelors,47.5,94000.0,78,999,1,0,0,1,1,1,64.0,Ineligible
BVOBC,22,male,Manipur,12th,80.0,184000.0,2,999,1,0,0,1,1,1,82.0,Eligible
BVOBC,17,male,Arunachal Pradesh,bachelors,89.5,274000.0,250,999,1,0,0,1,0,1,63.8,Ineligible
BVOBC,20,male,Arunachal Pradesh,bachelors,64.7,75000.0,2,999,1,0,0,1,1,1,75.88,Eligible
BPVGK,15,female,Telangana,10th,52.0,84000.0,999,999,1,0,0,1,1,1,58.8,Eligible
A023B,19,female,Kerala,bachelors,78.9,334000.0,1,999,1,0,0,1,1,1,81.56,Eligible
ARG45,34,female,Maharashtra,phd,92.1,579000.0,88,999,1,0,0,1,0,1,71.84,Borderline
BVOBC,18,female,Tamil Nadu,12th,72.6,89000.0,95,999,1,0,0,1,1,1,74.04,Eligible
BVOBC,18,female,Arunachal Pradesh,bachelors,54.6,85000.0,2,999,1,0,0,1,1,1,76.84,Eligible
AZKMI,21,female,Tamil Nadu,masters,52.3,658000.0,999,2,1,0,0,1,1,1,60.92,Ineligible
BVOBC,17,male,Telangana,bachelors,74.1,249000.0,2,999,1,0,0,1,1,1,74.64,Eligible
A023B,25,female,Odisha,bachelors,74.7,226000.0,3,999,1,0,0,1,1,1,79.88,Eligible
BPVGK,16,male,Gujarat,10th,81.8,48000.0,999,999,1,0,0,1,1,1,65.72,Eligible
ARG45,22,female,Telangana,masters,66.0,83000.0,5,999,1,0,0,0,1,1,81.4,Ineligible
BVOBC,22,male,Madhya Pradesh,bachelors,57.4,285000.0,3,999,1,0,0,1,0,1,67.96,Ineligible
ARG45,23,female,Maharashtra,phd,54.1,529000.0,59,999,1,1,77,1,1,1,61.64,Ineligible
ARG45,32,male,Sikkim,masters,78.1,323000.0,2,999,1,0,0,1,1,1,76.24,Eligible
ARG45,29,female,Chhattisgarh,phd,60.6,786000.0,65,999,1,0,0,1,1,1,54.24,Eligible
AZKMI,35,female,Maharashtra,phd,57.3,952000.0,999,37,1,0,0,1,1,0,62.92,Ineligible
BPVGK,17,male,Odisha,10th,45.7,310000.0,999,999,1,0,0,1,1,1,46.28,Ineligible
A023B,22,female,Mizoram,masters,81.7,790000.0,2,999,1,0,0,1,1,0,72.68,Ineligible
BPVGK,14,male,Meghalaya,10th,57.0,236000.0,999,999,1,0,0,1,1,1,50.8,Eligible
ARG45,32,female,Mizoram,masters,88.3,542000.0,65,999,1,0,0,0,1,1,70.32,Ineligible
AZKMI,34,male,Andhra Pradesh,phd,74.3,107000.0,999,1,1,0,0,1,1,1,79.72,Eligible
BPVGK,15,female,Arunachal Pradesh,10th,78.5,138000.0,999,999,1,0,0,1,1,1,69.4,Eligible
ARG45,23,female,Telangana,masters,84.0,434000.0,65,999,1,0,0,1,1,1,68.6,Eligible
BVOBC,17,female,Mizoram,12th,45.4,147000.0,1,999,1,0,0,1,1,1,73.16,Ineligible
BVOBC,23,male,Telangana,12th,70.3,167000.0,1,999,1,1,80,1,1,1,83.12,Eligible
ARG45,25,male,Jharkhand,phd,90.3,604000.0,78,999,1,0,0,1,1,1,61.12,Eligible
BVOBC,22,male,Gujarat,12th,47.0,206000.0,59,999,1,0,0,1,1,1,53.8,Ineligible
AZKMI,25,female,Sikkim,masters,61.7,142000.0,999,37,0,0,0,1,1,1,79.68,Ineligible
BPVGK,15,female,Telangana,10th,88.3,313000.0,999,999,1,0,0,1,1,1,68.32,Ineligible
A023B,22,male,Chhattisgarh,masters,78.8,301000.0,2,999,1,0,0,1,1,1,76.52,Eligible
BVOBC,23,female,Maharashtra,bachelors,94.3,62000.0,140,999,1,0,0,1,1,1,75.72,Eligible
A023B,18,male,Rajasthan,bachelors,90.8,425000.0,59,999,1,0,0,1,1,1,66.32,Eligible
AZKMI,29,male,Meghalaya,postdoc,54.9,462000.0,999,37,1,0,0,1,1,1,61.96,Ineligible
ARG45,27,male,Mizoram,masters,89.0,534000.0,6,999,1,0,0,1,0,1,75.6,Borderline
ARG45,26,female,Andhra Pradesh,masters,51.9,887000.0,5,999,1,0,0,1,1,1,60.76,Ineligible
ARG45,22,female,Gujarat,masters,50.7,591000.0,3,999,0,0,0,1,1,1,65.28,Ineligible
AZKMI,35,female,Chhattisgarh,phd,91.4,843000.0,999,4,0,0,0,1,1,1,76.56,Ineligible
BVOBC,17,female,Tamil Nadu,12th,56.1,233000.0,5,999,1,1,79,1,1,1,77.44,Eligible
BVOBC,20,male,Manipur,bachelors,57.5,89000.0,1,999,1,0,0,1,0,1,73.0,Borderline
ARG45,26,male,Rajasthan,phd,91.5,883000.0,1,999,1,0,0,1,1,1,71.6,Eligible
BVOBC,23,female,Rajasthan,bachelors,77.4,151000.0,88,999,1,0,0,1,1,1,75.96,Eligible
BVOBC,22,male,Tamil Nadu,12th,45.3,41000.0,65,999,1,0,0,1,1,1,58.12,Ineligible
AZKMI,25,female,Arunachal Pradesh,postdoc,70.6,107000.0,999,650,1,1,52,1,1,1,68.24,Ineligible
BVOBC,21,male,Assam,12th,60.1,344000.0,3,999,1,0,0,1,1,1,69.04,Ineligible
ARG45,33,female,Nagaland,masters,61.0,168000.0,59,999,1,0,0,0,1,1,69.4,Ineligible
AZKMI,29,female,Tamil Nadu,masters,77.0,228000.0,999,37,1,0,0,1,1,1,80.8,Eligible
BVOBC,23,female,Odisha,12th,65.1,82000.0,2,999,1,0,0,1,1,1,81.04,Eligible
A023B,25,male,Andhra Pradesh,masters,86.5,358000.0,5,999,1,0,0,1,1,1,79.6,Eligible
A023B,23,male,Arunachal Pradesh,masters,88.1,512000.0,6,999,1,0,0,1,1,1,75.24,Eligible
ARG45,35,female,Karnataka,masters,84.7,545000.0,72,999,1,0,0,1,1,1,68.88,Eligible
A023B,22,female,Odisha,masters,75.0,313000.0,2,999,1,0,0,1,1,1,80.0,Eligible
AZKMI,36,female,Mizoram,masters,92.8,719000.0,999,2,0,0,0,1,1,1,77.12,Ineligible
ARG45,34,female,Assam,masters,93.7,151000.0,2,999,1,0,0,0,1,1,92.48,Ineligible
AZKMI,38,female,Nagaland,masters,90.9,975000.0,999,37,1,0,0,1,1,1,76.36,Ineligible
ARG45,24,male,Telangana,phd,72.7,546000.0,88,999,0,0,0,1,1,1,59.08,Ineligible
ARG45,32,female,Gujarat,masters,53.0,363000.0,140,999,0,0,0,1,1,1,54.2,Ineligible
A023B,18,female,Arunachal Pradesh,masters,74.1,443000.0,140,999,1,0,0,1,1,1,57.64,Ineligible
A023B,20,male,Telangana,bachelors,81.6,538000.0,59,999,1,1,49,0,1,1,67.64,Ineligible
BPVGK,16,female,Mizoram,10th,91.5,247000.0,999,999,1,0,0,1,1,0,69.6,Borderline
BPVGK,15,male,Arunachal Pradesh,10th,75.0,102000.0,999,999,1,0,0,1,1,1,63.0,Eligible
BPVGK,15,female,Madhya Pradesh,10th,82.8,332000.0,999,999,1,0,0,1,1,1,66.12,Ineligible
ARG45,27,female,Sikkim,phd,80.7,280000.0,3,999,1,0,0,1,1,1,82.28,Eligible
A023B,21,female,Gujarat,bachelors,82.0,436000.0,3,999,1,0,0,1,1,1,77.8,Eligible
BPVGK,17,female,Manipur,10th,89.9,319000.0,999,999,1,0,0,1,1,1,68.96,Ineligible
ARG45,32,female,Kerala,masters,51.1,148000.0,78,999,1,0,0,1,1,1,65.44,Ineligible
AZKMI,37,female,Nagaland,postdoc,86.5,908000.0,999,8,1,0,0,1,1,1,74.6,Ineligible
ARG45,24,male,Jharkhand,phd,93.1,431000.0,1,999,1,0,0,1,1,0,77.24,Borderline
ARG45,34,male,Kerala,masters,86.2,433000.0,110,999,1,0,0,1,1,1,57.48,Eligible
BVOBC,19,male,Assam,12th,53.9,383000.0,140,999,1,0,0,1,1,1,49.56,Ineligible
A023B,19,male,Odisha,bachelors,75.9,741000.0,65,999,1,0,0,1,1,1,55.36,Ineligible
ARG45,33,female,Nagaland,phd,56.0,81000.0,1,999,1,0,0,1,1,1,77.4,Eligible
BVOBC,17,male,Tripura,bachelors,80.1,372000.0,110,999,1,0,0,1,0,1,60.04,Ineligible
A023B,23,female,Meghalaya,masters,82.0,114000.0,5,999,1,0,0,1,1,1,87.8,Eligible
ARG45,32,female,Maharashtra,masters,64.8,722000.0,1,999,0,0,0,1,1,1,65.92,Ineligible
BPVGK,16,male,Gujarat,10th,75.0,329000.0,999,999,1,0,0,1,1,1,58.0,Ineligible
AZKMI,29,male,Tamil Nadu,phd,85.1,490000.0,999,21,0,1,52,1,1,1,79.04,Ineligible
BVOBC,18,male,Kerala,bachelors,90.2,234000.0,140,999,1,1,71,1,0,1,69.08,Borderline
A023B,19,female,Nagaland,bachelors,91.6,301000.0,5,999,1,0,0,1,1,1,86.64,Eligible
BVOBC,24,male,Mizoram,12th,85.3,342000.0,65,999,1,0,0,1,1,1,69.12,Ineligible
A023B,20,male,Jharkhand,bachelors,90.9,209000.0,65,999,1,0,0,1,1,1,71.36,Eligible
BPVGK,17,female,Assam,10th,63.0,85000.0,999,999,1,0,0,0,1,1,63.2,Ineligible
ARG45,36,female,Nagaland,phd,94.6,93000.0,6,999,1,0,0,0,1,1,92.84,Ineligible
ARG45,27,male,Andhra Pradesh,phd,91.2,190000.0,95,999,1,0,0,1,1,1,76.48,Eligible
AZKMI,35,female,Karnataka,phd,70.0,449000.0,999,650,1,0,0,1,1,1,53.0,Ineligible
BVOBC,20,male,Rajasthan,12th,54.5,98000.0,78,999,1,0,0,1,1,1,61.8,Eligible
BPVGK,14,male,Assam,10th,45.9,107000.0,999,999,1,0,0,1,1,1,51.36,Ineligible
ARG45,23,female,Karnataka,masters,56.8,657000.0,6,999,1,0,0,1,0,1,62.72,Borderline
BPVGK,16,female,Andhra Pradesh,10th,65.5,142000.0,999,999,1,0,0,0,1,1,64.2,Ineligible
BVOBC,17,female,Karnataka,12th,78.2,140000.0,59,999,1,1,57,1,1,1,81.28,Eligible
ARG45,33,female,Tripura,phd,74.4,874000.0,5,999,1,0,0,1,1,1,69.76,Eligible
AZKMI,25,female,Odisha,phd,69.7,737000.0,999,1,1,1,62,1,1,1,72.88,Ineligible
ARG45,24,female,Madhya Pradesh,masters,90.9,888000.0,1,999,1,0,0,1,1,1,76.36,Eligible
BPVGK,14,female,Manipur,10th,51.6,118000.0,999,999,1,0,0,1,1,1,58.64,Eligible
A023B,23,female,Maharashtra,bachelors,64.7,604000.0,6,999,1,0,0,1,1,1,65.88,Ineligible
BVOBC,17,female,Mizoram,bachelors,65.2,378000.0,1,999,1,0,0,1,0,1,76.08,Ineligible
AZKMI,24,male,Andhra Pradesh,phd,71.5,157000.0,999,4,1,0,0,1,1,1,78.6,Eligible
BPVGK,16,female,Odisha,10th,79.6,286000.0,999,999,1,0,0,1,1,1,64.84,Ineligible
AZKMI,21,female,Assam,masters,76.2,763000.0,999,21,1,0,0,1,1,1,70.48,Ineligible
BVOBC,18,male,Gujarat,12th,46.6,128000.0,3,999,1,0,0,0,1,1,68.64,Ineligible
A023B,24,male,Telangana,bachelors,74.0,689000.0,78,999,1,0,0,1,1,1,54.6,Ineligible
A023B,22,male,Madhya Pradesh,bachelors,83.2,593000.0,5,999,1,0,0,1,1,0,73.28,Borderline
ARG45,28,male,Madhya Pradesh,masters,67.9,260000.0,110,999,1,0,0,1,1,1,55.16,Eligible
A023B,18,male,Arunachal Pradesh,masters,96.4,358000.0,3,999,1,0,0,1,1,1,83.56,Eligible
ARG45,33,male,Arunachal Pradesh,masters,58.7,520000.0,3,999,1,0,0,1,1,1,63.48,Eligible
A023B,24,female,Sikkim,bachelors,80.7,427000.0,65,999,1,0,0,1,1,1,67.28,Eligible
AZKMI,38,female,Gujarat,masters,63.6,219000.0,999,2,1,0,0,1,1,1,75.44,Ineligible
AZKMI,25,female,Tamil Nadu,postdoc,82.6,854000.0,999,37,1,0,0,1,1,1,73.04,Ineligible
BVOBC,17,female,Telangana,12th,45.0,110000.0,2,999,1,0,0,1,1,1,73.0,Ineligible
A023B,21,female,Manipur,bachelors,60.0,301000.0,85,999,1,0,0,1,1,1,64.0,Eligible
BVOBC,21,male,Tripura,12th,82.4,215000.0,95,999,1,0,0,1,1,1,67.96,Eligible
BVOBC,23,male,Chhattisgarh,12th,87.0,376000.0,2,999,1,0,0,1,1,1,79.8,Ineligible
AZKMI,31,female,Manipur,postdoc,72.0,315000.0,999,8,1,0,0,1,1,1,78.8,Eligible
AZKMI,36,male,Mizoram,masters,88.2,341000.0,999,1,1,0,0,1,1,1,80.28,Ineligible
A023B,19,male,Jharkhand,masters,87.5,467000.0,2,999,1,0,0,0,1,1,75.0,Ineligible
AZKMI,33,male,Tripura,phd,65.1,644000.0,999,3,1,0,0,1,1,1,61.04,Ineligible
BVOBC,20,male,Arunachal Pradesh,bachelors,94.8,391000.0,95,999,1,0,0,1,1,1,72.92,Ineligible
A023B,22,female,Karnataka,masters,90.7,189000.0,1,999,1,0,0,1,1,1,91.28,Eligible
ARG45,28,male,Odisha,masters,86.1,601000.0,65,999,1,0,0,1,1,1,59.44,Eligible
BVOBC,17,male,Odisha,bachelors,51.7,277000.0,88,999,1,0,0,1,1,1,55.68,Ineligible
BVOBC,24,female,Jharkhand,bachelors,90.2,245000.0,2,999,1,0,0,1,1,1,86.08,Eligible
BVOBC,23,female,Kerala,12th,78.2,147000.0,6,999,1,0,0,1,0,1,86.28,Borderline
A023B,21,male,Meghalaya,masters,55.0,786000.0,3,999,0,0,0,1,0,1,57.0,Ineligible
BVOBC,17,female,Arunachal Pradesh,bachelors,68.4,117000.0,1,999,1,0,0,1,1,1,82.36,Eligible
A023B,18,female,Odisha,bachelors,73.7,481000.0,140,999,1,0,0,1,1,1,57.48,Ineligible
ARG45,22,female,Telangana,phd,65.7,442000.0,72,999,1,0,0,1,1,1,61.28,Eligible
A023B,20,female,Arunachal Pradesh,bachelors,88.3,298000.0,2,999,1,0,0,1,1,1,85.32,Eligible
AZKMI,31,female,Chhattisgarh,masters,86.2,603000.0,999,3,1,0,0,1,1,1,74.48,Ineligible
ARG45,25,male,Odisha,masters,56.7,477000.0,78,999,1,0,0,1,1,1,52.68,Eligible
ARG45,24,male,Arunachal Pradesh,phd,51.2,766000.0,95,999,1,1,49,1,1,1,50.48,Ineligible
A023B,23,male,Manipur,masters,85.2,355000.0,65,999,1,0,0,1,1,1,69.08,Eligible
A023B,21,male,Rajasthan,masters,95.7,453000.0,6,999,0,0,0,1,1,1,78.28,Ineligible
BVOBC,23,male,Madhya Pradesh,12th,68.3,150000.0,85,999,1,0,0,1,1,0,67.32,Borderline
BPVGK,16,female,Madhya Pradesh,10th,70.2,287000.0,999,999,1,0,0,1,1,1,61.08,Ineligible
BVOBC,17,male,Maharashtra,bachelors,50.9,132000.0,65,999,1,0,0,1,1,1,60.36,Eligible
ARG45,25,male,Odisha,masters,54.5,586000.0,1,999,0,0,0,1,1,1,61.8,Ineligible
BVOBC,19,female,Madhya Pradesh,bachelors,81.6,384000.0,3,999,1,0,0,1,1,1,82.64,Ineligible
A023B,25,female,Arunachal Pradesh,masters,72.2,383000.0,85,999,1,0,0,1,1,1,68.88,Eligible
BPVGK,14,female,Karnataka,10th,58.6,120000.0,999,999,1,0,0,1,1,1,61.44,Eligible
AZKMI,22,male,Maharashtra,phd,82.3,355000.0,999,2,1,0,0,1,0,1,77.92,Borderline
ARG45,26,male,Sikkim,masters,89.3,137000.0,78,999,1,0,0,1,1,1,75.72,Eligible
BPVGK,16,female,Karnataka,10th,70.9,339000.0,999,999,1,0,0,1,1,1,61.36,Ineligible
A023B,21,female,Sikkim,masters,82.0,658000.0,6,999,1,0,0,1,1,1,72.8,Ineligible
A023B,19,female,Mizoram,bachelors,71.3,772000.0,88,999,1,0,0,1,1,1,58.52,Ineligible
A023B,21,female,Andhra Pradesh,masters,86.0,180000.0,110,999,1,0,0,1,1,1,72.4,Ineligible
AZKMI,30,male,Karnataka,postdoc,81.0,178000.0,999,22,1,0,0,1,1,1,82.4,Eligible
BVOBC,20,female,Assam,12th,62.9,215000.0,1,999,1,0,0,1,1,1,75.16,Eligible
AZKMI,31,female,Nagaland,postdoc,54.0,641000.0,999,32,0,0,0,1,1,1,61.6,Ineligible
BVOBC,17,male,Mizoram,12th,49.5,52000.0,5,999,1,0,0,1,1,0,69.8,Ineligible
BVOBC,24,male,Nagaland,bachelors,76.4,317000.0,6,999,1,0,0,1,1,1,75.56,Ineligible
A023B,24,male,Jharkhand,bachelors,94.5,213000.0,59,999,1,0,0,1,1,1,72.8,Eligible
BVOBC,22,male,Mizoram,bachelors,49.9,399000.0,140,999,1,1,56,1,1,1,52.96,Ineligible
A023B,19,male,Andhra Pradesh,masters,94.3,749000.0,85,999,1,0,0,1,1,1,62.72,Ineligible
ARG45,35,female,Jharkhand,masters,74.0,737000.0,140,999,1,0,0,1,1,1,52.6,Eligible
ARG45,31,male,Andhra Pradesh,phd,76.9,597000.0,5,999,1,0,0,1,1,1,70.76,Eligible
A023B,21,male,Tamil Nadu,masters,63.5,733000.0,110,999,1,0,0,1,1,1,43.4,Ineligible
AZKMI,26,male,Tripura,phd,68.7,189000.0,999,3,1,0,0,1,1,1,77.48,Eligible
ARG45,36,female,Assam,phd,85.2,504000.0,250,999,0,1,51,1,1,1,67.08,Ineligible
ARG45,31,male,Nagaland,phd,86.7,194000.0,250,999,1,0,0,1,1,1,67.68,Eligible
ARG45,27,female,Meghalaya,masters,88.1,463000.0,59,999,1,0,0,1,1,1,70.24,Eligible
BVOBC,24,male,Kerala,12th,82.1,124000.0,6,999,1,0,0,1,1,1,82.84,Eligible
AZKMI,34,female,Madhya Pradesh,postdoc,92.3,303000.0,999,21,1,0,0,1,1,1,86.92,Eligible
ARG45,22,female,Jharkhand,masters,87.4,90000.0,85,999,1,0,0,1,1,1,79.96,Eligible
ARG45,34,female,Karnataka,masters,74.8,878000.0,85,999,1,0,0,1,1,1,59.92,Eligible
BPVGK,15,female,Tripura,10th,61.8,319000.0,999,999,1,0,0,1,1,1,57.72,Ineligible
BVOBC,19,female,Meghalaya,bachelors,56.1,87000.0,110,999,1,0,0,1,1,1,60.44,Eligible
AZKMI,32,female,Sikkim,masters,92.8,119000.0,999,37,1,0,0,1,1,1,92.12,Eligible
BVOBC,23,female,Sikkim,bachelors,54.2,284000.0,250,999,1,0,0,1,1,1,54.68,Ineligible
AZKMI,27,female,Nagaland,postdoc,50.7,680000.0,999,1,1,0,0,1,0,1,60.28,Ineligible
ARG45,26,female,Manipur,masters,57.0,511000.0,59,999,1,0,0,1,1,1,57.8,Eligible
ARG45,35,female,Sikkim,phd,67.9,674000.0,5,999,1,1,42,1,1,1,72.16,Eligible
BVOBC,19,male,Maharashtra,12th,90.1,46000.0,3,999,1,0,0,1,1,1,86.04,Eligible
BVOBC,17,female,Mizoram,bachelors,91.9,382000.0,65,999,1,0,0,1,1,1,76.76,Ineligible
BPVGK,15,male,Odisha,10th,67.3,218000.0,999,999,1,0,0,1,1,1,54.92,Eligible
ARG45,25,female,Sikkim,masters,69.6,539000.0,2,999,1,0,0,1,1,1,72.84,Eligible
ARG45,22,male,Sikkim,masters,81.5,105000.0,5,999,1,0,0,0,1,1,82.6,Ineligible
A023B,22,female,Andhra Pradesh,masters,93.9,478000.0,140,999,1,0,0,1,1,1,65.56,Ineligible
BPVGK,14,female,Karnataka,10th,78.4,169000.0,999,999,1,0,0,1,1,1,69.36,Eligible
BVOBC,24,male,Andhra Pradesh,bachelors,84.0,146000.0,140,999,1,0,0,1,1,1,66.6,Eligible
BVOBC,17,female,Telangana,12th,75.0,323000.0,2,999,1,0,0,1,1,1,80.0,Ineligible
AZKMI,36,female,Kerala,masters,66.5,104000.0,999,4,1,1,44,1,1,1,86.6,Ineligible
A023B,20,female,Madhya Pradesh,masters,97.7,426000.0,3,999,1,0,0,1,1,1,84.08,Eligible
AZKMI,35,female,Jharkhand,masters,56.3,540000.0,999,8,1,0,0,0,1,1,67.52,Ineligible
A023B,25,male,Madhya Pradesh,bachelors,88.1,389000.0,1,999,1,0,0,1,1,1,80.24,Eligible
ARG45,26,male,Sikkim,masters,82.9,412000.0,2,999,0,0,0,1,1,1,73.16,Ineligible
BVOBC,19,female,Mizoram,12th,54.6,106000.0,5,999,1,0,0,1,1,1,76.84,Eligible
BVOBC,21,female,Tamil Nadu,12th,65.4,381000.0,6,999,1,0,0,1,1,1,76.16,Ineligible
BVOBC,17,female,Telangana,12th,94.1,361000.0,6,999,1,0,0,1,1,1,87.64,Ineligible
AZKMI,37,female,Manipur,postdoc,63.1,786000.0,999,21,1,0,0,1,1,1,65.24,Ineligible
BVOBC,21,male,Jharkhand,bachelors,91.3,264000.0,59,999,1,1,42,1,1,1,76.52,Ineligible
BVOBC,21,female,Odisha,12th,50.9,158000.0,65,999,1,0,0,1,1,1,65.36,Eligible
BVOBC,23,female,Madhya Pradesh,12th,48.7,171000.0,3,999,1,0,0,1,1,1,74.48,Ineligible
ARG45,34,female,Assam,masters,69.6,178000.0,85,999,1,0,0,1,1,1,72.84,Eligible
AZKMI,29,female,Andhra Pradesh,postdoc,72.5,473000.0,999,3,0,0,0,1,1,1,74.0,Ineligible
A023B,24,female,Tamil Nadu,masters,61.1,596000.0,3,999,1,0,0,1,1,1,69.44,Eligible
AZKMI,33,female,Nagaland,postdoc,61.5,960000.0,999,32,1,0,0,1,1,1,64.6,Ineligible
BPVGK,14,female,Mizoram,10th,79.3,308000.0,999,999,1,0,0,1,1,0,64.72,Ineligible
ARG45,30,female,Telangana,masters,85.3,610000.0,95,999,1,0,0,1,1,1,64.12,Eligible
ARG45,34,female,Manipur,phd,91.8,221000.0,78,999,1,0,0,1,1,1,76.72,Eligible
BVOBC,17,male,Madhya Pradesh,12th,77.6,319000.0,140,999,1,1,75,0,1,1,64.04,Ineligible
A023B,21,male,Gujarat,bachelors,87.1,456000.0,78,999,1,0,0,1,1,1,64.84,Eligible
ARG45,25,female,Andhra Pradesh,masters,86.1,879000.0,2,999,1,0,0,1,1,1,74.44,Eligible
BPVGK,14,female,Assam,10th,83.4,45000.0,999,999,1,0,0,1,1,1,71.36,Eligible
BVOBC,18,male,Jharkhand,bachelors,90.4,374000.0,110,999,1,0,0,1,1,1,64.16,Ineligible
AZKMI,35,male,Meghalaya,phd,68.2,662000.0,999,1,1,0,0,1,1,1,62.28,Ineligible
BVOBC,20,female,Arunachal Pradesh,12th,79.6,287000.0,2,999,1,0,0,1,1,1,81.84,Ineligible
AZKMI,29,male,Chhattisgarh,postdoc,91.3,165000.0,999,14,0,0,0,1,1,1,86.52,Ineligible
BPVGK,17,male,Sikkim,10th,63.0,171000.0,999,999,1,0,0,1,1,1,58.2,Eligible
A023B,20,male,Jharkhand,masters,71.5,261000.0,2,999,1,0,0,1,1,0,73.6,Borderline
BVOBC,24,other,Jharkhand,12th,77.3,331000.0,72,999,1,0,0,1,1,1,65.92,Ineligible
BPVGK,14,male,Karnataka,10th,93.7,167000.0,999,999,1,0,0,0,1,1,70.48,Ineligible
AZKMI,35,male,Rajasthan,masters,88.1,495000.0,999,3,1,0,0,1,1,1,75.24,Eligible
ARG45,32,female,Arunachal Pradesh,masters,59.3,589000.0,72,999,0,0,0,1,1,1,58.72,Ineligible
BVOBC,18,male,Madhya Pradesh,bachelors,77.0,168000.0,110,999,1,1,48,1,0,1,68.8,Borderline
BPVGK,16,male,Assam,10th,79.1,164000.0,999,999,1,0,0,1,1,1,64.64,Eligible
BVOBC,21,female,Andhra Pradesh,bachelors,55.2,156000.0,78,999,1,0,0,1,1,1,67.08,Eligible
A023B,23,male,Nagaland,masters,70.9,746000.0,2,999,1,0,0,1,1,0,63.36,Ineligible
ARG45,35,male,Odisha,phd,72.6,204000.0,2,999,1,1,69,1,1,1,79.04,Eligible
ARG45,24,female,Chhattisgarh,masters,71.8,354000.0,6,999,1,1,53,1,1,1,83.72,Eligible
ARG45,35,male,Meghalaya,masters,62.4,325000.0,2,999,0,0,0,1,1,1,69.96,Ineligible
BVOBC,24,female,Chhattisgarh,12th,65.4,382000.0,85,999,1,0,0,1,1,1,66.16,Ineligible
AZKMI,37,male,Karnataka,phd,61.9,977000.0,999,21,1,0,0,1,1,1,59.76,Ineligible
AZKMI,23,female,Maharashtra,phd,75.0,381000.0,999,6,1,0,0,1,1,1,80.0,Eligible
BPVGK,15,female,Arunachal Pradesh,10th,51.8,128000.0,999,999,1,0,0,0,1,1,58.72,Ineligible
BPVGK,14,male,Tamil Nadu,10th,66.1,299000.0,999,999,1,0,0,1,1,1,54.44,Ineligible
ARG45,28,male,Meghalaya,masters,50.7,842000.0,65,999,1,0,0,1,1,1,45.28,Ineligible
A023B,20,other,Mizoram,masters,73.7,286000.0,110,999,1,0,0,1,1,1,57.48,Ineligible
A023B,20,female,Rajasthan,bachelors,95.9,379000.0,5,999,1,0,0,1,1,1,88.36,Eligible
BVOBC,21,female,Jharkhand,12th,65.5,228000.0,110,999,1,0,0,1,0,1,59.2,Borderline
ARG45,23,male,Assam,phd,76.0,716000.0,59,999,1,0,0,1,1,1,55.4,Eligible
ARG45,33,male,Tripura,phd,75.6,886000.0,95,999,1,0,0,1,1,1,55.24,Eligible
BVOBC,20,female,Sikkim,12th,81.5,309000.0,5,999,1,0,0,0,1,1,82.6,Ineligible
ARG45,28,female,Nagaland,masters,82.2,501000.0,250,999,1,0,0,0,1,1,60.88,Ineligible
BPVGK,14,male,Andhra Pradesh,10th,75.5,103000.0,999,999,1,0,0,1,1,1,63.2,Eligible
ARG45,34,female,Gujarat,phd,93.7,347000.0,85,999,1,0,0,0,1,1,77.48,Ineligible
ARG45,28,male,Kerala,phd,83.1,285000.0,95,999,1,0,0,1,1,1,68.24,Eligible
ARG45,32,male,Sikkim,phd,81.3,614000.0,140,999,1,0,0,1,1,1,50.52,Eligible
A023B,21,female,Madhya Pradesh,masters,88.2,423000.0,2,999,1,0,0,1,1,0,80.28,Borderline
BPVGK,14,female,Manipur,10th,91.4,278000.0,999,999,1,0,0,1,1,1,69.56,Ineligible
ARG45,34,female,Tripura,masters,92.8,499000.0,88,999,1,0,0,1,0,1,72.12,Borderline
BPVGK,14,male,Manipur,10th,54.2,179000.0,999,999,1,0,0,1,1,1,54.68,Eligible
BVOBC,23,female,Madhya Pradesh,bachelors,58.3,62000.0,110,999,1,0,0,1,1,1,61.32,Eligible
BVOBC,21,male,Meghalaya,12th,59.6,152000.0,3,999,1,0,0,1,0,0,73.84,Borderline
BVOBC,23,male,Mizoram,bachelors,70.5,218000.0,140,999,1,0,0,1,1,1,56.2,Eligible
A023B,21,male,Andhra Pradesh,bachelors,78.5,294000.0,2,999,1,0,0,1,1,1,76.4,Eligible
ARG45,33,female,Tripura,phd,67.9,632000.0,1,999,0,0,0,1,1,1,67.16,Ineligible
A023B,21,male,Rajasthan,masters,68.2,615000.0,1,999,1,0,0,1,1,1,62.28,Ineligible
A023B,22,male,Sikkim,masters,65.2,350000.0,5,999,1,0,0,1,1,1,71.08,Eligible
A023B,20,male,Assam,bachelors,70.4,632000.0,6,999,1,0,0,1,1,1,63.16,Ineligible
ARG45,32,female,Odisha,phd,62.5,459000.0,140,999,1,0,0,1,1,0,53.0,Borderline
ARG45,31,male,Rajasthan,phd,73.6,742000.0,88,999,1,0,0,1,1,1,54.44,Eligible
AZKMI,24,female,Madhya Pradesh,postdoc,62.7,368000.0,999,6,1,1,80,1,1,1,80.08,Eligible
BVOBC,19,male,Gujarat,12th,76.6,80000.0,5,999,1,0,0,1,1,1,80.64,Eligible
BVOBC,24,male,Nagaland,bachelors,84.2,205000.0,88,999,1,0,0,1,1,1,68.68,Eligible
A023B,25,female,Assam,bachelors,73.1,458000.0,1,999,1,0,0,1,1,1,74.24,Eligible
BVOBC,19,male,Maharashtra,bachelors,70.8,340000.0,72,999,1,0,0,1,1,1,63.32,Ineligible
AZKMI,29,male,Nagaland,phd,70.2,700000.0,999,21,1,0,0,1,1,1,63.08,Ineligible
A023B,20,male,Rajasthan,masters,90.0,311000.0,59,999,1,0,0,1,1,1,71.0,Eligible
BPVGK,14,male,Karnataka,10th,71.8,309000.0,999,999,1,0,0,1,1,1,56.72,Ineligible
A023B,22,male,Meghalaya,bachelors,70.0,699000.0,3,999,1,1,60,1,1,1,68.0,Ineligible
ARG45,36,female,Andhra Pradesh,masters,69.5,777000.0,85,999,1,0,0,1,1,1,57.8,Eligible
ARG45,36,female,Manipur,masters,56.6,68000.0,250,999,1,0,0,1,1,1,60.64,Eligible
BPVGK,14,female,Telangana,10th,53.9,61000.0,999,999,1,0,0,1,1,1,59.56,Eligible
BVOBC,18,female,Tripura,bachelors,54.2,56000.0,72,999,1,0,0,1,1,1,66.68,Eligible
BVOBC,17,male,Karnataka,12th,93.7,341000.0,6,999,1,0,0,1,1,1,82.48,Ineligible
AZKMI,34,male,Manipur,postdoc,93.5,108000.0,999,37,1,0,0,1,1,1,87.4,Eligible
ARG45,28,female,Gujarat,masters,57.5,135000.0,95,999,1,0,0,1,1,1,68.0,Eligible
AZKMI,24,female,Madhya Pradesh,phd,67.0,659000.0,999,650,1,0,0,1,0,1,46.8,Ineligible
AZKMI,37,female,Odisha,phd,86.3,205000.0,999,2,1,0,0,1,1,0,84.52,Ineligible
ARG45,34,male,Kerala,phd,85.0,63000.0,1,999,1,0,0,1,1,1,84.0,Eligible
ARG45,32,female,Mizoram,masters,60.5,448000.0,1,999,1,0,0,1,1,1,69.2,Eligible
AZKMI,31,female,Odisha,postdoc,83.8,922000.0,999,650,1,0,0,1,1,1,53.52,Ineligible
A023B,22,other,Madhya Pradesh,masters,60.4,552000.0,78,999,1,0,0,1,1,1,54.16,Eligible
A023B,24,female,Andhra Pradesh,masters,64.6,531000.0,85,999,1,0,0,1,1,1,60.84,Eligible
ARG45,32,male,Tamil Nadu,masters,67.4,667000.0,110,999,1,0,0,1,1,1,44.96,Eligible
ARG45,35,female,Maharashtra,masters,58.5,836000.0,65,999,1,0,0,1,1,1,53.4,Eligible
ARG45,24,female,Assam,masters,83.7,755000.0,88,999,0,0,0,1,1,1,63.48,Ineligible
BVOBC,20,male,Andhra Pradesh,bachelors,94.5,71000.0,59,999,1,0,0,1,1,1,77.8,Eligible
AZKMI,31,female,Andhra Pradesh,phd,80.2,270000.0,999,22,1,0,0,1,1,1,82.08,Eligible
ARG45,30,male,Karnataka,masters,66.4,545000.0,110,999,1,0,0,1,1,1,49.56,Eligible
BVOBC,22,male,Arunachal Pradesh,bachelors,86.0,382000.0,72,999,1,0,0,1,1,1,69.4,Ineligible
BPVGK,17,female,Karnataka,10th,87.7,100000.0,999,999,1,0,0,1,1,1,73.08,Eligible
A023B,23,male,Rajasthan,masters,70.4,532000.0,2,999,1,0,0,1,1,0,68.16,Borderline
ARG45,30,male,Meghalaya,phd,64.6,655000.0,3,999,1,0,0,0,1,1,60.84,Ineligible
BVOBC,21,male,Mizoram,12th,50.5,118000.0,95,999,1,1,54,1,1,1,65.2,Eligible
BVOBC,23,male,Meghalaya,12th,54.3,269000.0,2,999,1,0,0,1,1,1,66.72,Ineligible
BVOBC,24,female,Mizoram,bachelors,89.4,183000.0,5,999,1,0,0,1,1,1,90.76,Eligible
BVOBC,21,female,Telangana,bachelors,86.7,177000.0,6,999,1,0,0,1,1,1,89.68,Eligible
BVOBC,24,female,Meghalaya,bachelors,93.7,310000.0,78,999,1,0,0,1,1,1,77.48,Ineligible
ARG45,25,male,Karnataka,masters,81.9,590000.0,140,999,1,0,0,1,1,1,55.76,Eligible
BVOBC,20,female,Kerala,bachelors,52.4,173000.0,110,999,1,0,0,1,1,0,58.96,Borderline
BPVGK,17,female,Odisha,10th,76.9,33000.0,999,999,1,0,0,1,1,1,68.76,Eligible
AZKMI,34,male,Mizoram,masters,52.7,764000.0,999,32,1,0,0,1,1,1,56.08,Ineligible
ARG45,27,male,Kerala,phd,90.2,205000.0,6,999,1,0,0,1,1,1,81.08,Eligible
BPVGK,16,female,Arunachal Pradesh,10th,87.1,155000.0,999,999,1,0,0,1,0,1,72.84,Borderline
BVOBC,24,female,Rajasthan,12th,86.4,310000.0,72,999,1,0,0,1,1,1,74.56,Ineligible
BVOBC,22,male,Madhya Pradesh,12th,60.3,195000.0,1,999,1,0,0,1,0,1,74.12,Borderline
A023B,23,male,Manipur,bachelors,68.7,182000.0,5,999,1,0,0,1,1,1,77.48,Eligible
ARG45,27,male,Telangana,masters,59.9,285000.0,250,999,1,1,43,1,1,1,56.96,Eligible
BVOBC,21,other,Andhra Pradesh,12th,85.0,200000.0,3,999,1,0,0,1,0,1,84.0,Borderline
BVOBC,23,female,Arunachal Pradesh,12th,58.1,261000.0,72,999,1,0,0,1,1,1,63.24,Ineligible
BVOBC,21,female,Rajasthan,bachelors,84.8,383000.0,1,999,1,0,0,1,1,1,83.92,Ineligible
A023B,20,female,Mizoram,masters,63.0,599000.0,1,999,1,0,0,1,1,1,70.2,Eligible
BVOBC,17,male,Rajasthan,bachelors,68.2,194000.0,140,999,1,0,0,1,1,1,60.28,Eligible
BVOBC,20,female,Assam,12th,72.5,335000.0,88,999,1,0,0,1,1,1,69.0,Ineligible
ARG45,28,female,Assam,masters,51.9,527000.0,250,999,1,0,0,1,1,1,48.76,Ineligible
BVOBC,21,female,Andhra Pradesh,12th,80.4,112000.0,3,999,1,0,0,1,1,1,87.16,Eligible
AZKMI,24,female,Meghalaya,phd,74.2,872000.0,999,37,1,0,0,1,1,0,69.68,Ineligible
A023B,25,male,Odisha,bachelors,82.3,326000.0,85,999,1,1,55,1,1,1,72.92,Eligible
ARG45,24,male,Tamil Nadu,phd,67.3,249000.0,250,999,1,0,0,1,1,1,54.92,Eligible
A023B,25,male,Maharashtra,bachelors,95.7,578000.0,65,999,1,0,0,1,1,1,68.28,Eligible
ARG45,26,female,Arunachal Pradesh,masters,51.8,337000.0,88,999,1,0,0,1,1,1,60.72,Ineligible
ARG45,27,male,Arunachal Pradesh,masters,85.0,810000.0,3,999,1,0,0,1,1,1,69.0,Eligible
BVOBC,23,female,Jharkhand,bachelors,47.9,176000.0,1,999,1,0,0,1,1,1,74.16,Ineligible
A023B,19,male,Arunachal Pradesh,bachelors,63.8,638000.0,6,999,1,0,0,1,1,1,60.52,Ineligible
A023B,20,male,Odisha,masters,85.5,230000.0,5,999,1,1,48,0,1,1,84.2,Ineligible
A023B,18,female,Karnataka,masters,92.8,449000.0,95,999,1,0,0,1,1,1,72.12,Eligible
ARG45,24,female,Andhra Pradesh,masters,66.5,162000.0,59,999,1,0,0,1,0,1,71.6,Borderline
BVOBC,21,female,Tamil Nadu,12th,95.6,395000.0,6,999,1,0,0,1,1,1,88.24,Ineligible
A023B,21,male,Tamil Nadu,masters,86.2,461000.0,2,999,1,0,0,1,1,0,74.48,Borderline
A023B,25,female,Arunachal Pradesh,masters,67.7,647000.0,5,999,1,0,0,1,1,1,67.08,Ineligible
BVOBC,18,female,Andhra Pradesh,12th,60.8,236000.0,1,999,1,0,0,1,1,1,74.32,Eligible
ARG45,29,female,Mizoram,masters,60.8,583000.0,59,999,1,0,0,1,1,1,59.32,Eligible
A023B,23,female,Meghalaya,bachelors,83.4,670000.0,6,999,1,0,0,1,1,1,73.36,Ineligible
BVOBC,22,male,Tripura,bachelors,64.7,68000.0,85,999,1,0,0,1,1,1,65.88,Eligible
A023B,19,male,Nagaland,masters,89.9,113000.0,59,999,1,0,0,1,1,1,75.96,Eligible
ARG45,23,female,Meghalaya,masters,56.8,359000.0,5,999,1,0,0,1,1,1,72.72,Eligible
BVOBC,18,female,Rajasthan,12th,84.9,281000.0,85,999,1,0,0,1,1,1,73.96,Ineligible
A023B,22,other,Rajasthan,bachelors,72.2,617000.0,1,999,1,0,0,1,1,1,63.88,Ineligible
AZKMI,37,male,Kerala,postdoc,92.2,474000.0,999,8,1,0,0,1,1,1,76.88,Ineligible
A023B,21,male,Jharkhand,bachelors,66.1,364000.0,78,999,1,0,0,1,1,1,61.44,Eligible
A023B,18,male,Gujarat,bachelors,60.7,258000.0,110,999,1,0,0,1,1,1,52.28,Ineligible
BPVGK,15,female,Meghalaya,10th,49.7,33000.0,999,999,1,0,0,0,1,1,57.88,Ineligible
BPVGK,16,female,Manipur,10th,82.1,180000.0,999,999,1,0,0,1,1,1,70.84,Eligible
A023B,19,female,Andhra Pradesh,bachelors,65.7,114000.0,72,999,1,0,0,1,0,1,71.28,Borderline
AZKMI,28,male,Chhattisgarh,postdoc,62.6,446000.0,999,14,1,1,80,1,1,1,70.04,Eligible
BVOBC,24,female,Assam,12th,92.9,154000.0,59,999,1,0,0,1,1,1,82.16,Eligible
AZKMI,36,male,Rajasthan,phd,79.3,258000.0,999,22,1,0,0,1,1,1,76.72,Ineligible
A023B,18,male,Assam,masters,88.8,164000.0,2,999,1,0,0,1,1,1,85.52,Eligible
BPVGK,15,male,Tripura,10th,61.7,130000.0,999,999,1,0,0,1,1,1,57.68,Eligible
ARG45,27,female,Karnataka,masters,50.4,482000.0,5,999,1,0,0,1,1,1,65.16,Ineligible
BPVGK,14,female,Assam,10th,76.3,170000.0,999,999,1,0,0,1,1,1,68.52,Eligible
BVOBC,24,male,Sikkim,bachelors,89.2,127000.0,95,999,1,0,0,1,1,1,75.68,Eligible
A023B,22,male,Nagaland,masters,55.9,676000.0,85,999,1,0,0,1,1,1,47.36,Ineligible
AZKMI,24,female,Arunachal Pradesh,masters,80.8,178000.0,999,32,1,0,0,1,1,1,87.32,Eligible
BVOBC,21,male,Tamil Nadu,12th,61.2,105000.0,1,999,1,0,0,1,1,1,74.48,Eligible
BPVGK,16,female,Nagaland,10th,84.1,348000.0,999,999,1,0,0,1,1,1,66.64,Ineligible
BVOBC,23,female,Nagaland,bachelors,45.7,65000.0,2,999,1,0,0,1,1,1,73.28,Ineligible
A023B,19,female,Sikkim,bachelors,64.4,528000.0,85,999,1,1,77,0,1,1,65.76,Ineligible
BVOBC,20,female,Gujarat,bachelors,67.5,322000.0,1,999,1,0,0,0,1,1,77.0,Ineligible
A023B,23,female,Tamil Nadu,bachelors,56.3,441000.0,72,999,1,0,0,1,1,1,57.52,Eligible
BVOBC,17,male,Odisha,12th,64.2,54000.0,2,999,1,0,0,0,1,1,75.68,Ineligible
ARG45,26,male,Mizoram,masters,77.0,318000.0,250,999,1,0,0,1,1,1,58.8,Eligible
BVOBC,19,female,Odisha,12th,46.9,302000.0,95,999,1,0,0,1,1,1,58.76,Ineligible
AZKMI,30,female,Arunachal Pradesh,masters,70.4,512000.0,999,6,1,0,0,1,1,1,73.16,Eligible
BPVGK,14,male,Nagaland,10th,83.7,32000.0,999,999,1,0,0,1,1,1,66.48,Eligible
BPVGK,16,male,Chhattisgarh,10th,71.3,223000.0,999,999,1,0,0,1,1,1,56.52,Eligible
AZKMI,32,female,Jharkhand,postdoc,62.5,428000.0,999,2,0,0,0,1,1,1,70.0,Ineligible
BPVGK,17,female,Assam,10th,88.3,229000.0,999,999,1,0,0,1,1,1,68.32,Eligible
AZKMI,34,female,Madhya Pradesh,postdoc,56.2,829000.0,999,2,1,0,0,1,1,1,62.48,Ineligible
ARG45,31,male,Mizoram,phd,76.3,313000.0,95,999,1,0,0,1,1,1,65.52,Eligible
BVOBC,24,male,Telangana,bachelors,55.8,241000.0,88,999,1,0,0,1,1,1,57.32,Eligible
BVOBC,20,male,Telangana,12th,59.0,349000.0,72,999,1,1,56,1,1,1,63.6,Ineligible
ARG45,31,female,Mizoram,masters,73.9,531000.0,88,999,1,0,0,1,1,1,64.56,Eligible
A023B,18,female,Sikkim,bachelors,84.1,517000.0,6,999,1,0,0,1,1,1,78.64,Eligible
AZKMI,34,female,Karnataka,phd,66.9,568000.0,999,2,1,0,0,1,1,1,71.76,Eligible
AZKMI,35,female,Meghalaya,phd,79.7,425000.0,999,1,1,1,80,1,1,1,81.88,Eligible
AZKMI,38,male,Chhattisgarh,phd,68.6,699000.0,999,2,1,0,0,1,1,1,62.44,Ineligible
ARG45,33,male,Telangana,masters,62.9,762000.0,2,999,0,0,0,1,1,1,60.16,Ineligible
AZKMI,33,female,Telangana,masters,59.8,304000.0,999,32,1,0,0,1,1,1,73.92,Eligible
BVOBC,21,male,Andhra Pradesh,12th,88.4,199000.0,78,999,1,0,0,1,1,1,75.36,Eligible
BPVGK,14,female,Rajasthan,10th,52.3,178000.0,999,999,1,0,0,1,1,1,58.92,Eligible
BVOBC,19,male,Meghalaya,12th,47.4,195000.0,2,999,1,0,0,1,1,1,68.96,Ineligible
AZKMI,28,male,Gujarat,postdoc,53.3,985000.0,999,37,1,0,0,1,1,1,56.32,Ineligible
BVOBC,21,male,Telangana,bachelors,78.1,303000.0,88,999,1,0,0,1,0,1,66.24,Ineligible
ARG45,24,male,Arunachal Pradesh,phd,81.3,617000.0,1,999,1,1,52,1,1,1,72.52,Eligible
ARG45,33,female,Gujarat,masters,64.8,853000.0,2,999,1,0,0,1,1,1,65.92,Eligible
A023B,23,male,Mizoram,bachelors,76.0,461000.0,110,999,1,0,0,1,1,1,53.4,Ineligible
BPVGK,14,male,Chhattisgarh,10th,88.8,167000.0,999,999,1,0,0,1,1,1,68.52,Eligible
BVOBC,20,female,Andhra Pradesh,12th,61.2,112000.0,110,999,1,1,51,1,1,1,67.48,Eligible
BVOBC,18,female,Kerala,12th,67.3,265000.0,65,999,1,0,0,1,1,1,66.92,Ineligible
A023B,23,female,Kerala,bachelors,93.4,588000.0,5,999,1,0,0,1,1,1,82.36,Eligible
A023B,19,male,Telangana,masters,89.7,287000.0,85,999,0,0,0,1,1,1,70.88,Ineligible
BPVGK,17,male,Maharashtra,10th,47.9,235000.0,999,999,1,1,52,1,1,0,52.16,Ineligible
BVOBC,23,female,Odisha,bachelors,67.7,52000.0,250,999,1,0,0,1,1,1,65.08,Eligible
A023B,25,male,Rajasthan,masters,96.3,159000.0,59,999,1,0,0,1,1,1,78.52,Eligible
A023B,18,female,Arunachal Pradesh,masters,56.3,337000.0,65,999,1,0,0,1,1,1,62.52,Eligible
A023B,24,male,Andhra Pradesh,bachelors,65.6,775000.0,6,999,0,0,0,1,1,1,61.24,Ineligible
BVOBC,23,female,Chhattisgarh,bachelors,91.6,116000.0,140,999,1,0,0,1,1,1,74.64,Eligible
BVOBC,18,male,Andhra Pradesh,bachelors,53.0,278000.0,59,999,1,0,0,1,1,1,56.2,Ineligible
A023B,21,male,Arunachal Pradesh,bachelors,56.0,686000.0,3,999,1,0,0,0,1,1,57.4,Ineligible
BPVGK,16,female,Tamil Nadu,10th,89.0,160000.0,999,999,1,0,0,1,1,1,73.6,Eligible
BPVGK,15,male,Rajasthan,10th,53.2,167000.0,999,999,1,1,62,1,1,1,59.28,Eligible
AZKMI,35,male,Assam,postdoc,85.7,446000.0,999,8,1,0,0,1,1,0,74.28,Borderline
ARG45,34,female,Andhra Pradesh,masters,61.5,736000.0,78,999,1,0,0,1,1,1,54.6,Eligible
BVOBC,18,male,Chhattisgarh,bachelors,48.8,289000.0,65,999,1,0,0,1,1,0,54.52,Ineligible
AZKMI,36,male,Assam,phd,72.2,129000.0,999,32,1,0,0,1,1,1,78.88,Ineligible
AZKMI,36,male,Tamil Nadu,postdoc,72.1,674000.0,999,21,0,0,0,1,1,1,63.84,Ineligible
BVOBC,20,male,Gujarat,bachelors,50.3,193000.0,2,999,1,0,0,1,1,1,70.12,Eligible
BPVGK,14,female,Chhattisgarh,10th,89.2,280000.0,999,999,1,0,0,1,1,1,68.68,Ineligible
ARG45,23,female,Mizoram,masters,54.8,792000.0,65,999,0,0,0,1,1,1,51.92,Ineligible
BVOBC,23,male,Mizoram,bachelors,94.6,278000.0,85,999,1,0,0,1,1,1,72.84,Ineligible
BVOBC,19,female,Sikkim,bachelors,57.1,364000.0,5,999,1,0,0,1,1,1,72.84,Ineligible
BPVGK,15,male,Tamil Nadu,10th,66.4,193000.0,999,999,1,0,0,1,1,1,59.56,Eligible
ARG45,24,male,Tripura,masters,85.3,88000.0,110,999,1,0,0,1,1,1,67.12,Eligible
BVOBC,18,female,Mizoram,bachelors,92.4,183000.0,250,999,1,1,59,1,1,1,79.96,Eligible
BPVGK,14,male,Odisha,10th,89.8,50000.0,999,999,1,0,0,1,1,1,68.92,Eligible
A023B,20,female,Maharashtra,bachelors,74.4,459000.0,65,999,1,0,0,0,1,1,64.76,Ineligible
A023B,18,male,Assam,masters,82.4,428000.0,85,999,0,0,0,1,1,1,62.96,Ineligible
BVOBC,20,male,Telangana,bachelors,45.6,131000.0,88,999,1,0,0,1,1,1,58.24,Ineligible
A023B,25,female,Karnataka,bachelors,72.5,722000.0,5,999,1,0,0,1,1,1,69.0,Ineligible
A023B,24,male,Jharkhand,masters,55.1,667000.0,2,999,1,0,0,1,1,1,57.04,Ineligible
A023B,20,male,Madhya Pradesh,masters,87.7,144000.0,6,999,1,0,0,1,1,1,85.08,Eligible
AZKMI,34,male,Sikkim,phd,57.2,449000.0,999,3,1,0,0,1,1,1,62.88,Eligible
A023B,25,male,Andhra Pradesh,masters,80.7,654000.0,140,999,1,0,0,0,1,1,50.28,Ineligible
ARG45,28,male,Meghalaya,masters,83.1,636000.0,59,999,1,0,0,1,1,1,58.24,Eligible
A023B,25,male,Telangana,bachelors,82.8,168000.0,85,999,1,0,0,1,1,1,73.12,Eligible
ARG45,31,female,Arunachal Pradesh,phd,70.2,205000.0,110,999,1,0,0,1,0,0,61.08,Borderline
AZKMI,30,female,Tripura,postdoc,54.0,157000.0,999,6,1,0,0,1,1,1,76.6,Ineligible
ARG45,30,male,Jharkhand,masters,85.5,747000.0,72,999,1,0,0,0,1,1,59.2,Ineligible
A023B,23,female,Meghalaya,bachelors,62.4,793000.0,6,999,1,0,0,1,1,1,64.96,Ineligible
BPVGK,15,male,Arunachal Pradesh,10th,83.8,201000.0,999,999,1,0,0,1,0,1,61.52,Borderline
BVOBC,19,female,Arunachal Pradesh,12th,58.7,233000.0,2,999,1,0,0,0,0,1,73.48,Borderline
AZKMI,36,male,Rajasthan,phd,59.6,552000.0,999,650,0,0,0,1,0,1,43.84,Ineligible
BPVGK,14,female,Mizoram,10th,73.3,349000.0,999,999,1,0,0,1,1,1,62.32,Ineligible
ARG45,23,male,Telangana,phd,95.0,339000.0,95,999,1,0,0,1,1,1,73.0,Eligible
BVOBC,19,female,Assam,bachelors,76.8,329000.0,140,999,1,0,0,1,1,1,63.72,Ineligible
AZKMI,28,female,Odisha,postdoc,81.4,107000.0,999,1,1,0,0,1,1,1,87.56,Eligible
BPVGK,15,female,Tripura,10th,83.5,287000.0,999,999,1,0,0,1,1,1,66.4,Ineligible
BPVGK,17,male,Gujarat,10th,88.7,151000.0,999,999,1,0,0,1,1,1,68.48,Eligible
BPVGK,14,female,Karnataka,10th,53.8,314000.0,999,999,1,0,0,1,1,1,54.52,Ineligible
AZKMI,36,male,Odisha,postdoc,92.8,982000.0,999,3,1,0,0,1,1,1,72.12,Ineligible
ARG45,36,male,Nagaland,masters,78.9,572000.0,72,999,1,0,0,1,1,1,61.56,Eligible
A023B,22,female,Kerala,bachelors,56.0,325000.0,65,999,0,0,0,0,0,1,62.4,Ineligible
A023B,23,female,Arunachal Pradesh,masters,88.1,149000.0,1,999,1,0,0,1,1,1,90.24,Eligible
A023B,19,female,Chhattisgarh,masters,90.6,621000.0,6,999,1,1,77,1,1,1,81.24,Ineligible
BVOBC,23,female,Andhra Pradesh,bachelors,50.7,294000.0,65,999,1,0,0,0,1,1,60.28,Ineligible
AZKMI,29,female,Mizoram,postdoc,84.4,731000.0,999,1,1,0,0,1,1,0,73.76,Ineligible
AZKMI,21,female,Nagaland,phd,59.1,390000.0,999,22,1,0,0,1,1,1,73.64,Eligible
BVOBC,20,male,Karnataka,12th,87.4,120000.0,95,999,1,0,0,1,1,1,74.96,Eligible
BVOBC,19,male,Telangana,bachelors,83.3,119000.0,59,999,1,0,0,1,1,1,73.32,Eligible
ARG45,35,male,Mizoram,masters,70.4,890000.0,6,999,1,0,0,1,1,1,63.16,Eligible
BVOBC,24,female,Chhattisgarh,bachelors,74.0,332000.0,2,999,1,0,0,1,0,1,79.6,Ineligible
BVOBC,17,female,Mizoram,bachelors,67.5,65000.0,72,999,1,0,0,1,0,1,72.0,Borderline
ARG45,34,male,Rajasthan,masters,69.8,701000.0,140,999,1,0,0,1,1,1,45.92,Eligible
ARG45,34,male,Sikkim,phd,84.2,560000.0,65,999,1,0,0,1,1,1,63.68,Eligible
BPVGK,16,female,Mizoram,10th,90.3,37000.0,999,999,1,1,59,1,1,1,79.12,Eligible
ARG45,27,male,Karnataka,phd,69.7,210000.0,250,999,1,0,0,1,1,1,55.88,Eligible
AZKMI,28,male,Jharkhand,postdoc,65.3,924000.0,999,37,1,0,0,1,1,1,61.12,Ineligible
AZKMI,35,female,Rajasthan,postdoc,66.2,744000.0,999,32,1,0,0,1,1,1,66.48,Ineligible
ARG45,22,female,Karnataka,masters,70.6,145000.0,250,999,1,0,0,1,1,1,66.24,Eligible
AZKMI,36,female,Tripura,postdoc,86.1,207000.0,999,1,1,0,0,1,1,1,84.44,Ineligible
AZKMI,24,male,Chhattisgarh,postdoc,57.9,679000.0,999,1,1,0,0,1,1,1,58.16,Ineligible
BVOBC,18,male,Gujarat,bachelors,88.1,126000.0,140,999,1,0,0,1,1,1,68.24,Eligible
AZKMI,35,male,Tamil Nadu,masters,81.4,139000.0,999,32,1,0,0,1,1,1,82.56,Eligible
BPVGK,17,male,Andhra Pradesh,10th,94.5,313000.0,999,999,1,0,0,1,0,1,65.8,Ineligible
ARG45,33,male,Rajasthan,phd,59.8,350000.0,6,999,1,1,68,1,1,1,73.92,Eligible
ARG45,31,male,Assam,phd,50.4,744000.0,2,999,1,0,0,1,1,1,55.16,Ineligible
BVOBC,18,female,Telangana,12th,47.2,83000.0,140,999,1,0,0,1,1,1,56.88,Ineligible
ARG45,22,male,Odisha,phd,67.2,596000.0,88,999,1,0,0,1,1,1,56.88,Eligible
BVOBC,18,male,Assam,12th,94.6,209000.0,110,999,1,1,74,1,1,1,70.84,Eligible
BPVGK,14,male,Mizoram,10th,74.1,242000.0,999,999,1,0,0,1,1,1,57.64,Eligible
A023B,24,male,Arunachal Pradesh,masters,83.6,415000.0,1,999,0,0,0,1,1,0,73.44,Ineligible
BPVGK,15,female,Mizoram,10th,68.9,206000.0,999,999,1,0,0,1,1,1,60.56,Eligible
ARG45,25,male,Jharkhand,phd,73.2,252000.0,1,999,1,0,0,1,1,1,74.28,Eligible
BVOBC,21,male,Madhya Pradesh,12th,47.5,184000.0,72,999,1,0,0,0,1,1,59.0,Ineligible
A023B,19,female,Arunachal Pradesh,bachelors,73.9,744000.0,85,999,1,1,77,1,1,1,64.56,Ineligible
BVOBC,20,female,Kerala,bachelors,88.3,184000.0,6,999,1,0,0,1,1,1,90.32,Eligible
A023B,20,female,Madhya Pradesh,bachelors,70.4,534000.0,5,999,1,1,46,1,1,0,78.16,Borderline
AZKMI,38,female,Telangana,postdoc,58.2,450000.0,999,6,0,0,0,1,1,1,68.28,Ineligible
BVOBC,18,female,Nagaland,12th,93.8,350000.0,140,999,1,0,0,1,1,1,70.52,Ineligible
AZKMI,24,female,Manipur,postdoc,82.9,214000.0,999,3,1,0,0,0,1,1,83.16,Ineligible
BPVGK,17,female,Meghalaya,10th,59.2,227000.0,999,999,1,0,0,1,1,1,56.68,Eligible
ARG45,35,female,Kerala,phd,74.3,86000.0,1,999,1,0,0,1,1,1,84.72,Eligible
BPVGK,14,male,Andhra Pradesh,10th,54.9,94000.0,999,999,1,0,0,1,1,1,54.96,Eligible
ARG45,36,male,Kerala,masters,71.2,626000.0,140,999,1,0,0,1,1,1,46.48,Eligible
BVOBC,21,female,Odisha,bachelors,91.7,210000.0,3,999,1,0,0,1,1,1,86.68,Eligible
BVOBC,17,female,Maharashtra,bachelors,62.6,131000.0,1,999,1,0,0,0,1,1,80.04,Ineligible
ARG45,32,male,Telangana,phd,64.5,353000.0,5,999,1,0,0,1,1,1,70.8,Eligible
ARG45,30,female,Nagaland,masters,94.9,389000.0,3,999,1,0,0,1,1,1,87.96,Eligible
A023B,20,male,Nagaland,bachelors,86.2,236000.0,250,999,1,0,0,1,1,1,62.48,Ineligible
BPVGK,17,female,Gujarat,10th,50.3,261000.0,999,999,1,0,0,1,0,1,53.12,Ineligible
BVOBC,21,male,Andhra Pradesh,12th,69.2,270000.0,88,999,1,0,0,1,1,1,62.68,Ineligible
AZKMI,32,female,Andhra Pradesh,masters,79.2,627000.0,999,4,1,0,0,1,1,1,71.68,Ineligible
AZKMI,29,male,Nagaland,postdoc,79.8,229000.0,999,14,1,0,0,1,1,1,76.92,Eligible
ARG45,36,male,Arunachal Pradesh,masters,91.2,538000.0,250,999,1,0,0,1,1,1,59.48,Eligible
ARG45,29,male,Tripura,phd,56.9,815000.0,250,999,1,0,0,1,1,1,40.76,Eligible
AZKMI,34,male,Chhattisgarh,masters,50.6,821000.0,999,2,1,0,0,1,1,1,55.24,Ineligible
ARG45,28,male,Madhya Pradesh,phd,60.6,623000.0,1,999,1,0,0,1,0,1,59.24,Borderline
BVOBC,22,female,Rajasthan,bachelors,68.0,242000.0,85,999,1,0,0,1,1,1,67.2,Eligible
BPVGK,15,female,Arunachal Pradesh,10th,55.6,332000.0,999,999,1,0,0,1,1,1,55.24,Ineligible
BVOBC,23,male,Assam,12th,60.9,114000.0,3,999,1,0,0,1,0,1,74.36,Borderline
BVOBC,18,male,Tamil Nadu,12th,46.1,113000.0,5,999,1,0,0,1,1,1,68.44,Ineligible
BVOBC,20,female,Manipur,12th,92.1,146000.0,78,999,1,0,0,1,1,1,81.84,Eligible
BVOBC,18,female,Chhattisgarh,bachelors,56.9,356000.0,85,999,1,0,0,1,1,1,62.76,Ineligible
BVOBC,19,male,Arunachal Pradesh,12th,58.0,295000.0,85,999,1,0,0,1,1,1,58.2,Ineligible
BVOBC,21,other,Assam,bachelors,59.3,259000.0,5,999,1,0,0,1,1,1,68.72,Ineligible
ARG45,27,female,Arunachal Pradesh,phd,71.0,844000.0,78,999,0,0,0,1,1,1,58.4,Ineligible
AZKMI,38,female,Mizoram,postdoc,68.9,460000.0,999,21,1,0,0,1,1,1,72.56,Ineligible
ARG45,29,male,Rajasthan,phd,81.7,805000.0,110,999,1,0,0,1,1,1,50.68,Eligible
BPVGK,17,male,Kerala,10th,45.8,226000.0,999,999,1,0,0,1,1,1,46.32,Ineligible
ARG45,25,male,Telangana,phd,52.9,885000.0,110,999,0,0,0,1,1,1,39.16,Ineligible
BVOBC,17,male,Sikkim,12th,57.1,67000.0,2,999,1,0,0,1,1,1,72.84,Eligible
BVOBC,22,female,Manipur,bachelors,46.6,141000.0,2,999,1,0,0,1,1,1,73.64,Ineligible
BPVGK,17,female,Rajasthan,10th,47.8,94000.0,999,999,1,0,0,1,1,1,57.12,Ineligible
BVOBC,22,male,Assam,bachelors,88.4,193000.0,2,999,1,0,0,1,1,1,85.36,Eligible
ARG45,23,male,Mizoram,phd,50.6,226000.0,85,999,1,0,0,1,1,1,55.24,Ineligible
BVOBC,21,male,Maharashtra,bachelors,80.3,325000.0,140,999,1,0,0,1,1,1,60.12,Ineligible
BVOBC,22,female,Karnataka,bachelors,69.6,270000.0,1,999,1,0,0,1,1,1,77.84,Ineligible
ARG45,22,male,Assam,phd,60.7,365000.0,65,999,1,0,0,1,1,1,59.28,Eligible
BPVGK,17,male,Manipur,10th,92.0,331000.0,999,999,1,0,0,1,1,1,64.8,Ineligible
AZKMI,26,male,Telangana,masters,57.2,236000.0,999,21,1,0,0,1,1,1,67.88,Eligible
ARG45,36,female,Assam,phd,83.6,719000.0,1,999,1,0,0,1,1,1,73.44,Eligible
A023B,20,male,Nagaland,masters,60.6,311000.0,3,999,1,0,0,1,1,1,69.24,Eligible
BVOBC,19,male,Odisha,bachelors,50.9,233000.0,85,999,1,0,0,1,1,1,55.36,Eligible
BPVGK,14,male,Nagaland,10th,91.3,88000.0,999,999,1,0,0,1,0,1,69.52,Borderline
ARG45,33,female,Arunachal Pradesh,masters,88.1,366000.0,85,999,1,0,0,1,1,1,75.24,Eligible
BPVGK,17,male,Sikkim,10th,45.1,192000.0,999,999,1,1,48,1,1,1,56.04,Ineligible
ARG45,23,male,Assam,phd,83.3,821000.0,85,999,1,1,60,1,1,0,63.32,Borderline
BVOBC,18,male,Mizoram,12th,45.5,201000.0,140,999,1,0,0,0,1,1,46.2,Ineligible
A023B,25,male,Tamil Nadu,bachelors,93.0,572000.0,250,999,1,0,0,1,1,1,60.2,Ineligible
A023B,21,other,Maharashtra,bachelors,63.1,585000.0,95,999,1,0,0,1,1,1,55.24,Eligible
BVOBC,23,female,Karnataka,12th,57.9,98000.0,85,999,1,0,0,0,1,1,68.16,Ineligible
BPVGK,17,male,Nagaland,10th,45.8,117000.0,999,999,1,0,0,1,0,1,51.32,Ineligible
ARG45,36,female,Meghalaya,phd,74.2,450000.0,140,999,1,0,0,1,1,1,57.68,Eligible
BPVGK,17,male,Karnataka,10th,82.4,231000.0,999,999,1,0,0,1,1,1,60.96,Eligible
ARG45,36,male,Tamil Nadu,masters,63.5,803000.0,72,999,1,0,0,1,1,0,50.4,Borderline
BVOBC,22,male,Sikkim,bachelors,87.9,385000.0,1,999,1,0,0,1,0,1,80.16,Ineligible
BVOBC,18,female,Odisha,12th,89.9,156000.0,59,999,1,0,0,1,1,1,80.96,Eligible
AZKMI,36,male,Jharkhand,postdoc,84.4,749000.0,999,22,1,0,0,1,1,1,68.76,Ineligible
ARG45,34,male,Kerala,masters,77.5,171000.0,72,999,1,0,0,1,1,1,71.0,Eligible
ARG45,25,female,Kerala,phd,88.8,769000.0,6,999,1,0,0,1,1,1,75.52,Eligible
BVOBC,24,male,Karnataka,12th,59.6,277000.0,140,999,1,0,0,1,1,0,51.84,Ineligible
A023B,22,male,Tripura,bachelors,97.8,394000.0,5,999,1,0,0,1,1,1,84.12,Eligible
AZKMI,29,male,Karnataka,masters,56.5,952000.0,999,6,1,0,0,1,1,1,57.6,Ineligible
ARG45,31,male,Telangana,masters,62.0,594000.0,2,999,1,0,0,1,1,1,64.8,Eligible
BVOBC,24,female,Sikkim,12th,95.4,165000.0,65,999,1,0,0,1,1,1,83.16,Eligible
BVOBC,22,male,Odisha,12th,61.3,361000.0,85,999,1,0,0,1,1,1,59.52,Ineligible
BPVGK,14,female,Tripura,10th,89.2,129000.0,999,999,1,0,0,1,1,1,73.68,Eligible
BPVGK,14,female,Madhya Pradesh,10th,92.9,274000.0,999,999,1,0,0,1,1,1,70.16,Ineligible
ARG45,31,male,Andhra Pradesh,masters,80.1,382000.0,1,999,0,0,0,1,1,1,77.04,Ineligible
AZKMI,29,male,Gujarat,phd,56.2,658000.0,999,1,0,0,0,1,1,1,57.48,Ineligible
ARG45,27,female,Andhra Pradesh,masters,78.4,319000.0,59,999,1,0,0,1,1,1,71.36,Eligible
AZKMI,37,female,Chhattisgarh,postdoc,72.7,117000.0,999,4,1,0,0,0,1,0,84.08,Ineligible
AZKMI,26,male,Odisha,postdoc,73.3,930000.0,999,4,1,0,0,1,0,1,64.32,Ineligible
ARG45,33,male,Chhattisgarh,phd,66.3,463000.0,2,999,1,0,0,1,1,1,66.52,Eligible
ARG45,27,other,Kerala,phd,87.3,329000.0,5,999,1,0,0,1,1,1,79.92,Eligible
BVOBC,23,male,Jharkhand,bachelors,62.8,234000.0,250,999,1,0,0,1,1,1,53.12,Eligible
ARG45,25,female,Karnataka,phd,94.5,205000.0,78,999,1,0,0,1,1,1,77.8,Eligible
AZKMI,34,male,Tamil Nadu,masters,58.1,268000.0,999,37,1,0,0,1,1,1,68.24,Eligible
ARG45,32,female,Nagaland,masters,73.8,152000.0,5,999,1,0,0,0,1,1,84.52,Ineligible
BPVGK,15,male,Arunachal Pradesh,10th,48.6,52000.0,999,999,1,0,0,1,1,1,52.44,Ineligible
A023B,22,male,Madhya Pradesh,masters,66.6,692000.0,250,999,1,0,0,1,1,1,44.64,Ineligible
ARG45,22,female,Assam,masters,77.6,314000.0,78,999,1,0,0,1,1,1,71.04,Eligible
AZKMI,33,male,Karnataka,phd,62.3,741000.0,999,3,1,0,0,1,1,1,59.92,Ineligible
BVOBC,19,female,Sikkim,bachelors,79.6,118000.0,110,999,1,0,0,1,1,1,69.84,Eligible
BVOBC,21,male,Tripura,bachelors,62.0,380000.0,2,999,1,0,0,1,1,1,69.8,Ineligible
A023B,24,male,Jharkhand,masters,90.4,779000.0,1,999,1,0,0,1,1,1,71.16,Ineligible
ARG45,35,male,Sikkim,masters,52.3,749000.0,95,999,0,0,0,1,1,1,45.92,Ineligible
A023B,25,male,Jharkhand,masters,87.1,457000.0,2,999,1,0,0,1,1,1,74.84,Eligible
A023B,21,male,Chhattisgarh,bachelors,85.7,475000.0,2,999,1,0,0,1,0,0,74.28,Borderline
BVOBC,23,male,Tripura,bachelors,88.4,391000.0,78,999,1,0,0,1,1,1,70.36,Ineligible
ARG45,23,female,Assam,masters,78.9,302000.0,85,999,1,0,0,1,1,1,71.56,Eligible
AZKMI,21,female,Odisha,masters,87.8,985000.0,999,22,1,0,0,1,1,1,75.12,Ineligible
A023B,20,male,Tamil Nadu,bachelors,90.9,426000.0,85,999,1,0,0,1,1,1,66.36,Eligible
ARG45,29,female,Karnataka,phd,66.3,466000.0,3,999,1,1,68,1,1,1,76.52,Eligible
BPVGK,17,male,Karnataka,10th,68.0,244000.0,999,999,1,0,0,1,1,1,55.2,Eligible
BVOBC,19,male,Odisha,12th,47.4,132000.0,3,999,1,0,0,1,1,0,68.96,Ineligible
ARG45,24,female,Gujarat,phd,74.9,546000.0,3,999,1,0,0,1,1,1,74.96,Eligible
AZKMI,26,male,Kerala,masters,64.3,415000.0,999,22,0,0,0,1,1,1,65.72,Ineligible
A023B,25,female,Assam,masters,56.5,782000.0,2,999,0,0,0,1,1,0,62.6,Ineligible
BVOBC,21,female,Odisha,12th,58.6,237000.0,2,999,1,0,0,1,1,1,73.44,Eligible
A023B,18,female,Odisha,masters,77.9,305000.0,1,999,1,1,66,1,1,1,86.16,Eligible
A023B,19,female,Gujarat,masters,97.6,253000.0,59,999,1,0,0,1,1,1,79.04,Eligible
BVOBC,19,female,Mizoram,12th,76.0,391000.0,59,999,1,0,0,1,1,1,70.4,Ineligible
BPVGK,14,female,Sikkim,10th,56.0,151000.0,999,999,1,0,0,0,1,1,60.4,Ineligible
BVOBC,24,female,Mizoram,12th,89.6,106000.0,95,999,1,0,0,1,1,1,80.84,Eligible
ARG45,31,male,Kerala,masters,76.4,307000.0,85,999,1,0,0,1,1,1,65.56,Eligible
ARG45,25,female,Manipur,phd,54.9,767000.0,140,999,1,0,0,1,1,1,44.96,Ineligible
ARG45,32,male,Manipur,masters,56.7,108000.0,59,999,1,0,0,1,1,1,62.68,Eligible
BVOBC,20,female,Kerala,12th,81.4,359000.0,1,999,1,0,0,1,1,1,82.56,Ineligible
ARG45,23,male,Jharkhand,masters,73.1,131000.0,1,999,0,0,0,1,1,1,79.24,Ineligible
BVOBC,24,male,Maharashtra,bachelors,83.4,113000.0,72,999,1,0,0,1,1,1,73.36,Eligible
A023B,20,male,Gujarat,masters,68.5,694000.0,65,999,1,0,0,1,1,1,52.4,Ineligible
BVOBC,22,female,Meghalaya,12th,64.6,222000.0,78,999,1,0,0,1,1,1,65.84,Eligible
A023B,23,male,Assam,masters,96.4,750000.0,2,999,1,0,0,1,1,1,73.56,Ineligible
AZKMI,21,male,Telangana,phd,63.4,147000.0,999,4,1,1,72,1,1,1,80.36,Eligible
A023B,22,female,Jharkhand,masters,77.5,116000.0,59,999,1,0,0,1,1,0,76.0,Borderline
AZKMI,26,male,Mizoram,phd,63.9,495000.0,999,22,1,0,0,1,0,1,65.56,Borderline
ARG45,24,female,Tamil Nadu,phd,79.2,216000.0,2,999,1,0,0,1,1,1,81.68,Eligible
ARG45,31,female,Jharkhand,phd,60.4,413000.0,72,999,1,0,0,1,1,1,59.16,Eligible
BPVGK,15,female,Nagaland,10th,89.8,254000.0,999,999,1,0,0,1,1,1,68.92,Ineligible
BPVGK,15,female,Nagaland,10th,85.5,337000.0,999,999,1,0,0,1,1,1,67.2,Ineligible
BVOBC,24,female,Sikkim,12th,71.9,218000.0,3,999,1,0,0,1,1,1,78.76,Eligible
BVOBC,20,male,Chhattisgarh,bachelors,60.2,206000.0,5,999,1,0,0,1,1,1,69.08,Eligible
BPVGK,15,female,Tripura,10th,71.1,200000.0,999,999,1,0,0,1,1,1,66.44,Eligible
ARG45,23,male,Chhattisgarh,phd,57.0,88000.0,1,999,1,0,0,1,1,1,72.8,Eligible
A023B,21,male,Gujarat,masters,72.2,582000.0,1,999,1,0,0,1,1,1,68.88,Eligible
ARG45,32,female,Madhya Pradesh,masters,61.7,358000.0,5,999,1,0,0,1,1,1,74.68,Eligible
A023B,23,male,Tripura,masters,70.2,191000.0,2,999,1,0,0,1,1,1,78.08,Eligible
BVOBC,20,male,Manipur,bachelors,50.1,278000.0,6,999,1,0,0,1,1,1,65.04,Ineligible
BVOBC,19,male,Mizoram,12th,61.3,185000.0,85,999,1,0,0,1,1,0,64.52,Borderline
ARG45,33,female,Kerala,phd,69.4,853000.0,88,999,1,0,0,0,1,1,57.76,Ineligible
ARG45,29,female,Arunachal Pradesh,phd,84.0,382000.0,140,999,1,0,0,1,1,1,66.6,Eligible
BVOBC,22,male,Andhra Pradesh,bachelors,70.0,58000.0,5,999,1,0,0,1,1,1,78.0,Eligible
ARG45,36,female,Sikkim,masters,56.1,277000.0,1,999,1,0,0,1,0,1,72.44,Borderline
AZKMI,23,male,Manipur,phd,51.1,310000.0,999,3,1,0,0,1,1,1,65.44,Ineligible
AZKMI,25,male,Jharkhand,postdoc,59.4,722000.0,999,21,1,0,0,1,1,1,58.76,Ineligible
BVOBC,19,female,Arunachal Pradesh,12th,86.2,382000.0,2,999,1,0,0,1,1,1,84.48,Ineligible
AZKMI,26,other,Nagaland,masters,67.8,505000.0,999,2,1,0,0,1,1,1,67.12,Eligible
AZKMI,24,male,Tripura,postdoc,73.9,759000.0,999,1,1,0,0,1,0,1,64.56,Ineligible
BVOBC,18,male,Andhra Pradesh,12th,67.5,111000.0,85,999,1,0,0,1,1,1,67.0,Eligible
A023B,20,male,Tamil Nadu,masters,58.1,195000.0,5,999,1,0,0,1,1,1,73.24,Eligible
ARG45,22,male,Tripura,phd,84.3,791000.0,1,999,1,0,0,1,1,1,68.72,Eligible
BVOBC,18,other,Meghalaya,bachelors,71.0,342000.0,3,999,1,1,68,1,1,0,78.4,Ineligible
A023B,20,female,Arunachal Pradesh,masters,60.0,671000.0,95,999,1,0,0,1,0,1,54.0,Ineligible
AZKMI,28,male,Arunachal Pradesh,phd,55.5,821000.0,999,1,1,0,0,1,1,1,57.2,Ineligible
BPVGK,17,female,Assam,10th,84.0,296000.0,999,999,1,0,0,1,1,1,66.6,Ineligible
AZKMI,37,female,Tamil Nadu,postdoc,53.7,684000.0,999,14,1,0,0,1,1,1,61.48,Ineligible
BVOBC,22,male,Odisha,12th,46.7,264000.0,2,999,1,0,0,1,1,0,63.68,Ineligible
BPVGK,17,male,Nagaland,10th,82.5,117000.0,999,999,1,0,0,1,0,1,66.0,Borderline
BPVGK,16,male,Odisha,10th,71.5,49000.0,999,999,1,0,0,1,1,1,61.6,Eligible
BVOBC,22,male,Rajasthan,12th,87.5,119000.0,78,999,1,0,0,0,1,1,75.0,Ineligible
A023B,23,male,Arunachal Pradesh,masters,91.8,722000.0,65,999,1,0,0,1,1,1,61.72,Ineligible
A023B,18,male,Arunachal Pradesh,masters,89.0,260000.0,6,999,1,0,0,1,1,1,80.6,Eligible
AZKMI,30,male,Telangana,masters,86.2,559000.0,999,3,1,0,0,1,1,1,74.48,Eligible
AZKMI,23,female,Sikkim,phd,79.3,961000.0,999,4,1,0,0,1,1,1,71.72,Ineligible
ARG45,26,male,Maharashtra,phd,64.3,711000.0,3,999,1,0,0,1,1,1,60.72,Eligible
A023B,21,female,Odisha,masters,86.9,533000.0,85,999,1,1,57,1,1,1,74.76,Eligible
ARG45,28,male,Andhra Pradesh,masters,67.8,535000.0,95,999,0,0,0,1,1,1,57.12,Ineligible
ARG45,28,male,Manipur,masters,84.7,237000.0,65,999,1,0,0,1,0,1,68.88,Borderline
AZKMI,29,female,Assam,masters,94.9,834000.0,999,1,1,0,0,0,1,1,77.96,Ineligible
ARG45,34,male,Telangana,phd,77.4,143000.0,6,999,1,0,0,1,1,1,80.96,Eligible
ARG45,25,male,Nagaland,masters,53.3,143000.0,110,999,1,0,0,1,1,1,54.32,Ineligible
BPVGK,17,female,Assam,10th,79.6,94000.0,999,999,1,0,0,1,1,1,69.84,Eligible
BVOBC,18,male,Meghalaya,bachelors,95.0,324000.0,59,999,1,0,0,1,1,1,73.0,Ineligible
AZKMI,27,male,Manipur,postdoc,84.6,135000.0,999,22,1,0,0,1,1,1,83.84,Eligible
BPVGK,15,female,Gujarat,10th,90.2,280000.0,999,999,1,0,0,1,1,1,69.08,Ineligible
AZKMI,38,male,Rajasthan,masters,77.3,195000.0,999,650,1,0,0,0,1,1,60.92,Ineligible
A023B,24,male,Meghalaya,bachelors,58.1,414000.0,2,999,1,0,0,1,1,1,63.24,Eligible
ARG45,24,female,Jharkhand,masters,56.9,150000.0,88,999,1,0,0,1,1,1,67.76,Eligible
AZKMI,25,male,Manipur,postdoc,71.5,460000.0,999,6,0,0,0,1,0,1,68.6,Ineligible
BVOBC,20,male,Odisha,12th,60.9,193000.0,85,999,1,0,0,1,1,1,64.36,Eligible
ARG45,25,male,Meghalaya,phd,62.2,200000.0,65,999,1,0,0,1,1,0,64.88,Borderline
ARG45,25,male,Jharkhand,phd,51.8,142000.0,88,999,1,0,0,1,1,1,60.72,Ineligible
ARG45,25,female,Chhattisgarh,masters,65.4,359000.0,250,999,1,0,0,1,1,1,59.16,Eligible
BPVGK,17,male,Tripura,10th,83.9,172000.0,999,999,1,0,0,1,1,0,66.56,Borderline
AZKMI,33,female,Tamil Nadu,postdoc,54.8,796000.0,999,4,1,0,0,1,1,1,61.92,Ineligible
ARG45,34,male,Kerala,phd,92.8,316000.0,78,999,1,0,0,1,1,1,72.12,Eligible
AZKMI,24,male,Chhattisgarh,phd,94.3,434000.0,999,3,1,0,0,1,1,1,77.72,Eligible
A023B,25,female,Rajasthan,bachelors,74.9,632000.0,1,999,1,1,56,1,1,1,74.96,Ineligible
AZKMI,37,male,Nagaland,phd,82.5,600000.0,999,2,1,0,0,1,1,1,73.0,Ineligible
BVOBC,22,male,Odisha,bachelors,81.5,194000.0,95,999,1,0,0,1,1,1,72.6,Eligible
BVOBC,22,male,Mizoram,12th,95.1,400000.0,59,999,1,0,0,0,1,1,73.04,Ineligible
BVOBC,21,female,Maharashtra,12th,84.9,154000.0,1,999,1,0,0,1,1,1,88.96,Eligible
A023B,22,female,Chhattisgarh,bachelors,93.8,738000.0,2,999,1,0,0,1,1,1,77.52,Ineligible
ARG45,36,female,Arunachal Pradesh,masters,65.6,662000.0,85,999,0,0,0,1,1,1,56.24,Ineligible
BVOBC,21,male,Meghalaya,12th,70.4,245000.0,250,999,1,0,0,1,1,1,56.16,Eligible
BPVGK,17,male,Maharashtra,10th,85.8,285000.0,999,999,1,0,0,1,1,1,62.32,Ineligible
ARG45,35,female,Tripura,masters,62.3,575000.0,3,999,1,0,0,1,1,1,69.92,Eligible
BPVGK,16,male,Arunachal Pradesh,10th,46.7,134000.0,999,999,1,0,0,1,1,1,51.68,Ineligible
ARG45,25,female,Karnataka,phd,73.1,257000.0,72,999,0,0,0,1,1,1,69.24,Ineligible
ARG45,23,female,Tamil Nadu,phd,77.9,809000.0,72,999,1,0,0,1,1,1,61.16,Eligible
BPVGK,15,male,Chhattisgarh,10th,53.1,209000.0,999,999,1,0,0,1,1,1,49.24,Eligible
BVOBC,20,female,Odisha,bachelors,73.0,217000.0,2,999,1,0,0,1,1,1,79.2,Eligible
A023B,20,male,Madhya Pradesh,masters,67.9,350000.0,6,999,1,0,0,1,1,1,72.16,Eligible
BVOBC,23,female,Rajasthan,bachelors,87.3,288000.0,72,999,1,0,0,1,1,1,74.92,Ineligible
AZKMI,31,female,Rajasthan,phd,52.6,690000.0,999,1,1,0,0,1,1,1,61.04,Ineligible
AZKMI,21,male,Kerala,masters,76.9,101000.0,999,4,1,0,0,1,1,1,80.76,Eligible
ARG45,26,male,Assam,masters,52.7,292000.0,78,999,1,0,0,1,1,1,56.08,Ineligible
ARG45,36,female,Karnataka,phd,73.2,253000.0,250,999,0,0,0,1,1,1,62.28,Ineligible
A023B,21,female,Meghalaya,masters,57.0,534000.0,2,999,1,0,0,1,1,1,67.8,Eligible
BVOBC,17,female,Maharashtra,bachelors,57.7,124000.0,95,999,1,0,0,1,1,1,68.08,Eligible
BPVGK,14,male,Arunachal Pradesh,10th,54.3,170000.0,999,999,1,0,0,1,1,1,54.72,Eligible
ARG45,35,male,Tripura,phd,76.4,351000.0,5,999,1,0,0,1,1,1,75.56,Eligible
ARG45,32,male,Gujarat,phd,94.7,717000.0,250,999,1,0,0,1,1,1,55.88,Eligible
AZKMI,31,male,Tripura,masters,53.6,573000.0,999,14,1,0,0,1,1,1,61.44,Ineligible
BVOBC,23,female,Gujarat,bachelors,81.0,214000.0,78,999,1,0,0,1,0,0,72.4,Borderline
BPVGK,17,male,Andhra Pradesh,10th,86.3,58000.0,999,999,1,0,0,1,1,1,67.52,Eligible
AZKMI,38,female,Mizoram,phd,64.0,381000.0,999,4,1,0,0,1,1,1,75.6,Ineligible
A023B,25,male,Madhya Pradesh,masters,55.9,431000.0,2,999,1,0,0,1,1,1,62.36,Eligible
ARG45,23,male,Madhya Pradesh,phd,81.8,649000.0,2,999,1,0,0,1,1,1,67.72,Eligible
BPVGK,15,female,Tripura,10th,45.6,146000.0,999,999,1,0,0,1,1,1,56.24,Ineligible
A023B,25,male,Manipur,masters,58.8,724000.0,1,999,1,0,0,1,1,1,58.52,Ineligible
BVOBC,23,female,Tamil Nadu,12th,77.1,217000.0,2,999,1,0,0,1,1,1,80.84,Eligible
BPVGK,17,female,Kerala,10th,55.8,228000.0,999,999,1,0,0,1,1,1,55.32,Eligible
BPVGK,17,female,Madhya Pradesh,10th,74.1,270000.0,999,999,1,0,0,1,1,0,62.64,Ineligible
AZKMI,38,male,Gujarat,phd,76.1,155000.0,999,21,0,0,0,1,1,1,80.44,Ineligible
BVOBC,20,male,Madhya Pradesh,12th,81.4,298000.0,5,999,1,0,0,1,1,1,77.56,Ineligible
ARG45,31,male,Arunachal Pradesh,masters,76.8,320000.0,95,999,1,1,40,1,1,1,70.72,Eligible
ARG45,23,female,Gujarat,masters,52.4,883000.0,2,999,1,0,0,1,1,1,60.96,Ineligible
BVOBC,23,male,Andhra Pradesh,12th,84.1,378000.0,1,999,1,0,0,1,0,1,78.64,Ineligible
A023B,20,male,Manipur,bachelors,67.1,590000.0,2,999,1,1,54,1,0,1,71.84,Borderline
A023B,25,male,Meghalaya,masters,69.3,454000.0,1,999,1,0,0,1,1,1,67.72,Eligible
A023B,20,female,Meghalaya,bachelors,88.0,235000.0,140,999,1,0,0,1,1,1,68.2,Ineligible
A023B,24,male,Mizoram,bachelors,88.1,110000.0,78,999,1,0,0,1,1,1,75.24,Eligible
AZKMI,28,female,Rajasthan,phd,70.4,815000.0,999,32,1,0,0,1,1,1,68.16,Ineligible
BPVGK,17,female,Telangana,10th,95.0,233000.0,999,999,1,0,0,1,1,1,71.0,Eligible
A023B,25,female,Assam,masters,71.0,434000.0,6,999,1,0,0,1,1,1,73.4,Eligible
BPVGK,15,female,Maharashtra,10th,61.7,262000.0,999,999,1,0,0,1,1,1,57.68,Ineligible
BVOBC,18,female,Odisha,bachelors,91.1,84000.0,6,999,1,1,61,1,1,1,96.44,Eligible
AZKMI,27,male,Jharkhand,postdoc,67.3,642000.0,999,37,1,0,0,1,1,1,61.92,Ineligible
BVOBC,23,male,Jharkhand,12th,91.2,145000.0,1,999,1,0,0,1,1,1,86.48,Eligible
AZKMI,30,male,Tamil Nadu,masters,78.1,245000.0,999,14,1,0,0,1,1,1,76.24,Eligible
BVOBC,17,male,Rajasthan,bachelors,61.0,66000.0,140,999,1,0,0,1,1,1,57.4,Eligible
ARG45,29,female,Kerala,phd,90.8,346000.0,1,999,0,0,0,1,1,0,86.32,Ineligible
AZKMI,38,male,Rajasthan,masters,92.5,551000.0,999,32,1,0,0,1,1,1,77.0,Ineligible
A023B,19,male,Odisha,bachelors,68.7,191000.0,65,999,1,0,0,1,1,1,67.48,Eligible
BVOBC,24,male,Chhattisgarh,12th,56.7,148000.0,1,999,1,0,0,1,0,1,72.68,Borderline
ARG45,22,male,Andhra Pradesh,masters,51.7,193000.0,1,999,1,0,0,1,1,1,70.68,Ineligible
BVOBC,23,male,Sikkim,bachelors,53.8,380000.0,2,999,1,0,0,1,1,1,66.52,Ineligible
ARG45,33,male,Manipur,masters,69.9,796000.0,78,999,1,0,0,1,1,1,52.96,Eligible
BVOBC,22,female,Meghalaya,12th,60.1,376000.0,2,999,1,0,0,1,1,1,74.04,Ineligible
ARG45,35,female,Kerala,masters,88.6,248000.0,78,999,1,0,0,1,1,1,75.44,Eligible
BVOBC,24,female,Gujarat,bachelors,69.9,94000.0,95,999,1,0,0,1,1,1,72.96,Eligible
BVOBC,20,male,Andhra Pradesh,bachelors,83.5,340000.0,5,999,1,0,0,1,1,1,78.4,Ineligible
ARG45,28,male,Nagaland,phd,88.8,465000.0,88,999,1,0,0,1,1,1,65.52,Eligible
BVOBC,18,male,Assam,12th,71.0,69000.0,110,999,1,0,0,1,1,1,61.4,Eligible
ARG45,26,female,Meghalaya,masters,60.0,708000.0,1,999,0,1,71,1,0,1,69.0,Ineligible
ARG45,31,male,Chhattisgarh,phd,84.2,710000.0,1,999,1,0,0,1,1,1,68.68,Eligible
A023B,25,male,Mizoram,bachelors,68.0,199000.0,2,999,1,0,0,1,1,1,77.2,Eligible
BVOBC,18,female,Telangana,12th,81.9,274000.0,59,999,1,0,0,1,1,1,72.76,Ineligible
AZKMI,22,female,Telangana,postdoc,51.9,125000.0,999,21,1,0,0,1,1,1,75.76,Ineligible
BPVGK,14,male,Manipur,10th,81.7,229000.0,999,999,1,0,0,1,1,1,60.68,Eligible
A023B,24,male,Arunachal Pradesh,masters,60.7,235000.0,1,999,1,0,0,1,1,1,69.28,Eligible
BPVGK,15,male,Jharkhand,10th,82.4,177000.0,999,999,1,0,0,1,1,1,65.96,Eligible
BPVGK,14,female,Tamil Nadu,10th,80.9,74000.0,999,999,1,0,0,1,1,1,70.36,Eligible
BVOBC,19,female,Arunachal Pradesh,bachelors,78.0,189000.0,78,999,1,0,0,1,1,1,76.2,Eligible
ARG45,32,male,Kerala,phd,56.8,705000.0,110,999,1,0,0,1,0,1,40.72,Borderline
A023B,24,female,Chhattisgarh,masters,85.5,410000.0,2,999,1,0,0,1,1,1,79.2,Eligible
ARG45,35,male,Madhya Pradesh,masters,54.1,513000.0,88,999,1,0,0,1,1,1,51.64,Ineligible
BVOBC,23,male,Arunachal Pradesh,bachelors,45.8,341000.0,2,999,1,0,0,1,1,1,63.32,Ineligible
AZKMI,35,male,Manipur,postdoc,68.3,914000.0,999,3,0,0,0,1,1,1,62.32,Ineligible
ARG45,30,male,Jharkhand,masters,76.6,551000.0,140,999,1,1,60,1,1,1,58.64,Eligible
BVOBC,21,female,Jharkhand,bachelors,45.4,139000.0,6,999,1,0,0,1,1,1,73.16,Ineligible
BPVGK,17,female,Meghalaya,10th,53.7,163000.0,999,999,1,0,0,1,1,0,59.48,Borderline
A023B,22,female,Tamil Nadu,masters,85.2,431000.0,65,999,1,0,0,1,1,1,69.08,Eligible
ARG45,23,female,Kerala,phd,75.1,209000.0,2,999,1,0,0,1,1,1,80.04,Eligible
A023B,19,male,Gujarat,masters,82.8,378000.0,2,999,1,0,0,1,1,1,78.12,Eligible
BVOBC,24,male,Telangana,bachelors,84.0,246000.0,2,999,1,0,0,1,1,1,78.6,Eligible
AZKMI,35,male,Kerala,masters,62.6,332000.0,999,4,1,0,0,1,1,1,70.04,Eligible
BVOBC,22,female,Telangana,bachelors,82.4,381000.0,5,999,1,0,0,1,1,1,82.96,Ineligible
BPVGK,15,male,Tripura,10th,93.8,174000.0,999,999,1,0,0,1,0,1,70.52,Borderline
BVOBC,22,female,Telangana,bachelors,90.1,179000.0,5,999,1,0,0,1,1,1,91.04,Eligible
AZKMI,34,female,Kerala,masters,86.3,875000.0,999,1,1,0,0,1,1,0,74.52,Ineligible
BVOBC,24,female,Maharashtra,12th,51.8,258000.0,1,999,1,0,0,1,1,1,70.72,Ineligible
BVOBC,21,female,Andhra Pradesh,bachelors,79.5,341000.0,2,999,1,0,0,1,1,1,81.8,Ineligible
ARG45,35,male,Arunachal Pradesh,masters,76.4,579000.0,65,999,1,0,0,1,1,1,60.56,Eligible
A023B,20,male,Andhra Pradesh,bachelors,87.7,573000.0,5,999,1,0,0,1,1,1,75.08,Eligible
AZKMI,25,female,Kerala,phd,84.7,511000.0,999,6,1,1,62,1,1,1,83.88,Eligible
A023B,19,male,Arunachal Pradesh,bachelors,91.5,98000.0,6,999,1,0,0,1,1,1,86.6,Eligible
A023B,18,female,Gujarat,bachelors,74.6,474000.0,6,999,1,0,0,1,1,1,74.84,Eligible
ARG45,30,female,Chhattisgarh,phd,58.6,600000.0,78,999,1,0,0,0,1,1,58.44,Ineligible
AZKMI,30,female,Rajasthan,postdoc,87.0,705000.0,999,37,1,0,0,1,1,1,74.8,Ineligible
BPVGK,15,female,Telangana,10th,94.7,188000.0,999,999,1,1,76,1,1,1,80.88,Eligible
BPVGK,17,female,Meghalaya,10th,87.2,275000.0,999,999,1,0,0,1,1,1,67.88,Ineligible
AZKMI,24,male,Gujarat,masters,75.1,350000.0,999,32,1,0,0,1,0,0,75.04,Borderline
BVOBC,23,male,Mizoram,bachelors,61.3,351000.0,250,999,1,0,0,1,1,1,52.52,Ineligible
ARG45,31,male,Manipur,masters,82.8,668000.0,110,999,1,0,0,1,1,1,51.12,Eligible
BPVGK,17,female,Mizoram,10th,62.4,41000.0,999,999,1,0,0,1,1,1,62.96,Eligible
BVOBC,18,male,Manipur,12th,51.2,387000.0,2,999,1,0,0,1,1,1,65.48,Ineligible
AZKMI,26,female,Kerala,phd,66.2,582000.0,999,8,1,0,0,1,1,1,71.48,Eligible
A023B,23,male,Assam,masters,68.3,116000.0,2,999,0,0,0,1,1,1,77.32,Ineligible
BPVGK,17,female,Meghalaya,10th,49.8,245000.0,999,999,1,0,0,1,1,1,52.92,Ineligible
ARG45,28,male,Jharkhand,masters,50.8,454000.0,6,999,1,0,0,1,1,1,60.32,Ineligible
BPVGK,15,female,Jharkhand,10th,61.5,232000.0,999,999,1,0,0,1,1,1,57.6,Eligible
A023B,25,male,Tamil Nadu,bachelors,55.7,197000.0,65,999,1,0,0,1,1,1,62.28,Eligible
BVOBC,21,female,Maharashtra,bachelors,46.3,286000.0,1,999,1,0,0,1,1,1,68.52,Ineligible
BVOBC,19,male,Rajasthan,12th,70.4,129000.0,1,999,1,0,0,1,1,1,78.16,Eligible
A023B,22,male,Rajasthan,bachelors,94.0,585000.0,5,999,1,0,0,1,1,1,77.6,Eligible
A023B,21,female,Karnataka,bachelors,82.1,300000.0,2,999,1,0,0,1,1,1,82.84,Eligible
A023B,19,male,Gujarat,masters,69.5,578000.0,85,999,1,0,0,1,1,1,57.8,Eligible
ARG45,24,male,Maharashtra,phd,54.7,125000.0,5,999,0,0,0,1,1,1,71.88,Ineligible
A023B,19,male,Tamil Nadu,bachelors,71.3,107000.0,250,999,1,0,0,1,1,1,61.52,Ineligible
ARG45,22,male,Nagaland,phd,52.7,291000.0,59,999,1,0,0,1,1,1,56.08,Ineligible
AZKMI,38,female,Arunachal Pradesh,masters,72.6,990000.0,999,3,1,0,0,1,1,0,69.04,Ineligible
ARG45,31,female,Rajasthan,phd,72.4,76000.0,78,999,1,0,0,1,1,1,73.96,Eligible
ARG45,31,female,Nagaland,phd,56.6,747000.0,6,999,1,0,0,1,1,1,62.64,Eligible
AZKMI,27,other,Meghalaya,masters,71.4,135000.0,999,1,0,0,0,1,1,1,78.56,Ineligible
A023B,22,female,Kerala,bachelors,90.2,664000.0,3,999,1,0,0,0,1,1,76.08,Ineligible
BVOBC,19,male,Karnataka,12th,89.0,171000.0,140,999,1,0,0,1,1,1,68.6,Eligible
BVOBC,20,male,Odisha,bachelors,52.3,153000.0,5,999,1,0,0,1,1,1,70.92,Eligible
BPVGK,16,male,Tamil Nadu,10th,47.2,274000.0,999,999,1,0,0,1,1,1,46.88,Ineligible
AZKMI,29,male,Nagaland,masters,64.7,471000.0,999,2,0,0,0,1,1,0,65.88,Ineligible
BVOBC,20,male,Kerala,12th,54.2,318000.0,140,999,1,0,0,1,1,1,49.68,Ineligible
ARG45,23,male,Meghalaya,phd,67.8,491000.0,1,999,1,0,0,1,1,1,67.12,Eligible
A023B,21,male,Andhra Pradesh,bachelors,56.2,589000.0,5,999,0,0,0,1,1,1,62.48,Ineligible
A023B,23,female,Tamil Nadu,masters,68.0,792000.0,2,999,1,0,0,1,1,1,67.2,Ineligible
BPVGK,15,male,Assam,10th,45.1,59000.0,999,999,1,0,0,1,1,1,51.04,Ineligible
BVOBC,21,female,Odisha,bachelors,66.7,128000.0,1,999,1,0,0,1,1,1,81.68,Eligible
BPVGK,15,female,Rajasthan,10th,53.9,212000.0,999,999,1,0,0,1,1,1,54.56,Eligible
BPVGK,15,male,Maharashtra,10th,89.3,339000.0,999,999,1,0,0,1,1,1,63.72,Ineligible
A023B,22,female,Meghalaya,masters,67.3,470000.0,2,999,1,0,0,1,1,1,71.92,Eligible
BVOBC,21,female,Rajasthan,12th,48.4,180000.0,1,999,1,0,0,1,1,1,74.36,Ineligible
A023B,23,male,Odisha,bachelors,96.5,760000.0,250,999,1,0,0,0,1,1,56.6,Ineligible
A023B,20,male,Odisha,bachelors,91.5,284000.0,2,999,1,0,0,1,1,1,81.6,Eligible
BPVGK,14,male,Mizoram,10th,71.8,91000.0,999,999,1,0,0,1,1,1,61.72,Eligible
BVOBC,24,female,Chhattisgarh,12th,55.9,353000.0,78,999,1,0,0,1,0,1,62.36,Ineligible
ARG45,23,female,Nagaland,masters,81.1,128000.0,250,999,1,1,54,1,1,1,75.44,Eligible
ARG45,29,male,Karnataka,phd,65.1,673000.0,1,999,1,0,0,1,1,1,61.04,Eligible
BVOBC,22,male,Sikkim,bachelors,50.2,308000.0,85,999,1,0,0,1,1,1,55.08,Ineligible
A023B,20,female,Madhya Pradesh,masters,89.2,573000.0,1,999,1,0,0,1,1,1,80.68,Eligible
A023B,19,male,Meghalaya,bachelors,85.0,762000.0,2,999,1,0,0,0,1,1,69.0,Ineligible
A023B,20,male,Odisha,masters,69.0,497000.0,2,999,1,0,0,0,1,0,67.6,Borderline
BVOBC,22,male,Sikkim,bachelors,46.6,218000.0,78,999,1,0,0,1,0,1,53.64,Ineligible
ARG45,23,female,Mizoram,masters,67.2,481000.0,72,999,1,0,0,1,1,1,61.88,Eligible
BVOBC,20,male,Meghalaya,bachelors,89.6,362000.0,1,999,1,0,0,1,1,1,80.84,Ineligible
A023B,18,female,Tamil Nadu,masters,62.1,457000.0,65,999,0,0,0,1,1,1,59.84,Ineligible
ARG45,33,male,Arunachal Pradesh,masters,82.7,633000.0,78,999,1,0,0,1,1,1,58.08,Eligible
BPVGK,16,female,Assam,10th,87.3,52000.0,999,999,1,0,0,1,1,1,72.92,Eligible
AZKMI,37,male,Madhya Pradesh,masters,73.0,117000.0,999,1,1,0,0,1,1,1,79.2,Ineligible
A023B,21,male,Mizoram,masters,64.8,367000.0,110,999,1,0,0,1,1,1,53.92,Ineligible
A023B,23,male,Andhra Pradesh,masters,92.9,255000.0,1,999,1,0,0,1,1,1,82.16,Eligible
ARG45,31,male,Maharashtra,phd,53.3,574000.0,250,999,1,0,0,1,1,1,44.32,Ineligible
AZKMI,27,female,Rajasthan,postdoc,90.6,519000.0,999,3,1,0,0,1,1,1,81.24,Eligible
A023B,21,female,Arunachal Pradesh,bachelors,55.5,790000.0,2,999,1,0,0,1,1,1,62.2,Ineligible
AZKMI,21,female,Meghalaya,postdoc,75.0,477000.0,999,2,1,0,0,1,1,1,75.0,Eligible
A023B,25,male,Gujarat,bachelors,69.0,305000.0,3,999,1,0,0,0,1,1,72.6,Ineligible
A023B,21,female,Kerala,bachelors,94.8,614000.0,1,999,1,0,0,1,1,1,77.92,Ineligible
BPVGK,17,male,Rajasthan,10th,74.4,302000.0,999,999,1,0,0,1,1,1,57.76,Ineligible
BVOBC,24,male,Odisha,12th,48.4,342000.0,85,999,1,0,0,1,1,1,54.36,Ineligible
AZKMI,34,male,Telangana,phd,63.5,783000.0,999,37,1,0,0,1,0,1,60.4,Ineligible
BPVGK,14,female,Sikkim,10th,52.3,304000.0,999,999,1,0,0,1,1,1,53.92,Ineligible
BVOBC,24,male,Karnataka,12th,86.5,181000.0,88,999,1,0,0,1,1,1,74.6,Eligible
BPVGK,16,female,Chhattisgarh,10th,80.1,260000.0,999,999,1,0,0,1,1,1,65.04,Ineligible
AZKMI,34,female,Telangana,masters,71.8,471000.0,999,1,0,0,0,1,1,1,73.72,Ineligible
A023B,20,male,Tamil Nadu,bachelors,76.2,371000.0,6,999,1,0,0,1,1,1,75.48,Eligible
A023B,25,female,Tripura,bachelors,85.4,539000.0,2,999,1,0,0,1,1,1,79.16,Eligible
A023B,19,female,Karnataka,bachelors,85.6,603000.0,250,999,1,0,0,0,1,1,57.24,Ineligible
BVOBC,22,male,Nagaland,bachelors,53.8,112000.0,140,999,1,0,0,0,1,1,54.52,Ineligible
A023B,25,male,Andhra Pradesh,bachelors,93.1,432000.0,2,999,1,0,0,1,1,1,77.24,Eligible
A023B,22,male,Chhattisgarh,masters,88.4,772000.0,140,999,1,0,0,1,1,1,53.36,Ineligible
BPVGK,14,male,Odisha,10th,59.5,285000.0,999,999,1,0,0,1,1,1,51.8,Ineligible
AZKMI,27,male,Andhra Pradesh,masters,86.2,176000.0,999,14,1,0,0,1,1,1,84.48,Eligible
ARG45,31,male,Odisha,masters,83.5,373000.0,1,999,1,0,0,1,1,1,78.4,Eligible
ARG45,33,male,Gujarat,masters,62.0,337000.0,85,999,1,0,0,1,1,1,59.8,Eligible
A023B,19,male,Arunachal Pradesh,bachelors,69.2,592000.0,72,999,1,0,0,1,0,1,57.68,Borderline
BVOBC,17,male,Andhra Pradesh,12th,86.1,257000.0,140,999,1,0,0,1,1,1,62.44,Ineligible
AZKMI,32,male,Meghalaya,phd,54.5,990000.0,999,6,1,0,0,1,0,1,56.8,Ineligible
BVOBC,19,female,Arunachal Pradesh,12th,62.3,329000.0,95,999,1,0,0,1,1,1,64.92,Ineligible
ARG45,28,male,Sikkim,phd,79.6,261000.0,3,999,1,0,0,1,1,1,76.84,Eligible
BVOBC,20,male,Assam,12th,54.7,154000.0,2,999,1,0,0,1,1,1,71.88,Eligible
BPVGK,16,female,Manipur,10th,71.5,186000.0,999,999,1,0,0,1,1,1,66.6,Eligible
BVOBC,22,female,Rajasthan,bachelors,88.3,274000.0,250,999,1,0,0,1,0,1,68.32,Ineligible
ARG45,27,female,Mizoram,phd,62.1,465000.0,140,999,0,0,0,1,1,1,52.84,Ineligible
BVOBC,20,male,Meghalaya,bachelors,82.2,192000.0,78,999,1,0,0,1,1,1,72.88,Eligible
BVOBC,18,male,Sikkim,12th,80.7,154000.0,1,999,1,0,0,1,1,0,82.28,Borderline
ARG45,34,female,Gujarat,masters,62.0,148000.0,1,999,1,0,0,1,1,1,79.8,Eligible
ARG45,22,male,Kerala,phd,70.0,857000.0,88,999,1,0,0,1,1,1,53.0,Eligible
BVOBC,23,female,Maharashtra,12th,52.1,118000.0,6,999,1,0,0,1,1,1,75.84,Eligible
BVOBC,20,female,Manipur,12th,92.0,123000.0,1,999,1,0,0,1,1,1,91.8,Eligible
BVOBC,24,female,Tamil Nadu,bachelors,69.5,323000.0,140,999,1,0,0,1,1,1,60.8,Ineligible
ARG45,34,male,Madhya Pradesh,phd,50.8,650000.0,2,999,1,0,0,1,1,1,55.32,Ineligible
BVOBC,17,female,Karnataka,bachelors,79.3,94000.0,6,999,1,0,0,1,1,1,86.72,Eligible
ARG45,27,female,Tripura,phd,79.2,201000.0,65,999,0,1,64,1,1,1,76.68,Ineligible
AZKMI,38,male,Manipur,postdoc,73.7,562000.0,999,1,1,0,0,1,1,1,69.48,Ineligible
AZKMI,29,male,Meghalaya,phd,76.7,937000.0,999,6,1,1,41,1,1,1,70.68,Ineligible
AZKMI,24,female,Arunachal Pradesh,phd,75.2,386000.0,999,14,1,0,0,1,1,1,80.08,Eligible
ARG45,25,male,Jharkhand,phd,82.9,758000.0,95,999,1,0,0,1,1,1,58.16,Eligible
BPVGK,14,male,Andhra Pradesh,10th,70.2,133000.0,999,999,1,0,0,1,1,1,61.08,Eligible
BPVGK,16,male,Gujarat,10th,81.0,216000.0,999,999,1,0,0,1,1,1,60.4,Eligible
AZKMI,33,male,Assam,phd,73.1,143000.0,999,37,1,0,0,1,1,1,79.24,Eligible
A023B,22,female,Sikkim,masters,93.2,276000.0,2,999,1,0,0,1,1,1,87.28,Eligible
BPVGK,16,male,Andhra Pradesh,10th,69.4,301000.0,999,999,1,0,0,1,1,1,55.76,Ineligible
ARG45,32,male,Karnataka,phd,74.4,481000.0,95,999,1,0,0,1,1,1,59.76,Eligible
BPVGK,17,female,Kerala,10th,93.8,263000.0,999,999,1,0,0,1,1,1,70.52,Ineligible
BVOBC,24,female,Chhattisgarh,bachelors,60.5,329000.0,95,999,1,0,0,1,0,1,64.2,Ineligible
ARG45,36,female,Madhya Pradesh,masters,82.7,748000.0,2,999,1,0,0,1,1,1,73.08,Eligible
AZKMI,34,female,Assam,postdoc,53.6,797000.0,999,6,1,0,0,1,1,1,61.44,Ineligible
A023B,22,female,Gujarat,bachelors,75.2,648000.0,2,999,1,0,0,1,1,1,70.08,Ineligible
AZKMI,29,male,Karnataka,phd,90.1,812000.0,999,650,1,0,0,1,1,1,51.04,Ineligible
BVOBC,17,male,Maharashtra,bachelors,51.5,74000.0,88,999,1,0,0,0,1,0,60.6,Borderline
A023B,21,female,Jharkhand,bachelors,55.5,214000.0,72,999,1,0,0,1,1,1,62.2,Eligible
BVOBC,17,female,Tamil Nadu,12th,70.2,258000.0,85,999,1,0,0,1,1,1,68.08,Ineligible
BVOBC,22,female,Maharashtra,12th,51.1,51000.0,3,999,1,0,0,1,1,1,75.44,Eligible
ARG45,23,female,Chhattisgarh,masters,83.3,760000.0,1,999,1,0,0,1,1,1,73.32,Eligible
BPVGK,17,female,Madhya Pradesh,10th,75.0,302000.0,999,999,1,0,0,1,1,1,63.0,Ineligible
BPVGK,15,female,Kerala,10th,95.0,290000.0,999,999,1,0,0,1,1,1,71.0,Ineligible
AZKMI,29,female,Karnataka,postdoc,83.2,575000.0,999,21,1,0,0,1,0,1,78.28,Borderline
ARG45,31,male,Mizoram,masters,80.1,675000.0,2,999,1,0,0,1,1,1,67.04,Eligible
BPVGK,17,female,Rajasthan,10th,76.2,332000.0,999,999,1,0,0,1,1,1,63.48,Ineligible
BVOBC,23,male,Jharkhand,bachelors,89.2,213000.0,1,999,1,0,0,1,1,1,80.68,Eligible
A023B,24,female,Tripura,bachelors,97.8,273000.0,1,999,1,0,0,1,1,1,89.12,Eligible
AZKMI,28,female,Odisha,postdoc,88.0,442000.0,999,650,1,0,0,1,1,1,60.2,Ineligible
BVOBC,23,male,Andhra Pradesh,12th,84.5,373000.0,72,999,1,0,0,1,1,1,68.8,Ineligible
BVOBC,18,female,Rajasthan,bachelors,79.2,155000.0,95,999,1,0,0,0,1,1,76.68,Ineligible
AZKMI,30,male,Odisha,masters,80.1,341000.0,999,6,1,0,0,1,1,1,77.04,Eligible
BVOBC,22,male,Telangana,12th,93.5,147000.0,72,999,1,0,0,1,1,1,77.4,Eligible
BVOBC,23,male,Arunachal Pradesh,12th,62.1,389000.0,95,999,1,0,0,1,1,1,59.84,Ineligible
ARG45,26,male,Telangana,masters,65.0,676000.0,5,999,1,0,0,1,1,1,61.0,Eligible
AZKMI,31,male,Nagaland,masters,55.1,965000.0,999,22,1,0,0,1,1,1,57.04,Ineligible
BVOBC,24,male,Nagaland,12th,63.2,265000.0,3,999,1,0,0,1,1,1,70.28,Ineligible
BPVGK,15,female,Maharashtra,10th,46.0,329000.0,999,999,1,0,0,1,1,1,51.4,Ineligible
BVOBC,23,male,Meghalaya,12th,48.2,360000.0,59,999,1,0,0,1,1,1,54.28,Ineligible
A023B,18,male,Jharkhand,bachelors,76.1,737000.0,65,999,1,0,0,1,1,1,55.44,Ineligible
A023B,23,female,Assam,masters,80.7,576000.0,85,999,1,0,0,1,1,1,67.28,Eligible
A023B,21,female,Nagaland,bachelors,74.2,458000.0,95,999,1,0,0,1,1,1,64.68,Eligible
BPVGK,15,male,Arunachal Pradesh,10th,70.5,130000.0,999,999,1,0,0,1,1,1,61.2,Eligible
BPVGK,15,female,Nagaland,10th,66.9,185000.0,999,999,1,0,0,1,1,1,64.76,Eligible
A023B,20,female,Tripura,bachelors,88.0,202000.0,250,999,1,0,0,1,1,1,68.2,Ineligible
ARG45,28,male,Maharashtra,masters,71.6,130000.0,110,999,1,0,0,1,1,1,61.64,Eligible
BVOBC,20,female,Odisha,bachelors,70.1,192000.0,65,999,1,0,0,1,1,1,73.04,Eligible
A023B,20,male,Madhya Pradesh,bachelors,72.4,93000.0,1,999,1,0,0,1,0,1,78.96,Borderline
BVOBC,20,female,Manipur,bachelors,66.5,151000.0,65,999,1,0,0,1,1,1,71.6,Eligible
ARG45,28,male,Manipur,phd,94.9,664000.0,5,999,1,0,0,1,1,1,72.96,Eligible
ARG45,24,female,Mizoram,masters,71.1,765000.0,1,999,1,0,0,1,1,0,68.44,Borderline
BVOBC,19,female,Manipur,bachelors,60.6,94000.0,140,999,1,0,0,1,1,1,62.24,Eligible
BPVGK,15,female,Assam,10th,68.3,178000.0,999,999,1,0,0,1,1,1,65.32,Eligible
BVOBC,23,female,Sikkim,bachelors,61.9,135000.0,1,999,1,1,45,1,1,1,84.76,Eligible
ARG45,25,male,Rajasthan,phd,76.6,772000.0,1,999,1,0,0,1,1,1,65.64,Eligible
BPVGK,16,female,Rajasthan,10th,71.9,56000.0,999,999,1,0,0,1,1,1,66.76,Eligible
ARG45,33,male,Odisha,masters,68.7,362000.0,5,999,1,0,0,1,1,1,72.48,Eligible
A023B,21,male,Mizoram,masters,62.2,658000.0,1,999,1,0,0,1,0,1,59.88,Ineligible
BPVGK,16,female,Arunachal Pradesh,10th,91.5,68000.0,999,999,1,0,0,1,0,1,74.6,Borderline
AZKMI,22,male,Andhra Pradesh,postdoc,50.4,119000.0,999,3,1,0,0,1,1,1,70.16,Ineligible
BPVGK,17,male,Jharkhand,10th,91.6,222000.0,999,999,1,0,0,1,1,1,64.64,Eligible
ARG45,35,male,Chhattisgarh,phd,94.7,370000.0,95,999,1,0,0,1,1,1,72.88,Eligible
ARG45,31,male,Manipur,masters,64.3,201000.0,1,999,1,0,0,1,1,1,70.72,Eligible
AZKMI,31,female,Nagaland,phd,76.4,112000.0,999,8,1,0,0,1,1,1,85.56,Eligible
A023B,20,male,Rajasthan,masters,60.2,413000.0,95,999,1,0,0,1,1,1,54.08,Eligible
BVOBC,20,male,Gujarat,12th,48.3,82000.0,6,999,1,0,0,1,1,0,69.32,Ineligible
ARG45,33,female,Karnataka,masters,71.9,105000.0,59,999,1,0,0,1,1,1,73.76,Eligible
ARG45,23,male,Tamil Nadu,masters,78.8,412000.0,85,999,1,0,0,1,1,1,61.52,Eligible
ARG45,29,female,Chhattisgarh,masters,53.0,452000.0,65,999,1,0,0,1,1,1,56.2,Ineligible
BVOBC,17,male,Andhra Pradesh,bachelors,88.9,389000.0,1,999,1,0,0,1,1,1,80.56,Ineligible
AZKMI,36,female,Madhya Pradesh,postdoc,69.9,211000.0,999,22,1,0,0,1,1,1,77.96,Ineligible
A023B,18,male,Chhattisgarh,bachelors,88.6,732000.0,59,999,1,0,0,1,0,1,60.44,Ineligible
BPVGK,15,male,Andhra Pradesh,10th,80.3,232000.0,999,999,1,0,0,1,0,1,60.12,Borderline
AZKMI,37,male,Manipur,masters,59.4,506000.0,999,21,1,0,0,1,1,1,63.76,Ineligible
AZKMI,35,male,Sikkim,phd,55.3,832000.0,999,21,1,0,0,1,1,1,57.12,Ineligible
A023B,19,male,Arunachal Pradesh,bachelors,88.7,572000.0,250,999,1,0,0,1,1,1,58.48,Ineligible
ARG45,29,female,Telangana,phd,61.4,231000.0,250,999,1,0,0,1,1,1,57.56,Eligible
BPVGK,17,male,Madhya Pradesh,10th,58.8,164000.0,999,999,1,0,0,1,1,0,56.52,Borderline
BVOBC,17,male,Maharashtra,12th,49.9,195000.0,85,999,1,0,0,1,1,1,59.96,Ineligible
AZKMI,26,male,Tripura,phd,59.3,372000.0,999,14,1,0,0,1,1,1,68.72,Eligible
A023B,24,male,Gujarat,masters,75.7,700000.0,2,999,1,0,0,1,1,1,65.28,Ineligible
ARG45,31,male,Chhattisgarh,phd,93.1,119000.0,88,999,1,0,0,1,1,1,77.24,Eligible
AZKMI,37,female,Kerala,postdoc,60.1,837000.0,999,4,1,0,0,1,1,1,64.04,Ineligible
AZKMI,32,male,Telangana,postdoc,72.1,947000.0,999,8,1,0,0,1,1,1,63.84,Ineligible
BVOBC,17,female,Tamil Nadu,bachelors,63.4,92000.0,1,999,1,0,0,1,1,1,80.36,Eligible
AZKMI,29,female,Kerala,phd,57.2,701000.0,999,14,1,0,0,1,1,1,62.88,Ineligible
BVOBC,21,male,Meghalaya,bachelors,94.5,229000.0,6,999,1,0,0,1,1,1,82.8,Eligible
ARG45,27,female,Sikkim,phd,60.0,518000.0,2,999,1,0,0,1,1,1,69.0,Eligible
BVOBC,21,female,Andhra Pradesh,bachelors,63.4,384000.0,78,999,1,0,0,1,1,1,65.36,Ineligible
ARG45,34,male,Rajasthan,masters,72.4,896000.0,72,999,1,0,0,1,1,1,53.96,Eligible
BVOBC,18,male,Madhya Pradesh,bachelors,76.2,189000.0,2,999,1,0,0,1,0,1,80.48,Borderline
A023B,20,female,Mizoram,masters,94.0,763000.0,85,999,1,0,0,1,1,1,67.6,Ineligible
BVOBC,22,male,Odisha,12th,77.7,163000.0,6,999,1,0,0,1,1,1,81.08,Eligible
BVOBC,17,male,Tripura,bachelors,49.3,251000.0,72,999,1,0,0,1,1,1,54.72,Ineligible
BVOBC,19,female,Sikkim,12th,93.3,106000.0,95,999,1,0,0,1,1,1,82.32,Eligible
ARG45,24,male,Tripura,phd,59.1,639000.0,59,999,0,0,0,1,1,1,48.64,Ineligible
BVOBC,20,female,Tamil Nadu,bachelors,65.1,378000.0,140,999,1,0,0,1,1,1,59.04,Ineligible
AZKMI,22,female,Odisha,phd,58.9,532000.0,999,8,0,0,0,1,1,1,68.56,Ineligible
BPVGK,14,male,Mizoram,10th,52.1,64000.0,999,999,1,0,0,1,1,1,53.84,Eligible
A023B,24,female,Karnataka,bachelors,76.0,293000.0,59,999,1,0,0,1,0,1,70.4,Borderline
A023B,18,female,Karnataka,masters,77.5,311000.0,65,999,1,0,0,1,1,1,71.0,Eligible
ARG45,34,female,Rajasthan,phd,54.3,305000.0,85,999,0,1,58,1,1,1,66.72,Ineligible
A023B,19,male,Jharkhand,masters,77.2,225000.0,2,999,1,0,0,1,1,1,75.88,Eligible
A023B,25,male,Assam,bachelors,82.7,451000.0,5,999,1,0,0,1,1,1,73.08,Eligible
BVOBC,20,female,Tripura,bachelors,88.6,158000.0,5,999,1,0,0,1,1,1,90.44,Eligible
A023B,25,female,Gujarat,masters,82.3,557000.0,110,999,1,0,0,1,1,1,60.92,Ineligible
BPVGK,15,male,Andhra Pradesh,10th,79.7,193000.0,999,999,1,0,0,1,1,1,64.88,Eligible
AZKMI,32,female,Tamil Nadu,postdoc,66.3,706000.0,999,37,1,0,0,1,1,1,66.52,Ineligible
BPVGK,16,female,Karnataka,10th,50.1,93000.0,999,999,1,0,0,1,1,1,58.04,Eligible
BPVGK,17,male,Arunachal Pradesh,10th,52.9,239000.0,999,999,1,0,0,1,1,1,49.16,Eligible
AZKMI,36,female,Telangana,postdoc,63.9,286000.0,999,8,1,1,72,1,1,1,80.56,Ineligible
BPVGK,14,male,Tripura,10th,55.0,216000.0,999,999,1,0,0,1,1,1,50.0,Eligible
AZKMI,30,female,Madhya Pradesh,masters,84.9,997000.0,999,650,0,0,0,1,1,0,53.96,Ineligible
ARG45,27,male,Arunachal Pradesh,phd,51.6,891000.0,5,999,1,0,0,1,1,1,55.64,Ineligible
AZKMI,26,female,Tripura,masters,89.3,870000.0,999,32,1,0,0,1,1,1,75.72,Ineligible
BVOBC,21,female,Jharkhand,bachelors,50.1,162000.0,250,999,1,0,0,1,1,1,58.04,Eligible
AZKMI,30,female,Kerala,masters,81.5,964000.0,999,37,1,0,0,1,1,1,72.6,Ineligible
A023B,23,female,Odisha,bachelors,69.6,626000.0,140,999,1,0,0,1,1,1,50.84,Ineligible
BVOBC,23,male,Odisha,bachelors,93.1,75000.0,2,999,1,0,0,0,0,1,87.24,Borderline
A023B,21,female,Maharashtra,masters,56.5,443000.0,250,999,1,0,0,1,1,0,50.6,Ineligible
ARG45,36,female,Rajasthan,masters,70.2,384000.0,78,999,1,0,0,1,1,1,68.08,Eligible
BVOBC,18,female,Manipur,bachelors,93.7,313000.0,140,999,1,0,0,1,1,1,70.48,Ineligible
ARG45,27,male,Chhattisgarh,phd,77.7,388000.0,6,999,0,0,0,1,1,0,76.08,Ineligible
A023B,24,female,Odisha,masters,62.5,563000.0,3,999,1,0,0,1,1,1,70.0,Eligible
ARG45,26,female,Nagaland,masters,72.1,760000.0,140,999,1,0,0,1,1,1,51.84,Eligible
BVOBC,17,male,Andhra Pradesh,12th,46.2,147000.0,3,999,1,0,0,1,1,1,68.48,Ineligible
BVOBC,23,female,Kerala,12th,61.3,107000.0,5,999,1,0,0,1,1,1,79.52,Eligible
BPVGK,16,female,Gujarat,10th,63.1,286000.0,999,999,1,0,0,1,1,1,58.24,Ineligible
A023B,25,female,Maharashtra,masters,97.6,246000.0,2,999,1,0,0,1,1,1,89.04,Eligible
BVOBC,19,male,Sikkim,bachelors,57.8,90000.0,2,999,1,0,0,1,1,1,73.12,Eligible
AZKMI,24,male,Arunachal Pradesh,masters,81.0,806000.0,999,650,1,0,0,1,1,1,47.4,Ineligible
BVOBC,20,female,Jharkhand,bachelors,82.6,50000.0,1,999,1,0,0,1,1,1,88.04,Eligible
BVOBC,21,female,Rajasthan,bachelors,87.6,388000.0,59,999,1,0,0,0,1,1,75.04,Ineligible
ARG45,32,male,Meghalaya,masters,71.3,282000.0,2,999,1,0,0,1,1,1,73.52,Eligible
BVOBC,17,female,Assam,bachelors,71.2,184000.0,1,999,1,0,0,1,1,1,83.48,Eligible
A023B,23,female,Rajasthan,bachelors,62.9,428000.0,1,999,1,0,0,1,1,1,70.16,Eligible
ARG45,22,female,Arunachal Pradesh,phd,59.6,326000.0,95,999,1,1,75,1,1,1,68.84,Eligible
BPVGK,15,other,Sikkim,10th,92.3,57000.0,999,999,1,0,0,1,1,1,69.92,Eligible
AZKMI,30,male,Telangana,postdoc,87.4,207000.0,999,2,0,0,0,0,1,1,79.96,Ineligible
AZKMI,32,male,Assam,masters,66.8,861000.0,999,4,1,0,0,1,1,1,61.72,Ineligible
A023B,19,female,Gujarat,masters,64.8,512000.0,2,999,1,0,0,0,1,1,70.92,Ineligible
BVOBC,17,female,Madhya Pradesh,bachelors,52.7,370000.0,2,999,1,0,0,1,1,1,71.08,Ineligible
BPVGK,16,other,Nagaland,10th,92.2,209000.0,999,999,1,0,0,1,1,1,64.88,Eligible
BVOBC,22,female,Madhya Pradesh,bachelors,71.6,180000.0,6,999,1,0,0,1,1,1,83.64,Eligible
A023B,22,male,Maharashtra,bachelors,88.7,703000.0,72,999,1,0,0,1,1,0,60.48,Ineligible
AZKMI,32,male,Chhattisgarh,masters,87.4,642000.0,999,1,0,0,0,1,1,1,69.96,Ineligible
BPVGK,14,female,Tamil Nadu,10th,46.8,319000.0,999,999,1,0,0,1,1,1,51.72,Ineligible
A023B,23,female,Odisha,masters,74.0,470000.0,88,999,1,0,0,1,1,1,64.6,Eligible
BPVGK,17,female,Tripura,10th,48.5,97000.0,999,999,1,0,0,1,1,1,57.4,Ineligible
BPVGK,15,male,Tamil Nadu,10th,57.3,127000.0,999,999,1,0,0,1,1,1,55.92,Eligible
ARG45,25,female,Meghalaya,phd,69.1,114000.0,72,999,1,0,0,1,1,1,72.64,Eligible
A023B,20,male,Kerala,masters,87.3,527000.0,5,999,1,0,0,1,1,1,74.92,Eligible
ARG45,36,female,Meghalaya,phd,69.3,653000.0,1,999,1,0,0,1,1,1,67.72,Eligible
A023B,23,female,Andhra Pradesh,bachelors,62.6,472000.0,65,999,1,0,0,1,1,1,60.04,Eligible
BVOBC,18,male,Telangana,bachelors,68.1,139000.0,78,999,1,0,0,1,1,1,67.24,Eligible
ARG45,25,male,Mizoram,phd,71.9,798000.0,6,999,1,0,0,1,1,1,63.76,Eligible
A023B,25,male,Kerala,masters,83.2,542000.0,3,999,0,0,0,1,1,0,73.28,Ineligible
ARG45,28,female,Odisha,masters,82.1,827000.0,140,999,1,0,0,1,1,1,55.84,Eligible
AZKMI,25,male,Arunachal Pradesh,phd,55.3,294000.0,999,3,1,0,0,1,1,1,67.12,Eligible
ARG45,34,male,Chhattisgarh,masters,52.5,842000.0,78,999,1,1,48,1,1,0,51.0,Ineligible
BVOBC,22,male,Rajasthan,12th,82.1,323000.0,95,999,1,0,0,1,1,1,67.84,Ineligible
ARG45,31,female,Sikkim,masters,75.8,450000.0,78,999,1,0,0,1,1,1,65.32,Eligible
A023B,22,female,Gujarat,masters,91.4,508000.0,6,999,1,0,0,1,1,0,81.56,Borderline
BVOBC,24,male,Karnataka,12th,47.7,322000.0,3,999,1,0,0,1,0,1,64.08,Ineligible
BPVGK,16,male,Maharashtra,10th,55.2,277000.0,999,999,1,0,0,1,1,1,50.08,Ineligible
AZKMI,21,male,Karnataka,masters,93.5,659000.0,999,650,1,0,0,1,1,1,52.4,Ineligible
BPVGK,14,male,Rajasthan,10th,64.4,164000.0,999,999,1,0,0,1,1,1,58.76,Eligible
BVOBC,21,female,Jharkhand,bachelors,81.7,354000.0,2,999,1,0,0,1,1,1,82.68,Ineligible
AZKMI,21,female,Tamil Nadu,phd,79.1,143000.0,999,650,1,0,0,1,1,1,66.64,Ineligible
BPVGK,17,male,Karnataka,10th,55.2,161000.0,999,999,1,0,0,1,1,1,55.08,Eligible
BPVGK,16,male,Assam,10th,64.2,148000.0,999,999,1,0,0,1,1,1,58.68,Eligible
ARG45,23,male,Maharashtra,masters,92.6,241000.0,2,999,1,0,0,1,1,1,82.04,Eligible
BVOBC,17,female,Mizoram,bachelors,82.4,294000.0,110,999,1,0,0,1,1,1,65.96,Ineligible
BPVGK,16,male,Jharkhand,10th,66.3,338000.0,999,999,1,1,53,1,0,1,59.52,Ineligible
ARG45,23,male,Tamil Nadu,phd,67.1,570000.0,1,999,1,0,0,1,1,1,66.84,Eligible
BPVGK,16,male,Assam,10th,85.7,117000.0,999,999,1,0,0,1,0,1,67.28,Borderline
BPVGK,17,male,Sikkim,10th,75.9,303000.0,999,999,1,0,0,1,1,1,58.36,Ineligible
BPVGK,15,male,Manipur,10th,76.6,156000.0,999,999,1,0,0,1,1,1,63.64,Eligible
ARG45,35,male,Mizoram,phd,50.9,601000.0,2,999,0,0,0,1,1,1,55.36,Ineligible
BPVGK,15,male,Sikkim,10th,79.3,105000.0,999,999,1,0,0,1,1,1,64.72,Eligible
A023B,18,female,Madhya Pradesh,bachelors,68.9,134000.0,78,999,1,0,0,1,1,1,72.56,Eligible
BVOBC,18,male,Odisha,bachelors,75.9,171000.0,59,999,1,0,0,1,1,1,70.36,Eligible
A023B,18,female,Gujarat,bachelors,76.5,667000.0,95,999,1,0,0,1,1,1,60.6,Ineligible
A023B,20,female,Karnataka,bachelors,81.4,387000.0,95,999,1,0,0,1,1,1,72.56,Eligible
ARG45,36,male,Rajasthan,phd,69.6,193000.0,1,999,1,1,57,1,1,1,82.84,Eligible
A023B,22,female,Karnataka,masters,97.5,717000.0,2,999,1,0,0,1,1,1,79.0,Ineligible
BVOBC,23,female,Maharashtra,12th,60.7,256000.0,88,999,1,1,80,1,1,1,69.28,Ineligible
ARG45,24,female,Chhattisgarh,masters,61.7,733000.0,95,999,1,0,0,1,1,1,54.68,Eligible
ARG45,34,male,Odisha,masters,57.6,688000.0,6,999,1,0,0,1,1,0,58.04,Borderline
ARG45,36,female,Meghalaya,phd,61.2,268000.0,3,999,1,0,0,1,1,1,74.48,Eligible
BVOBC,18,female,Assam,bachelors,95.8,390000.0,85,999,1,0,0,1,1,1,78.32,Ineligible
BPVGK,16,male,Madhya Pradesh,10th,74.4,103000.0,999,999,1,0,0,1,1,1,62.76,Eligible
BVOBC,17,female,Chhattisgarh,bachelors,94.0,364000.0,78,999,1,0,0,1,1,1,77.6,Ineligible
ARG45,22,male,Odisha,phd,85.8,303000.0,6,999,1,0,0,1,0,1,79.32,Borderline
AZKMI,27,female,Odisha,phd,94.2,665000.0,999,37,0,0,0,1,1,1,77.68,Ineligible
ARG45,26,female,Assam,phd,52.8,635000.0,110,999,1,0,0,1,1,1,44.12,Ineligible
ARG45,27,male,Madhya Pradesh,phd,61.3,132000.0,140,999,1,0,0,1,0,1,57.52,Borderline
BVOBC,19,male,Kerala,12th,71.4,179000.0,88,999,1,0,0,1,1,1,68.56,Eligible
AZKMI,24,female,Rajasthan,phd,80.5,383000.0,999,1,1,0,0,1,1,1,82.2,Eligible
BPVGK,15,female,Nagaland,10th,82.8,316000.0,999,999,1,0,0,1,1,1,66.12,Ineligible
ARG45,26,female,Maharashtra,phd,54.1,886000.0,6,999,1,0,0,1,1,1,61.64,Ineligible
BVOBC,18,male,Gujarat,bachelors,89.9,240000.0,95,999,1,0,0,1,0,1,70.96,Borderline
AZKMI,33,male,Madhya Pradesh,phd,77.8,656000.0,999,8,1,0,0,1,1,1,66.12,Ineligible
AZKMI,24,male,Sikkim,phd,78.9,156000.0,999,650,1,0,0,1,1,1,61.56,Ineligible
ARG45,36,female,Chhattisgarh,masters,87.7,829000.0,1,999,1,0,0,1,1,1,75.08,Eligible
BVOBC,18,male,Jharkhand,12th,89.8,58000.0,78,999,1,0,0,1,1,1,75.92,Eligible
AZKMI,32,male,Mizoram,phd,55.2,777000.0,999,3,1,0,0,1,1,1,57.08,Ineligible
A023B,18,female,Arunachal Pradesh,bachelors,72.8,536000.0,65,999,1,0,0,1,0,1,64.12,Borderline
A023B,20,female,Odisha,bachelors,82.3,494000.0,65,999,1,0,0,1,1,1,67.92,Eligible
A023B,25,female,Sikkim,bachelors,92.4,224000.0,3,999,1,0,0,1,1,1,86.96,Eligible
BVOBC,19,male,Odisha,12th,65.8,187000.0,1,999,1,0,0,1,1,1,76.32,Eligible
AZKMI,33,male,Kerala,phd,85.2,692000.0,999,32,1,1,55,1,1,1,74.08,Ineligible
ARG45,36,female,Mizoram,masters,94.4,79000.0,3,999,1,0,0,1,1,1,92.76,Eligible
AZKMI,21,other,Gujarat,masters,72.2,398000.0,999,4,1,0,0,1,1,1,73.88,Eligible
BVOBC,18,female,Madhya Pradesh,bachelors,45.7,181000.0,250,999,1,0,0,1,1,1,56.28,Ineligible
ARG45,36,female,Chhattisgarh,phd,67.4,201000.0,250,999,1,0,0,1,1,1,59.96,Eligible
BPVGK,15,male,Chhattisgarh,10th,48.3,346000.0,999,999,1,0,0,1,1,1,47.32,Ineligible
BVOBC,21,male,Madhya Pradesh,bachelors,59.2,173000.0,2,999,1,0,0,1,1,1,73.68,Eligible
BPVGK,17,female,Mizoram,10th,48.3,155000.0,999,999,1,0,0,1,1,1,57.32,Ineligible
BVOBC,22,female,Tamil Nadu,12th,60.7,334000.0,1,999,1,0,0,1,0,0,74.28,Ineligible
AZKMI,23,male,Gujarat,masters,78.9,633000.0,999,14,1,0,0,1,1,1,66.56,Ineligible
ARG45,23,male,Andhra Pradesh,phd,82.6,118000.0,250,999,1,0,0,1,1,1,66.04,Eligible
ARG45,23,male,Sikkim,masters,61.7,583000.0,1,999,1,0,0,1,1,1,64.68,Eligible
ARG45,25,male,Jharkhand,masters,78.4,470000.0,85,999,1,0,0,1,1,0,61.36,Borderline
ARG45,29,female,Jharkhand,phd,71.6,431000.0,1,999,1,0,0,1,1,1,73.64,Eligible
AZKMI,33,male,Kerala,phd,50.6,415000.0,999,21,1,0,0,1,0,1,60.24,Ineligible
ARG45,25,male,Tamil Nadu,masters,84.6,774000.0,78,999,1,0,0,0,1,1,58.84,Ineligible
AZKMI,23,female,Karnataka,postdoc,74.8,677000.0,999,14,1,0,0,1,1,1,69.92,Ineligible
BVOBC,22,female,Mizoram,bachelors,70.7,260000.0,59,999,1,0,0,1,1,1,68.28,Ineligible
BPVGK,17,female,Tamil Nadu,10th,61.2,236000.0,999,999,1,0,0,1,1,1,57.48,Eligible
AZKMI,22,other,Mizoram,postdoc,85.9,897000.0,999,2,1,0,0,1,1,1,69.36,Ineligible
ARG45,26,female,Karnataka,masters,82.7,215000.0,88,999,1,1,47,1,1,0,78.08,Borderline
BVOBC,18,female,Jharkhand,12th,82.1,125000.0,110,999,1,0,0,1,1,1,70.84,Eligible
A023B,23,female,Mizoram,masters,85.6,304000.0,2,999,1,0,0,1,1,1,84.24,Eligible
BPVGK,16,female,Tamil Nadu,10th,93.7,37000.0,999,999,1,0,0,1,1,1,75.48,Eligible
A023B,20,male,Karnataka,bachelors,63.6,253000.0,5,999,1,0,0,1,1,1,70.44,Eligible
BVOBC,22,male,Telangana,bachelors,48.0,84000.0,72,999,1,0,0,1,1,1,59.2,Ineligible
A023B,25,female,Manipur,masters,85.0,487000.0,2,999,1,0,0,1,1,1,79.0,Eligible
ARG45,25,female,Manipur,phd,90.5,69000.0,250,999,1,0,0,1,1,1,74.2,Eligible
BVOBC,23,female,Chhattisgarh,12th,45.7,187000.0,3,999,1,0,0,1,1,0,73.28,Ineligible
BVOBC,19,male,Gujarat,bachelors,74.6,231000.0,3,999,1,0,0,1,1,1,74.84,Eligible
ARG45,36,male,Maharashtra,phd,78.5,405000.0,5,999,1,0,0,1,1,1,71.4,Eligible
BVOBC,18,male,Karnataka,bachelors,80.1,278000.0,65,999,1,0,0,1,1,1,67.04,Ineligible
ARG45,26,male,Mizoram,masters,67.7,262000.0,6,999,1,0,0,1,1,1,72.08,Eligible
AZKMI,37,male,Meghalaya,masters,70.5,594000.0,999,14,0,0,0,1,0,0,68.2,Ineligible
AZKMI,27,female,Sikkim,postdoc,86.6,981000.0,999,37,1,0,0,1,1,1,74.64,Ineligible
AZKMI,30,female,Jharkhand,masters,68.2,464000.0,999,650,1,0,0,1,1,1,52.28,Ineligible
BVOBC,17,female,Telangana,bachelors,68.6,123000.0,1,999,1,0,0,1,1,1,82.44,Eligible
A023B,18,male,Nagaland,bachelors,90.3,108000.0,3,999,1,0,0,1,1,1,86.12,Eligible
A023B,21,female,Mizoram,bachelors,91.4,153000.0,72,999,1,0,0,0,1,1,81.56,Ineligible
AZKMI,31,female,Tamil Nadu,phd,93.1,830000.0,999,21,1,0,0,1,1,1,77.24,Ineligible
AZKMI,22,other,Meghalaya,phd,74.7,130000.0,999,3,0,1,40,1,0,1,84.88,Ineligible
ARG45,33,male,Karnataka,masters,61.7,93000.0,6,999,0,0,0,1,1,1,74.68,Ineligible
ARG45,32,male,Gujarat,phd,82.8,634000.0,140,999,1,0,0,1,1,1,51.12,Eligible
A023B,22,male,Gujarat,masters,71.7,633000.0,1,999,1,1,48,1,1,1,68.68,Ineligible
ARG45,36,female,Tamil Nadu,masters,70.1,451000.0,65,999,1,0,0,1,1,1,63.04,Eligible
AZKMI,21,male,Tripura,phd,54.3,430000.0,999,21,1,0,0,1,1,1,61.72,Ineligible
BPVGK,17,male,Manipur,10th,92.9,211000.0,999,999,1,0,0,1,0,1,65.16,Borderline
BVOBC,22,female,Telangana,12th,80.6,180000.0,140,999,1,0,0,1,1,0,70.24,Borderline
BVOBC,22,male,Assam,12th,89.6,113000.0,2,999,1,0,0,1,0,1,85.84,Borderline
ARG45,29,female,Karnataka,phd,94.9,194000.0,250,999,1,0,0,1,1,1,75.96,Eligible
BVOBC,19,female,Meghalaya,12th,51.4,327000.0,3,999,1,0,0,1,1,1,70.56,Ineligible
ARG45,29,female,Nagaland,phd,74.7,644000.0,110,999,1,0,0,1,1,1,52.88,Eligible
AZKMI,27,female,Mizoram,masters,89.3,499000.0,999,37,1,0,0,1,1,1,80.72,Eligible
BPVGK,14,male,Telangana,10th,73.5,149000.0,999,999,1,0,0,0,0,1,62.4,Borderline
BPVGK,14,female,Mizoram,10th,57.9,36000.0,999,999,1,0,0,1,1,0,61.16,Borderline
AZKMI,31,female,Maharashtra,phd,93.0,449000.0,999,22,1,0,0,1,1,1,82.2,Eligible
BVOBC,19,female,Telangana,12th,63.7,382000.0,88,999,1,0,0,1,1,1,65.48,Ineligible
ARG45,31,female,Tripura,masters,65.0,889000.0,72,999,0,0,0,1,1,1,56.0,Ineligible
AZKMI,29,female,Tamil Nadu,postdoc,75.8,848000.0,999,14,1,0,0,1,1,1,70.32,Ineligible
ARG45,34,male,Assam,masters,86.1,853000.0,1,999,1,0,0,1,1,1,69.44,Eligible
ARG45,30,female,Odisha,phd,83.1,100000.0,110,999,1,0,0,1,1,1,71.24,Eligible
BVOBC,20,female,Madhya Pradesh,12th,47.5,270000.0,65,999,1,1,67,1,1,1,64.0,Ineligible
BVOBC,22,male,Karnataka,12th,62.8,274000.0,3,999,1,0,0,1,1,1,70.12,Ineligible
ARG45,26,male,Rajasthan,phd,78.0,841000.0,59,999,1,0,0,1,1,1,56.2,Eligible
A023B,25,female,Meghalaya,masters,57.0,639000.0,6,999,1,0,0,1,0,1,62.8,Ineligible
A023B,25,female,Tamil Nadu,masters,62.5,550000.0,1,999,1,0,0,1,1,1,70.0,Eligible
ARG45,34,male,Arunachal Pradesh,masters,52.6,445000.0,250,999,1,0,0,1,0,1,44.04,Ineligible
BPVGK,15,male,Odisha,10th,47.8,216000.0,999,999,1,0,0,1,1,1,47.12,Ineligible
ARG45,30,male,Kerala,phd,54.6,864000.0,78,999,1,0,0,1,1,1,46.84,Ineligible
ARG45,24,male,Andhra Pradesh,masters,66.1,843000.0,2,999,1,0,0,0,1,1,61.44,Ineligible
BPVGK,15,male,Arunachal Pradesh,10th,58.2,302000.0,999,999,1,0,0,1,1,1,51.28,Ineligible
ARG45,29,female,Tamil Nadu,masters,62.3,379000.0,2,999,1,0,0,1,1,1,74.92,Eligible
BVOBC,22,female,Rajasthan,12th,50.7,93000.0,6,999,1,0,0,1,1,1,75.28,Eligible
ARG45,22,female,Telangana,masters,51.0,572000.0,140,999,1,0,0,1,1,1,48.4,Ineligible
ARG45,31,female,Odisha,phd,70.2,627000.0,5,999,0,0,0,1,1,1,68.08,Ineligible
ARG45,33,male,Chhattisgarh,masters,56.5,114000.0,250,999,1,0,0,1,0,1,55.6,Borderline
ARG45,34,male,Karnataka,masters,93.1,288000.0,95,999,1,0,0,1,1,1,72.24,Eligible
BVOBC,17,female,Nagaland,12th,65.1,373000.0,88,999,1,0,0,1,1,1,66.04,Ineligible
A023B,19,male,Gujarat,bachelors,57.4,557000.0,1,999,1,0,0,1,1,1,62.96,Eligible
BVOBC,17,female,Kerala,bachelors,45.3,330000.0,88,999,1,0,0,1,1,1,58.12,Ineligible
BVOBC,19,female,Gujarat,bachelors,74.7,49000.0,140,999,1,1,74,1,1,1,72.88,Eligible
A023B,23,female,Arunachal Pradesh,bachelors,64.8,536000.0,1,999,1,0,0,1,1,1,70.92,Eligible
ARG45,34,female,Meghalaya,masters,61.8,862000.0,6,999,1,1,76,1,0,1,69.72,Borderline
BVOBC,24,male,Telangana,bachelors,95.5,301000.0,2,999,1,0,0,1,1,1,83.2,Ineligible
BPVGK,16,female,Manipur,10th,48.2,298000.0,999,999,1,0,0,1,1,1,52.28,Ineligible
A023B,19,male,Madhya Pradesh,masters,55.1,563000.0,5,999,1,0,0,1,0,1,62.04,Borderline
A023B,25,male,Maharashtra,masters,84.7,667000.0,1,999,1,0,0,1,1,0,68.88,Ineligible
BVOBC,22,male,Gujarat,bachelors,59.5,389000.0,3,999,1,0,0,1,1,1,68.8,Ineligible
ARG45,26,male,Arunachal Pradesh,masters,60.3,670000.0,250,999,1,0,0,1,1,1,42.12,Eligible
AZKMI,29,male,Telangana,phd,81.6,209000.0,999,14,1,1,61,0,1,1,82.64,Ineligible
AZKMI,22,female,Manipur,postdoc,86.4,907000.0,999,14,1,0,0,0,1,1,74.56,Ineligible
ARG45,26,male,Odisha,phd,67.7,191000.0,88,999,1,0,0,1,1,1,67.08,Eligible
BPVGK,17,male,Gujarat,10th,49.3,135000.0,999,999,1,0,0,1,1,1,52.72,Ineligible
BPVGK,14,female,Jharkhand,10th,85.5,187000.0,999,999,1,0,0,1,1,1,72.2,Eligible
ARG45,28,male,Assam,phd,61.8,559000.0,250,999,1,0,0,1,1,1,47.72,Eligible
AZKMI,34,male,Arunachal Pradesh,masters,50.2,388000.0,999,8,1,0,0,1,1,1,65.08,Ineligible
A023B,24,female,Tamil Nadu,masters,74.1,797000.0,1,999,1,0,0,1,1,1,69.64,Ineligible
A023B,20,male,Manipur,bachelors,77.1,150000.0,1,999,1,0,0,0,1,0,80.84,Borderline
BPVGK,17,male,Sikkim,10th,83.3,82000.0,999,999,1,0,0,1,1,1,66.32,Eligible
A023B,18,female,Gujarat,masters,74.2,138000.0,65,999,1,0,0,1,1,0,74.68,Borderline
ARG45,28,male,Telangana,masters,58.3,591000.0,250,999,1,0,0,1,1,1,46.32,Eligible
BVOBC,17,male,Arunachal Pradesh,bachelors,91.1,168000.0,95,999,1,0,0,1,1,1,76.44,Eligible
BVOBC,20,male,Tamil Nadu,12th,61.3,193000.0,250,999,1,0,0,1,1,1,57.52,Eligible
ARG45,33,male,Nagaland,phd,87.3,120000.0,3,999,1,0,0,1,1,1,84.92,Eligible
ARG45,28,male,Rajasthan,phd,63.1,256000.0,59,999,1,0,0,1,1,1,60.24,Eligible
AZKMI,29,female,Karnataka,phd,70.4,697000.0,999,6,1,0,0,1,0,1,68.16,Ineligible
BPVGK,17,male,Andhra Pradesh,10th,46.3,190000.0,999,999,1,0,0,1,1,1,51.52,Ineligible
AZKMI,34,female,Odisha,postdoc,60.8,632000.0,999,2,1,0,0,1,1,1,64.32,Ineligible
A023B,21,male,Rajasthan,masters,66.0,223000.0,6,999,1,0,0,1,1,1,71.4,Eligible
A023B,25,male,Assam,masters,97.8,166000.0,1,999,1,0,0,1,1,0,89.12,Borderline
BVOBC,18,female,Sikkim,12th,90.6,382000.0,6,999,1,1,78,1,1,1,91.24,Ineligible
BVOBC,21,other,Jharkhand,bachelors,63.1,342000.0,140,999,1,0,0,1,1,1,53.24,Ineligible
A023B,22,male,Tamil Nadu,masters,90.3,331000.0,3,999,1,0,0,1,1,1,81.12,Eligible
BPVGK,16,male,Gujarat,10th,81.0,118000.0,999,999,1,0,0,0,1,1,65.4,Ineligible
AZKMI,21,female,Odisha,phd,76.4,647000.0,999,4,0,0,0,1,1,1,70.56,Ineligible
ARG45,28,female,Sikkim,masters,53.4,811000.0,59,999,1,0,0,1,1,1,51.36,Ineligible
A023B,18,other,Karnataka,masters,62.0,406000.0,5,999,1,0,0,1,1,1,64.8,Eligible
BVOBC,21,female,Nagaland,bachelors,62.0,128000.0,65,999,1,0,0,1,1,1,69.8,Eligible
BVOBC,24,male,Sikkim,bachelors,85.3,57000.0,3,999,1,0,0,1,1,1,84.12,Eligible
ARG45,31,male,Sikkim,masters,70.2,154000.0,59,999,1,0,0,1,1,1,68.08,Eligible
AZKMI,26,female,Assam,postdoc,87.6,693000.0,999,1,1,0,0,1,1,1,75.04,Ineligible
AZKMI,28,male,Maharashtra,phd,77.1,792000.0,999,14,1,0,0,1,0,1,65.84,Ineligible
AZKMI,34,female,Meghalaya,masters,74.6,254000.0,999,14,1,1,80,1,1,1,84.84,Eligible
A023B,23,male,Odisha,masters,95.3,672000.0,1,999,1,0,0,1,1,1,73.12,Ineligible
BVOBC,20,female,Odisha,bachelors,52.2,344000.0,1,999,1,0,0,1,1,1,70.88,Ineligible
BPVGK,14,male,Meghalaya,10th,55.4,106000.0,999,999,1,0,0,1,1,1,55.16,Eligible
BVOBC,23,female,Arunachal Pradesh,bachelors,67.6,187000.0,140,999,1,0,0,1,1,1,65.04,Eligible
BVOBC,17,male,Assam,bachelors,64.3,88000.0,72,999,1,0,0,1,1,1,65.72,Eligible
ARG45,27,female,Meghalaya,masters,84.0,128000.0,72,999,1,0,0,1,1,1,78.6,Eligible
BVOBC,23,female,Odisha,bachelors,84.7,334000.0,6,999,1,0,0,1,1,1,83.88,Ineligible
BPVGK,15,male,Sikkim,10th,52.7,264000.0,999,999,1,0,0,1,1,1,49.08,Ineligible
ARG45,36,male,Kerala,phd,70.3,446000.0,140,999,0,0,0,1,1,1,51.12,Ineligible
ARG45,23,male,Arunachal Pradesh,masters,57.1,426000.0,110,999,1,0,0,1,1,1,45.84,Eligible
AZKMI,38,male,Sikkim,phd,81.0,317000.0,999,4,1,1,52,1,1,1,82.4,Ineligible
A023B,22,female,Nagaland,bachelors,79.5,570000.0,1,999,0,0,0,1,1,1,76.8,Ineligible
AZKMI,32,male,Tripura,postdoc,70.6,491000.0,999,8,1,0,0,1,1,1,68.24,Eligible
A023B,22,female,Rajasthan,bachelors,95.4,665000.0,2,999,1,0,0,1,1,1,78.16,Ineligible
A023B,25,female,Gujarat,masters,94.4,388000.0,2,999,1,0,0,1,1,1,87.76,Eligible
AZKMI,34,female,Karnataka,masters,75.9,171000.0,999,32,0,0,0,1,1,1,85.36,Ineligible
BVOBC,19,male,Telangana,bachelors,81.8,138000.0,59,999,1,0,0,1,1,1,72.72,Eligible
BPVGK,17,male,Odisha,10th,56.3,172000.0,999,999,1,0,0,1,1,1,55.52,Eligible
ARG45,34,female,Jharkhand,phd,82.3,893000.0,250,999,1,0,0,1,1,1,55.92,Eligible
BVOBC,23,male,Maharashtra,12th,64.6,357000.0,250,999,1,0,0,1,1,1,53.84,Ineligible
ARG45,27,male,Madhya Pradesh,phd,91.9,252000.0,6,999,1,0,0,1,1,0,81.76,Borderline
A023B,24,male,Telangana,bachelors,76.0,534000.0,2,999,1,0,0,1,1,1,70.4,Eligible
A023B,21,male,Tripura,bachelors,87.6,709000.0,3,999,1,0,0,1,1,1,70.04,Ineligible
BVOBC,21,female,Andhra Pradesh,12th,72.0,67000.0,140,999,1,0,0,1,1,1,66.8,Eligible
A023B,21,female,Arunachal Pradesh,bachelors,97.7,319000.0,2,999,1,0,0,1,1,1,89.08,Eligible
BVOBC,19,male,Telangana,bachelors,52.2,79000.0,72,999,1,0,0,1,1,1,60.88,Eligible
ARG45,35,female,Tripura,masters,63.1,75000.0,6,999,1,0,0,1,1,1,80.24,Eligible
A023B,25,male,Mizoram,masters,89.2,243000.0,2,999,1,0,0,1,1,1,80.68,Eligible
BVOBC,20,male,Tamil Nadu,bachelors,82.9,397000.0,6,999,1,0,0,1,1,1,78.16,Ineligible
BVOBC,23,male,Gujarat,bachelors,68.4,174000.0,85,999,1,1,70,1,1,1,72.36,Eligible
BVOBC,24,male,Sikkim,bachelors,92.8,139000.0,2,999,1,0,0,1,0,1,87.12,Borderline
ARG45,31,female,Arunachal Pradesh,phd,52.5,206000.0,250,999,1,0,0,1,1,1,54.0,Ineligible
BVOBC,22,female,Maharashtra,bachelors,78.8,337000.0,59,999,1,0,0,1,1,1,71.52,Ineligible
BVOBC,17,female,Tripura,bachelors,95.6,364000.0,85,999,1,0,0,1,1,1,78.24,Ineligible
BPVGK,14,male,Madhya Pradesh,10th,61.9,248000.0,999,999,1,0,0,1,1,0,52.76,Borderline
AZKMI,36,male,Assam,masters,78.4,118000.0,999,14,1,0,0,1,1,1,81.36,Ineligible
AZKMI,31,male,Jharkhand,masters,85.2,372000.0,999,8,0,0,0,1,1,1,79.08,Ineligible
BPVGK,17,male,Sikkim,10th,46.1,285000.0,999,999,1,0,0,1,1,1,46.44,Ineligible
ARG45,27,female,Jharkhand,masters,56.9,556000.0,1,999,1,0,0,1,1,1,67.76,Eligible
A023B,19,male,Mizoram,masters,64.6,529000.0,110,999,1,0,0,1,1,1,48.84,Ineligible
A023B,19,female,Sikkim,bachelors,90.7,171000.0,85,999,1,0,0,1,1,1,81.28,Eligible
BVOBC,23,male,Meghalaya,bachelors,80.5,48000.0,85,999,1,0,0,1,1,1,72.2,Eligible
BVOBC,22,female,Telangana,12th,60.0,329000.0,59,999,1,0,0,1,1,0,64.0,Ineligible
A023B,20,female,Tripura,bachelors,90.6,644000.0,2,999,1,1,75,1,1,1,81.24,Ineligible
BPVGK,17,male,Telangana,10th,94.5,263000.0,999,999,1,0,0,1,1,1,65.8,Ineligible
A023B,21,female,Maharashtra,masters,63.2,295000.0,3,999,1,0,0,1,1,1,75.28,Eligible
A023B,24,female,Mizoram,masters,75.2,756000.0,6,999,1,0,0,1,1,1,70.08,Ineligible
A023B,18,male,Assam,bachelors,59.4,632000.0,2,999,1,0,0,1,1,1,58.76,Ineligible
A023B,24,female,Karnataka,bachelors,58.7,348000.0,72,999,1,0,0,1,1,1,63.48,Eligible
ARG45,28,female,Arunachal Pradesh,phd,60.6,70000.0,78,999,1,0,0,1,1,1,69.24,Eligible
ARG45,22,female,Madhya Pradesh,masters,91.0,145000.0,65,999,0,0,0,1,1,1,81.4,Ineligible
ARG45,24,male,Jharkhand,phd,55.8,276000.0,1,999,1,0,0,1,1,1,67.32,Eligible
BPVGK,14,female,Arunachal Pradesh,10th,86.2,240000.0,999,999,1,0,0,1,1,0,67.48,Borderline
ARG45,23,female,Manipur,masters,62.0,177000.0,5,999,1,0,0,1,0,1,79.8,Borderline
BPVGK,17,male,Telangana,10th,72.7,311000.0,999,999,1,0,0,1,1,1,57.08,Ineligible
A023B,22,male,Karnataka,masters,76.7,712000.0,85,999,1,0,0,1,1,1,55.68,Ineligible
A023B,18,female,Tripura,bachelors,81.2,270000.0,5,999,1,1,80,1,1,1,87.48,Eligible
BVOBC,18,female,Telangana,bachelors,76.7,344000.0,72,999,1,0,0,0,1,1,70.68,Ineligible
ARG45,24,other,Karnataka,phd,72.1,507000.0,72,999,1,0,0,1,1,1,58.84,Eligible
BVOBC,20,male,Tripura,bachelors,55.8,293000.0,72,999,1,0,0,1,1,1,57.32,Ineligible
A023B,25,male,Tripura,bachelors,87.6,444000.0,85,999,1,0,0,1,1,1,65.04,Eligible
ARG45,28,female,Meghalaya,masters,76.7,354000.0,1,999,1,0,0,1,0,1,80.68,Borderline
AZKMI,30,female,Madhya Pradesh,phd,75.5,651000.0,999,21,1,0,0,1,1,1,70.2,Ineligible
BVOBC,18,female,Assam,bachelors,53.5,348000.0,250,999,1,0,0,1,1,1,54.4,Ineligible
BPVGK,15,male,Rajasthan,10th,61.6,72000.0,999,999,1,0,0,0,1,1,57.64,Ineligible
A023B,24,female,Rajasthan,bachelors,64.5,707000.0,1,999,1,0,0,1,1,1,65.8,Ineligible
BPVGK,16,male,Tripura,10th,91.0,52000.0,999,999,1,0,0,1,1,1,69.4,Eligible
ARG45,33,female,Tamil Nadu,phd,91.1,384000.0,65,999,1,0,0,1,1,1,76.44,Eligible
ARG45,33,female,Manipur,masters,80.7,375000.0,2,999,1,0,0,1,1,1,82.28,Eligible
ARG45,22,male,Meghalaya,phd,80.7,319000.0,250,999,0,1,59,1,1,1,65.28,Ineligible
BPVGK,16,female,Rajasthan,10th,62.3,313000.0,999,999,1,0,0,1,1,1,57.92,Ineligible
ARG45,31,male,Gujarat,phd,66.0,238000.0,1,999,1,0,0,1,1,0,71.4,Borderline
ARG45,27,female,Rajasthan,phd,90.1,886000.0,95,999,1,0,0,1,1,1,66.04,Eligible
BVOBC,24,male,Telangana,bachelors,58.4,47000.0,65,999,1,0,0,1,1,1,63.36,Eligible
ARG45,28,female,Madhya Pradesh,phd,69.8,321000.0,1,999,1,0,0,1,1,1,77.92,Eligible
AZKMI,35,male,Gujarat,postdoc,82.8,361000.0,999,2,1,0,0,1,1,0,78.12,Borderline
ARG45,32,female,Manipur,masters,93.1,155000.0,2,999,0,0,0,1,1,1,92.24,Ineligible
A023B,18,male,Karnataka,masters,70.2,480000.0,5,999,1,0,0,1,1,1,68.08,Eligible
BPVGK,14,female,Rajasthan,10th,83.8,331000.0,999,999,1,0,0,1,1,1,66.52,Ineligible
A023B,18,male,Telangana,bachelors,94.8,348000.0,72,999,1,0,0,1,1,1,72.92,Eligible
BVOBC,22,female,Karnataka,bachelors,59.4,255000.0,88,999,1,0,0,1,1,1,63.76,Ineligible
BPVGK,14,male,Madhya Pradesh,10th,69.6,183000.0,999,999,1,0,0,1,1,1,60.84,Eligible
A023B,18,female,Arunachal Pradesh,bachelors,55.3,454000.0,3,999,1,0,0,1,1,1,67.12,Eligible
BVOBC,22,other,Karnataka,bachelors,61.8,198000.0,65,999,1,0,0,1,1,1,64.72,Eligible
BPVGK,16,female,Mizoram,10th,58.7,278000.0,999,999,1,0,0,1,1,1,56.48,Ineligible
ARG45,27,female,Mizoram,phd,79.0,680000.0,88,999,1,0,0,1,1,1,61.6,Eligible
BPVGK,17,female,Sikkim,10th,75.5,211000.0,999,999,1,0,0,1,1,1,63.2,Eligible
ARG45,23,female,Kerala,phd,63.3,603000.0,78,999,1,0,0,1,1,1,55.32,Eligible
BVOBC,21,female,Assam,12th,77.1,247000.0,85,999,1,0,0,1,1,1,70.84,Eligible
AZKMI,23,male,Kerala,postdoc,63.1,267000.0,999,32,1,0,0,1,1,1,70.24,Eligible
A023B,22,male,Manipur,masters,84.9,557000.0,5,999,1,0,0,1,1,1,73.96,Eligible
A023B,18,male,Nagaland,bachelors,72.1,295000.0,5,999,1,0,0,1,1,1,73.84,Eligible
A023B,23,other,Mizoram,bachelors,93.0,391000.0,1,999,1,0,0,1,0,1,82.2,Borderline
ARG45,33,female,Arunachal Pradesh,phd,88.6,736000.0,85,999,1,0,0,1,1,1,65.44,Eligible
BVOBC,22,male,Manipur,12th,92.3,286000.0,95,999,1,0,0,1,1,1,71.92,Ineligible
BVOBC,20,male,Assam,bachelors,60.9,157000.0,95,999,1,0,0,1,1,0,64.36,Borderline
ARG45,28,male,Mizoram,masters,85.0,709000.0,1,999,1,0,0,1,1,1,69.0,Eligible
AZKMI,35,female,Assam,masters,55.8,463000.0,999,37,1,0,0,1,1,1,67.32,Eligible
BVOBC,24,male,Nagaland,bachelors,70.9,294000.0,65,999,1,0,0,1,1,1,63.36,Ineligible
AZKMI,26,female,Tamil Nadu,masters,67.7,946000.0,999,21,0,0,0,1,1,1,67.08,Ineligible
BPVGK,14,female,Tamil Nadu,10th,65.2,250000.0,999,999,1,0,0,1,1,1,59.08,Eligible
BPVGK,17,male,Telangana,10th,62.5,163000.0,999,999,1,0,0,1,0,1,58.0,Borderline
A023B,25,male,Odisha,bachelors,91.4,98000.0,1,999,1,0,0,1,1,1,86.56,Eligible
ARG45,31,male,Madhya Pradesh,masters,82.6,91000.0,250,999,1,0,0,1,0,1,66.04,Borderline
BPVGK,16,male,Tripura,10th,45.9,329000.0,999,999,1,0,0,1,1,1,46.36,Ineligible
ARG45,31,female,Rajasthan,phd,53.6,733000.0,3,999,1,1,77,1,1,1,66.44,Ineligible
A023B,19,female,Andhra Pradesh,masters,64.5,685000.0,78,999,1,0,0,1,1,1,55.8,Ineligible
BVOBC,18,female,Sikkim,12th,66.9,82000.0,1,999,1,0,0,1,1,1,81.76,Eligible
BVOBC,24,male,Manipur,bachelors,76.4,43000.0,2,999,1,0,0,1,1,1,80.56,Eligible
A023B,22,female,Nagaland,bachelors,83.2,145000.0,6,999,1,0,0,1,1,1,88.28,Eligible
BVOBC,22,female,Mizoram,12th,57.8,262000.0,85,999,1,0,0,1,1,1,63.12,Ineligible
ARG45,34,male,Gujarat,masters,56.5,297000.0,140,999,1,0,0,1,1,1,50.6,Eligible
ARG45,29,male,Madhya Pradesh,masters,68.3,537000.0,88,999,1,0,0,1,1,1,57.32,Eligible
BVOBC,23,male,Gujarat,12th,85.3,277000.0,2,999,1,0,0,1,0,1,79.12,Ineligible
BVOBC,20,male,Tripura,12th,51.4,273000.0,3,999,1,0,0,1,1,1,65.56,Ineligible
BVOBC,23,male,Kerala,bachelors,89.5,395000.0,95,999,1,0,0,0,1,1,70.8,Ineligible
BPVGK,15,male,Jharkhand,10th,70.3,270000.0,999,999,1,0,0,1,1,1,56.12,Ineligible
AZKMI,31,male,Sikkim,phd,67.9,784000.0,999,37,1,0,0,1,1,1,62.16,Ineligible
BPVGK,14,male,Rajasthan,10th,76.0,335000.0,999,999,1,0,0,1,0,1,58.4,Ineligible
ARG45,26,female,Kerala,masters,71.4,453000.0,59,999,1,0,0,1,0,1,63.56,Borderline
ARG45,30,female,Gujarat,masters,83.7,759000.0,3,999,1,0,0,1,1,1,73.48,Eligible
ARG45,33,male,Sikkim,phd,63.3,874000.0,1,999,1,0,0,1,1,0,60.32,Borderline
ARG45,27,male,Kerala,masters,67.8,269000.0,72,999,1,0,0,1,1,1,62.12,Eligible
BVOBC,22,male,Meghalaya,12th,69.5,237000.0,65,999,1,0,0,1,1,1,62.8,Eligible
BVOBC,21,female,Kerala,bachelors,85.2,167000.0,85,999,1,0,0,1,0,1,79.08,Borderline
BPVGK,14,female,Tamil Nadu,10th,49.7,228000.0,999,999,1,0,0,1,1,1,52.88,Ineligible
ARG45,29,other,Gujarat,masters,50.7,859000.0,78,999,1,0,0,1,1,1,45.28,Ineligible
BPVGK,14,female,Karnataka,10th,72.3,62000.0,999,999,1,0,0,1,1,1,66.92,Eligible
BPVGK,15,male,Meghalaya,10th,89.5,263000.0,999,999,1,0,0,1,1,1,63.8,Ineligible
A023B,25,male,Andhra Pradesh,masters,85.3,638000.0,5,999,1,0,0,1,1,1,69.12,Ineligible
BVOBC,18,male,Karnataka,bachelors,81.3,382000.0,2,999,1,0,0,1,1,1,77.52,Ineligible
AZKMI,33,male,Sikkim,phd,74.3,116000.0,999,4,1,0,0,1,1,1,79.72,Eligible
BVOBC,17,male,Nagaland,12th,57.8,243000.0,88,999,1,0,0,1,1,1,58.12,Eligible
ARG45,23,male,Gujarat,masters,54.4,590000.0,110,999,1,0,0,1,1,1,44.76,Ineligible
A023B,21,male,Nagaland,bachelors,83.7,466000.0,1,999,1,0,0,1,1,1,73.48,Eligible
BVOBC,23,female,Arunachal Pradesh,bachelors,66.6,303000.0,72,999,1,0,0,1,1,1,66.64,Ineligible
ARG45,23,female,Maharashtra,masters,59.1,667000.0,140,999,1,0,0,1,1,1,46.64,Eligible
BPVGK,16,male,Tripura,10th,92.8,68000.0,999,999,1,0,0,1,1,0,70.12,Borderline
BVOBC,24,other,Karnataka,12th,95.6,131000.0,95,999,1,0,0,1,1,1,78.24,Eligible
AZKMI,21,male,Mizoram,postdoc,81.5,526000.0,999,1,1,0,0,1,1,1,72.6,Eligible
BVOBC,21,female,Andhra Pradesh,bachelors,56.7,72000.0,95,999,1,0,0,1,1,1,67.68,Eligible
BPVGK,17,male,Manipur,10th,94.0,262000.0,999,999,1,0,0,1,1,1,65.6,Ineligible
BPVGK,14,female,Arunachal Pradesh,10th,46.6,162000.0,999,999,1,0,0,1,1,1,56.64,Ineligible
BVOBC,23,female,Mizoram,bachelors,74.3,66000.0,65,999,1,0,0,1,1,1,74.72,Eligible
AZKMI,37,female,Sikkim,phd,81.2,801000.0,999,6,1,0,0,1,1,1,72.48,Ineligible
ARG45,34,other,Arunachal Pradesh,phd,84.8,494000.0,110,999,0,0,0,1,1,1,56.92,Ineligible
A023B,22,female,Gujarat,masters,77.5,640000.0,85,999,1,0,0,1,1,1,61.0,Ineligible
AZKMI,28,male,Gujarat,phd,64.2,593000.0,999,32,1,0,0,1,1,1,65.68,Eligible
BPVGK,14,female,Maharashtra,10th,82.4,294000.0,999,999,1,0,0,1,1,1,65.96,Ineligible
A023B,21,female,Tamil Nadu,bachelors,87.6,634000.0,65,999,1,0,0,1,1,1,65.04,Ineligible
BVOBC,18,female,Telangana,bachelors,56.1,298000.0,78,999,1,0,0,1,1,1,62.44,Ineligible
ARG45,28,male,Tamil Nadu,phd,79.6,570000.0,250,999,1,0,0,1,1,1,54.84,Eligible
ARG45,33,female,Gujarat,phd,84.8,105000.0,2,999,0,0,0,1,0,1,88.92,Ineligible
BPVGK,15,female,Tamil Nadu,10th,84.6,86000.0,999,999,1,0,0,1,1,1,71.84,Eligible
ARG45,27,female,Manipur,masters,63.5,637000.0,85,999,1,0,0,1,1,1,55.4,Eligible
A023B,20,female,Maharashtra,masters,74.0,685000.0,85,999,1,0,0,1,1,1,59.6,Ineligible
A023B,18,female,Rajasthan,bachelors,73.1,352000.0,2,999,1,0,0,1,1,1,79.24,Eligible
AZKMI,35,male,Chhattisgarh,masters,62.4,858000.0,999,650,1,0,0,1,1,1,39.96,Ineligible
A023B,21,female,Telangana,bachelors,82.1,441000.0,110,999,1,0,0,1,1,1,60.84,Ineligible
BVOBC,19,male,Arunachal Pradesh,12th,80.3,319000.0,140,999,1,0,0,1,1,1,60.12,Ineligible
BVOBC,17,male,Maharashtra,12th,92.0,46000.0,110,999,1,0,0,1,1,1,69.8,Eligible
BVOBC,23,male,Meghalaya,12th,65.9,317000.0,1,999,1,0,0,1,0,1,71.36,Ineligible
BPVGK,15,female,Tripura,10th,62.1,286000.0,999,999,1,0,0,1,1,1,57.84,Ineligible
ARG45,23,female,Meghalaya,masters,84.8,850000.0,140,999,1,0,0,1,1,1,56.92,Eligible
BVOBC,22,male,Manipur,bachelors,89.2,316000.0,110,999,1,0,0,1,1,1,63.68,Ineligible
BVOBC,22,female,Odisha,12th,47.0,334000.0,140,999,1,1,40,1,1,1,56.8,Ineligible
BVOBC,24,male,Arunachal Pradesh,12th,72.4,244000.0,5,999,1,0,0,1,1,0,73.96,Borderline
AZKMI,31,male,Odisha,postdoc,95.0,649000.0,999,4,1,0,0,1,1,1,73.0,Ineligible
AZKMI,27,male,Chhattisgarh,postdoc,61.7,241000.0,999,3,1,0,0,1,1,1,69.68,Eligible
AZKMI,31,male,Jharkhand,masters,75.2,178000.0,999,14,1,0,0,1,1,1,80.08,Eligible
ARG45,24,male,Telangana,masters,65.0,895000.0,1,999,1,0,0,1,1,1,61.0,Eligible
A023B,23,male,Madhya Pradesh,bachelors,55.4,257000.0,2,999,1,0,0,1,1,1,67.16,Eligible
ARG45,29,male,Assam,masters,57.5,581000.0,72,999,1,0,0,1,1,1,53.0,Eligible
BVOBC,20,male,Arunachal Pradesh,12th,55.7,139000.0,88,999,1,0,0,1,1,1,62.28,Eligible
A023B,23,male,Nagaland,bachelors,55.6,562000.0,6,999,1,0,0,1,1,1,62.24,Eligible
ARG45,25,male,Manipur,phd,77.2,359000.0,2,999,1,0,0,1,1,1,75.88,Eligible
BPVGK,16,female,Karnataka,10th,50.7,184000.0,999,999,1,0,0,1,1,1,58.28,Eligible
BVOBC,19,female,Maharashtra,bachelors,86.5,313000.0,5,999,1,0,0,0,1,0,84.6,Ineligible
BVOBC,17,male,Tripura,12th,50.6,41000.0,1,999,1,0,0,1,1,1,70.24,Eligible
ARG45,33,male,Arunachal Pradesh,masters,53.3,863000.0,1,999,1,0,0,1,1,1,56.32,Ineligible
BPVGK,14,female,Kerala,10th,91.7,203000.0,999,999,1,0,0,1,1,1,69.68,Eligible
A023B,19,female,Sikkim,bachelors,56.3,799000.0,2,999,1,0,0,1,1,1,62.52,Ineligible
BPVGK,16,female,Mizoram,10th,52.9,74000.0,999,999,1,1,52,1,1,1,64.16,Eligible
BPVGK,16,female,Tamil Nadu,10th,71.3,60000.0,999,999,1,1,69,1,1,1,71.52,Eligible
A023B,24,male,Sikkim,masters,66.0,725000.0,65,999,1,0,0,1,1,1,51.4,Ineligible
BPVGK,15,female,Sikkim,10th,87.9,221000.0,999,999,1,0,0,1,1,1,68.16,Eligible
A023B,20,male,Arunachal Pradesh,masters,74.3,336000.0,6,999,1,0,0,1,1,1,74.72,Eligible
A023B,23,female,Andhra Pradesh,bachelors,80.5,548000.0,85,999,1,0,0,1,1,1,67.2,Eligible
A023B,21,male,Odisha,masters,61.5,442000.0,1,999,1,0,0,1,1,1,64.6,Eligible
BPVGK,14,male,Telangana,10th,63.1,296000.0,999,999,1,0,0,1,1,1,53.24,Ineligible
ARG45,31,male,Meghalaya,masters,79.9,342000.0,88,999,1,0,0,1,1,1,66.96,Eligible
ARG45,27,male,Tripura,masters,88.6,300000.0,2,999,1,0,0,1,1,1,80.44,Eligible
BVOBC,24,female,Andhra Pradesh,12th,80.0,253000.0,88,999,1,0,0,1,1,1,72.0,Ineligible
AZKMI,24,male,Maharashtra,postdoc,63.0,720000.0,999,4,1,0,0,1,1,1,60.2,Ineligible
ARG45,33,male,Tripura,phd,72.0,115000.0,2,999,1,0,0,1,1,1,78.8,Eligible
AZKMI,33,female,Meghalaya,phd,57.7,802000.0,999,32,1,0,0,1,1,1,63.08,Ineligible
A023B,25,male,Tamil Nadu,masters,93.3,772000.0,95,999,0,0,0,1,1,0,62.32,Ineligible
BPVGK,17,male,Chhattisgarh,10th,68.5,76000.0,999,999,1,0,0,1,1,1,60.4,Eligible
A023B,21,male,Madhya Pradesh,masters,91.9,536000.0,110,999,1,0,0,1,1,1,59.76,Ineligible
BPVGK,16,female,Arunachal Pradesh,10th,63.7,151000.0,999,999,1,0,0,1,0,1,63.48,Borderline
BVOBC,21,female,Madhya Pradesh,bachelors,92.2,61000.0,95,999,1,0,0,1,1,1,81.88,Eligible
ARG45,23,male,Chhattisgarh,phd,68.1,100000.0,1,999,0,0,0,0,1,1,77.24,Ineligible
ARG45,23,female,Karnataka,masters,60.7,292000.0,3,999,1,0,0,1,1,1,74.28,Eligible
BVOBC,18,male,Odisha,12th,79.0,296000.0,6,999,1,0,0,1,1,1,76.6,Ineligible
ARG45,23,female,Chhattisgarh,phd,91.8,519000.0,1,999,1,0,0,1,0,1,81.72,Borderline
BPVGK,14,female,Meghalaya,10th,47.3,219000.0,999,999,1,0,0,1,1,1,51.92,Ineligible
A023B,23,female,Odisha,bachelors,56.3,484000.0,2,999,1,0,0,1,1,1,67.52,Eligible
ARG45,35,male,Andhra Pradesh,phd,89.7,507000.0,140,999,1,0,0,1,1,1,58.88,Eligible
BVOBC,20,male,Telangana,12th,75.1,394000.0,1,999,1,0,0,1,1,1,75.04,Ineligible
ARG45,30,male,Assam,phd,60.6,798000.0,1,999,1,0,0,1,1,1,59.24,Eligible
BVOBC,24,male,Nagaland,12th,45.7,65000.0,59,999,1,0,0,1,1,1,58.28,Ineligible
A023B,18,female,Assam,bachelors,61.9,283000.0,1,999,1,0,0,1,1,1,74.76,Eligible
BPVGK,14,male,Chhattisgarh,10th,68.2,187000.0,999,999,1,0,0,1,1,1,60.28,Eligible
AZKMI,29,female,Arunachal Pradesh,masters,65.6,575000.0,999,6,1,0,0,1,1,1,71.24,Eligible
ARG45,31,female,Sikkim,masters,74.6,455000.0,65,999,1,0,0,1,1,1,64.84,Eligible
AZKMI,21,female,Rajasthan,masters,52.9,485000.0,999,650,1,1,74,1,1,1,51.16,Ineligible
A023B,19,female,Madhya Pradesh,bachelors,88.3,599000.0,3,999,1,0,0,1,1,0,80.32,Borderline
A023B,22,male,Arunachal Pradesh,bachelors,89.0,679000.0,88,999,1,0,0,1,1,1,60.6,Ineligible
BVOBC,21,male,Gujarat,bachelors,77.2,113000.0,59,999,1,0,0,1,0,1,70.88,Borderline
BPVGK,17,female,Karnataka,10th,85.8,237000.0,999,999,1,0,0,1,1,0,67.32,Borderline
BPVGK,16,male,Tripura,10th,63.5,180000.0,999,999,1,0,0,1,1,1,58.4,Eligible
A023B,25,male,Meghalaya,masters,66.0,139000.0,1,999,1,0,0,0,1,1,76.4,Ineligible
A023B,20,female,Meghalaya,masters,88.6,626000.0,5,999,1,0,0,1,1,1,75.44,Ineligible
BPVGK,15,female,Manipur,10th,93.9,121000.0,999,999,1,0,0,1,1,1,75.56,Eligible
A023B,24,male,Manipur,masters,92.2,369000.0,65,999,1,0,0,0,1,1,71.88,Ineligible
ARG45,26,female,Tripura,masters,94.7,271000.0,6,999,1,0,0,1,1,1,87.88,Eligible
BVOBC,19,male,Mizoram,bachelors,71.8,301000.0,3,999,1,0,0,1,1,0,73.72,Ineligible
ARG45,36,female,Chhattisgarh,phd,63.5,389000.0,140,999,1,0,0,1,1,1,58.4,Eligible
BPVGK,17,female,Nagaland,10th,90.5,50000.0,999,999,1,0,0,1,1,1,74.2,Eligible
AZKMI,22,female,Gujarat,phd,62.1,597000.0,999,32,1,0,0,1,1,1,69.84,Eligible
AZKMI,32,male,Assam,phd,73.5,794000.0,999,6,0,0,0,1,0,1,64.4,Ineligible
A023B,18,other,Andhra Pradesh,bachelors,86.0,374000.0,1,999,1,0,0,1,1,1,79.4,Eligible
BVOBC,21,male,Arunachal Pradesh,bachelors,91.6,156000.0,78,999,1,0,0,1,1,1,76.64,Eligible
AZKMI,32,female,Karnataka,phd,94.4,712000.0,999,3,1,0,0,0,1,1,77.76,Ineligible
BVOBC,24,female,Kerala,bachelors,74.4,287000.0,1,999,1,0,0,1,1,1,79.76,Ineligible
A023B,22,female,Karnataka,masters,57.3,556000.0,65,999,1,0,0,1,1,1,57.92,Eligible
BPVGK,17,male,Madhya Pradesh,10th,53.3,149000.0,999,999,1,0,0,1,1,1,54.32,Eligible
A023B,22,female,Chhattisgarh,masters,55.7,225000.0,72,999,1,0,0,1,1,1,62.28,Eligible
BPVGK,15,male,Manipur,10th,69.4,195000.0,999,999,1,1,48,1,1,1,65.76,Eligible
ARG45,32,male,Madhya Pradesh,phd,51.3,256000.0,59,999,1,0,0,1,1,1,55.52,Ineligible
ARG45,24,female,Meghalaya,masters,54.1,819000.0,1,999,0,0,0,1,1,1,61.64,Ineligible
AZKMI,30,male,Maharashtra,phd,50.7,692000.0,999,37,1,1,44,1,0,1,60.28,Ineligible
BVOBC,22,female,Odisha,bachelors,91.8,102000.0,65,999,1,0,0,1,1,1,81.72,Eligible
A023B,20,female,Sikkim,masters,86.9,567000.0,5,999,1,0,0,1,1,1,79.76,Eligible
BPVGK,15,male,Karnataka,10th,76.7,110000.0,999,999,1,0,0,1,1,1,63.68,Eligible
A023B,18,male,Assam,bachelors,76.2,737000.0,72,999,1,0,0,1,1,1,55.48,Ineligible
ARG45,29,female,Arunachal Pradesh,masters,50.2,508000.0,250,999,1,0,0,1,1,1,48.08,Ineligible
A023B,21,female,Tamil Nadu,bachelors,60.3,299000.0,3,999,1,0,0,1,0,1,74.12,Borderline
A023B,24,female,Meghalaya,bachelors,88.8,467000.0,6,999,1,1,49,1,1,1,85.52,Eligible
ARG45,24,female,Rajasthan,phd,59.2,220000.0,2,999,1,0,0,1,1,1,73.68,Eligible
ARG45,36,female,Odisha,masters,60.5,211000.0,2,999,1,0,0,0,1,1,74.2,Ineligible
ARG45,35,male,Tripura,masters,91.9,572000.0,5,999,1,0,0,1,1,1,76.76,Eligible
AZKMI,28,male,Jharkhand,phd,69.2,395000.0,999,6,1,1,60,1,1,1,77.68,Eligible
BVOBC,23,male,Mizoram,bachelors,83.3,92000.0,72,999,1,0,0,1,1,1,73.32,Eligible
BVOBC,17,female,Meghalaya,bachelors,95.8,261000.0,88,999,1,0,0,1,1,1,78.32,Ineligible
ARG45,24,female,Manipur,masters,66.1,437000.0,110,999,1,0,0,1,1,1,54.44,Eligible
BVOBC,22,female,Jharkhand,bachelors,74.8,338000.0,2,999,1,0,0,1,1,1,79.92,Ineligible
ARG45,36,male,Odisha,phd,72.1,389000.0,1,999,1,0,0,1,1,1,73.84,Eligible
AZKMI,25,male,Andhra Pradesh,masters,93.1,431000.0,999,14,1,0,0,1,1,1,77.24,Eligible
BVOBC,19,female,Arunachal Pradesh,12th,46.7,158000.0,6,999,1,0,0,1,1,1,73.68,Ineligible
BVOBC,20,female,Karnataka,12th,81.7,82000.0,88,999,1,0,0,1,1,1,77.68,Eligible
BVOBC,19,male,Chhattisgarh,bachelors,63.7,303000.0,110,999,1,0,0,1,1,1,53.48,Ineligible
BVOBC,18,female,Assam,bachelors,89.2,307000.0,1,999,1,1,68,1,1,1,90.68,Ineligible
ARG45,23,female,Sikkim,masters,72.4,176000.0,2,999,1,0,0,1,1,1,83.96,Eligible
BVOBC,19,male,Andhra Pradesh,bachelors,92.4,119000.0,95,999,1,0,0,1,1,1,76.96,Eligible
AZKMI,34,male,Tripura,postdoc,91.7,753000.0,999,22,1,0,0,1,1,1,71.68,Ineligible
BPVGK,17,male,Chhattisgarh,10th,60.2,309000.0,999,999,1,0,0,1,1,1,52.08,Ineligible
BVOBC,19,male,Assam,12th,69.7,63000.0,1,999,1,1,55,1,1,1,82.88,Eligible
BVOBC,22,male,Rajasthan,12th,92.1,386000.0,2,999,1,0,0,1,1,1,81.84,Ineligible
A023B,22,female,Jharkhand,bachelors,67.5,81000.0,65,999,1,0,0,0,1,1,72.0,Ineligible
BVOBC,24,male,Odisha,bachelors,53.5,343000.0,6,999,1,0,0,1,1,1,66.4,Ineligible
BVOBC,18,male,Nagaland,12th,70.8,103000.0,95,999,1,0,0,1,1,1,68.32,Eligible
AZKMI,25,male,Arunachal Pradesh,masters,84.7,164000.0,999,650,1,0,0,1,1,1,63.88,Ineligible
A023B,21,male,Odisha,masters,74.2,705000.0,1,999,1,0,0,1,1,1,64.68,Ineligible
BVOBC,17,male,Kerala,12th,75.4,170000.0,85,999,1,0,0,1,1,1,70.16,Eligible
A023B,20,male,Telangana,bachelors,87.8,98000.0,1,999,1,0,0,1,1,1,85.12,Eligible
AZKMI,29,female,Gujarat,postdoc,64.1,490000.0,999,3,1,1,70,1,1,1,75.64,Eligible
BVOBC,19,male,Nagaland,bachelors,92.8,308000.0,2,999,1,0,0,1,1,1,82.12,Ineligible
ARG45,33,male,Nagaland,masters,74.6,689000.0,2,999,1,0,0,1,1,1,64.84,Eligible
BPVGK,14,male,Karnataka,10th,93.6,236000.0,999,999,1,0,0,1,1,1,65.44,Eligible
BPVGK,15,female,Arunachal Pradesh,10th,79.1,177000.0,999,999,1,0,0,1,1,1,69.64,Eligible
BVOBC,20,male,Andhra Pradesh,bachelors,51.5,279000.0,1,999,1,0,0,1,1,1,65.6,Ineligible
BPVGK,14,female,Madhya Pradesh,10th,61.1,184000.0,999,999,1,0,0,1,1,1,62.44,Eligible
BVOBC,20,male,Chhattisgarh,bachelors,72.1,132000.0,250,999,1,0,0,1,1,1,61.84,Eligible
ARG45,29,male,Odisha,phd,88.7,795000.0,1,999,1,0,0,0,1,1,70.48,Ineligible
BVOBC,23,male,Nagaland,12th,74.2,248000.0,65,999,1,0,0,1,1,1,64.68,Eligible
BPVGK,14,female,Jharkhand,10th,47.0,118000.0,999,999,1,0,0,1,1,1,56.8,Ineligible
A023B,19,male,Manipur,bachelors,85.1,775000.0,3,999,1,0,0,1,1,1,69.04,Ineligible
ARG45,33,male,Jharkhand,masters,93.4,80000.0,95,999,1,0,0,1,1,1,77.36,Eligible
ARG45,22,male,Meghalaya,phd,57.8,591000.0,5,999,1,0,0,1,1,1,63.12,Eligible
BPVGK,17,male,Chhattisgarh,10th,63.0,123000.0,999,999,1,0,0,1,1,1,58.2,Eligible
BPVGK,15,male,Tripura,10th,59.7,307000.0,999,999,1,0,0,1,1,1,51.88,Ineligible
A023B,25,male,Tripura,bachelors,58.0,745000.0,65,999,1,0,0,1,1,1,48.2,Ineligible
ARG45,25,female,Gujarat,phd,64.0,615000.0,72,999,1,0,0,1,1,1,55.6,Eligible
ARG45,25,male,Gujarat,masters,60.5,673000.0,250,999,1,0,0,1,1,1,42.2,Eligible
BVOBC,18,male,Maharashtra,12th,56.7,293000.0,72,999,1,0,0,1,1,1,57.68,Ineligible
AZKMI,29,male,Gujarat,postdoc,80.5,875000.0,999,21,1,0,0,1,1,1,67.2,Ineligible
ARG45,23,male,Chhattisgarh,masters,73.8,418000.0,5,999,1,0,0,1,1,1,69.52,Eligible
ARG45,27,male,Arunachal Pradesh,phd,75.4,238000.0,1,999,1,0,0,1,1,0,75.16,Borderline
BPVGK,14,female,Sikkim,10th,80.2,317000.0,999,999,1,0,0,1,1,1,65.08,Ineligible
ARG45,32,male,Tamil Nadu,phd,91.4,279000.0,3,999,1,0,0,1,1,1,81.56,Eligible
A023B,18,female,Kerala,bachelors,58.1,133000.0,2,999,1,0,0,1,1,0,78.24,Borderline
AZKMI,31,female,Rajasthan,postdoc,93.2,698000.0,999,6,1,0,0,1,1,1,77.28,Ineligible
BPVGK,17,male,Sikkim,10th,45.3,271000.0,999,999,1,0,0,1,1,1,46.12,Ineligible
A023B,21,male,Meghalaya,bachelors,71.3,350000.0,2,999,1,0,0,1,1,1,73.52,Eligible
BVOBC,19,female,Tamil Nadu,12th,68.0,104000.0,110,999,1,0,0,1,1,1,65.2,Eligible
ARG45,27,male,Nagaland,masters,76.0,208000.0,2,999,0,0,0,1,1,1,75.4,Ineligible
ARG45,35,male,Manipur,phd,52.8,832000.0,85,999,1,0,0,1,0,1,46.12,Ineligible
BVOBC,20,male,Sikkim,12th,73.1,72000.0,78,999,1,0,0,1,1,1,69.24,Eligible
BPVGK,14,female,Maharashtra,10th,63.6,152000.0,999,999,1,1,47,1,1,1,68.44,Eligible
AZKMI,36,male,Telangana,postdoc,65.0,742000.0,999,22,1,0,0,1,1,1,61.0,Ineligible
ARG45,32,female,Odisha,masters,74.6,745000.0,6,999,1,0,0,1,1,1,69.84,Eligible
BVOBC,19,female,Karnataka,bachelors,52.7,358000.0,2,999,1,1,73,1,1,1,76.08,Ineligible
ARG45,24,female,Manipur,masters,76.7,539000.0,5,999,1,0,0,1,1,1,75.68,Eligible
BVOBC,19,female,Odisha,bachelors,70.9,180000.0,88,999,1,0,0,1,1,1,73.36,Eligible
ARG45,24,female,Gujarat,masters,52.2,461000.0,2,999,1,0,0,1,1,1,65.88,Ineligible
ARG45,33,female,Tripura,phd,70.8,514000.0,95,999,1,0,0,1,1,1,63.32,Eligible
BPVGK,17,male,Maharashtra,10th,90.3,121000.0,999,999,1,0,0,1,1,1,69.12,Eligible
A023B,25,male,Gujarat,masters,72.3,349000.0,85,999,1,0,0,1,1,1,63.92,Eligible
AZKMI,37,female,Odisha,postdoc,92.4,802000.0,999,32,1,0,0,1,1,1,76.96,Ineligible
BVOBC,18,male,Andhra Pradesh,bachelors,75.4,177000.0,59,999,1,0,0,1,1,1,70.16,Eligible
BVOBC,21,female,Karnataka,bachelors,94.5,172000.0,1,999,1,0,0,1,1,1,92.8,Eligible
ARG45,32,male,Gujarat,masters,73.1,819000.0,72,999,0,0,0,1,1,1,54.24,Ineligible
A023B,19,male,Manipur,masters,83.5,133000.0,85,999,1,0,0,1,0,1,73.4,Borderline
A023B,24,female,Odisha,masters,57.5,590000.0,3,999,1,0,0,1,1,1,68.0,Eligible
BVOBC,24,male,Tripura,bachelors,77.1,389000.0,140,999,1,0,0,1,1,1,58.84,Ineligible
BPVGK,15,female,Madhya Pradesh,10th,87.9,145000.0,999,999,1,0,0,1,1,1,73.16,Eligible
BPVGK,16,male,Tripura,10th,88.4,83000.0,999,999,1,0,0,1,1,1,68.36,Eligible
BVOBC,21,male,Telangana,12th,63.1,388000.0,2,999,1,0,0,1,1,1,70.24,Ineligible
A023B,19,male,Jharkhand,masters,72.8,148000.0,140,999,1,0,0,1,1,1,62.12,Ineligible
BVOBC,20,male,Kerala,12th,80.3,345000.0,95,999,1,0,0,1,1,1,67.12,Ineligible
BPVGK,14,female,Gujarat,10th,84.7,247000.0,999,999,1,0,0,1,1,1,66.88,Eligible
AZKMI,26,female,Madhya Pradesh,postdoc,68.7,266000.0,999,650,1,0,0,0,1,1,57.48,Ineligible
A023B,24,female,Assam,masters,82.2,378000.0,59,999,1,0,0,1,1,1,72.88,Eligible
BPVGK,15,female,Manipur,10th,46.2,290000.0,999,999,1,0,0,1,1,0,51.48,Ineligible
ARG45,24,male,Tripura,masters,60.0,617000.0,2,999,1,0,0,1,1,1,59.0,Eligible
A023B,22,male,Chhattisgarh,masters,55.0,382000.0,110,999,1,0,0,1,1,1,50.0,Ineligible
BPVGK,15,female,Karnataka,10th,45.2,45000.0,999,999,1,0,0,1,1,1,56.08,Ineligible
BPVGK,17,male,Meghalaya,10th,52.7,101000.0,999,999,1,0,0,1,1,1,54.08,Eligible
AZKMI,33,female,Meghalaya,postdoc,62.3,674000.0,999,14,1,0,0,1,1,1,64.92,Ineligible
A023B,25,male,Telangana,masters,93.9,713000.0,6,999,1,0,0,1,1,1,72.56,Ineligible
ARG45,29,female,Manipur,masters,89.3,893000.0,2,999,1,1,78,1,1,1,80.72,Eligible
BPVGK,15,male,Arunachal Pradesh,10th,86.7,65000.0,999,999,1,0,0,1,1,1,67.68,Eligible
BVOBC,21,female,Kerala,bachelors,54.8,103000.0,6,999,1,0,0,1,1,1,76.92,Eligible
AZKMI,25,male,Manipur,postdoc,88.0,762000.0,999,14,1,0,0,1,1,1,70.2,Ineligible
BPVGK,16,female,Nagaland,10th,77.1,202000.0,999,999,1,0,0,1,1,1,63.84,Eligible
BVOBC,22,male,Karnataka,12th,93.3,160000.0,5,999,1,1,43,1,1,1,92.32,Eligible
AZKMI,38,male,Maharashtra,postdoc,90.2,969000.0,999,2,1,0,0,1,1,1,71.08,Ineligible
A023B,20,female,Kerala,bachelors,94.7,652000.0,2,999,1,0,0,1,1,1,77.88,Ineligible
ARG45,23,male,Kerala,phd,80.0,70000.0,1,999,1,0,0,1,1,1,82.0,Eligible
A023B,24,female,Maharashtra,bachelors,94.7,113000.0,3,999,1,0,0,1,1,1,92.88,Eligible
AZKMI,23,male,Telangana,postdoc,85.4,580000.0,999,21,1,0,0,1,1,1,74.16,Eligible
AZKMI,35,female,Tripura,phd,50.4,704000.0,999,2,1,0,0,1,1,1,60.16,Ineligible
BPVGK,17,female,Andhra Pradesh,10th,58.0,185000.0,999,999,1,0,0,1,1,1,61.2,Eligible
ARG45,30,male,Meghalaya,masters,93.4,452000.0,140,999,1,0,0,1,1,1,60.36,Eligible
ARG45,36,male,Odisha,phd,86.6,226000.0,65,999,1,0,0,1,1,1,69.64,Eligible
ARG45,36,male,Karnataka,masters,73.8,186000.0,72,999,1,0,0,1,1,1,69.52,Eligible
BVOBC,23,male,Karnataka,12th,58.6,72000.0,88,999,1,0,0,1,1,1,63.44,Eligible
ARG45,26,male,Mizoram,phd,69.8,205000.0,95,999,1,0,0,1,1,1,62.92,Eligible
ARG45,36,male,Maharashtra,masters,55.3,438000.0,3,999,0,0,0,1,1,1,62.12,Ineligible
A023B,25,female,Maharashtra,masters,79.0,131000.0,5,999,1,0,0,1,1,1,86.6,Eligible
ARG45,31,male,Telangana,phd,75.5,352000.0,2,999,0,0,0,1,1,1,75.2,Ineligible
ARG45,29,female,Rajasthan,phd,82.6,890000.0,3,999,1,0,0,1,1,1,73.04,Eligible
BVOBC,20,male,Telangana,12th,86.7,309000.0,2,999,1,0,0,1,1,1,79.68,Ineligible
ARG45,22,female,Gujarat,masters,87.0,829000.0,59,999,0,0,0,1,1,1,64.8,Ineligible
BVOBC,18,female,Mizoram,bachelors,53.1,168000.0,140,999,1,1,44,1,1,1,64.24,Eligible
BVOBC,20,female,Rajasthan,bachelors,58.0,233000.0,85,999,1,0,0,1,1,1,63.2,Eligible
A023B,20,female,Arunachal Pradesh,masters,56.8,339000.0,3,999,1,0,0,1,1,1,72.72,Eligible
BVOBC,19,other,Gujarat,12th,92.8,209000.0,95,999,1,0,0,1,1,1,72.12,Eligible
BVOBC,21,male,Gujarat,12th,84.6,304000.0,88,999,1,0,0,1,1,1,68.84,Ineligible
AZKMI,36,female,Maharashtra,phd,94.6,188000.0,999,650,1,0,0,1,1,1,72.84,Ineligible
BVOBC,18,female,Rajasthan,bachelors,63.5,337000.0,110,999,1,0,0,1,1,1,58.4,Ineligible
A023B,24,male,Kerala,masters,88.0,685000.0,6,999,1,0,0,1,1,1,70.2,Ineligible
ARG45,35,female,Maharashtra,phd,60.6,218000.0,72,999,1,0,0,1,1,1,64.24,Eligible
A023B,18,male,Chhattisgarh,masters,62.2,99000.0,5,999,1,0,0,1,1,1,74.88,Eligible
AZKMI,26,male,Rajasthan,phd,58.1,851000.0,999,32,1,0,0,1,1,1,58.24,Ineligible
ARG45,35,male,Sikkim,masters,91.4,371000.0,1,999,0,0,0,1,1,1,81.56,Ineligible
A023B,21,female,Assam,bachelors,61.1,131000.0,5,999,1,0,0,1,0,1,79.44,Borderline
BVOBC,23,male,Arunachal Pradesh,bachelors,70.6,83000.0,95,999,1,0,0,1,1,1,68.24,Eligible
BPVGK,16,male,Rajasthan,10th,80.3,269000.0,999,999,1,0,0,1,1,1,60.12,Ineligible
BVOBC,21,female,Manipur,12th,48.6,299000.0,85,999,1,0,0,1,1,1,59.44,Ineligible
BPVGK,16,male,Maharashtra,10th,89.0,83000.0,999,999,1,0,0,1,1,1,68.6,Eligible
ARG45,22,male,Sikkim,masters,95.0,767000.0,3,999,1,0,0,1,1,1,73.0,Eligible
BVOBC,22,female,Tamil Nadu,bachelors,86.7,217000.0,6,999,1,0,0,1,0,1,84.68,Borderline
BVOBC,18,male,Gujarat,bachelors,52.5,276000.0,88,999,1,0,0,1,0,1,56.0,Ineligible
ARG45,23,female,Odisha,phd,52.8,74000.0,1,999,1,0,0,1,1,1,76.12,Ineligible
A023B,20,male,Mizoram,bachelors,73.1,583000.0,2,999,0,0,0,1,1,1,69.24,Ineligible
BVOBC,17,male,Assam,12th,66.8,217000.0,5,999,1,0,0,1,1,1,71.72,Eligible
AZKMI,27,female,Chhattisgarh,phd,60.3,476000.0,999,21,1,0,0,1,1,1,69.12,Eligible
ARG45,33,female,Odisha,phd,84.7,303000.0,65,999,1,0,0,1,1,1,73.88,Eligible
AZKMI,35,male,Odisha,postdoc,54.4,931000.0,999,2,1,0,0,1,1,1,56.76,Ineligible
A023B,19,male,Rajasthan,masters,68.0,564000.0,95,999,1,0,0,1,1,1,57.2,Eligible
BPVGK,17,female,Odisha,10th,65.9,233000.0,999,999,1,0,0,1,1,1,59.36,Eligible
ARG45,25,male,Manipur,masters,53.3,581000.0,1,999,0,0,0,1,1,1,61.32,Ineligible
BPVGK,17,male,Rajasthan,10th,82.0,59000.0,999,999,1,0,0,1,1,1,65.8,Eligible
BPVGK,15,male,Maharashtra,10th,50.9,35000.0,999,999,1,0,0,1,1,1,53.36,Eligible
AZKMI,32,female,Arunachal Pradesh,postdoc,70.6,322000.0,999,22,1,0,0,1,1,1,78.24,Eligible
ARG45,30,female,Mizoram,phd,51.5,750000.0,59,999,0,0,0,1,0,1,50.6,Ineligible
ARG45,28,female,Sikkim,phd,79.7,680000.0,1,999,1,0,0,1,1,1,71.88,Eligible
ARG45,35,female,Tripura,phd,60.0,867000.0,65,999,0,0,0,1,0,1,54.0,Ineligible
ARG45,34,female,Kerala,phd,90.7,846000.0,5,999,1,0,0,1,1,1,76.28,Eligible
ARG45,33,male,Sikkim,phd,91.5,185000.0,78,999,1,0,0,1,1,1,76.6,Eligible
ARG45,24,female,Assam,phd,93.0,820000.0,65,999,1,0,0,1,1,1,67.2,Eligible
ARG45,27,male,Assam,masters,76.4,360000.0,5,999,0,0,0,1,1,1,75.56,Ineligible
ARG45,35,female,Mizoram,masters,65.5,533000.0,6,999,1,0,0,1,1,1,71.2,Eligible
BVOBC,24,female,Tripura,bachelors,66.8,193000.0,72,999,1,0,0,1,1,1,71.72,Eligible
BVOBC,22,female,Jharkhand,12th,47.4,140000.0,6,999,1,0,0,1,1,1,73.96,Ineligible
AZKMI,30,female,Odisha,postdoc,82.3,409000.0,999,1,1,0,0,1,1,1,77.92,Eligible
BVOBC,21,male,Andhra Pradesh,12th,61.8,208000.0,140,999,1,0,0,1,1,1,52.72,Eligible
ARG45,22,male,Telangana,masters,91.2,777000.0,95,999,1,1,60,1,1,1,66.48,Eligible
A023B,24,male,Andhra Pradesh,masters,81.9,214000.0,5,999,1,0,0,1,1,1,77.76,Eligible
A023B,20,female,Jharkhand,masters,85.3,573000.0,1,999,1,0,0,1,1,1,79.12,Eligible
ARG45,26,male,Andhra Pradesh,masters,61.3,314000.0,5,999,0,0,0,1,1,1,69.52,Ineligible
BVOBC,17,male,Odisha,bachelors,50.3,233000.0,88,999,1,0,0,1,1,1,55.12,Eligible
BVOBC,24,female,Chhattisgarh,12th,57.8,313000.0,95,999,1,0,0,1,1,1,63.12,Ineligible
BVOBC,19,female,Gujarat,bachelors,51.8,286000.0,1,999,1,0,0,1,1,1,70.72,Ineligible
ARG45,35,male,Meghalaya,masters,80.7,640000.0,95,999,0,0,0,1,1,1,57.28,Ineligible
BVOBC,21,female,Andhra Pradesh,12th,62.9,194000.0,2,999,1,0,0,1,1,1,80.16,Eligible
A023B,22,female,Rajasthan,bachelors,61.9,614000.0,2,999,1,0,0,1,1,1,64.76,Ineligible
BVOBC,20,male,Sikkim,bachelors,83.7,104000.0,72,999,1,0,0,1,1,1,73.48,Eligible
BPVGK,15,female,Rajasthan,10th,81.9,174000.0,999,999,1,0,0,0,1,1,70.76,Ineligible
ARG45,25,male,Andhra Pradesh,phd,90.2,645000.0,6,999,1,1,78,1,1,1,76.08,Eligible
BVOBC,22,male,Odisha,12th,57.7,69000.0,88,999,1,0,0,1,1,1,63.08,Eligible
BVOBC,24,female,Assam,bachelors,49.8,56000.0,59,999,1,0,0,1,1,1,64.92,Ineligible
ARG45,29,male,Rajasthan,phd,57.1,791000.0,2,999,1,0,0,1,1,1,57.84,Eligible
AZKMI,34,male,Andhra Pradesh,masters,51.0,495000.0,999,8,1,0,0,1,1,1,60.4,Ineligible
AZKMI,35,female,Manipur,postdoc,50.5,668000.0,999,14,1,0,0,1,1,1,60.2,Ineligible
BPVGK,16,female,Sikkim,10th,56.6,231000.0,999,999,1,0,0,1,1,1,55.64,Eligible
BVOBC,24,female,Chhattisgarh,12th,47.6,331000.0,2,999,1,0,0,1,1,1,69.04,Ineligible
A023B,21,male,Chhattisgarh,bachelors,82.5,512000.0,1,999,1,0,0,1,0,1,73.0,Borderline
A023B,25,male,Jharkhand,bachelors,59.1,132000.0,2,999,1,0,0,1,1,1,73.64,Eligible
AZKMI,21,male,Rajasthan,phd,76.2,408000.0,999,22,1,0,0,1,1,1,70.48,Eligible
BPVGK,16,female,Rajasthan,10th,94.3,137000.0,999,999,1,0,0,1,1,1,75.72,Eligible
A023B,18,male,Mizoram,bachelors,84.9,232000.0,1,999,1,0,0,1,0,1,78.96,Borderline
BVOBC,23,male,Assam,bachelors,56.9,333000.0,6,999,1,0,0,1,1,1,67.76,Ineligible
A023B,22,male,Rajasthan,bachelors,81.2,479000.0,2,999,1,0,0,1,1,1,72.48,Eligible
ARG45,34,female,Karnataka,masters,92.1,291000.0,140,999,1,0,0,1,1,1,69.84,Eligible
BVOBC,19,female,Andhra Pradesh,bachelors,84.6,392000.0,250,999,1,0,0,1,1,1,66.84,Ineligible
BPVGK,15,male,Kerala,10th,93.4,76000.0,999,999,1,0,0,1,0,1,70.36,Borderline
BPVGK,17,female,Tripura,10th,71.1,73000.0,999,999,1,0,0,1,1,1,66.44,Eligible
BPVGK,16,male,Odisha,10th,61.5,289000.0,999,999,1,0,0,1,1,1,52.6,Ineligible
A023B,24,female,Rajasthan,masters,71.4,369000.0,3,999,1,0,0,1,1,1,78.56,Eligible
A023B,21,male,Chhattisgarh,masters,87.3,528000.0,59,999,1,0,0,1,1,1,64.92,Eligible
BVOBC,20,female,Telangana,12th,73.6,83000.0,1,999,1,0,0,1,1,1,84.44,Eligible
BPVGK,16,male,Telangana,10th,69.9,197000.0,999,999,1,0,0,1,1,1,60.96,Eligible
BVOBC,17,male,Tamil Nadu,12th,50.9,154000.0,85,999,1,0,0,1,1,1,60.36,Eligible
ARG45,24,female,Tripura,phd,50.5,791000.0,95,999,1,0,0,1,1,1,50.2,Ineligible
AZKMI,22,male,Meghalaya,postdoc,53.0,211000.0,999,14,1,1,67,1,1,1,71.2,Ineligible
A023B,25,male,Assam,bachelors,82.7,378000.0,3,999,1,0,0,0,1,0,78.08,Borderline
A023B,23,female,Nagaland,masters,92.0,387000.0,1,999,1,0,0,1,1,1,86.8,Eligible
ARG45,25,male,Manipur,phd,63.1,422000.0,6,999,1,0,0,1,1,1,65.24,Eligible
A023B,25,female,Nagaland,masters,94.8,726000.0,1,999,1,1,74,1,1,1,82.92,Ineligible
ARG45,34,female,Meghalaya,masters,57.8,203000.0,6,999,1,0,0,1,1,1,73.12,Eligible
BPVGK,16,male,Nagaland,10th,88.1,78000.0,999,999,1,0,0,1,1,1,68.24,Eligible
ARG45,32,male,Arunachal Pradesh,masters,79.5,363000.0,72,999,0,0,0,1,1,1,66.8,Ineligible
A023B,22,female,Nagaland,masters,75.4,266000.0,5,999,1,0,0,0,1,1,80.16,Ineligible
BPVGK,15,male,Meghalaya,10th,45.0,183000.0,999,999,1,0,0,1,1,1,51.0,Ineligible
ARG45,23,male,Gujarat,phd,89.8,271000.0,3,999,1,0,0,1,1,1,80.92,Eligible
AZKMI,28,female,Madhya Pradesh,masters,80.5,411000.0,999,650,1,0,0,1,1,1,57.2,Ineligible
BPVGK,15,male,Gujarat,10th,71.4,161000.0,999,999,1,1,55,1,1,1,66.56,Eligible
BVOBC,19,male,Madhya Pradesh,bachelors,86.3,330000.0,88,999,1,0,0,1,1,1,69.52,Ineligible
A023B,21,female,Gujarat,masters,81.6,122000.0,5,999,1,0,0,1,1,1,87.64,Eligible
AZKMI,34,male,Rajasthan,postdoc,61.0,841000.0,999,21,1,0,0,0,1,1,59.4,Ineligible
A023B,23,female,Karnataka,masters,62.0,336000.0,2,999,1,0,0,0,1,1,74.8,Ineligible
ARG45,29,male,Nagaland,phd,58.1,62000.0,59,999,1,0,0,1,1,1,63.24,Eligible
ARG45,27,male,Chhattisgarh,phd,77.7,151000.0,59,999,1,0,0,1,1,1,71.08,Eligible
A023B,24,male,Jharkhand,masters,84.9,300000.0,110,999,1,0,0,1,1,1,61.96,Ineligible
BVOBC,22,female,Chhattisgarh,bachelors,90.7,232000.0,1,999,1,0,0,1,1,1,86.28,Eligible
BVOBC,23,male,Gujarat,12th,94.0,297000.0,140,999,1,0,0,1,0,1,65.6,Ineligible
ARG45,26,male,Madhya Pradesh,phd,57.5,353000.0,5,999,1,0,0,1,1,1,68.0,Eligible
A023B,21,male,Tamil Nadu,bachelors,93.3,624000.0,3,999,1,0,0,1,1,1,72.32,Ineligible
BVOBC,20,female,Assam,bachelors,80.9,398000.0,88,999,1,0,0,1,1,1,72.36,Ineligible
BVOBC,21,male,Jharkhand,12th,77.3,217000.0,59,999,1,0,0,0,1,1,65.92,Ineligible
ARG45,22,male,Kerala,masters,87.9,824000.0,3,999,1,0,0,1,1,1,70.16,Eligible
BVOBC,23,male,Sikkim,bachelors,88.4,227000.0,6,999,1,0,0,1,1,1,80.36,Eligible
AZKMI,23,male,Odisha,postdoc,82.4,552000.0,999,32,1,0,0,1,0,0,72.96,Borderline
BPVGK,14,male,Manipur,10th,78.6,229000.0,999,999,1,0,0,1,0,0,59.44,Borderline
A023B,19,male,Arunachal Pradesh,bachelors,76.0,203000.0,2,999,1,0,0,1,1,1,75.4,Eligible
A023B,18,male,Arunachal Pradesh,bachelors,88.4,664000.0,2,999,1,0,0,1,1,1,70.36,Ineligible
ARG45,22,female,Jharkhand,phd,74.2,291000.0,59,999,1,0,0,1,1,1,69.68,Eligible
BVOBC,24,male,Maharashtra,bachelors,69.8,303000.0,95,999,1,0,0,1,1,1,62.92,Ineligible
AZKMI,32,male,Karnataka,masters,55.2,512000.0,999,4,0,0,0,1,1,1,62.08,Ineligible
BVOBC,18,female,Assam,12th,50.2,332000.0,1,999,1,0,0,1,1,1,70.08,Ineligible
AZKMI,34,male,Rajasthan,masters,93.9,308000.0,999,650,1,0,0,1,1,0,62.56,Ineligible
BVOBC,22,female,Nagaland,bachelors,75.1,64000.0,2,999,1,0,0,1,1,1,85.04,Eligible
BPVGK,17,male,Maharashtra,10th,49.1,303000.0,999,999,1,0,0,1,1,1,47.64,Ineligible
BVOBC,21,female,Jharkhand,bachelors,45.9,332000.0,85,999,1,0,0,1,1,1,58.36,Ineligible
A023B,19,male,Mizoram,masters,77.8,274000.0,1,999,1,0,0,1,1,1,76.12,Eligible
A023B,23,female,Andhra Pradesh,bachelors,58.4,453000.0,2,999,1,0,0,1,1,1,68.36,Eligible
A023B,20,female,Maharashtra,masters,72.6,328000.0,6,999,1,0,0,1,1,1,79.04,Eligible
ARG45,30,male,Jharkhand,phd,58.2,62000.0,2,999,1,1,56,1,1,1,78.28,Eligible
BVOBC,23,female,Assam,bachelors,60.6,179000.0,1,999,1,0,0,1,1,1,79.24,Eligible
AZKMI,34,female,Karnataka,postdoc,60.1,268000.0,999,4,1,0,0,1,0,1,74.04,Borderline
ARG45,34,female,Rajasthan,masters,86.2,764000.0,85,999,1,0,0,1,1,1,64.48,Eligible
BVOBC,24,male,Andhra Pradesh,bachelors,82.1,101000.0,78,999,1,0,0,1,1,1,72.84,Eligible
ARG45,25,male,Karnataka,phd,57.7,700000.0,6,999,1,1,68,1,1,1,63.08,Eligible
BPVGK,15,male,Tripura,10th,60.6,67000.0,999,999,1,0,0,1,1,1,57.24,Eligible
A023B,25,male,Odisha,bachelors,78.4,690000.0,5,999,1,0,0,1,1,1,66.36,Ineligible
ARG45,34,male,Maharashtra,phd,80.8,489000.0,140,999,1,0,0,1,1,1,55.32,Eligible
ARG45,36,male,Maharashtra,masters,60.5,133000.0,95,999,1,0,0,1,1,1,64.2,Eligible
BPVGK,14,female,Arunachal Pradesh,10th,83.9,316000.0,999,999,1,0,0,1,1,1,66.56,Ineligible
AZKMI,26,female,Tamil Nadu,masters,88.3,508000.0,999,37,1,0,0,1,1,1,80.32,Eligible
BPVGK,15,male,Mizoram,10th,66.4,132000.0,999,999,1,0,0,1,0,1,59.56,Borderline
A023B,21,other,Madhya Pradesh,bachelors,75.6,432000.0,65,999,1,0,0,1,1,1,60.24,Eligible
ARG45,26,female,Meghalaya,phd,51.2,190000.0,2,999,1,0,0,1,1,1,75.48,Ineligible
BPVGK,16,female,Meghalaya,10th,72.6,300000.0,999,999,1,0,0,1,1,1,62.04,Ineligible
BVOBC,19,female,Gujarat,12th,56.9,169000.0,110,999,1,0,0,1,1,1,60.76,Eligible
BVOBC,20,female,Andhra Pradesh,bachelors,61.8,215000.0,110,999,1,0,0,1,1,1,57.72,Eligible
ARG45,27,male,Tamil Nadu,masters,56.9,80000.0,3,999,1,0,0,1,1,1,72.76,Eligible
ARG45,32,female,Jharkhand,masters,58.0,296000.0,3,999,1,0,0,1,0,1,73.2,Borderline
A023B,19,male,Maharashtra,masters,75.2,250000.0,2,999,1,0,0,1,1,1,75.08,Eligible
ARG45,29,female,Manipur,phd,55.0,644000.0,95,999,1,0,0,1,1,1,52.0,Eligible
AZKMI,29,female,Tamil Nadu,masters,76.2,668000.0,999,8,1,0,0,1,1,1,70.48,Ineligible
BVOBC,24,male,Maharashtra,12th,91.4,146000.0,85,999,1,0,0,1,0,1,76.56,Borderline
ARG45,24,male,Jharkhand,masters,64.0,72000.0,2,999,0,0,0,1,1,1,75.6,Ineligible
AZKMI,24,male,Andhra Pradesh,postdoc,70.1,230000.0,999,32,1,0,0,1,1,1,73.04,Eligible
BPVGK,14,male,Madhya Pradesh,10th,84.6,85000.0,999,999,1,0,0,1,1,1,66.84,Eligible
BPVGK,14,male,Arunachal Pradesh,10th,67.4,97000.0,999,999,1,0,0,1,1,1,59.96,Eligible
AZKMI,29,male,Sikkim,masters,56.9,515000.0,999,37,1,0,0,0,1,1,62.76,Ineligible
A023B,23,female,Jharkhand,masters,78.0,745000.0,6,999,1,0,0,0,1,1,71.2,Ineligible
BVOBC,19,female,Meghalaya,12th,66.1,204000.0,85,999,1,0,0,1,1,1,66.44,Eligible
BVOBC,17,male,Madhya Pradesh,12th,63.3,365000.0,6,999,1,0,0,1,1,1,70.32,Ineligible
BPVGK,17,female,Manipur,10th,61.1,292000.0,999,999,1,0,0,1,1,1,57.44,Ineligible
BVOBC,24,male,Tamil Nadu,bachelors,86.0,185000.0,59,999,1,0,0,1,1,1,74.4,Eligible
BPVGK,16,female,Maharashtra,10th,85.1,147000.0,999,999,1,0,0,1,0,1,72.04,Borderline
AZKMI,38,male,Gujarat,phd,54.9,129000.0,999,37,1,0,0,1,1,1,71.96,Ineligible
A023B,22,male,Assam,bachelors,92.8,106000.0,5,999,1,0,0,1,1,1,87.12,Eligible
A023B,20,male,Gujarat,bachelors,88.0,137000.0,250,999,1,0,0,1,1,1,68.2,Ineligible
A023B,21,male,Tamil Nadu,masters,96.2,608000.0,2,999,1,0,0,1,1,1,73.48,Ineligible
A023B,19,female,Karnataka,bachelors,87.7,616000.0,85,999,1,0,0,0,1,1,65.08,Ineligible
AZKMI,27,male,Andhra Pradesh,phd,70.7,567000.0,999,650,1,0,0,1,1,1,48.28,Ineligible
ARG45,26,male,Odisha,phd,84.7,837000.0,1,999,1,0,0,1,1,1,68.88,Eligible
ARG45,34,female,Telangana,masters,85.6,571000.0,85,999,1,0,0,1,1,1,69.24,Eligible
A023B,21,male,Telangana,bachelors,68.2,551000.0,1,999,1,0,0,1,1,1,67.28,Eligible
A023B,18,female,Kerala,masters,94.3,535000.0,3,999,1,0,0,1,1,1,82.72,Eligible
ARG45,30,female,Meghalaya,masters,85.1,578000.0,72,999,1,0,0,1,1,1,69.04,Eligible
BPVGK,17,female,Karnataka,10th,57.3,30000.0,999,999,1,0,0,1,1,1,60.92,Eligible
ARG45,26,male,Kerala,masters,90.4,245000.0,78,999,1,0,0,0,1,1,71.16,Ineligible
ARG45,33,female,Odisha,phd,69.4,662000.0,1,999,1,0,0,1,0,1,67.76,Borderline
A023B,19,female,Nagaland,masters,84.0,665000.0,1,999,1,0,0,1,1,1,73.6,Ineligible
BPVGK,15,female,Odisha,10th,70.0,73000.0,999,999,1,0,0,1,1,1,66.0,Eligible
AZKMI,37,male,Rajasthan,phd,67.0,264000.0,999,2,1,0,0,1,1,1,71.8,Ineligible
ARG45,33,female,Chhattisgarh,masters,55.3,878000.0,6,999,1,0,0,1,1,1,62.12,Eligible
BVOBC,19,female,Andhra Pradesh,12th,79.1,353000.0,2,999,1,0,0,1,0,1,81.64,Ineligible
BVOBC,23,male,Nagaland,bachelors,56.8,244000.0,2,999,1,0,0,1,1,1,67.72,Eligible
BPVGK,14,male,Kerala,10th,66.8,67000.0,999,999,1,0,0,1,1,1,59.72,Eligible
ARG45,34,male,Arunachal Pradesh,masters,57.1,717000.0,1,999,1,0,0,0,1,1,57.84,Ineligible
ARG45,32,female,Kerala,phd,59.7,519000.0,140,999,0,0,0,1,1,1,51.88,Ineligible
BVOBC,22,male,Andhra Pradesh,bachelors,95.5,118000.0,88,999,1,0,0,1,1,1,78.2,Eligible
ARG45,22,female,Gujarat,phd,92.2,294000.0,59,999,1,0,0,1,1,1,76.88,Eligible
ARG45,22,male,Madhya Pradesh,masters,52.6,297000.0,78,999,0,0,0,1,1,1,56.04,Ineligible
AZKMI,33,male,Chhattisgarh,phd,51.7,158000.0,999,21,1,0,0,1,1,1,70.68,Ineligible
BPVGK,17,female,Assam,10th,75.9,155000.0,999,999,1,0,0,1,1,1,68.36,Eligible
BPVGK,16,female,Jharkhand,10th,58.1,67000.0,999,999,1,0,0,0,1,1,61.24,Ineligible
AZKMI,36,female,Arunachal Pradesh,phd,54.4,173000.0,999,21,1,0,0,1,1,1,76.76,Ineligible
BVOBC,19,female,Odisha,12th,81.2,129000.0,72,999,1,0,0,1,1,1,77.48,Eligible
A023B,24,male,Manipur,bachelors,66.8,171000.0,2,999,1,0,0,1,1,1,76.72,Eligible
A023B,25,male,Rajasthan,bachelors,76.6,433000.0,5,999,1,0,0,1,1,1,70.64,Eligible
ARG45,33,male,Tripura,masters,78.5,893000.0,78,999,1,0,0,1,1,1,56.4,Eligible
BPVGK,16,male,Manipur,10th,57.5,69000.0,999,999,1,0,0,1,1,1,56.0,Eligible
BVOBC,21,female,Jharkhand,12th,46.0,127000.0,140,999,1,0,0,1,0,1,56.4,Ineligible
A023B,22,male,Mizoram,masters,61.1,373000.0,2,999,1,0,0,1,1,1,69.44,Eligible
BVOBC,21,male,Telangana,12th,94.0,221000.0,78,999,1,0,0,1,1,1,72.6,Eligible
AZKMI,33,female,Odisha,phd,66.1,848000.0,999,2,1,0,0,1,1,1,66.44,Ineligible
A023B,19,male,Rajasthan,masters,55.1,417000.0,2,999,1,0,0,1,1,1,62.04,Eligible
ARG45,33,male,Tripura,phd,87.4,757000.0,250,999,1,0,0,1,1,1,52.96,Eligible
A023B,18,female,Chhattisgarh,bachelors,55.4,566000.0,6,999,1,0,0,1,1,1,67.16,Eligible
AZKMI,34,female,Rajasthan,masters,53.0,712000.0,999,37,1,0,0,1,1,1,61.2,Ineligible
BVOBC,21,male,Mizoram,bachelors,47.6,252000.0,78,999,1,0,0,1,1,1,54.04,Ineligible
A023B,18,female,Karnataka,masters,87.9,473000.0,72,999,1,0,0,1,0,1,70.16,Borderline
AZKMI,29,male,Arunachal Pradesh,masters,94.4,883000.0,999,4,1,0,0,1,1,1,72.76,Ineligible
AZKMI,37,male,Kerala,postdoc,72.9,741000.0,999,4,1,0,0,1,1,1,64.16,Ineligible
AZKMI,28,female,Assam,postdoc,68.6,304000.0,999,14,1,0,0,0,1,1,77.44,Ineligible
A023B,24,male,Andhra Pradesh,bachelors,75.7,151000.0,85,999,1,0,0,1,1,1,70.28,Eligible
AZKMI,37,male,Meghalaya,phd,60.6,621000.0,999,1,1,0,0,1,1,1,59.24,Ineligible
AZKMI,28,male,Meghalaya,postdoc,86.7,350000.0,999,6,1,0,0,1,1,1,79.68,Eligible
BPVGK,15,male,Kerala,10th,86.3,77000.0,999,999,1,0,0,1,1,1,67.52,Eligible
BVOBC,23,other,Assam,bachelors,60.8,83000.0,65,999,1,0,0,1,1,1,64.32,Eligible
AZKMI,28,female,Odisha,masters,90.2,594000.0,999,650,1,0,0,0,1,1,61.08,Ineligible
AZKMI,22,male,Telangana,phd,64.9,995000.0,999,8,1,0,0,1,1,1,60.96,Ineligible
AZKMI,30,female,Assam,phd,73.9,735000.0,999,2,1,0,0,1,1,1,69.56,Ineligible
ARG45,34,male,Madhya Pradesh,phd,85.8,202000.0,59,999,1,0,0,1,0,1,69.32,Borderline
ARG45,27,female,Jharkhand,phd,69.8,494000.0,78,999,1,0,0,1,0,1,62.92,Borderline
AZKMI,22,female,Mizoram,masters,82.5,818000.0,999,22,0,0,0,1,1,1,73.0,Ineligible
BPVGK,14,male,Odisha,10th,91.9,63000.0,999,999,1,1,43,1,1,1,74.76,Eligible
BVOBC,22,female,Nagaland,12th,70.6,108000.0,1,999,1,1,50,1,1,1,88.24,Eligible
A023B,19,female,Rajasthan,masters,67.3,198000.0,3,999,1,0,0,1,1,1,81.92,Eligible
BVOBC,20,female,Kerala,bachelors,88.2,289000.0,110,999,1,1,62,1,1,1,73.28,Ineligible
AZKMI,28,male,Chhattisgarh,postdoc,86.8,862000.0,999,14,0,0,0,1,1,0,69.72,Ineligible
BVOBC,21,male,Chhattisgarh,bachelors,74.1,94000.0,88,999,1,0,0,1,1,1,69.64,Eligible
BPVGK,16,female,Nagaland,10th,58.3,173000.0,999,999,1,0,0,1,1,1,61.32,Eligible
A023B,19,male,Arunachal Pradesh,masters,87.3,159000.0,78,999,1,0,0,1,1,1,74.92,Eligible
ARG45,23,male,Maharashtra,phd,85.5,618000.0,1,999,1,0,0,1,1,1,69.2,Eligible
BVOBC,21,female,Meghalaya,12th,80.1,162000.0,95,999,1,0,0,1,1,1,77.04,Eligible
A023B,24,female,Meghalaya,masters,88.4,791000.0,5,999,0,0,0,1,1,1,75.36,Ineligible
ARG45,24,female,Arunachal Pradesh,masters,77.5,632000.0,140,999,1,0,0,1,1,1,54.0,Eligible
BPVGK,15,female,Chhattisgarh,10th,81.9,55000.0,999,999,1,0,0,1,1,1,70.76,Eligible
ARG45,30,female,Chhattisgarh,masters,83.8,724000.0,2,999,1,0,0,1,1,1,73.52,Eligible
BPVGK,15,male,Tripura,10th,59.9,225000.0,999,999,1,0,0,0,1,1,51.96,Ineligible
BVOBC,17,female,Meghalaya,12th,92.7,129000.0,1,999,1,0,0,1,1,1,92.08,Eligible
A023B,19,female,Sikkim,masters,68.6,532000.0,65,999,1,0,0,1,1,1,62.44,Eligible
BVOBC,21,male,Meghalaya,12th,49.4,115000.0,1,999,1,0,0,1,0,1,69.76,Ineligible
ARG45,31,female,Odisha,masters,64.2,597000.0,65,999,1,0,0,1,1,1,60.68,Eligible
BVOBC,17,male,Maharashtra,12th,79.2,208000.0,5,999,1,0,0,1,1,1,76.68,Eligible
ARG45,24,male,Telangana,masters,88.9,234000.0,59,999,1,0,0,1,0,1,70.56,Borderline
AZKMI,28,male,Maharashtra,masters,93.9,787000.0,999,14,1,0,0,1,1,1,72.56,Ineligible
BVOBC,22,male,Meghalaya,bachelors,51.9,206000.0,140,999,1,0,0,1,1,1,48.76,Eligible
A023B,23,female,Odisha,bachelors,71.6,750000.0,140,999,1,0,0,0,1,1,51.64,Ineligible
A023B,18,female,Jharkhand,bachelors,78.1,587000.0,5,999,1,0,0,1,1,1,76.24,Eligible
A023B,25,female,Telangana,masters,59.5,301000.0,78,999,1,0,0,1,1,1,63.8,Eligible
BPVGK,15,male,Jharkhand,10th,74.9,58000.0,999,999,1,0,0,1,1,1,62.96,Eligible
A023B,25,male,Mizoram,bachelors,87.1,414000.0,5,999,1,0,0,1,1,1,74.84,Eligible
BVOBC,24,male,Sikkim,bachelors,81.6,290000.0,78,999,1,0,0,1,1,0,67.64,Ineligible
BVOBC,21,female,Arunachal Pradesh,12th,70.9,394000.0,65,999,1,0,0,1,1,1,68.36,Ineligible
ARG45,22,male,Arunachal Pradesh,masters,62.6,169000.0,65,999,1,0,0,1,1,1,65.04,Eligible
ARG45,36,male,Tamil Nadu,phd,72.0,392000.0,3,999,1,0,0,1,1,1,73.8,Eligible
AZKMI,21,female,Karnataka,phd,58.3,156000.0,999,14,1,0,0,1,1,1,78.32,Eligible
ARG45,35,male,Arunachal Pradesh,phd,60.4,806000.0,88,999,1,0,0,1,1,1,49.16,Eligible
ARG45,28,female,Gujarat,masters,55.0,209000.0,3,999,1,0,0,1,1,1,72.0,Eligible
BVOBC,19,other,Gujarat,bachelors,68.8,77000.0,6,999,1,0,0,0,1,1,77.52,Ineligible
BVOBC,19,female,Kerala,12th,64.4,291000.0,5,999,1,0,0,1,1,1,75.76,Ineligible
BVOBC,18,female,Arunachal Pradesh,bachelors,73.6,386000.0,250,999,1,0,0,1,1,1,62.44,Ineligible
ARG45,27,male,Telangana,phd,87.5,342000.0,59,999,0,0,0,1,1,1,70.0,Ineligible
A023B,25,male,Tamil Nadu,masters,82.2,322000.0,3,999,1,0,0,1,1,1,77.88,Eligible
A023B,19,female,Jharkhand,masters,93.2,322000.0,85,999,1,0,0,1,1,1,77.28,Eligible
ARG45,29,female,Chhattisgarh,masters,50.7,371000.0,3,999,0,0,0,1,1,0,70.28,Ineligible
A023B,23,male,Rajasthan,masters,66.4,680000.0,72,999,0,0,0,1,1,1,51.56,Ineligible
AZKMI,24,female,Andhra Pradesh,phd,69.8,328000.0,999,14,1,0,0,1,1,1,77.92,Eligible
A023B,20,male,Gujarat,masters,72.7,282000.0,5,999,1,0,0,1,1,1,74.08,Eligible
A023B,24,female,Mizoram,bachelors,67.1,103000.0,2,999,1,0,0,1,1,1,81.84,Eligible
BPVGK,14,female,Gujarat,10th,64.3,70000.0,999,999,1,0,0,1,1,1,63.72,Eligible
AZKMI,24,female,Manipur,postdoc,63.4,113000.0,999,21,1,0,0,1,1,1,80.36,Eligible
ARG45,28,male,Telangana,masters,66.7,416000.0,1,999,1,0,0,1,1,1,66.68,Eligible
ARG45,27,male,Telangana,phd,75.4,202000.0,5,999,1,0,0,1,1,1,75.16,Eligible
BPVGK,15,male,Arunachal Pradesh,10th,68.4,116000.0,999,999,1,1,73,0,1,1,65.36,Ineligible
AZKMI,30,female,Telangana,postdoc,68.9,267000.0,999,37,1,0,0,1,1,1,77.56,Eligible
ARG45,28,male,Odisha,masters,59.8,113000.0,3,999,0,0,0,1,1,1,73.92,Ineligible
BPVGK,14,male,Nagaland,10th,59.2,154000.0,999,999,1,0,0,1,1,1,56.68,Eligible
ARG45,23,female,Telangana,masters,83.2,731000.0,250,999,1,0,0,1,1,1,56.28,Eligible
AZKMI,34,female,Gujarat,masters,51.1,829000.0,999,4,1,0,0,1,1,1,60.44,Ineligible
A023B,25,female,Gujarat,bachelors,87.6,102000.0,88,999,1,0,0,0,1,1,80.04,Ineligible
ARG45,33,male,Karnataka,phd,78.0,278000.0,2,999,1,0,0,1,1,1,76.2,Eligible
BPVGK,16,female,Maharashtra,10th,72.3,166000.0,999,999,1,0,0,1,1,1,66.92,Eligible
BVOBC,20,female,Arunachal Pradesh,12th,77.1,111000.0,85,999,1,0,0,1,1,1,75.84,Eligible
AZKMI,22,female,Sikkim,postdoc,57.1,587000.0,999,22,1,0,0,1,1,1,67.84,Eligible
AZKMI,30,female,Tamil Nadu,masters,68.7,889000.0,999,22,1,0,0,1,1,1,67.48,Ineligible
BVOBC,21,male,Sikkim,bachelors,77.0,283000.0,88,999,1,0,0,1,1,1,65.8,Ineligible
BPVGK,16,female,Chhattisgarh,10th,53.0,297000.0,999,999,1,0,0,1,1,1,54.2,Ineligible
BVOBC,17,female,Kerala,bachelors,90.8,224000.0,88,999,1,0,0,1,1,1,76.32,Eligible
ARG45,27,female,Sikkim,phd,58.1,224000.0,6,999,1,0,0,1,0,1,73.24,Borderline
BPVGK,16,female,Telangana,10th,45.8,218000.0,999,999,1,0,0,1,1,1,51.32,Ineligible
A023B,19,female,Mizoram,masters,84.9,515000.0,6,999,1,0,0,1,1,1,78.96,Eligible
A023B,19,male,Rajasthan,bachelors,88.1,685000.0,1,999,1,0,0,1,1,1,70.24,Ineligible
A023B,23,male,Maharashtra,masters,73.7,241000.0,1,999,1,0,0,1,1,1,74.48,Eligible
BVOBC,22,male,Andhra Pradesh,bachelors,76.5,114000.0,1,999,1,0,0,1,0,1,80.6,Borderline
AZKMI,28,male,Andhra Pradesh,postdoc,88.8,722000.0,999,8,1,0,0,1,1,1,70.52,Ineligible
BPVGK,17,male,Tamil Nadu,10th,83.5,140000.0,999,999,1,0,0,1,1,1,66.4,Eligible
BVOBC,18,female,Karnataka,12th,72.4,42000.0,1,999,1,0,0,1,1,1,83.96,Eligible
BVOBC,22,female,Rajasthan,bachelors,88.2,289000.0,95,999,1,0,0,1,1,1,75.28,Ineligible
AZKMI,26,female,Chhattisgarh,masters,91.1,973000.0,999,1,1,0,0,1,1,1,76.44,Ineligible
AZKMI,33,male,Mizoram,postdoc,71.9,598000.0,999,14,1,0,0,1,1,1,68.76,Eligible
AZKMI,28,female,Andhra Pradesh,phd,70.1,500000.0,999,37,1,0,0,1,1,1,73.04,Eligible
AZKMI,21,female,Maharashtra,phd,77.9,948000.0,999,14,1,0,0,1,1,1,71.16,Ineligible
ARG45,27,female,Meghalaya,masters,57.4,624000.0,59,999,1,1,44,1,1,1,57.96,Eligible
A023B,18,male,Mizoram,masters,66.9,154000.0,6,999,1,1,57,1,0,1,81.76,Borderline
BPVGK,17,male,Madhya Pradesh,10th,90.6,64000.0,999,999,1,1,44,1,1,1,74.24,Eligible
AZKMI,22,female,Madhya Pradesh,masters,80.8,695000.0,999,8,1,0,0,1,1,1,72.32,Ineligible
BVOBC,17,male,Arunachal Pradesh,bachelors,46.3,276000.0,95,999,1,0,0,1,1,1,53.52,Ineligible
AZKMI,35,male,Mizoram,postdoc,69.2,659000.0,999,14,0,0,0,1,0,1,62.68,Ineligible
ARG45,26,female,Nagaland,phd,85.5,541000.0,1,999,1,0,0,1,1,1,79.2,Eligible
AZKMI,27,male,Mizoram,postdoc,93.7,354000.0,999,21,1,0,0,1,1,1,82.48,Eligible
BPVGK,17,male,Tamil Nadu,10th,74.2,60000.0,999,999,1,0,0,1,1,1,62.68,Eligible
BVOBC,22,male,Meghalaya,12th,84.8,355000.0,88,999,1,0,0,1,1,1,68.92,Ineligible
A023B,25,female,Manipur,bachelors,72.1,333000.0,59,999,1,0,0,0,1,0,68.84,Borderline
A023B,25,female,Tamil Nadu,bachelors,68.2,301000.0,2,999,1,0,0,1,1,1,77.28,Eligible
AZKMI,38,male,Gujarat,phd,62.8,910000.0,999,8,1,0,0,1,1,1,60.12,Ineligible
BPVGK,14,male,Tripura,10th,91.9,149000.0,999,999,1,0,0,1,1,1,69.76,Eligible
A023B,25,female,Arunachal Pradesh,masters,75.3,295000.0,6,999,1,0,0,1,1,1,80.12,Eligible
A023B,25,male,Mizoram,masters,77.4,365000.0,95,999,1,0,0,1,1,1,65.96,Eligible
ARG45,28,male,Karnataka,phd,91.4,570000.0,65,999,0,0,0,1,1,1,66.56,Ineligible
A023B,23,female,Nagaland,bachelors,57.3,653000.0,1,999,1,0,0,1,1,1,62.92,Ineligible
AZKMI,27,male,Karnataka,postdoc,54.2,188000.0,999,4,1,0,0,1,1,1,71.68,Ineligible
ARG45,31,female,Sikkim,masters,93.7,61000.0,72,999,1,0,0,1,1,1,82.48,Eligible
BVOBC,19,female,Telangana,bachelors,57.6,150000.0,72,999,1,0,0,1,1,0,68.04,Borderline
AZKMI,29,female,Mizoram,masters,67.8,112000.0,999,22,1,0,0,0,1,1,82.12,Ineligible
ARG45,24,male,Sikkim,masters,91.9,408000.0,5,999,1,0,0,1,1,1,76.76,Eligible
ARG45,36,female,Assam,masters,57.1,604000.0,140,999,1,0,0,1,1,1,45.84,Eligible
BVOBC,23,male,Arunachal Pradesh,bachelors,47.4,51000.0,85,999,1,0,0,1,1,1,58.96,Ineligible
ARG45,30,female,Madhya Pradesh,masters,88.8,843000.0,78,999,1,0,0,1,1,1,65.52,Eligible
BPVGK,17,male,Maharashtra,10th,72.6,71000.0,999,999,1,0,0,1,1,1,62.04,Eligible
A023B,18,male,Telangana,masters,67.1,542000.0,1,999,1,0,0,1,1,1,66.84,Eligible
BVOBC,22,female,Meghalaya,bachelors,85.6,127000.0,6,999,1,0,0,1,1,1,89.24,Eligible
BVOBC,19,male,Arunachal Pradesh,12th,83.9,272000.0,72,999,1,0,0,1,1,1,68.56,Ineligible
ARG45,28,female,Meghalaya,masters,83.1,382000.0,110,999,1,0,0,1,1,1,66.24,Eligible
A023B,24,female,Arunachal Pradesh,masters,65.3,458000.0,88,999,1,0,0,1,1,1,61.12,Eligible
BPVGK,14,male,Odisha,10th,54.4,294000.0,999,999,1,0,0,1,1,1,49.76,Ineligible
BPVGK,16,female,Karnataka,10th,54.9,307000.0,999,999,1,0,0,1,1,1,54.96,Ineligible
BVOBC,18,female,Chhattisgarh,12th,69.0,300000.0,110,999,1,1,62,1,1,1,65.6,Ineligible
A023B,20,female,Rajasthan,masters,79.4,765000.0,65,999,1,0,0,1,1,1,61.76,Ineligible
ARG45,24,female,Andhra Pradesh,phd,60.0,736000.0,110,999,1,0,0,1,1,1,47.0,Eligible
AZKMI,37,female,Manipur,phd,58.1,876000.0,999,21,1,0,0,0,1,1,63.24,Ineligible
BPVGK,14,male,Kerala,10th,57.2,281000.0,999,999,1,0,0,1,1,1,50.88,Ineligible
BVOBC,20,female,Kerala,12th,55.8,380000.0,85,999,1,0,0,1,1,1,62.32,Ineligible
AZKMI,33,female,Karnataka,postdoc,68.2,879000.0,999,21,1,0,0,1,1,1,67.28,Ineligible
AZKMI,37,male,Arunachal Pradesh,postdoc,65.7,755000.0,999,22,1,0,0,0,1,1,61.28,Ineligible
ARG45,36,male,Nagaland,phd,67.0,678000.0,78,999,1,0,0,1,1,1,51.8,Eligible
ARG45,33,male,Tamil Nadu,masters,62.0,420000.0,5,999,0,0,0,1,1,0,64.8,Ineligible
AZKMI,32,female,Arunachal Pradesh,masters,61.4,693000.0,999,6,1,1,65,1,1,1,69.56,Ineligible
BVOBC,22,male,Maharashtra,bachelors,49.1,96000.0,6,999,1,0,0,1,1,1,69.64,Ineligible
AZKMI,33,female,Odisha,postdoc,52.9,888000.0,999,6,1,0,0,1,1,1,61.16,Ineligible
AZKMI,26,male,Assam,postdoc,52.9,450000.0,999,22,1,0,0,1,0,1,61.16,Ineligible
AZKMI,22,female,Odisha,masters,83.2,665000.0,999,37,1,0,0,1,1,1,73.28,Ineligible
BVOBC,18,male,Jharkhand,bachelors,78.2,43000.0,59,999,1,0,0,1,1,1,71.28,Eligible
BVOBC,19,female,Arunachal Pradesh,12th,78.4,276000.0,78,999,1,0,0,1,1,1,71.36,Ineligible
A023B,20,male,Madhya Pradesh,masters,68.9,461000.0,5,999,1,1,58,1,1,1,72.56,Eligible
AZKMI,35,female,Andhra Pradesh,postdoc,59.3,988000.0,999,650,1,0,0,1,1,1,43.72,Ineligible
BVOBC,20,male,Nagaland,bachelors,53.8,386000.0,110,999,1,0,0,1,1,1,49.52,Ineligible
ARG45,32,female,Mizoram,phd,65.7,164000.0,2,999,1,0,0,1,1,1,81.28,Eligible
ARG45,29,female,Kerala,phd,60.3,619000.0,85,999,0,0,0,1,1,1,54.12,Ineligible
A023B,23,male,Rajasthan,masters,88.8,123000.0,6,999,1,0,0,1,1,1,85.52,Eligible
AZKMI,25,male,Chhattisgarh,postdoc,86.2,849000.0,999,1,0,0,0,1,1,1,69.48,Ineligible
BPVGK,16,male,Madhya Pradesh,10th,66.3,189000.0,999,999,1,0,0,1,1,1,59.52,Eligible
ARG45,26,male,Assam,phd,64.7,127000.0,2,999,1,0,0,1,1,1,75.88,Eligible
A023B,25,female,Gujarat,bachelors,86.4,756000.0,5,999,1,0,0,1,1,1,74.56,Ineligible
ARG45,27,female,Meghalaya,phd,54.1,441000.0,2,999,1,0,0,1,1,1,66.64,Ineligible
AZKMI,30,female,Odisha,postdoc,73.1,820000.0,999,32,1,0,0,1,1,1,69.24,Ineligible
BVOBC,19,male,Kerala,bachelors,90.1,317000.0,2,999,1,0,0,1,1,1,81.04,Ineligible
ARG45,25,male,Sikkim,phd,74.4,698000.0,5,999,1,0,0,1,1,1,64.76,Eligible
BVOBC,22,female,Chhattisgarh,12th,74.8,303000.0,65,999,1,0,0,1,1,1,69.92,Ineligible
ARG45,24,male,Tripura,masters,51.1,503000.0,250,999,1,0,0,1,1,1,43.44,Ineligible
ARG45,23,female,Tripura,masters,91.5,433000.0,1,999,1,0,0,1,0,1,81.6,Borderline
ARG45,31,female,Arunachal Pradesh,masters,63.5,602000.0,110,999,1,0,0,1,1,1,48.4,Eligible
ARG45,36,female,Andhra Pradesh,phd,53.8,570000.0,140,999,1,0,0,1,0,1,49.52,Ineligible
ARG45,29,male,Madhya Pradesh,masters,80.0,80000.0,95,999,1,0,0,1,1,1,72.0,Eligible
ARG45,30,female,Madhya Pradesh,phd,94.8,800000.0,59,999,1,0,0,1,1,1,67.92,Eligible
AZKMI,30,male,Nagaland,phd,67.1,372000.0,999,6,1,0,0,1,1,1,71.84,Eligible
ARG45,33,male,Arunachal Pradesh,phd,92.1,70000.0,5,999,1,0,0,1,1,1,86.84,Eligible
BVOBC,17,male,Karnataka,12th,55.8,366000.0,3,999,1,0,0,1,1,1,67.32,Ineligible
AZKMI,36,female,Sikkim,phd,73.1,502000.0,999,14,0,0,0,1,1,1,74.24,Ineligible
BVOBC,24,female,Odisha,bachelors,93.3,76000.0,59,999,1,0,0,0,1,1,82.32,Ineligible
BPVGK,14,male,Kerala,10th,63.7,258000.0,999,999,1,0,0,1,1,1,53.48,Ineligible
A023B,23,female,Arunachal Pradesh,masters,84.9,702000.0,59,999,1,0,0,1,1,1,63.96,Ineligible
BPVGK,16,female,Karnataka,10th,81.7,62000.0,999,999,1,0,0,1,1,1,70.68,Eligible
BPVGK,15,female,Rajasthan,10th,50.6,147000.0,999,999,1,0,0,1,1,1,58.24,Eligible
BVOBC,18,male,Sikkim,12th,50.6,388000.0,250,999,1,0,0,1,1,1,48.24,Ineligible
ARG45,27,female,Tamil Nadu,masters,94.8,761000.0,85,999,1,0,0,1,1,1,67.92,Eligible
A023B,25,male,Chhattisgarh,masters,59.8,570000.0,5,999,1,0,0,1,1,1,63.92,Eligible
ARG45,29,female,Odisha,phd,78.5,480000.0,250,999,1,0,0,1,1,1,59.4,Eligible
ARG45,32,male,Chhattisgarh,masters,89.0,247000.0,78,999,1,0,0,1,1,1,70.6,Eligible
AZKMI,38,female,Nagaland,masters,64.7,746000.0,999,1,0,0,0,1,1,1,65.88,Ineligible
ARG45,25,female,Gujarat,phd,73.5,444000.0,5,999,1,0,0,1,1,1,74.4,Eligible
ARG45,29,male,Assam,masters,90.4,495000.0,65,999,1,0,0,1,1,1,66.16,Eligible
BPVGK,14,female,Madhya Pradesh,10th,92.9,60000.0,999,999,1,0,0,1,1,1,75.16,Eligible
A023B,20,male,Maharashtra,bachelors,62.0,128000.0,2,999,1,0,0,1,1,1,74.8,Eligible
BVOBC,22,male,Odisha,bachelors,60.7,203000.0,2,999,1,0,0,1,1,1,69.28,Eligible
BVOBC,19,female,Jharkhand,bachelors,65.8,383000.0,2,999,1,0,0,1,1,1,76.32,Ineligible
AZKMI,27,male,Rajasthan,postdoc,78.7,409000.0,999,650,1,0,0,1,1,1,51.48,Ineligible
BPVGK,17,female,Nagaland,10th,92.4,179000.0,999,999,1,0,0,1,1,1,74.96,Eligible
A023B,21,male,Andhra Pradesh,masters,91.4,565000.0,2,999,1,0,0,1,1,1,76.56,Eligible
A023B,23,male,Arunachal Pradesh,bachelors,64.2,602000.0,78,999,1,0,0,1,1,1,50.68,Ineligible
A023B,19,male,Chhattisgarh,bachelors,84.0,691000.0,85,999,1,0,0,1,1,1,58.6,Ineligible
BPVGK,17,male,Andhra Pradesh,10th,54.9,40000.0,999,999,1,0,0,1,1,1,54.96,Eligible
ARG45,31,male,Tamil Nadu,masters,87.7,778000.0,5,999,1,0,0,1,1,1,70.08,Eligible
ARG45,35,female,Manipur,phd,53.7,667000.0,5,999,1,0,0,1,1,1,61.48,Ineligible
BVOBC,18,female,Mizoram,12th,54.5,272000.0,95,999,1,0,0,1,1,1,61.8,Ineligible
ARG45,23,male,Sikkim,phd,86.9,519000.0,250,999,1,0,0,1,1,1,57.76,Eligible
AZKMI,38,female,Meghalaya,masters,91.2,880000.0,999,6,0,0,0,1,1,1,76.48,Ineligible
BVOBC,19,female,Tamil Nadu,12th,52.4,117000.0,1,999,1,0,0,1,0,1,75.96,Borderline
BPVGK,14,male,Meghalaya,10th,55.5,253000.0,999,999,1,0,0,1,1,1,50.2,Ineligible
AZKMI,25,female,Chhattisgarh,masters,58.6,502000.0,999,22,1,0,0,1,1,1,68.44,Eligible
BVOBC,20,female,Manipur,bachelors,48.3,253000.0,1,999,1,0,0,1,1,1,69.32,Ineligible
BVOBC,20,female,Jharkhand,bachelors,95.4,113000.0,78,999,1,0,0,1,0,1,83.16,Borderline
BVOBC,19,female,Meghalaya,bachelors,81.7,305000.0,2,999,1,0,0,1,1,1,82.68,Ineligible
BVOBC,19,female,Manipur,12th,51.4,277000.0,78,999,1,0,0,1,1,1,60.56,Ineligible
AZKMI,27,female,Assam,phd,88.6,968000.0,999,8,0,0,0,1,0,1,75.44,Ineligible
AZKMI,30,male,Arunachal Pradesh,masters,65.5,616000.0,999,1,0,0,0,1,1,1,61.2,Ineligible
AZKMI,30,male,Telangana,phd,70.3,543000.0,999,650,1,0,0,1,1,1,48.12,Ineligible
BPVGK,14,female,Karnataka,10th,79.4,298000.0,999,999,1,0,0,1,1,1,64.76,Ineligible
A023B,19,female,Karnataka,masters,67.2,297000.0,3,999,1,0,0,1,1,1,76.88,Eligible
AZKMI,21,male,Karnataka,masters,78.2,606000.0,999,8,1,0,0,1,1,1,66.28,Ineligible
AZKMI,37,male,Manipur,masters,51.2,159000.0,999,6,1,0,0,1,1,1,70.48,Ineligible
BPVGK,16,male,Arunachal Pradesh,10th,85.9,58000.0,999,999,1,0,0,1,1,1,67.36,Eligible
A023B,25,male,Sikkim,bachelors,62.1,422000.0,6,999,1,0,0,1,1,1,64.84,Eligible
A023B,20,male,Sikkim,masters,67.2,466000.0,1,999,0,0,0,0,1,1,66.88,Ineligible
BPVGK,14,male,Karnataka,10th,55.7,255000.0,999,999,1,0,0,1,1,1,50.28,Ineligible
AZKMI,36,male,Gujarat,masters,94.9,851000.0,999,32,1,0,0,1,1,1,72.96,Ineligible
A023B,18,male,Nagaland,masters,60.1,755000.0,59,999,1,0,0,1,1,1,49.04,Ineligible
ARG45,32,female,Mizoram,phd,66.1,644000.0,88,999,1,0,0,1,1,1,56.44,Eligible
BPVGK,15,female,Sikkim,10th,51.9,206000.0,999,999,1,0,0,1,1,1,53.76,Eligible
ARG45,30,male,Assam,masters,50.8,88000.0,250,999,1,0,0,1,1,1,53.32,Ineligible
BVOBC,19,male,Assam,bachelors,68.3,248000.0,250,999,1,0,0,1,1,1,55.32,Eligible
A023B,21,male,Odisha,bachelors,60.7,445000.0,85,999,1,0,0,1,0,1,54.28,Borderline
BVOBC,21,male,Sikkim,bachelors,85.5,182000.0,85,999,1,0,0,1,1,1,74.2,Eligible
ARG45,35,female,Gujarat,masters,90.0,406000.0,78,999,1,0,0,1,1,1,71.0,Eligible
A023B,25,female,Gujarat,bachelors,75.3,736000.0,110,999,1,0,0,1,1,1,53.12,Ineligible
BPVGK,16,male,Manipur,10th,51.5,252000.0,999,999,1,0,0,1,1,1,48.6,Ineligible
A023B,23,male,Andhra Pradesh,masters,92.7,180000.0,2,999,1,0,0,1,1,1,87.08,Eligible
BVOBC,18,female,Gujarat,12th,49.5,206000.0,250,999,1,0,0,1,1,1,52.8,Ineligible
BPVGK,17,female,Madhya Pradesh,10th,78.1,257000.0,999,999,1,0,0,1,1,1,64.24,Ineligible
A023B,18,female,Karnataka,masters,80.2,339000.0,6,999,1,0,0,1,1,1,82.08,Eligible
BPVGK,15,male,Jharkhand,10th,54.3,35000.0,999,999,1,0,0,1,1,1,54.72,Eligible
BPVGK,14,male,Andhra Pradesh,10th,90.0,124000.0,999,999,1,0,0,1,1,1,69.0,Eligible
AZKMI,22,female,Telangana,masters,61.1,805000.0,999,32,1,0,0,1,1,1,64.44,Ineligible
A023B,20,male,Sikkim,masters,87.1,590000.0,65,999,1,0,0,1,1,1,64.84,Eligible
ARG45,22,male,Meghalaya,masters,66.0,642000.0,1,999,1,0,0,1,1,1,61.4,Eligible
ARG45,34,male,Sikkim,masters,51.7,557000.0,1,999,1,1,58,1,1,1,65.68,Ineligible
A023B,22,male,Rajasthan,bachelors,72.0,660000.0,88,999,1,0,0,1,1,1,53.8,Ineligible
AZKMI,38,male,Assam,phd,75.4,560000.0,999,32,1,0,0,1,1,1,70.16,Ineligible
BVOBC,18,female,Kerala,12th,88.9,258000.0,2,999,1,1,71,1,1,1,90.56,Ineligible
BPVGK,15,female,Gujarat,10th,80.6,113000.0,999,999,1,0,0,1,1,0,70.24,Borderline
BVOBC,20,male,Arunachal Pradesh,12th,52.6,134000.0,78,999,1,0,0,1,1,1,61.04,Eligible
AZKMI,30,male,Telangana,postdoc,56.5,269000.0,999,32,1,1,76,1,1,1,72.6,Eligible
A023B,25,male,Jharkhand,bachelors,56.0,494000.0,2,999,1,0,0,1,1,1,62.4,Eligible
BVOBC,23,female,Odisha,12th,51.7,184000.0,5,999,1,0,0,1,1,0,75.68,Borderline
A023B,24,female,Odisha,bachelors,86.4,490000.0,6,999,1,0,0,1,1,1,79.56,Eligible
AZKMI,23,female,Odisha,masters,94.4,177000.0,999,1,1,0,0,1,1,1,92.76,Eligible
BPVGK,15,female,Odisha,10th,60.8,266000.0,999,999,1,0,0,1,1,1,57.32,Ineligible
A023B,19,male,Maharashtra,bachelors,55.8,258000.0,2,999,1,0,0,1,0,1,67.32,Borderline
A023B,25,female,Gujarat,masters,68.0,732000.0,1,999,1,0,0,1,1,1,67.2,Ineligible
BVOBC,17,female,Madhya Pradesh,12th,79.8,188000.0,65,999,1,0,0,1,1,1,76.92,Eligible
ARG45,32,female,Odisha,phd,58.5,322000.0,88,999,1,0,0,1,1,1,63.4,Eligible
ARG45,32,female,Assam,phd,75.5,519000.0,59,999,1,0,0,0,1,1,65.2,Ineligible
AZKMI,23,female,Manipur,phd,64.0,428000.0,999,2,0,0,0,1,1,1,70.6,Ineligible
ARG45,33,male,Sikkim,masters,58.7,431000.0,2,999,1,0,0,1,1,1,63.48,Eligible
A023B,20,female,Nagaland,bachelors,64.4,561000.0,85,999,1,0,0,1,1,1,60.76,Eligible
BPVGK,15,female,Maharashtra,10th,64.0,323000.0,999,999,1,0,0,1,1,1,58.6,Ineligible
ARG45,30,male,Rajasthan,phd,92.8,156000.0,2,999,1,0,0,1,1,1,87.12,Eligible
BVOBC,21,male,Mizoram,bachelors,77.2,87000.0,3,999,1,0,0,1,1,1,80.88,Eligible
ARG45,33,male,Karnataka,phd,79.3,406000.0,88,999,0,0,0,0,1,1,61.72,Ineligible
ARG45,25,male,Meghalaya,phd,88.2,799000.0,59,999,1,0,0,1,1,1,60.28,Eligible
AZKMI,35,male,Tamil Nadu,masters,76.1,343000.0,999,14,0,0,0,0,1,1,75.44,Ineligible
A023B,21,female,Assam,bachelors,70.8,370000.0,1,999,1,0,0,1,1,1,78.32,Eligible
AZKMI,34,female,Rajasthan,masters,54.4,371000.0,999,2,1,0,0,1,1,1,71.76,Ineligible
AZKMI,33,male,Manipur,phd,77.6,164000.0,999,4,1,0,0,1,1,1,81.04,Eligible
ARG45,34,male,Jharkhand,masters,76.8,380000.0,85,999,1,0,0,1,1,1,65.72,Eligible
BVOBC,23,male,Jharkhand,12th,83.2,146000.0,59,999,1,0,0,1,1,1,73.28,Eligible
BVOBC,18,male,Chhattisgarh,12th,49.6,242000.0,1,999,1,0,0,1,1,1,64.84,Ineligible
AZKMI,34,female,Mizoram,phd,74.5,203000.0,999,32,1,0,0,1,1,1,79.8,Eligible
ARG45,26,female,Mizoram,masters,75.4,329000.0,2,999,1,0,0,1,1,1,80.16,Eligible
BPVGK,17,female,Telangana,10th,56.1,323000.0,999,999,1,0,0,1,1,1,55.44,Ineligible
BVOBC,17,male,Kerala,bachelors,94.4,391000.0,3,999,1,0,0,1,1,0,82.76,Ineligible
AZKMI,23,female,Maharashtra,phd,80.5,205000.0,999,650,1,0,0,1,1,1,62.2,Ineligible
ARG45,22,female,Madhya Pradesh,phd,94.2,83000.0,1,999,1,0,0,1,1,1,92.68,Eligible
BPVGK,15,female,Tamil Nadu,10th,83.0,297000.0,999,999,1,0,0,1,1,1,66.2,Ineligible
ARG45,27,male,Meghalaya,masters,72.5,841000.0,85,999,1,0,0,1,1,1,54.0,Eligible
BVOBC,22,female,Telangana,12th,74.8,380000.0,6,999,1,0,0,1,1,1,79.92,Ineligible
A023B,23,female,Meghalaya,masters,80.5,627000.0,59,999,1,0,0,1,1,1,62.2,Ineligible
BVOBC,23,male,Nagaland,12th,90.2,338000.0,2,999,1,0,0,1,0,1,81.08,Ineligible
ARG45,36,female,Nagaland,phd,50.1,738000.0,3,999,1,0,0,0,1,1,60.04,Ineligible
BPVGK,17,male,Gujarat,10th,65.7,234000.0,999,999,1,0,0,1,1,1,54.28,Eligible
BPVGK,17,male,Arunachal Pradesh,10th,76.9,244000.0,999,999,1,0,0,1,1,1,58.76,Eligible
A023B,18,female,Kerala,masters,88.3,577000.0,85,999,1,1,78,1,1,1,75.32,Eligible
BVOBC,17,male,Maharashtra,12th,55.0,139000.0,85,999,1,0,0,1,0,1,62.0,Borderline
BVOBC,24,male,Rajasthan,12th,80.3,184000.0,2,999,1,0,0,1,1,1,82.12,Eligible
BPVGK,16,female,Madhya Pradesh,10th,63.3,320000.0,999,999,1,0,0,1,1,1,58.32,Ineligible
AZKMI,36,male,Rajasthan,masters,50.5,435000.0,999,37,1,0,0,1,1,1,60.2,Ineligible
BPVGK,15,male,Odisha,10th,61.9,308000.0,999,999,1,0,0,1,0,1,52.76,Ineligible
AZKMI,22,male,Maharashtra,masters,85.1,849000.0,999,650,1,0,0,1,1,0,49.04,Ineligible
ARG45,26,female,Telangana,phd,65.1,170000.0,250,999,0,0,0,1,1,1,64.04,Ineligible
A023B,19,male,Meghalaya,bachelors,76.7,248000.0,65,999,1,0,0,1,1,1,65.68,Eligible
BVOBC,24,male,Tamil Nadu,12th,95.1,205000.0,78,999,1,0,0,0,1,1,73.04,Ineligible
AZKMI,23,male,Mizoram,masters,57.6,234000.0,999,37,0,0,0,1,0,1,68.04,Ineligible
AZKMI,26,male,Assam,masters,66.7,875000.0,999,6,1,0,0,1,1,1,61.68,Ineligible
A023B,23,female,Arunachal Pradesh,masters,92.6,186000.0,85,999,0,0,0,1,1,1,82.04,Ineligible
ARG45,30,male,Gujarat,masters,53.3,320000.0,2,999,1,0,0,1,1,1,66.32,Ineligible
BPVGK,14,female,Jharkhand,10th,89.8,148000.0,999,999,1,0,0,1,1,1,73.92,Eligible
BPVGK,17,male,Tripura,10th,91.6,37000.0,999,999,1,0,0,1,1,1,69.64,Eligible
ARG45,24,other,Assam,masters,70.1,257000.0,72,999,1,0,0,1,1,1,63.04,Eligible
BPVGK,17,female,Rajasthan,10th,53.6,249000.0,999,999,1,0,0,1,1,1,54.44,Eligible
A023B,19,male,Odisha,bachelors,65.8,503000.0,250,999,1,0,0,1,0,1,49.32,Ineligible
A023B,21,male,Arunachal Pradesh,bachelors,66.9,276000.0,1,999,1,0,0,1,0,1,71.76,Borderline
BPVGK,14,male,Kerala,10th,47.6,164000.0,999,999,1,0,0,1,1,1,52.04,Ineligible
ARG45,25,female,Jharkhand,phd,50.1,833000.0,1,999,0,0,0,1,1,1,60.04,Ineligible
ARG45,25,male,Sikkim,phd,92.9,668000.0,1,999,1,0,0,1,1,1,72.16,Eligible
BVOBC,17,female,Tamil Nadu,bachelors,50.2,200000.0,59,999,1,1,60,1,1,1,70.08,Eligible
AZKMI,25,female,Kerala,masters,71.0,809000.0,999,650,1,0,0,1,1,1,48.4,Ineligible
A023B,23,female,Assam,bachelors,87.8,292000.0,85,999,1,0,0,1,1,1,75.12,Eligible
BVOBC,23,male,Mizoram,12th,67.0,137000.0,140,999,1,0,0,1,1,1,59.8,Eligible
AZKMI,32,female,Sikkim,postdoc,74.9,783000.0,999,3,1,0,0,1,1,1,69.96,Ineligible
ARG45,22,female,Nagaland,masters,83.2,824000.0,1,999,0,0,0,1,1,1,73.28,Ineligible
ARG45,26,female,Rajasthan,masters,74.4,603000.0,88,999,1,0,0,0,1,1,59.76,Ineligible
A023B,24,male,Meghalaya,masters,59.1,508000.0,3,999,1,0,0,1,1,1,63.64,Eligible
ARG45,35,male,Kerala,masters,62.2,371000.0,72,999,1,0,0,1,1,1,59.88,Eligible
BPVGK,16,female,Tamil Nadu,10th,56.6,320000.0,999,999,1,0,0,1,1,1,55.64,Ineligible
ARG45,29,female,Telangana,phd,82.9,364000.0,78,999,1,0,0,1,1,0,73.16,Borderline
BVOBC,22,female,Madhya Pradesh,bachelors,91.7,362000.0,3,999,1,0,0,1,1,1,86.68,Ineligible
BVOBC,22,female,Sikkim,12th,76.0,328000.0,5,999,1,0,0,0,1,0,80.4,Ineligible
ARG45,29,male,Maharashtra,masters,64.1,641000.0,65,999,1,0,0,1,1,1,50.64,Eligible
BPVGK,16,male,Gujarat,10th,78.7,320000.0,999,999,1,0,0,0,1,1,59.48,Ineligible
BVOBC,23,male,Andhra Pradesh,bachelors,81.0,89000.0,140,999,1,0,0,1,1,1,65.4,Eligible
A023B,23,female,Telangana,masters,86.5,174000.0,95,999,1,0,0,1,1,1,79.6,Eligible
ARG45,24,male,Tripura,phd,93.4,81000.0,1,999,1,0,0,1,1,1,87.36,Eligible
ARG45,26,female,Chhattisgarh,masters,70.2,569000.0,6,999,1,0,0,1,1,1,73.08,Eligible
AZKMI,35,female,Nagaland,phd,91.4,390000.0,999,22,1,0,0,1,1,1,86.56,Eligible
ARG45,23,male,Andhra Pradesh,masters,86.9,461000.0,140,999,1,0,0,1,1,1,57.76,Eligible
BVOBC,17,female,Assam,12th,90.8,265000.0,72,999,1,0,0,1,1,1,76.32,Ineligible
AZKMI,24,female,Meghalaya,masters,90.3,249000.0,999,1,1,0,0,0,1,1,86.12,Ineligible
ARG45,33,female,Chhattisgarh,phd,67.0,427000.0,59,999,1,0,0,1,1,1,61.8,Eligible
ARG45,31,female,Assam,masters,57.2,415000.0,1,999,1,0,0,1,1,1,67.88,Eligible
AZKMI,23,male,Meghalaya,phd,88.6,468000.0,999,4,1,0,0,1,1,1,75.44,Eligible
BVOBC,17,female,Mizoram,bachelors,66.0,365000.0,1,999,1,0,0,1,1,1,76.4,Ineligible
BPVGK,14,female,Kerala,10th,67.1,186000.0,999,999,1,0,0,1,1,1,64.84,Eligible
A023B,20,female,Assam,bachelors,55.2,419000.0,5,999,1,0,0,1,1,1,67.08,Eligible
BPVGK,16,male,Nagaland,10th,72.8,63000.0,999,999,1,0,0,1,1,1,62.12,Eligible
BPVGK,15,male,Rajasthan,10th,48.7,199000.0,999,999,1,0,0,1,1,1,52.48,Ineligible
BPVGK,17,male,Andhra Pradesh,10th,68.9,297000.0,999,999,1,0,0,0,1,1,55.56,Ineligible
AZKMI,33,male,Karnataka,masters,54.3,321000.0,999,21,1,0,0,1,1,1,66.72,Ineligible
ARG45,26,male,Tamil Nadu,masters,72.8,671000.0,95,999,1,0,0,1,1,1,54.12,Eligible
ARG45,36,male,Telangana,masters,68.9,814000.0,88,999,1,0,0,1,1,1,52.56,Eligible
A023B,23,male,Arunachal Pradesh,masters,67.6,292000.0,2,999,1,0,0,0,1,0,72.04,Borderline
BVOBC,22,male,Nagaland,bachelors,59.6,218000.0,140,999,1,0,0,1,0,1,51.84,Borderline
BVOBC,22,female,Madhya Pradesh,bachelors,75.9,339000.0,1,999,1,0,0,1,1,1,80.36,Ineligible
BVOBC,22,male,Gujarat,bachelors,58.6,135000.0,110,999,1,0,0,1,1,1,56.44,Eligible
AZKMI,22,female,Nagaland,phd,58.6,874000.0,999,650,1,0,0,1,1,1,43.44,Ineligible
BPVGK,15,male,Manipur,10th,53.2,279000.0,999,999,1,0,0,0,1,1,49.28,Ineligible
A023B,24,male,Mizoram,masters,58.2,121000.0,2,999,1,0,0,1,0,1,73.28,Borderline
A023B,20,female,Meghalaya,masters,55.5,310000.0,110,999,1,0,0,0,1,1,55.2,Ineligible
BVOBC,18,female,Karnataka,12th,49.8,134000.0,88,999,1,0,0,1,1,1,64.92,Ineligible
BVOBC,21,female,Chhattisgarh,12th,64.5,323000.0,6,999,1,0,0,1,1,1,75.8,Ineligible
A023B,25,male,Tamil Nadu,bachelors,78.9,625000.0,1,999,1,0,0,1,1,1,66.56,Ineligible
A023B,25,female,Karnataka,masters,75.2,699000.0,2,999,1,0,0,1,1,1,70.08,Ineligible
AZKMI,30,female,Madhya Pradesh,masters,50.5,991000.0,999,4,1,0,0,1,1,1,60.2,Ineligible
A023B,19,male,Odisha,bachelors,72.4,666000.0,3,999,1,0,0,1,1,1,63.96,Ineligible
ARG45,30,male,Nagaland,masters,72.4,493000.0,95,999,0,0,0,1,1,1,58.96,Ineligible
A023B,23,female,Gujarat,bachelors,58.9,86000.0,85,999,1,0,0,1,1,1,68.56,Eligible
AZKMI,27,male,Andhra Pradesh,masters,84.1,553000.0,999,22,1,0,0,1,1,1,73.64,Eligible
BPVGK,14,male,Gujarat,10th,80.0,114000.0,999,999,1,0,0,1,1,1,65.0,Eligible
ARG45,36,male,Assam,phd,86.8,700000.0,6,999,1,0,0,1,1,1,69.72,Eligible
BPVGK,14,female,Andhra Pradesh,10th,93.1,231000.0,999,999,1,0,0,1,1,1,70.24,Eligible
BVOBC,17,male,Mizoram,bachelors,63.1,230000.0,95,999,1,0,0,1,1,1,60.24,Eligible
BVOBC,21,female,Madhya Pradesh,12th,76.1,95000.0,85,999,1,0,0,1,1,0,75.44,Borderline
ARG45,32,male,Tripura,phd,54.3,138000.0,72,999,1,0,0,1,1,1,61.72,Ineligible
BVOBC,18,female,Andhra Pradesh,bachelors,78.7,233000.0,95,999,1,0,0,1,1,1,71.48,Eligible
ARG45,36,male,Odisha,phd,64.4,487000.0,72,999,1,0,0,1,1,1,55.76,Eligible
A023B,21,male,Telangana,bachelors,86.4,491000.0,85,999,1,0,0,0,1,1,64.56,Ineligible
AZKMI,37,female,Karnataka,masters,79.5,887000.0,999,6,1,0,0,1,1,1,71.8,Ineligible
BVOBC,24,male,Maharashtra,bachelors,46.5,297000.0,88,999,1,0,0,1,0,1,53.6,Ineligible
BPVGK,14,female,Assam,10th,62.2,344000.0,999,999,1,0,0,1,1,1,57.88,Ineligible
ARG45,36,male,Tripura,phd,65.9,619000.0,6,999,1,0,0,1,1,1,61.36,Eligible
ARG45,33,male,Karnataka,masters,62.9,806000.0,250,999,1,0,0,1,1,1,43.16,Eligible
ARG45,22,female,Assam,phd,61.9,597000.0,2,999,0,0,0,1,1,1,69.76,Ineligible
BPVGK,14,female,Madhya Pradesh,10th,88.2,274000.0,999,999,1,0,0,1,1,1,68.28,Ineligible
BPVGK,14,male,Gujarat,10th,92.8,336000.0,999,999,1,0,0,1,1,1,65.12,Ineligible
ARG45,34,female,Andhra Pradesh,phd,66.9,189000.0,72,999,1,0,0,1,1,1,71.76,Eligible
A023B,20,female,Rajasthan,masters,92.3,569000.0,65,999,1,0,0,1,1,1,71.92,Eligible
BPVGK,16,male,Tamil Nadu,10th,51.1,194000.0,999,999,1,0,0,1,1,1,53.44,Eligible
BPVGK,15,male,Assam,10th,66.2,235000.0,999,999,1,0,0,1,1,1,54.48,Eligible
BVOBC,19,female,Rajasthan,12th,90.4,372000.0,72,999,1,0,0,1,1,1,76.16,Ineligible
ARG45,23,male,Maharashtra,masters,70.4,441000.0,65,999,1,0,0,1,1,1,58.16,Eligible
BVOBC,20,male,Sikkim,bachelors,46.6,300000.0,2,999,1,0,0,1,1,1,63.64,Ineligible
BVOBC,19,female,Rajasthan,bachelors,76.5,369000.0,2,999,1,1,71,1,1,1,85.6,Ineligible
BPVGK,14,female,Odisha,10th,56.9,245000.0,999,999,1,0,0,1,0,1,55.76,Borderline
A023B,25,male,Jharkhand,masters,87.8,458000.0,88,999,1,0,0,1,1,1,65.12,Eligible
BPVGK,17,female,Odisha,10th,89.0,312000.0,999,999,1,0,0,1,1,1,68.6,Ineligible
BVOBC,17,female,Madhya Pradesh,12th,61.6,392000.0,110,999,1,0,0,1,1,1,57.64,Ineligible
ARG45,31,female,Telangana,phd,65.5,769000.0,250,999,1,0,0,1,1,1,49.2,Eligible
AZKMI,35,male,Jharkhand,postdoc,76.8,260000.0,999,21,1,0,0,1,1,1,75.72,Eligible
BVOBC,18,male,Manipur,bachelors,57.1,45000.0,1,999,1,0,0,1,1,1,72.84,Eligible
BVOBC,20,female,Assam,bachelors,93.0,137000.0,250,999,1,0,0,1,1,1,75.2,Eligible
BPVGK,16,female,Andhra Pradesh,10th,52.2,210000.0,999,999,1,0,0,1,1,1,53.88,Eligible
BVOBC,17,female,Tamil Nadu,bachelors,73.1,297000.0,72,999,1,0,0,1,1,1,69.24,Ineligible
ARG45,32,female,Rajasthan,masters,66.3,721000.0,65,999,1,0,0,1,0,1,56.52,Borderline
BVOBC,20,female,Tamil Nadu,bachelors,85.7,295000.0,65,999,1,0,0,1,1,1,74.28,Ineligible
BVOBC,20,female,Tripura,12th,75.3,395000.0,65,999,1,0,0,1,1,1,70.12,Ineligible
AZKMI,30,male,Mizoram,phd,80.0,715000.0,999,650,1,0,0,1,1,1,47.0,Ineligible
AZKMI,22,male,Mizoram,masters,76.4,920000.0,999,37,1,1,45,1,1,1,70.56,Ineligible
BPVGK,16,female,Nagaland,10th,87.6,95000.0,999,999,1,0,0,1,1,1,73.04,Eligible
ARG45,24,male,Meghalaya,phd,85.2,618000.0,59,999,0,0,0,1,1,1,59.08,Ineligible
A023B,23,male,Rajasthan,masters,74.5,149000.0,2,999,1,0,0,1,1,1,79.8,Eligible
BVOBC,18,male,Odisha,bachelors,63.5,349000.0,5,999,1,0,0,1,1,1,70.4,Ineligible
BPVGK,14,female,Kerala,10th,74.5,213000.0,999,999,1,0,0,1,1,1,62.8,Eligible
A023B,18,female,Jharkhand,bachelors,83.7,179000.0,65,999,1,0,0,1,1,1,78.48,Eligible
BVOBC,23,female,Jharkhand,bachelors,54.7,340000.0,1,999,1,0,0,1,1,1,71.88,Ineligible
ARG45,24,male,Rajasthan,phd,54.0,586000.0,5,999,1,0,0,1,1,1,61.6,Ineligible
A023B,21,male,Kerala,bachelors,65.6,479000.0,6,999,1,0,0,1,1,1,66.24,Eligible
ARG45,34,other,Meghalaya,phd,64.9,719000.0,88,999,0,0,0,1,1,1,50.96,Ineligible
A023B,24,male,Telangana,bachelors,56.6,583000.0,1,999,1,0,0,1,1,1,62.64,Eligible
ARG45,28,male,Assam,phd,89.4,569000.0,59,999,1,0,0,1,1,1,65.76,Eligible
ARG45,24,male,Meghalaya,phd,69.5,174000.0,72,999,1,0,0,1,1,1,67.8,Eligible
BPVGK,14,female,Madhya Pradesh,10th,64.2,272000.0,999,999,1,0,0,1,1,1,58.68,Ineligible
AZKMI,27,other,Meghalaya,phd,60.8,898000.0,999,4,1,0,0,1,1,1,59.32,Ineligible
ARG45,36,female,Andhra Pradesh,masters,78.3,507000.0,72,999,0,0,0,1,1,1,66.32,Ineligible
BPVGK,16,male,Arunachal Pradesh,10th,94.1,67000.0,999,999,1,0,0,1,1,1,70.64,Eligible
A023B,22,female,Mizoram,masters,78.3,671000.0,3,999,1,0,0,0,0,1,71.32,Ineligible
AZKMI,23,female,Assam,phd,73.3,358000.0,999,22,1,0,0,1,1,1,79.32,Eligible
AZKMI,32,female,Andhra Pradesh,phd,55.3,667000.0,999,21,0,0,0,1,1,1,62.12,Ineligible
ARG45,25,male,Gujarat,phd,86.4,598000.0,2,999,1,0,0,1,1,1,74.56,Eligible
BPVGK,17,male,Karnataka,10th,65.0,123000.0,999,999,1,0,0,1,1,1,59.0,Eligible
BPVGK,14,male,Mizoram,10th,82.7,214000.0,999,999,1,0,0,1,1,1,61.08,Eligible
A023B,18,male,Sikkim,masters,72.1,221000.0,1,999,1,0,0,1,1,0,73.84,Borderline
A023B,23,male,Maharashtra,masters,68.4,171000.0,5,999,1,0,0,1,1,1,77.36,Eligible
A023B,20,female,Telangana,bachelors,67.1,622000.0,2,999,1,0,0,1,1,1,66.84,Ineligible
A023B,20,male,Meghalaya,bachelors,78.7,583000.0,88,999,0,0,0,1,1,1,61.48,Ineligible
BPVGK,14,male,Jharkhand,10th,93.4,55000.0,999,999,1,0,0,1,1,1,70.36,Eligible
ARG45,32,male,Odisha,phd,69.8,651000.0,88,999,1,1,67,1,0,1,57.92,Borderline
BPVGK,16,female,Odisha,10th,77.9,55000.0,999,999,1,0,0,1,1,1,69.16,Eligible
BVOBC,23,male,Sikkim,12th,58.6,297000.0,59,999,1,0,0,1,1,0,58.44,Ineligible
ARG45,33,female,Manipur,phd,53.0,191000.0,1,999,1,0,0,1,1,1,76.2,Ineligible
ARG45,34,female,Arunachal Pradesh,phd,79.3,355000.0,2,999,1,0,0,1,1,0,81.72,Borderline
BVOBC,19,male,Jharkhand,bachelors,51.0,182000.0,88,999,1,0,0,0,0,1,60.4,Borderline
BVOBC,24,female,Chhattisgarh,12th,81.7,97000.0,72,999,1,1,54,1,1,1,82.68,Eligible
ARG45,22,male,Jharkhand,phd,79.6,777000.0,59,999,1,0,0,1,1,1,56.84,Eligible
BVOBC,23,other,Gujarat,12th,66.9,267000.0,2,999,1,0,0,1,1,1,71.76,Ineligible
BPVGK,15,male,Jharkhand,10th,93.6,70000.0,999,999,1,0,0,1,1,1,70.44,Eligible
AZKMI,26,female,Tripura,masters,75.2,586000.0,999,2,1,0,0,1,1,1,75.08,Eligible
BVOBC,21,male,Andhra Pradesh,bachelors,63.0,256000.0,72,999,1,0,0,1,1,0,60.2,Ineligible
ARG45,25,female,Karnataka,phd,72.9,679000.0,140,999,1,0,0,1,1,1,52.16,Eligible
AZKMI,22,female,Karnataka,phd,55.6,573000.0,999,22,1,0,0,1,1,1,67.24,Eligible
A023B,21,male,Rajasthan,masters,55.3,549000.0,65,999,1,0,0,1,1,0,52.12,Borderline
AZKMI,21,female,Nagaland,phd,68.1,980000.0,999,14,1,0,0,1,1,1,67.24,Ineligible
A023B,23,male,Karnataka,masters,78.5,365000.0,88,999,1,0,0,1,0,1,66.4,Borderline
ARG45,26,female,Odisha,masters,90.3,337000.0,6,999,1,0,0,1,1,1,86.12,Eligible
AZKMI,23,male,Jharkhand,masters,61.2,263000.0,999,1,1,0,0,0,1,1,69.48,Ineligible
ARG45,32,male,Jharkhand,phd,83.1,194000.0,78,999,1,0,0,1,1,1,73.24,Eligible
A023B,24,male,Andhra Pradesh,masters,86.3,779000.0,1,999,1,0,0,1,0,1,69.52,Ineligible
AZKMI,37,female,Tripura,phd,80.3,705000.0,999,1,0,0,0,1,1,1,72.12,Ineligible
BVOBC,24,female,Rajasthan,bachelors,71.9,289000.0,88,999,1,0,0,1,1,1,68.76,Ineligible
A023B,25,other,Madhya Pradesh,masters,59.1,602000.0,85,999,1,0,0,1,1,1,48.64,Ineligible
ARG45,23,female,Madhya Pradesh,masters,86.9,449000.0,3,999,1,0,0,1,1,1,79.76,Eligible
ARG45,28,female,Jharkhand,masters,66.1,418000.0,5,999,1,0,0,1,1,0,71.44,Borderline
BPVGK,14,female,Kerala,10th,86.4,302000.0,999,999,1,0,0,1,1,1,67.56,Ineligible
ARG45,33,male,Rajasthan,masters,77.3,537000.0,250,999,1,1,42,1,1,0,58.92,Borderline
BPVGK,15,male,Tripura,10th,82.7,79000.0,999,999,1,0,0,1,1,1,66.08,Eligible
BVOBC,24,male,Kerala,12th,52.1,252000.0,2,999,1,0,0,1,1,1,65.84,Ineligible
BVOBC,20,female,Tripura,12th,52.5,363000.0,72,999,1,0,0,1,1,0,61.0,Ineligible
A023B,19,male,Maharashtra,masters,96.8,727000.0,85,999,1,0,0,1,1,1,63.72,Ineligible
BVOBC,17,female,Andhra Pradesh,12th,66.6,85000.0,65,999,1,0,0,1,1,1,71.64,Eligible
BPVGK,15,male,Nagaland,10th,71.7,146000.0,999,999,1,0,0,1,1,1,61.68,Eligible
BPVGK,16,male,Sikkim,10th,88.6,251000.0,999,999,1,1,76,1,1,1,68.44,Ineligible
BPVGK,16,female,Mizoram,10th,83.8,254000.0,999,999,1,0,0,1,0,1,66.52,Ineligible
BPVGK,15,male,Kerala,10th,71.6,162000.0,999,999,1,0,0,1,1,1,61.64,Eligible
A023B,22,female,Tamil Nadu,bachelors,90.4,239000.0,95,999,1,0,0,1,1,1,76.16,Eligible
BVOBC,24,female,Jharkhand,12th,65.5,111000.0,72,999,1,0,0,1,1,1,71.2,Eligible
AZKMI,28,male,Manipur,phd,61.8,781000.0,999,8,1,1,63,0,0,1,64.72,Ineligible
BVOBC,17,male,Karnataka,12th,88.9,187000.0,6,999,1,0,0,1,1,1,85.56,Eligible
BVOBC,22,female,Kerala,bachelors,52.8,247000.0,110,999,1,0,0,1,1,1,54.12,Eligible
ARG45,24,male,Sikkim,masters,67.9,564000.0,5,999,1,1,57,1,1,1,72.16,Eligible
A023B,20,female,Rajasthan,masters,68.2,633000.0,88,999,0,0,0,1,1,1,57.28,Ineligible
ARG45,32,male,Kerala,phd,64.9,68000.0,5,999,1,0,0,1,1,1,75.96,Eligible
BVOBC,22,female,Gujarat,bachelors,51.4,213000.0,65,999,1,0,0,1,1,1,60.56,Eligible
BVOBC,21,male,Jharkhand,bachelors,75.5,78000.0,3,999,1,0,0,1,1,1,80.2,Eligible
ARG45,26,male,Arunachal Pradesh,masters,64.5,474000.0,72,999,1,0,0,1,1,1,55.8,Eligible
BVOBC,22,female,Odisha,bachelors,62.2,294000.0,1,999,1,0,0,1,1,1,74.88,Ineligible
A023B,23,female,Arunachal Pradesh,masters,72.9,441000.0,2,999,1,0,0,1,1,1,74.16,Eligible
AZKMI,31,male,Tamil Nadu,masters,88.8,275000.0,999,8,0,0,0,1,1,1,80.52,Ineligible
BVOBC,23,male,Manipur,bachelors,73.3,340000.0,1,999,1,0,0,1,1,1,74.32,Ineligible
BVOBC,24,male,Manipur,12th,67.6,369000.0,5,999,1,0,0,0,1,1,72.04,Ineligible
A023B,21,male,Manipur,bachelors,86.4,539000.0,85,999,1,0,0,1,1,1,64.56,Eligible
BVOBC,23,female,Maharashtra,bachelors,48.8,46000.0,3,999,1,0,0,1,1,1,74.52,Ineligible
BPVGK,14,male,Maharashtra,10th,81.0,253000.0,999,999,1,0,0,1,1,1,60.4,Ineligible
ARG45,35,male,Rajasthan,masters,88.0,268000.0,88,999,1,0,0,1,1,1,70.2,Eligible
ARG45,23,male,Chhattisgarh,phd,91.0,694000.0,78,999,1,0,0,1,1,1,61.4,Eligible
AZKMI,27,female,Madhya Pradesh,postdoc,68.8,580000.0,999,32,1,1,48,1,1,0,77.52,Borderline
ARG45,24,male,Nagaland,masters,74.5,207000.0,85,999,1,1,70,1,1,0,69.8,Borderline
AZKMI,31,male,Sikkim,phd,60.8,788000.0,999,37,0,0,0,1,1,1,59.32,Ineligible
AZKMI,21,female,Tamil Nadu,postdoc,51.6,484000.0,999,21,1,0,0,1,0,1,65.64,Ineligible
ARG45,28,female,Manipur,phd,93.6,281000.0,59,999,1,0,0,1,1,1,77.44,Eligible
BVOBC,17,male,Chhattisgarh,bachelors,89.4,301000.0,110,999,1,0,0,1,0,1,63.76,Ineligible
BPVGK,15,female,Meghalaya,10th,74.8,335000.0,999,999,1,0,0,0,1,1,62.92,Ineligible
BPVGK,15,female,Tamil Nadu,10th,61.1,304000.0,999,999,1,0,0,1,1,1,57.44,Ineligible
BPVGK,16,male,Jharkhand,10th,58.1,239000.0,999,999,1,0,0,1,1,1,51.24,Eligible
BPVGK,16,male,Jharkhand,10th,89.5,281000.0,999,999,1,0,0,1,1,1,63.8,Ineligible
BVOBC,22,female,Sikkim,bachelors,88.9,311000.0,88,999,1,0,0,1,1,1,75.56,Ineligible
A023B,20,male,Meghalaya,bachelors,77.1,153000.0,95,999,1,0,0,1,1,1,70.84,Eligible
ARG45,28,male,Meghalaya,masters,71.1,383000.0,1,999,1,0,0,1,1,1,73.44,Eligible
AZKMI,31,female,Jharkhand,masters,85.7,489000.0,999,4,1,0,0,1,1,1,79.28,Eligible
ARG45,29,female,Karnataka,phd,67.6,132000.0,5,999,1,0,0,1,1,1,82.04,Eligible
AZKMI,28,male,Assam,phd,54.2,561000.0,999,4,1,0,0,1,1,1,61.68,Ineligible
AZKMI,28,male,Jharkhand,masters,57.9,704000.0,999,22,1,0,0,1,1,1,58.16,Ineligible
ARG45,34,male,Jharkhand,phd,91.7,878000.0,59,999,1,0,0,1,1,1,61.68,Eligible
ARG45,27,male,Telangana,phd,87.8,865000.0,250,999,1,0,0,0,1,1,53.12,Ineligible
ARG45,25,female,Arunachal Pradesh,phd,70.2,445000.0,3,999,1,0,0,1,1,1,73.08,Eligible
AZKMI,28,male,Tripura,phd,86.2,294000.0,999,37,1,0,0,1,1,1,79.48,Eligible
BVOBC,23,female,Maharashtra,12th,88.1,289000.0,110,999,1,0,0,1,1,1,68.24,Ineligible
A023B,25,male,Chhattisgarh,masters,79.6,549000.0,1,999,1,0,0,1,0,1,71.84,Borderline
A023B,22,female,Arunachal Pradesh,bachelors,79.2,787000.0,6,999,1,0,0,1,1,1,71.68,Ineligible
AZKMI,25,male,Nagaland,postdoc,78.2,366000.0,999,650,0,0,0,1,0,1,56.28,Ineligible
ARG45,31,male,Karnataka,phd,61.5,883000.0,88,999,1,0,0,1,0,1,49.6,Borderline
BVOBC,24,male,Manipur,12th,48.1,113000.0,1,999,1,0,0,1,1,1,69.24,Ineligible
ARG45,27,male,Nagaland,masters,59.5,774000.0,95,999,1,0,0,1,1,1,48.8,Eligible
AZKMI,22,male,Tamil Nadu,postdoc,60.4,824000.0,999,37,0,0,0,1,1,1,59.16,Ineligible
ARG45,26,female,Tripura,phd,61.5,203000.0,140,999,1,0,0,1,1,1,57.6,Eligible
ARG45,22,female,Jharkhand,masters,76.3,626000.0,59,999,1,0,0,1,1,1,60.52,Eligible
BVOBC,19,female,Nagaland,bachelors,61.3,286000.0,140,999,1,0,0,0,0,0,57.52,Ineligible
AZKMI,35,female,Gujarat,phd,57.9,471000.0,999,3,1,0,0,1,1,1,68.16,Eligible
A023B,21,male,Telangana,masters,96.7,596000.0,1,999,1,0,0,1,1,1,78.68,Eligible
BVOBC,22,female,Karnataka,bachelors,80.8,144000.0,250,999,1,0,0,1,1,0,70.32,Borderline
BPVGK,15,male,Tamil Nadu,10th,94.0,187000.0,999,999,1,1,62,1,1,1,75.6,Eligible
AZKMI,29,female,Nagaland,masters,70.2,296000.0,999,21,0,0,0,1,1,1,78.08,Ineligible
BVOBC,23,female,Arunachal Pradesh,bachelors,67.0,355000.0,140,999,1,0,0,1,1,1,59.8,Ineligible
ARG45,28,male,Odisha,masters,85.2,759000.0,78,999,1,0,0,1,0,1,59.08,Borderline
ARG45,29,female,Telangana,masters,60.2,571000.0,59,999,1,0,0,1,1,1,59.08,Eligible
A023B,18,male,Maharashtra,masters,96.3,740000.0,85,999,1,0,0,1,1,1,63.52,Ineligible
BVOBC,17,male,Nagaland,bachelors,93.0,86000.0,85,999,1,0,0,1,1,1,77.2,Eligible
ARG45,24,male,Tripura,phd,87.9,150000.0,85,999,1,0,0,1,1,1,75.16,Eligible
BPVGK,17,male,Arunachal Pradesh,10th,56.2,297000.0,999,999,1,0,0,0,1,1,50.48,Ineligible
AZKMI,26,female,Odisha,postdoc,64.2,514000.0,999,21,1,0,0,1,1,1,70.68,Eligible
BVOBC,19,male,Nagaland,12th,47.2,299000.0,250,999,1,1,74,1,1,1,51.88,Ineligible
ARG45,24,male,Rajasthan,masters,58.8,606000.0,250,999,1,0,0,1,1,1,41.52,Eligible
BPVGK,15,female,Maharashtra,10th,83.4,67000.0,999,999,1,0,0,1,1,0,71.36,Borderline
AZKMI,36,other,Maharashtra,postdoc,61.9,966000.0,999,1,1,0,0,1,1,1,59.76,Ineligible
ARG45,29,female,Tripura,masters,77.1,806000.0,88,999,1,0,0,0,1,1,60.84,Ineligible
AZKMI,33,male,Rajasthan,phd,65.9,334000.0,999,37,1,0,0,1,1,1,71.36,Eligible
AZKMI,30,female,Madhya Pradesh,phd,79.3,156000.0,999,14,1,0,0,1,1,1,86.72,Eligible
BVOBC,24,female,Meghalaya,12th,69.6,371000.0,250,999,1,0,0,1,1,1,60.84,Ineligible
AZKMI,22,male,Tripura,phd,55.1,515000.0,999,8,1,0,0,1,1,1,62.04,Eligible
A023B,19,female,Andhra Pradesh,bachelors,85.0,780000.0,110,999,1,0,0,1,1,1,57.0,Ineligible
BPVGK,17,female,Rajasthan,10th,88.7,147000.0,999,999,1,0,0,1,1,1,73.48,Eligible
A023B,23,male,Assam,masters,73.6,239000.0,1,999,1,0,0,1,1,1,74.44,Eligible
BPVGK,17,male,Assam,10th,74.7,304000.0,999,999,1,0,0,1,1,1,57.88,Ineligible
ARG45,35,female,Mizoram,phd,90.5,375000.0,6,999,1,0,0,1,1,1,86.2,Eligible
AZKMI,31,female,Jharkhand,postdoc,91.4,117000.0,999,2,1,0,0,1,1,1,91.56,Eligible
AZKMI,31,male,Nagaland,masters,66.7,639000.0,999,6,1,0,0,1,1,1,61.68,Ineligible
A023B,21,male,Karnataka,bachelors,76.1,94000.0,5,999,1,0,0,1,1,1,80.44,Eligible
ARG45,30,male,Karnataka,masters,72.4,208000.0,78,999,1,0,0,1,1,1,63.96,Eligible
ARG45,29,female,Kerala,masters,87.1,758000.0,95,999,1,0,0,1,1,1,64.84,Eligible
ARG45,31,male,Chhattisgarh,masters,80.5,99000.0,59,999,1,1,45,1,1,1,77.2,Eligible
A023B,18,male,Mizoram,bachelors,91.6,581000.0,1,999,1,0,0,1,1,1,76.64,Eligible
BPVGK,15,male,Tamil Nadu,10th,84.6,52000.0,999,999,1,0,0,1,1,1,66.84,Eligible
AZKMI,34,female,Rajasthan,postdoc,56.1,741000.0,999,1,1,0,0,1,1,1,62.44,Ineligible
BVOBC,22,female,Andhra Pradesh,bachelors,71.6,137000.0,72,999,1,0,0,0,1,1,73.64,Ineligible
A023B,18,female,Assam,masters,59.1,184000.0,5,999,1,0,0,1,0,1,78.64,Borderline
BVOBC,23,male,Kerala,bachelors,80.1,252000.0,59,999,1,0,0,1,1,1,67.04,Ineligible
BVOBC,19,male,Assam,bachelors,54.3,320000.0,2,999,1,0,0,1,1,1,66.72,Ineligible
AZKMI,24,male,Rajasthan,masters,74.6,714000.0,999,650,1,0,0,1,1,1,44.84,Ineligible
BVOBC,23,male,Arunachal Pradesh,12th,86.7,248000.0,3,999,1,1,41,1,1,1,84.68,Eligible
BVOBC,23,male,Madhya Pradesh,12th,59.0,359000.0,85,999,1,0,0,1,1,1,58.6,Ineligible
BVOBC,19,female,Sikkim,12th,73.7,382000.0,1,999,1,0,0,1,1,1,79.48,Ineligible
BVOBC,24,male,Kerala,12th,58.8,326000.0,78,999,1,0,0,1,1,0,58.52,Ineligible
BPVGK,14,male,Tamil Nadu,10th,66.8,60000.0,999,999,1,0,0,0,1,1,59.72,Ineligible
BPVGK,14,male,Odisha,10th,51.9,221000.0,999,999,1,0,0,1,1,1,48.76,Eligible
ARG45,36,female,Tamil Nadu,masters,55.3,133000.0,59,999,1,0,0,1,1,1,67.12,Eligible
ARG45,32,female,Chhattisgarh,masters,86.9,529000.0,65,999,1,0,0,1,1,1,69.76,Eligible
A023B,24,male,Assam,masters,95.3,546000.0,1,999,1,0,0,1,1,1,78.12,Eligible
ARG45,27,female,Telangana,phd,54.5,813000.0,2,999,1,0,0,1,1,1,61.8,Ineligible
ARG45,35,female,Jharkhand,masters,90.4,790000.0,140,999,1,0,0,1,1,1,59.16,Eligible
AZKMI,21,female,Rajasthan,masters,78.7,620000.0,999,3,0,0,0,1,1,1,71.48,Ineligible
ARG45,22,female,Maharashtra,phd,50.2,662000.0,59,999,1,0,0,1,1,1,50.08,Ineligible
BVOBC,21,male,Jharkhand,12th,93.1,43000.0,2,999,1,1,47,1,1,1,92.24,Eligible
AZKMI,21,female,Kerala,postdoc,65.6,316000.0,999,1,1,0,0,1,1,0,76.24,Borderline
BVOBC,21,male,Andhra Pradesh,12th,70.4,172000.0,110,999,1,0,0,1,1,1,61.16,Eligible
ARG45,24,male,Karnataka,masters,63.6,377000.0,78,999,1,0,0,1,0,0,60.44,Borderline
A023B,25,male,Meghalaya,masters,72.7,592000.0,250,999,1,0,0,1,1,1,52.08,Ineligible
BVOBC,17,female,Odisha,bachelors,79.7,249000.0,250,999,1,0,0,1,1,1,64.88,Eligible
ARG45,31,male,Karnataka,masters,53.4,216000.0,2,999,1,0,0,1,1,1,66.36,Ineligible
ARG45,32,female,Arunachal Pradesh,masters,90.2,648000.0,2,999,1,0,0,1,1,0,76.08,Borderline
ARG45,29,male,Karnataka,masters,79.8,324000.0,6,999,1,0,0,1,0,1,76.92,Borderline
A023B,21,male,Gujarat,bachelors,65.6,565000.0,1,999,1,0,0,1,1,1,66.24,Eligible
BVOBC,19,female,Sikkim,12th,70.4,350000.0,110,999,1,0,0,1,1,0,61.16,Ineligible
BPVGK,14,female,Arunachal Pradesh,10th,72.6,251000.0,999,999,1,0,0,1,1,1,62.04,Ineligible
BVOBC,18,female,Assam,bachelors,62.1,175000.0,78,999,1,0,0,0,1,1,69.84,Ineligible
ARG45,32,male,Chhattisgarh,masters,88.4,749000.0,110,999,1,1,49,1,1,1,58.36,Eligible
BVOBC,22,male,Assam,12th,59.0,230000.0,6,999,1,0,0,1,1,1,68.6,Eligible
A023B,21,other,Kerala,bachelors,89.0,114000.0,5,999,1,0,0,1,1,1,85.6,Eligible
BVOBC,21,male,Arunachal Pradesh,12th,59.3,275000.0,250,999,1,0,0,1,1,1,51.72,Ineligible
ARG45,32,male,Manipur,phd,84.2,661000.0,2,999,1,0,0,1,1,1,68.68,Eligible
ARG45,26,male,Tripura,masters,74.1,508000.0,2,999,1,0,0,1,0,1,69.64,Borderline
A023B,21,male,Gujarat,bachelors,85.9,101000.0,6,999,1,0,0,1,1,1,84.36,Eligible
BVOBC,17,female,Mizoram,bachelors,58.8,255000.0,3,999,1,0,0,1,1,1,73.52,Ineligible
ARG45,23,female,Odisha,phd,75.5,510000.0,3,999,1,0,0,1,1,1,75.2,Eligible
AZKMI,30,female,Madhya Pradesh,phd,70.1,111000.0,999,3,1,0,0,1,1,1,83.04,Eligible
AZKMI,28,male,Tamil Nadu,phd,69.5,688000.0,999,2,0,0,0,1,1,1,62.8,Ineligible
A023B,23,male,Odisha,masters,76.5,136000.0,110,999,1,0,0,1,1,1,63.6,Ineligible
BPVGK,17,other,Odisha,10th,62.7,93000.0,999,999,1,0,0,1,1,1,58.08,Eligible
A023B,25,male,Odisha,bachelors,58.5,774000.0,2,999,1,0,0,1,1,1,58.4,Ineligible
BVOBC,17,female,Meghalaya,bachelors,71.9,61000.0,1,999,1,0,0,1,1,1,83.76,Eligible
BVOBC,21,male,Madhya Pradesh,bachelors,71.3,261000.0,78,999,1,0,0,1,0,1,63.52,Ineligible
ARG45,29,male,Maharashtra,masters,79.8,628000.0,2,999,1,0,0,0,1,1,66.92,Ineligible
ARG45,22,male,Jharkhand,masters,50.9,750000.0,1,999,0,0,0,1,1,1,55.36,Ineligible
AZKMI,26,other,Nagaland,masters,52.6,304000.0,999,14,0,0,0,1,1,1,66.04,Ineligible
BVOBC,21,male,Chhattisgarh,bachelors,49.9,155000.0,3,999,1,0,0,1,1,1,69.96,Ineligible
BVOBC,23,male,Rajasthan,12th,92.8,179000.0,6,999,1,0,0,1,1,1,87.12,Eligible
ARG45,24,male,Jharkhand,masters,73.1,676000.0,88,999,1,1,60,1,1,1,59.24,Eligible
BPVGK,14,female,Chhattisgarh,10th,89.7,197000.0,999,999,1,0,0,1,1,1,73.88,Eligible
ARG45,28,female,Rajasthan,masters,85.6,289000.0,72,999,1,0,0,1,1,1,74.24,Eligible
BPVGK,17,male,Telangana,10th,51.5,125000.0,999,999,1,0,0,1,1,1,53.6,Eligible
BPVGK,14,male,Odisha,10th,46.7,93000.0,999,999,1,0,0,1,1,1,51.68,Ineligible
ARG45,30,female,Telangana,phd,92.6,512000.0,2,999,1,0,0,0,0,1,82.04,Borderline
A023B,18,female,Andhra Pradesh,masters,65.8,213000.0,2,999,1,0,0,1,1,1,76.32,Eligible
A023B,23,female,Sikkim,bachelors,89.7,798000.0,65,999,1,0,0,1,1,1,65.88,Ineligible
BPVGK,16,female,Arunachal Pradesh,10th,49.1,302000.0,999,999,1,0,0,1,1,1,52.64,Ineligible
BVOBC,18,female,Telangana,12th,60.3,84000.0,95,999,1,0,0,1,1,1,69.12,Eligible
ARG45,28,male,Mizoram,masters,89.7,736000.0,72,999,1,0,0,1,1,1,60.88,Eligible
ARG45,24,female,Rajasthan,masters,76.4,609000.0,1,999,0,1,47,1,1,0,75.56,Ineligible
A023B,20,female,Kerala,masters,96.6,452000.0,1,999,1,0,0,0,1,1,83.64,Ineligible
ARG45,34,female,Manipur,phd,75.7,101000.0,2,999,0,0,0,1,1,1,85.28,Ineligible
A023B,18,male,Rajasthan,bachelors,62.3,354000.0,6,999,1,0,0,1,1,1,69.92,Eligible
A023B,20,male,Manipur,masters,71.3,670000.0,6,999,1,0,0,1,1,1,63.52,Ineligible
A023B,22,female,Assam,bachelors,56.8,706000.0,6,999,1,0,0,1,0,1,62.72,Ineligible
BVOBC,22,male,Jharkhand,bachelors,71.6,84000.0,6,999,1,0,0,1,1,1,78.64,Eligible
BVOBC,21,female,Mizoram,bachelors,61.7,329000.0,88,999,1,0,0,1,1,1,64.68,Ineligible
ARG45,28,male,Maharashtra,masters,67.4,124000.0,59,999,1,0,0,1,1,1,66.96,Eligible
AZKMI,35,other,Chhattisgarh,phd,51.1,671000.0,999,21,1,0,0,1,1,1,55.44,Ineligible
A023B,19,female,Mizoram,bachelors,77.1,530000.0,2,999,1,0,0,1,1,1,75.84,Eligible
ARG45,26,male,Chhattisgarh,masters,91.9,340000.0,140,999,1,0,0,1,1,1,64.76,Eligible
BVOBC,18,male,Jharkhand,12th,72.6,269000.0,59,999,1,0,0,1,1,1,64.04,Ineligible
BVOBC,24,male,Manipur,12th,75.8,359000.0,110,999,1,0,0,1,1,1,58.32,Ineligible
A023B,18,male,Nagaland,masters,78.4,500000.0,5,999,1,0,0,1,1,1,71.36,Eligible
BVOBC,18,male,Andhra Pradesh,12th,49.2,156000.0,2,999,1,0,0,1,1,1,69.68,Ineligible
ARG45,29,male,Karnataka,phd,87.5,416000.0,110,999,0,0,0,1,1,1,58.0,Ineligible
A023B,18,female,Arunachal Pradesh,bachelors,59.8,223000.0,2,999,0,0,0,1,1,1,73.92,Ineligible
BVOBC,17,male,Gujarat,bachelors,92.8,380000.0,88,999,1,0,0,1,1,1,72.12,Ineligible
ARG45,32,female,Telangana,masters,50.5,215000.0,6,999,1,0,0,1,1,1,70.2,Ineligible
ARG45,23,other,Karnataka,masters,73.0,186000.0,3,999,1,0,0,1,1,1,79.2,Eligible
AZKMI,32,female,Odisha,masters,57.6,574000.0,999,6,1,0,0,1,1,1,68.04,Eligible
BPVGK,16,male,Telangana,10th,51.4,134000.0,999,999,1,0,0,1,1,1,53.56,Eligible
BVOBC,18,male,Arunachal Pradesh,bachelors,59.9,264000.0,3,999,1,0,0,1,1,1,68.96,Ineligible
AZKMI,32,female,Sikkim,phd,86.2,970000.0,999,21,1,0,0,1,0,1,74.48,Ineligible
BPVGK,17,female,Odisha,10th,78.2,279000.0,999,999,1,0,0,1,0,1,64.28,Ineligible
ARG45,30,male,Nagaland,phd,55.0,603000.0,59,999,1,0,0,1,1,1,47.0,Eligible
BVOBC,24,male,Assam,12th,56.9,264000.0,59,999,1,1,69,1,1,1,62.76,Ineligible
A023B,23,female,Madhya Pradesh,masters,63.3,549000.0,1,999,0,0,0,1,1,1,70.32,Ineligible
BPVGK,17,other,Gujarat,10th,54.8,202000.0,999,999,1,0,0,1,1,1,49.92,Eligible
AZKMI,30,female,Sikkim,postdoc,89.8,666000.0,999,37,1,0,0,1,1,1,75.92,Ineligible
A023B,19,female,Odisha,masters,58.3,174000.0,95,999,1,0,0,1,1,1,68.32,Eligible
AZKMI,31,female,Gujarat,phd,56.9,520000.0,999,6,1,0,0,1,1,1,67.76,Eligible
AZKMI,31,male,Assam,postdoc,92.2,511000.0,999,14,1,0,0,1,1,1,76.88,Eligible
A023B,20,male,Meghalaya,masters,60.8,109000.0,65,999,1,0,0,1,0,1,64.32,Borderline
AZKMI,24,male,Jharkhand,phd,74.5,516000.0,999,650,0,0,0,1,1,1,49.8,Ineligible
BVOBC,23,female,Maharashtra,12th,59.8,165000.0,85,999,1,0,0,1,1,1,68.92,Eligible
BPVGK,14,female,Assam,10th,71.2,275000.0,999,999,1,0,0,1,1,1,61.48,Ineligible
BPVGK,16,male,Nagaland,10th,75.6,127000.0,999,999,1,0,0,1,1,1,63.24,Eligible
ARG45,34,female,Odisha,masters,87.1,682000.0,59,999,1,0,0,1,1,1,64.84,Eligible
A023B,18,female,Manipur,masters,94.4,796000.0,85,999,1,0,0,1,1,1,67.76,Ineligible
AZKMI,32,male,Rajasthan,masters,76.8,429000.0,999,3,1,0,0,1,1,1,70.72,Eligible
A023B,22,male,Tamil Nadu,masters,88.9,752000.0,65,999,1,0,0,1,1,1,60.56,Ineligible
ARG45,22,female,Odisha,phd,88.0,444000.0,1,999,1,0,0,1,1,1,80.2,Eligible
BVOBC,19,female,Arunachal Pradesh,bachelors,81.3,90000.0,110,999,1,0,0,1,1,1,70.52,Eligible
ARG45,31,male,Karnataka,phd,88.9,872000.0,3,999,1,0,0,1,1,1,70.56,Eligible
A023B,22,male,Manipur,masters,96.5,318000.0,78,999,1,0,0,1,1,1,73.6,Eligible
ARG45,31,male,Odisha,phd,54.5,619000.0,6,999,1,0,0,1,1,1,56.8,Ineligible
AZKMI,36,male,Meghalaya,masters,87.2,737000.0,999,2,1,0,0,1,1,1,69.88,Ineligible
BPVGK,17,male,Manipur,10th,78.9,34000.0,999,999,1,0,0,1,1,1,64.56,Eligible
A023B,24,female,Telangana,bachelors,62.8,706000.0,5,999,1,0,0,1,1,1,65.12,Ineligible
ARG45,30,female,Arunachal Pradesh,masters,66.7,781000.0,95,999,1,0,0,1,1,1,56.68,Eligible
BVOBC,21,female,Tripura,12th,48.4,328000.0,59,999,1,0,0,1,0,1,59.36,Ineligible
A023B,21,male,Manipur,masters,73.6,777000.0,2,999,0,0,0,1,1,1,64.44,Ineligible
BVOBC,24,male,Sikkim,bachelors,51.1,41000.0,5,999,1,0,0,1,1,0,70.44,Borderline
BVOBC,18,male,Arunachal Pradesh,bachelors,47.5,216000.0,1,999,1,0,0,1,1,1,64.0,Ineligible
BVOBC,20,male,Andhra Pradesh,bachelors,88.9,243000.0,59,999,1,0,0,1,1,1,70.56,Eligible
BVOBC,20,male,Maharashtra,bachelors,91.3,216000.0,65,999,1,0,0,1,1,1,71.52,Eligible
AZKMI,27,male,Jharkhand,masters,92.0,796000.0,999,21,1,0,0,1,1,1,71.8,Ineligible
A023B,22,female,Andhra Pradesh,bachelors,70.3,121000.0,59,999,1,0,0,1,1,1,73.12,Eligible
BVOBC,18,male,Meghalaya,bachelors,70.7,387000.0,85,999,1,0,0,1,1,1,63.28,Ineligible
BPVGK,16,female,Kerala,10th,56.7,343000.0,999,999,1,0,0,1,1,1,55.68,Ineligible
BVOBC,24,male,Nagaland,12th,71.3,396000.0,95,999,1,0,0,1,1,1,63.52,Ineligible
ARG45,28,female,Nagaland,masters,68.0,536000.0,72,999,1,0,0,1,1,1,62.2,Eligible
ARG45,23,female,Odisha,masters,70.1,804000.0,88,999,1,0,0,0,1,1,58.04,Ineligible
AZKMI,35,male,Kerala,masters,56.6,566000.0,999,14,1,0,0,1,1,1,62.64,Eligible
BPVGK,15,female,Chhattisgarh,10th,59.5,60000.0,999,999,1,0,0,1,1,1,61.8,Eligible
A023B,20,female,Tripura,masters,60.4,710000.0,1,999,1,0,0,1,1,1,64.16,Ineligible
ARG45,33,female,Arunachal Pradesh,masters,55.7,162000.0,72,999,1,0,0,1,1,1,67.28,Eligible
ARG45,32,female,Andhra Pradesh,phd,85.5,645000.0,72,999,1,0,0,1,1,1,64.2,Eligible
A023B,20,female,Tamil Nadu,bachelors,71.4,745000.0,2,999,1,1,68,1,0,1,73.56,Ineligible
AZKMI,26,male,Andhra Pradesh,postdoc,83.1,681000.0,999,37,1,0,0,1,1,1,68.24,Ineligible
ARG45,30,female,Sikkim,masters,87.5,679000.0,85,999,1,0,0,0,1,1,65.0,Ineligible
ARG45,24,male,Jharkhand,masters,90.7,731000.0,59,999,1,0,0,1,1,1,61.28,Eligible
ARG45,30,male,Telangana,masters,61.1,604000.0,140,999,1,0,0,1,1,1,42.44,Eligible
ARG45,23,female,Andhra Pradesh,phd,89.6,680000.0,2,999,1,0,0,1,1,1,75.84,Eligible
BPVGK,15,female,Odisha,10th,47.1,152000.0,999,999,1,0,0,1,1,1,56.84,Ineligible
AZKMI,23,male,Mizoram,postdoc,60.5,708000.0,999,21,1,0,0,1,1,1,59.2,Ineligible
BVOBC,20,male,Telangana,12th,83.5,398000.0,3,999,1,1,58,1,1,1,83.4,Ineligible
A023B,25,female,Odisha,masters,92.3,448000.0,85,999,1,0,0,1,0,1,71.92,Borderline
ARG45,29,male,Gujarat,masters,88.4,617000.0,5,999,1,0,0,1,1,1,70.36,Eligible
BVOBC,20,female,Manipur,12th,83.1,373000.0,5,999,1,0,0,1,1,1,83.24,Ineligible
ARG45,32,female,Nagaland,phd,77.6,522000.0,1,999,1,0,0,1,0,1,76.04,Borderline
A023B,21,female,Andhra Pradesh,masters,95.5,198000.0,2,999,1,0,0,1,1,0,93.2,Borderline
ARG45,30,male,Madhya Pradesh,masters,85.2,547000.0,59,999,1,0,0,1,1,1,64.08,Eligible
ARG45,27,male,Maharashtra,masters,51.4,513000.0,6,999,0,0,0,1,1,1,60.56,Ineligible
A023B,20,male,Telangana,masters,93.1,304000.0,5,999,1,0,0,1,1,1,82.24,Eligible
ARG45,30,male,Assam,masters,52.4,243000.0,88,999,0,0,0,1,1,1,55.96,Ineligible
BVOBC,21,female,Chhattisgarh,12th,47.5,314000.0,5,999,1,0,0,0,1,1,69.0,Ineligible
A023B,19,male,Mizoram,bachelors,88.7,204000.0,1,999,1,0,0,1,1,1,80.48,Eligible
A023B,25,male,Sikkim,bachelors,66.2,323000.0,59,999,1,0,0,1,1,1,61.48,Eligible
ARG45,34,male,Assam,masters,68.3,573000.0,72,999,1,0,0,1,1,1,57.32,Eligible
ARG45,26,male,Tripura,masters,81.0,738000.0,59,999,0,0,0,1,1,1,57.4,Ineligible
ARG45,34,female,Tripura,phd,79.1,394000.0,110,999,1,0,0,1,1,1,64.64,Eligible
ARG45,22,male,Nagaland,phd,89.5,419000.0,85,999,1,0,0,1,1,1,65.8,Eligible
A023B,22,female,Arunachal Pradesh,masters,84.2,259000.0,6,999,1,0,0,1,1,1,83.68,Eligible
ARG45,33,female,Jharkhand,phd,58.3,548000.0,78,999,1,0,0,1,1,1,58.32,Eligible
ARG45,22,male,Manipur,masters,58.3,733000.0,3,999,1,0,0,1,1,1,58.32,Eligible
BVOBC,21,male,Odisha,12th,91.7,46000.0,1,999,1,0,0,1,1,1,86.68,Eligible
BVOBC,19,male,Arunachal Pradesh,12th,59.9,176000.0,250,999,1,0,0,1,1,1,56.96,Eligible
BVOBC,17,female,Tamil Nadu,bachelors,52.4,78000.0,2,999,1,0,0,1,1,1,75.96,Eligible
ARG45,22,female,Kerala,phd,50.8,154000.0,2,999,1,0,0,1,1,1,75.32,Ineligible
A023B,21,female,Arunachal Pradesh,masters,62.7,709000.0,85,999,1,0,0,1,1,1,55.08,Ineligible
AZKMI,25,female,Mizoram,masters,65.4,682000.0,999,21,1,0,0,1,0,1,66.16,Ineligible
ARG45,35,female,Tamil Nadu,phd,93.3,618000.0,110,999,1,0,0,0,1,1,60.32,Ineligible
BPVGK,14,male,Karnataka,10th,76.9,179000.0,999,999,1,0,0,1,1,1,63.76,Eligible
BVOBC,20,female,Madhya Pradesh,12th,70.9,253000.0,5,999,1,0,0,1,1,1,78.36,Ineligible
A023B,22,male,Assam,bachelors,96.5,465000.0,6,999,1,0,0,1,1,1,78.6,Eligible
BPVGK,17,female,Kerala,10th,55.0,69000.0,999,999,1,0,0,1,1,1,60.0,Eligible
BVOBC,19,male,Chhattisgarh,bachelors,50.3,254000.0,72,999,1,0,0,1,1,1,55.12,Ineligible
ARG45,26,male,Chhattisgarh,masters,84.6,343000.0,65,999,1,0,0,1,1,1,68.84,Eligible
A023B,19,female,Maharashtra,bachelors,83.9,166000.0,78,999,1,0,0,1,1,1,78.56,Eligible
ARG45,33,female,Kerala,masters,87.1,474000.0,78,999,1,0,0,1,1,1,69.84,Eligible
BVOBC,22,female,Kerala,12th,83.9,222000.0,1,999,1,0,0,1,1,1,83.56,Eligible
ARG45,31,female,Tripura,phd,89.2,164000.0,110,999,0,0,0,1,1,1,73.68,Ineligible
A023B,22,female,Madhya Pradesh,bachelors,66.7,347000.0,5,999,1,0,0,1,1,1,76.68,Eligible
AZKMI,24,female,Telangana,postdoc,80.1,803000.0,999,1,1,0,0,1,1,1,72.04,Ineligible
AZKMI,22,female,Gujarat,phd,85.8,325000.0,999,2,1,0,0,1,1,1,84.32,Eligible
ARG45,25,male,Sikkim,phd,73.8,481000.0,1,999,1,0,0,1,1,1,69.52,Eligible
BVOBC,21,male,Mizoram,bachelors,70.1,290000.0,59,999,1,0,0,1,1,1,63.04,Ineligible
BPVGK,16,male,Tamil Nadu,10th,77.0,250000.0,999,999,1,0,0,1,1,1,58.8,Eligible
BVOBC,22,female,Maharashtra,bachelors,93.3,232000.0,65,999,1,0,0,1,1,1,77.32,Eligible
AZKMI,37,male,Gujarat,phd,93.7,193000.0,999,1,0,0,0,1,1,1,87.48,Ineligible
ARG45,28,male,Odisha,phd,84.2,537000.0,85,999,1,0,0,1,1,1,63.68,Eligible
A023B,24,female,Tamil Nadu,masters,82.4,661000.0,1,999,1,0,0,1,1,1,72.96,Ineligible
BPVGK,16,male,Karnataka,10th,49.2,119000.0,999,999,1,0,0,1,1,1,52.68,Ineligible
AZKMI,32,female,Tripura,masters,77.3,133000.0,999,8,1,0,0,1,1,1,85.92,Eligible
ARG45,31,female,Maharashtra,phd,91.1,328000.0,1,999,1,0,0,1,1,1,86.44,Eligible
AZKMI,23,female,Madhya Pradesh,masters,54.4,462000.0,999,22,1,0,0,1,1,1,66.76,Ineligible
ARG45,32,female,Rajasthan,phd,67.1,371000.0,65,999,1,0,0,1,1,1,66.84,Eligible
BPVGK,15,female,Madhya Pradesh,10th,61.7,129000.0,999,999,1,0,0,1,1,1,62.68,Eligible
BPVGK,16,female,Manipur,10th,84.2,123000.0,999,999,1,0,0,1,1,1,71.68,Eligible
ARG45,24,female,Telangana,masters,60.0,371000.0,88,999,1,0,0,1,1,1,64.0,Eligible
BVOBC,18,female,Sikkim,12th,87.9,110000.0,72,999,1,0,0,1,1,1,80.16,Eligible
AZKMI,24,female,Odisha,masters,64.7,122000.0,999,3,1,0,0,1,1,1,80.88,Eligible
BVOBC,23,female,Madhya Pradesh,bachelors,74.3,212000.0,1,999,1,0,0,1,1,1,79.72,Eligible
ARG45,35,male,Telangana,phd,78.9,558000.0,59,999,1,0,0,1,1,1,61.56,Eligible
AZKMI,27,female,Arunachal Pradesh,masters,55.5,310000.0,999,14,1,0,0,1,1,1,72.2,Eligible
AZKMI,34,male,Andhra Pradesh,masters,89.5,562000.0,999,22,1,0,0,1,1,1,75.8,Eligible
ARG45,31,female,Tripura,phd,90.5,295000.0,110,999,1,0,0,1,1,1,69.2,Eligible
BVOBC,20,male,Kerala,bachelors,87.2,188000.0,140,999,1,0,0,1,1,1,67.88,Eligible
ARG45,28,male,Odisha,phd,95.0,84000.0,3,999,1,0,0,1,1,0,88.0,Borderline
ARG45,26,male,Telangana,phd,78.9,209000.0,2,999,0,1,72,1,1,1,81.56,Ineligible
BVOBC,23,male,Arunachal Pradesh,bachelors,61.0,319000.0,78,999,1,1,66,1,1,1,64.4,Ineligible
BVOBC,18,female,Kerala,bachelors,48.4,249000.0,3,999,1,0,0,1,1,1,69.36,Ineligible
BVOBC,22,male,Chhattisgarh,bachelors,54.6,285000.0,5,999,1,0,0,1,1,1,66.84,Ineligible
ARG45,30,female,Maharashtra,phd,76.0,493000.0,95,999,1,0,0,1,1,1,65.4,Eligible
BVOBC,18,female,Karnataka,12th,80.7,182000.0,59,999,1,0,0,1,1,0,77.28,Borderline
BVOBC,24,male,Chhattisgarh,bachelors,50.1,239000.0,2,999,1,0,0,1,0,1,65.04,Borderline
ARG45,34,female,Odisha,masters,90.3,552000.0,1,999,1,0,0,1,1,1,81.12,Eligible
BVOBC,19,male,Nagaland,bachelors,59.1,97000.0,95,999,1,0,0,1,1,1,63.64,Eligible
ARG45,25,female,Odisha,phd,81.5,606000.0,88,999,1,0,0,0,1,1,62.6,Ineligible
A023B,20,female,Rajasthan,bachelors,94.5,221000.0,59,999,1,0,0,1,1,1,77.8,Eligible
ARG45,34,male,Tamil Nadu,phd,50.6,152000.0,110,999,1,0,0,0,0,1,53.24,Ineligible
AZKMI,28,female,Tripura,phd,94.2,121000.0,999,32,1,0,0,1,1,0,92.68,Borderline
A023B,19,female,Mizoram,masters,94.8,782000.0,85,999,1,0,0,1,1,1,67.92,Ineligible
BVOBC,19,female,Manipur,12th,85.6,87000.0,250,999,1,0,0,1,1,1,72.24,Eligible
A023B,20,male,Andhra Pradesh,bachelors,64.0,519000.0,6,999,1,0,0,1,1,1,65.6,Eligible
AZKMI,34,female,Meghalaya,phd,67.4,862000.0,999,22,1,0,0,1,1,1,66.96,Ineligible
A023B,21,male,Tamil Nadu,masters,57.1,116000.0,65,999,1,0,0,1,1,1,62.84,Eligible
ARG45,31,female,Manipur,masters,78.4,701000.0,59,999,1,0,0,1,1,1,61.36,Eligible
A023B,18,male,Telangana,masters,93.3,779000.0,2,999,1,0,0,1,1,0,72.32,Ineligible
AZKMI,33,female,Rajasthan,masters,79.0,765000.0,999,6,1,0,0,1,1,1,71.6,Ineligible
BPVGK,14,male,Madhya Pradesh,10th,61.0,103000.0,999,999,1,0,0,1,1,1,57.4,Eligible
AZKMI,24,female,Arunachal Pradesh,postdoc,53.3,876000.0,999,22,1,0,0,1,1,1,61.32,Ineligible
ARG45,23,male,Sikkim,phd,75.0,813000.0,5,999,1,0,0,1,1,1,65.0,Eligible
BPVGK,14,female,Assam,10th,83.8,98000.0,999,999,1,0,0,1,1,0,71.52,Borderline
BVOBC,23,male,Rajasthan,bachelors,73.9,83000.0,88,999,1,0,0,0,0,1,69.56,Borderline
A023B,19,male,Kerala,bachelors,65.9,580000.0,3,999,1,0,0,1,1,1,66.36,Eligible
AZKMI,34,male,Andhra Pradesh,phd,73.1,630000.0,999,4,1,0,0,1,0,1,64.24,Ineligible
A023B,20,male,Arunachal Pradesh,bachelors,62.2,466000.0,65,999,1,0,0,1,1,1,54.88,Eligible
BVOBC,19,female,Odisha,bachelors,73.1,269000.0,3,999,1,0,0,1,1,1,79.24,Ineligible
A023B,22,male,Arunachal Pradesh,masters,72.5,644000.0,1,999,1,0,0,1,1,1,64.0,Ineligible
ARG45,26,female,Assam,masters,75.4,679000.0,85,999,1,0,0,1,1,1,60.16,Eligible
BPVGK,14,male,Jharkhand,10th,48.0,194000.0,999,999,1,0,0,1,1,1,52.2,Ineligible
A023B,23,male,Sikkim,bachelors,89.2,498000.0,65,999,1,0,0,1,1,1,65.68,Eligible
A023B,24,female,Sikkim,bachelors,70.3,273000.0,5,999,1,0,0,1,1,0,78.12,Borderline
A023B,21,male,Gujarat,masters,81.3,156000.0,65,999,1,0,0,1,1,1,72.52,Eligible
BVOBC,20,male,Arunachal Pradesh,bachelors,59.5,227000.0,1,999,1,0,0,1,1,1,68.8,Eligible
ARG45,28,female,Kerala,masters,91.6,417000.0,140,999,1,0,0,1,1,1,64.64,Eligible
BPVGK,15,male,Gujarat,10th,94.9,333000.0,999,999,1,0,0,1,1,1,65.96,Ineligible
BVOBC,18,female,Kerala,bachelors,56.2,169000.0,85,999,1,0,0,1,1,1,67.48,Eligible
BVOBC,18,male,Meghalaya,12th,54.4,271000.0,85,999,1,0,0,1,1,1,56.76,Ineligible
AZKMI,24,female,Karnataka,postdoc,58.1,874000.0,999,14,1,0,0,1,1,1,63.24,Ineligible
BPVGK,14,male,Tripura,10th,66.2,298000.0,999,999,1,0,0,1,1,1,54.48,Ineligible
ARG45,35,male,Meghalaya,phd,54.3,806000.0,140,999,1,0,0,1,1,1,39.72,Ineligible
BPVGK,14,male,Nagaland,10th,59.0,128000.0,999,999,1,0,0,1,1,1,56.6,Eligible
BVOBC,22,female,Tripura,bachelors,48.3,235000.0,3,999,1,0,0,0,1,1,69.32,Ineligible
BPVGK,17,male,Nagaland,10th,80.3,135000.0,999,999,1,0,0,1,1,1,65.12,Eligible
BPVGK,17,male,Madhya Pradesh,10th,46.1,30000.0,999,999,1,0,0,1,1,1,51.44,Ineligible
BVOBC,19,male,Chhattisgarh,12th,78.5,123000.0,140,999,1,0,0,1,1,1,64.4,Eligible
ARG45,34,male,Nagaland,masters,58.9,643000.0,2,999,1,0,0,1,1,1,58.56,Eligible
ARG45,27,male,Tamil Nadu,phd,72.3,682000.0,1,999,1,0,0,1,1,1,63.92,Eligible
BVOBC,19,male,Madhya Pradesh,bachelors,47.8,288000.0,250,999,1,0,0,1,1,1,47.12,Ineligible
BVOBC,22,female,Chhattisgarh,bachelors,93.6,177000.0,72,999,1,0,0,1,0,1,82.44,Borderline
BPVGK,14,female,Nagaland,10th,93.9,240000.0,999,999,1,0,0,1,1,1,70.56,Eligible
ARG45,32,female,Tamil Nadu,masters,70.2,262000.0,110,999,1,0,0,1,1,1,61.08,Eligible
ARG45,30,male,Telangana,masters,85.4,840000.0,110,999,1,0,0,1,0,1,52.16,Borderline
A023B,22,male,Jharkhand,masters,84.1,771000.0,6,999,0,1,63,1,1,1,73.64,Ineligible
AZKMI,22,male,Rajasthan,masters,60.4,329000.0,999,3,0,0,0,1,1,0,69.16,Ineligible
BVOBC,17,male,Telangana,12th,93.7,205000.0,72,999,1,0,0,1,1,1,72.48,Eligible
BVOBC,21,female,Chhattisgarh,12th,56.6,126000.0,85,999,1,0,0,1,1,1,67.64,Eligible
BVOBC,20,male,Kerala,12th,73.7,122000.0,1,999,1,0,0,1,1,1,79.48,Eligible
AZKMI,23,male,Sikkim,phd,83.0,632000.0,999,32,0,0,0,1,1,1,68.2,Ineligible
BVOBC,18,female,Andhra Pradesh,bachelors,73.3,57000.0,110,999,1,0,0,1,0,1,67.32,Borderline
BVOBC,23,female,Mizoram,bachelors,62.2,312000.0,6,999,1,0,0,1,1,1,74.88,Ineligible
AZKMI,38,male,Chhattisgarh,masters,50.1,209000.0,999,8,1,0,0,1,1,1,65.04,Ineligible
BVOBC,19,other,Tripura,12th,52.6,320000.0,2,999,1,0,0,1,1,1,66.04,Ineligible
BVOBC,18,male,Karnataka,12th,65.8,266000.0,95,999,1,0,0,1,1,0,61.32,Ineligible
BVOBC,19,male,Sikkim,12th,74.0,238000.0,2,999,1,0,0,1,0,1,74.6,Borderline
ARG45,32,female,Madhya Pradesh,phd,92.7,156000.0,78,999,1,0,0,1,1,1,82.08,Eligible
A023B,25,female,Nagaland,masters,75.4,477000.0,110,999,1,0,0,1,1,1,58.16,Ineligible
A023B,22,male,Arunachal Pradesh,bachelors,82.0,300000.0,2,999,1,0,0,1,1,1,77.8,Eligible
ARG45,23,female,Jharkhand,masters,67.9,71000.0,65,999,1,0,0,1,1,1,72.16,Eligible
BPVGK,17,male,Jharkhand,10th,78.6,60000.0,999,999,1,0,0,1,1,1,64.44,Eligible
BPVGK,14,female,Tripura,10th,55.3,75000.0,999,999,1,0,0,1,1,1,60.12,Eligible
A023B,19,male,Maharashtra,masters,81.0,485000.0,65,999,1,0,0,1,0,1,62.4,Borderline
BVOBC,17,male,Gujarat,bachelors,92.0,280000.0,1,999,1,0,0,1,1,1,81.8,Ineligible
BVOBC,24,male,Tamil Nadu,12th,48.9,308000.0,2,999,1,0,0,1,1,1,64.56,Ineligible
A023B,20,male,Odisha,bachelors,94.6,133000.0,6,999,1,0,0,1,1,1,87.84,Eligible
A023B,25,other,Sikkim,masters,85.6,302000.0,2,999,1,0,0,1,1,1,79.24,Eligible
BVOBC,23,male,Chhattisgarh,bachelors,94.4,339000.0,59,999,1,0,0,1,1,1,72.76,Ineligible
A023B,19,female,Karnataka,masters,62.2,236000.0,5,999,1,0,0,1,0,1,74.88,Borderline
BPVGK,17,female,Nagaland,10th,88.1,159000.0,999,999,1,0,0,1,1,1,73.24,Eligible
BPVGK,17,female,Manipur,10th,47.4,303000.0,999,999,1,0,0,1,1,1,51.96,Ineligible
BVOBC,22,female,Rajasthan,12th,66.0,287000.0,1,999,1,0,0,1,1,1,76.4,Ineligible
A023B,25,male,Arunachal Pradesh,bachelors,97.6,478000.0,85,999,1,0,0,0,1,1,69.04,Ineligible
BPVGK,16,female,Karnataka,10th,90.8,154000.0,999,999,1,0,0,1,1,0,74.32,Borderline
ARG45,23,female,Telangana,phd,65.1,770000.0,65,999,1,0,0,1,1,1,56.04,Eligible
BPVGK,15,male,Gujarat,10th,55.7,67000.0,999,999,1,0,0,1,1,1,55.28,Eligible
A023B,24,female,Arunachal Pradesh,bachelors,80.4,660000.0,1,999,1,0,0,1,1,1,72.16,Ineligible
BVOBC,19,female,Kerala,12th,68.4,192000.0,110,999,1,0,0,1,1,0,65.36,Borderline
ARG45,32,female,Rajasthan,phd,60.0,825000.0,85,999,1,0,0,1,1,1,54.0,Eligible
A023B,20,female,Assam,bachelors,86.6,332000.0,2,999,1,0,0,1,1,1,84.64,Eligible
ARG45,35,male,Kerala,masters,65.9,458000.0,72,999,1,0,0,1,1,1,56.36,Eligible
ARG45,25,female,Tripura,phd,67.1,622000.0,59,999,1,0,0,1,0,1,56.84,Borderline
ARG45,30,male,Mizoram,phd,58.2,333000.0,95,999,1,0,0,1,1,1,58.28,Eligible
BPVGK,14,female,Jharkhand,10th,54.4,234000.0,999,999,1,0,0,1,1,1,54.76,Eligible
BVOBC,22,male,Arunachal Pradesh,bachelors,88.2,49000.0,78,999,1,0,0,0,1,1,75.28,Ineligible
BPVGK,14,female,Madhya Pradesh,10th,70.9,298000.0,999,999,1,0,0,1,1,1,61.36,Ineligible
BVOBC,24,male,Andhra Pradesh,12th,53.2,324000.0,2,999,1,0,0,1,1,1,66.28,Ineligible
AZKMI,37,male,Chhattisgarh,masters,50.1,345000.0,999,6,1,0,0,1,1,1,65.04,Ineligible
BPVGK,17,male,Andhra Pradesh,10th,79.0,84000.0,999,999,1,0,0,1,1,1,64.6,Eligible
BPVGK,16,female,Mizoram,10th,79.0,244000.0,999,999,1,0,0,1,1,1,64.6,Eligible
AZKMI,35,male,Jharkhand,phd,74.4,443000.0,999,6,1,0,0,1,0,1,69.76,Borderline
BPVGK,17,female,Sikkim,10th,57.6,336000.0,999,999,1,0,0,1,1,1,56.04,Ineligible
ARG45,26,male,Maharashtra,phd,50.6,608000.0,6,999,0,0,0,1,1,1,55.24,Ineligible
BVOBC,19,female,Odisha,12th,65.5,307000.0,1,999,1,0,0,1,1,1,76.2,Ineligible
AZKMI,37,female,Nagaland,masters,66.2,329000.0,999,37,1,0,0,1,1,1,76.48,Ineligible
AZKMI,31,male,Tripura,masters,82.8,722000.0,999,1,1,1,74,1,1,1,73.12,Ineligible
BPVGK,15,female,Andhra Pradesh,10th,90.5,69000.0,999,999,1,0,0,1,1,1,74.2,Eligible
ARG45,22,male,Tamil Nadu,masters,61.9,291000.0,72,999,1,0,0,1,1,1,59.76,Eligible
AZKMI,26,male,Gujarat,masters,57.4,105000.0,999,21,1,0,0,1,1,1,72.96,Eligible
A023B,23,male,Tamil Nadu,bachelors,86.6,709000.0,5,999,1,0,0,1,1,1,69.64,Ineligible
ARG45,30,female,Madhya Pradesh,phd,71.8,625000.0,250,999,1,0,0,1,1,1,51.72,Eligible
BVOBC,21,female,Tamil Nadu,bachelors,69.9,117000.0,1,999,1,0,0,1,1,1,82.96,Eligible
ARG45,27,female,Maharashtra,masters,81.0,378000.0,1,999,1,0,0,1,1,1,82.4,Eligible
A023B,18,female,Kerala,masters,69.6,780000.0,88,999,1,0,0,1,1,1,57.84,Ineligible
AZKMI,21,female,Manipur,postdoc,64.6,773000.0,999,650,1,0,0,1,1,1,45.84,Ineligible
BPVGK,15,male,Odisha,10th,82.7,39000.0,999,999,1,0,0,1,1,1,66.08,Eligible
BPVGK,17,other,Odisha,10th,47.7,301000.0,999,999,1,0,0,1,1,1,47.08,Ineligible
AZKMI,29,female,Rajasthan,phd,91.1,517000.0,999,22,1,0,0,1,1,1,81.44,Eligible
BVOBC,19,female,Assam,12th,55.8,256000.0,1,999,1,1,73,1,1,1,77.32,Ineligible
ARG45,28,male,Manipur,phd,63.3,261000.0,72,999,1,1,79,1,1,1,65.32,Eligible
BVOBC,20,male,Jharkhand,12th,87.7,171000.0,65,999,1,0,0,1,1,1,75.08,Eligible
ARG45,35,male,Madhya Pradesh,masters,50.2,160000.0,140,999,1,0,0,1,1,1,53.08,Ineligible
BVOBC,18,male,Chhattisgarh,bachelors,83.2,298000.0,72,999,1,0,0,1,1,1,68.28,Ineligible
BPVGK,15,female,Mizoram,10th,48.9,284000.0,999,999,1,0,0,1,1,1,52.56,Ineligible
BVOBC,22,female,Maharashtra,12th,77.5,305000.0,250,999,1,0,0,1,1,1,64.0,Ineligible
ARG45,27,female,Andhra Pradesh,phd,62.8,772000.0,1,999,1,0,0,1,1,1,65.12,Eligible
ARG45,36,female,Manipur,phd,67.9,184000.0,88,999,1,0,0,1,1,1,72.16,Eligible
A023B,24,female,Jharkhand,masters,57.2,445000.0,6,999,1,0,0,1,1,1,67.88,Eligible
ARG45,28,male,Tripura,phd,78.7,671000.0,1,999,1,0,0,1,1,1,66.48,Eligible
BVOBC,21,female,Kerala,12th,79.1,76000.0,3,999,1,0,0,1,1,1,86.64,Eligible
ARG45,31,male,Tripura,masters,63.5,265000.0,6,999,1,0,0,1,0,1,70.4,Borderline
BVOBC,17,male,Nagaland,12th,84.0,370000.0,3,999,1,0,0,1,1,1,78.6,Ineligible
AZKMI,38,male,Sikkim,postdoc,65.6,219000.0,999,32,1,0,0,1,1,1,71.24,Ineligible
BPVGK,15,male,Assam,10th,55.6,78000.0,999,999,1,0,0,1,1,1,55.24,Eligible
AZKMI,30,male,Tripura,masters,60.0,520000.0,999,8,1,0,0,1,1,1,64.0,Eligible
BVOBC,17,male,Assam,12th,59.7,235000.0,6,999,1,0,0,1,1,1,68.88,Eligible
BPVGK,17,male,Arunachal Pradesh,10th,58.2,41000.0,999,999,1,1,52,1,1,1,61.28,Eligible
A023B,18,other,Maharashtra,bachelors,57.5,790000.0,5,999,1,0,0,1,1,1,58.0,Ineligible
BPVGK,14,male,Arunachal Pradesh,10th,81.5,199000.0,999,999,1,0,0,1,1,1,65.6,Eligible
BVOBC,23,female,Assam,12th,61.8,292000.0,85,999,1,0,0,1,1,1,64.72,Ineligible
A023B,21,male,Arunachal Pradesh,masters,55.0,138000.0,6,999,1,0,0,1,1,1,72.0,Eligible
BVOBC,22,female,Rajasthan,bachelors,80.5,110000.0,59,999,1,0,0,1,1,1,77.2,Eligible
ARG45,29,female,Jharkhand,masters,55.6,149000.0,250,999,1,0,0,1,1,1,60.24,Eligible
AZKMI,24,other,Karnataka,phd,78.7,578000.0,999,22,1,0,0,1,0,1,71.48,Borderline
AZKMI,28,male,Kerala,masters,83.9,784000.0,999,8,1,0,0,1,1,1,68.56,Ineligible
AZKMI,26,female,Jharkhand,phd,55.2,993000.0,999,4,1,0,0,1,1,1,62.08,Ineligible
BPVGK,14,male,Madhya Pradesh,10th,58.1,208000.0,999,999,1,0,0,1,1,1,51.24,Eligible
ARG45,26,male,Assam,phd,73.5,479000.0,88,999,1,0,0,1,1,1,59.4,Eligible
AZKMI,21,female,Jharkhand,phd,68.4,184000.0,999,14,1,0,0,1,1,1,82.36,Eligible
AZKMI,21,female,Nagaland,masters,52.8,126000.0,999,6,1,0,0,1,1,1,76.12,Ineligible
BVOBC,24,female,Gujarat,12th,84.9,367000.0,65,999,1,0,0,1,1,1,73.96,Ineligible
BVOBC,24,male,Mizoram,12th,64.2,55000.0,78,999,1,1,58,1,1,1,70.68,Eligible
AZKMI,22,female,Andhra Pradesh,phd,86.6,252000.0,999,2,0,0,0,1,0,1,84.64,Ineligible
ARG45,35,female,Meghalaya,phd,87.6,588000.0,78,999,1,0,0,1,1,1,70.04,Eligible
ARG45,26,female,Tamil Nadu,masters,54.2,554000.0,88,999,1,0,0,1,1,1,56.68,Ineligible
ARG45,32,male,Mizoram,masters,93.2,889000.0,3,999,1,0,0,1,1,1,72.28,Eligible
ARG45,32,male,Sikkim,phd,90.6,175000.0,65,999,1,0,0,1,1,1,76.24,Eligible
BPVGK,17,male,Nagaland,10th,88.4,276000.0,999,999,1,0,0,1,1,1,63.36,Ineligible
BVOBC,24,male,Telangana,bachelors,83.1,341000.0,95,999,1,0,0,1,1,1,68.24,Ineligible
A023B,21,male,Gujarat,bachelors,77.6,399000.0,5,999,1,0,0,0,1,1,76.04,Ineligible
AZKMI,25,female,Madhya Pradesh,phd,86.0,925000.0,999,14,0,0,0,1,1,1,74.4,Ineligible
A023B,19,male,Maharashtra,masters,94.6,146000.0,3,999,1,0,0,1,1,1,87.84,Eligible
ARG45,30,female,Mizoram,masters,74.5,848000.0,65,999,1,0,0,1,1,1,59.8,Eligible
BVOBC,20,male,Andhra Pradesh,12th,68.3,227000.0,88,999,1,0,0,0,1,1,62.32,Ineligible
A023B,21,female,Manipur,bachelors,77.8,302000.0,2,999,1,0,0,1,1,1,81.12,Eligible
A023B,24,female,Tripura,bachelors,63.8,224000.0,5,999,1,0,0,1,1,1,75.52,Eligible
ARG45,35,female,Sikkim,phd,54.7,418000.0,85,999,1,0,0,1,1,1,56.88,Ineligible
BVOBC,23,male,Assam,12th,75.4,145000.0,85,999,1,0,0,1,1,1,70.16,Eligible
BVOBC,22,female,Karnataka,bachelors,86.3,301000.0,88,999,1,0,0,1,1,1,74.52,Ineligible
BPVGK,17,male,Manipur,10th,61.6,221000.0,999,999,1,0,0,1,1,0,52.64,Borderline
ARG45,35,male,Odisha,phd,55.7,650000.0,140,999,1,0,0,1,1,1,40.28,Eligible
A023B,23,female,Tripura,masters,93.9,205000.0,85,999,1,1,56,1,1,1,82.56,Eligible
AZKMI,26,other,Meghalaya,phd,71.5,682000.0,999,14,1,0,0,1,1,1,63.6,Ineligible
ARG45,28,male,Andhra Pradesh,masters,85.8,311000.0,95,999,0,0,0,1,1,1,69.32,Ineligible
A023B,23,female,Telangana,bachelors,94.8,245000.0,3,999,1,0,0,1,1,1,87.92,Eligible
ARG45,29,female,Jharkhand,phd,62.7,76000.0,65,999,0,0,0,1,1,1,70.08,Ineligible
AZKMI,33,male,Jharkhand,phd,75.5,727000.0,999,2,0,0,0,1,1,1,65.2,Ineligible
BPVGK,15,female,Odisha,10th,93.5,231000.0,999,999,1,1,42,1,1,1,75.4,Eligible
ARG45,30,female,Kerala,masters,51.5,624000.0,2,999,1,0,0,1,1,1,60.6,Ineligible
BVOBC,24,male,Rajasthan,bachelors,66.7,136000.0,140,999,1,0,0,1,1,1,59.68,Eligible
BVOBC,20,male,Chhattisgarh,12th,88.1,150000.0,1,999,1,0,0,1,1,1,85.24,Eligible
ARG45,22,female,Meghalaya,masters,67.8,514000.0,3,999,1,0,0,1,1,0,72.12,Borderline
ARG45,30,male,Rajasthan,phd,88.0,202000.0,110,999,1,0,0,1,1,1,63.2,Eligible
A023B,22,female,Nagaland,bachelors,94.1,141000.0,85,999,1,0,0,1,1,0,82.64,Borderline
AZKMI,35,male,Madhya Pradesh,phd,52.7,754000.0,999,1,1,0,0,1,1,1,56.08,Ineligible
A023B,19,male,Karnataka,masters,73.4,487000.0,59,999,1,0,0,1,1,1,59.36,Eligible
BVOBC,23,male,Karnataka,12th,64.9,263000.0,59,999,1,0,0,1,1,1,60.96,Ineligible
BVOBC,19,male,Tripura,12th,92.8,394000.0,2,999,1,0,0,1,1,1,82.12,Ineligible
BPVGK,16,male,Jharkhand,10th,58.8,328000.0,999,999,1,0,0,1,1,0,51.52,Ineligible
BPVGK,15,female,Andhra Pradesh,10th,52.8,231000.0,999,999,1,0,0,1,1,1,54.12,Eligible
A023B,22,female,Telangana,bachelors,89.9,477000.0,85,999,1,0,0,1,1,1,70.96,Eligible
BPVGK,14,female,Sikkim,10th,46.5,300000.0,999,999,1,0,0,1,1,1,51.6,Ineligible
ARG45,23,female,Tripura,masters,60.4,308000.0,88,999,1,0,0,1,1,1,64.16,Eligible
ARG45,29,female,Mizoram,masters,71.1,595000.0,85,999,1,0,0,1,1,1,63.44,Eligible
BVOBC,19,male,Gujarat,bachelors,82.5,42000.0,59,999,1,0,0,1,1,1,73.0,Eligible
ARG45,29,female,Odisha,masters,91.1,430000.0,95,999,1,0,0,1,1,1,71.44,Eligible
BVOBC,18,male,Meghalaya,12th,61.2,389000.0,1,999,1,0,0,1,1,1,69.48,Ineligible
A023B,23,male,Maharashtra,masters,61.4,336000.0,1,999,1,0,0,1,1,1,69.56,Eligible
A023B,25,male,Karnataka,bachelors,75.1,305000.0,2,999,1,0,0,1,1,1,75.04,Eligible
AZKMI,31,female,Mizoram,masters,88.4,367000.0,999,22,1,1,78,1,1,1,90.36,Eligible
BVOBC,22,male,Arunachal Pradesh,bachelors,62.7,94000.0,59,999,1,1,79,1,1,1,70.08,Eligible
A023B,23,female,Chhattisgarh,masters,76.7,542000.0,3,999,1,0,0,1,1,1,75.68,Eligible
BVOBC,19,male,Nagaland,12th,74.9,358000.0,59,999,1,0,0,1,1,1,64.96,Ineligible
AZKMI,32,male,Maharashtra,phd,72.5,824000.0,999,650,1,0,0,1,1,1,44.0,Ineligible
ARG45,24,male,Chhattisgarh,masters,57.8,64000.0,6,999,1,0,0,1,1,1,73.12,Eligible
AZKMI,34,female,Karnataka,phd,58.6,573000.0,999,8,1,0,0,1,0,1,68.44,Borderline
BVOBC,17,female,Odisha,bachelors,66.2,385000.0,78,999,1,0,0,1,1,1,66.48,Ineligible
AZKMI,24,female,Arunachal Pradesh,masters,73.1,830000.0,999,22,1,0,0,1,1,1,69.24,Ineligible
BVOBC,23,male,Odisha,bachelors,53.7,67000.0,6,999,1,0,0,1,1,1,71.48,Eligible
A023B,22,female,Andhra Pradesh,masters,66.3,251000.0,2,999,1,0,0,1,1,0,76.52,Borderline
BVOBC,24,female,Sikkim,12th,74.8,363000.0,3,999,1,0,0,1,1,1,79.92,Ineligible
A023B,19,female,Kerala,bachelors,60.9,251000.0,1,999,1,0,0,1,1,1,74.36,Eligible
BVOBC,24,male,Odisha,12th,74.9,249000.0,65,999,1,0,0,1,1,1,64.96,Eligible
A023B,23,female,Chhattisgarh,bachelors,64.6,234000.0,1,999,1,0,0,1,0,1,75.84,Borderline
ARG45,31,male,Gujarat,masters,50.3,719000.0,110,999,0,0,0,1,1,1,38.12,Ineligible
BVOBC,19,male,Arunachal Pradesh,12th,65.0,344000.0,6,999,1,0,0,1,1,1,71.0,Ineligible
BVOBC,21,male,Madhya Pradesh,bachelors,75.0,85000.0,6,999,1,0,0,1,1,1,80.0,Eligible
ARG45,30,male,Karnataka,masters,90.6,449000.0,5,999,1,0,0,1,1,1,76.24,Eligible
ARG45,35,female,Jharkhand,masters,68.6,142000.0,85,999,0,0,0,1,1,0,72.44,Ineligible
BVOBC,19,female,Jharkhand,bachelors,53.2,77000.0,2,999,1,0,0,1,0,1,76.28,Borderline
AZKMI,23,female,Madhya Pradesh,postdoc,51.1,743000.0,999,650,1,0,0,1,1,1,40.44,Ineligible
A023B,23,female,Manipur,bachelors,61.9,605000.0,85,999,1,0,0,0,1,1,54.76,Ineligible
ARG45,34,male,Tamil Nadu,phd,68.9,556000.0,6,999,1,0,0,1,1,1,67.56,Eligible
A023B,20,male,Arunachal Pradesh,bachelors,58.3,122000.0,3,999,1,0,0,0,0,0,73.32,Borderline
BPVGK,17,female,Assam,10th,91.7,270000.0,999,999,1,0,0,1,1,1,69.68,Ineligible
A023B,18,male,Mizoram,masters,91.0,783000.0,65,999,1,0,0,1,1,1,61.4,Ineligible
AZKMI,34,male,Mizoram,postdoc,70.0,748000.0,999,4,1,0,0,1,0,1,63.0,Ineligible
AZKMI,36,female,Mizoram,phd,85.3,630000.0,999,8,0,0,0,1,1,1,74.12,Ineligible
AZKMI,28,female,Jharkhand,postdoc,66.8,495000.0,999,37,1,0,0,1,0,1,71.72,Borderline
A023B,25,female,Maharashtra,bachelors,95.1,94000.0,5,999,1,0,0,1,1,1,93.04,Eligible
BVOBC,23,male,Telangana,bachelors,57.9,267000.0,65,999,1,0,0,1,1,1,58.16,Ineligible
A023B,25,female,Maharashtra,bachelors,59.0,362000.0,5,999,1,0,0,1,0,1,73.6,Borderline
A023B,23,male,Arunachal Pradesh,bachelors,94.9,475000.0,1,999,1,0,0,1,1,1,77.96,Eligible
BPVGK,14,female,Tripura,10th,81.2,341000.0,999,999,1,0,0,1,1,1,65.48,Ineligible
BVOBC,18,male,Sikkim,12th,89.3,45000.0,65,999,1,0,0,1,1,1,75.72,Eligible
BVOBC,22,female,Assam,12th,71.5,206000.0,6,999,1,0,0,1,1,1,78.6,Eligible
A023B,18,female,Sikkim,masters,69.6,558000.0,1,999,1,0,0,1,1,1,72.84,Eligible
AZKMI,32,male,Manipur,postdoc,54.0,396000.0,999,37,1,1,80,1,1,1,71.6,Ineligible
BPVGK,15,male,Odisha,10th,89.3,307000.0,999,999,1,0,0,1,1,1,63.72,Ineligible
AZKMI,30,male,Sikkim,postdoc,72.0,741000.0,999,2,1,0,0,1,1,1,63.8,Ineligible
AZKMI,30,male,Tamil Nadu,postdoc,82.6,148000.0,999,3,1,0,0,1,1,1,83.04,Eligible
A023B,21,female,Odisha,masters,86.6,543000.0,1,999,1,0,0,1,1,1,79.64,Eligible
ARG45,23,male,Maharashtra,phd,50.3,568000.0,1,999,1,0,0,1,1,1,60.12,Ineligible
BPVGK,14,female,Nagaland,10th,81.7,39000.0,999,999,1,0,0,1,1,0,70.68,Borderline
A023B,22,male,Meghalaya,masters,79.7,561000.0,6,999,1,1,71,1,1,1,76.88,Eligible
BPVGK,14,male,Kerala,10th,83.9,67000.0,999,999,1,0,0,1,1,1,66.56,Eligible
BVOBC,22,male,Gujarat,12th,94.1,149000.0,110,999,1,0,0,1,0,1,70.64,Borderline
AZKMI,32,female,Maharashtra,phd,93.1,111000.0,999,22,0,0,0,1,1,1,92.24,Ineligible
BVOBC,24,male,Telangana,bachelors,81.9,54000.0,6,999,1,0,0,1,1,1,82.76,Eligible
BPVGK,17,male,Meghalaya,10th,81.0,332000.0,999,999,1,0,0,1,1,1,60.4,Ineligible
BPVGK,16,male,Odisha,10th,86.8,282000.0,999,999,1,0,0,1,1,1,62.72,Ineligible
BPVGK,17,male,Gujarat,10th,85.3,330000.0,999,999,1,0,0,1,1,1,62.12,Ineligible
BVOBC,17,male,Assam,bachelors,57.9,324000.0,5,999,1,0,0,1,0,0,68.16,Ineligible
AZKMI,28,male,Manipur,phd,94.8,965000.0,999,32,0,0,0,1,1,1,72.92,Ineligible
AZKMI,27,female,Chhattisgarh,postdoc,87.4,118000.0,999,37,1,0,0,1,1,1,89.96,Eligible
ARG45,31,male,Karnataka,masters,72.3,272000.0,5,999,1,0,0,1,1,1,73.92,Eligible
A023B,19,male,Tripura,bachelors,92.8,498000.0,2,999,0,0,0,1,1,1,77.12,Ineligible
AZKMI,21,male,Tripura,masters,54.0,252000.0,999,3,1,0,0,1,1,1,66.6,Ineligible
AZKMI,28,female,Chhattisgarh,postdoc,64.5,542000.0,999,2,1,0,0,0,1,0,70.8,Borderline
AZKMI,38,male,Telangana,postdoc,81.9,113000.0,999,8,0,0,0,1,1,1,82.76,Ineligible
BVOBC,21,female,Andhra Pradesh,bachelors,45.8,378000.0,1,999,1,0,0,1,1,1,68.32,Ineligible
BVOBC,24,male,Maharashtra,bachelors,83.5,73000.0,140,999,1,0,0,1,0,1,66.4,Borderline
ARG45,29,female,Meghalaya,phd,84.5,402000.0,2,999,1,0,0,1,1,1,78.8,Eligible
A023B,25,female,Manipur,masters,62.4,691000.0,250,999,1,0,0,0,1,1,47.96,Ineligible
BVOBC,17,male,Sikkim,bachelors,56.8,230000.0,2,999,1,0,0,1,0,1,67.72,Borderline
AZKMI,38,male,Kerala,postdoc,70.1,400000.0,999,1,1,0,0,1,1,1,73.04,Ineligible
A023B,22,female,Tripura,masters,67.5,396000.0,65,999,1,1,42,1,1,1,72.0,Eligible
ARG45,32,male,Nagaland,masters,75.0,787000.0,140,999,1,0,0,1,1,1,48.0,Eligible
BPVGK,17,male,Jharkhand,10th,77.2,212000.0,999,999,1,0,0,1,1,1,58.88,Eligible
BPVGK,14,female,Andhra Pradesh,10th,64.2,332000.0,999,999,1,0,0,1,0,0,58.68,Ineligible
AZKMI,30,male,Tripura,phd,71.8,861000.0,999,14,1,0,0,1,1,1,63.72,Ineligible
BPVGK,15,male,Chhattisgarh,10th,89.1,84000.0,999,999,1,0,0,1,1,1,68.64,Eligible
AZKMI,22,male,Nagaland,masters,91.2,991000.0,999,650,1,0,0,1,1,1,51.48,Ineligible
AZKMI,36,female,Nagaland,phd,65.2,232000.0,999,3,0,1,64,1,1,1,81.08,Ineligible
ARG45,34,female,Sikkim,masters,70.8,156000.0,59,999,0,0,0,1,1,1,73.32,Ineligible
BPVGK,14,female,Manipur,10th,75.8,280000.0,999,999,1,0,0,1,1,1,63.32,Ineligible
BVOBC,24,female,Madhya Pradesh,bachelors,56.7,374000.0,3,999,1,0,0,1,1,1,72.68,Ineligible
ARG45,23,male,Tripura,phd,76.4,462000.0,65,999,1,0,0,1,1,1,60.56,Eligible
ARG45,29,female,Maharashtra,masters,73.6,82000.0,140,999,1,0,0,1,1,1,67.44,Eligible
ARG45,31,female,Tamil Nadu,phd,65.8,233000.0,1,999,1,0,0,1,1,1,76.32,Eligible
AZKMI,35,male,Sikkim,masters,67.7,840000.0,999,2,1,0,0,1,1,1,62.08,Ineligible
BVOBC,20,male,Arunachal Pradesh,12th,51.7,356000.0,110,999,1,0,0,1,1,1,48.68,Ineligible
BVOBC,24,female,Mizoram,12th,63.6,360000.0,85,999,1,0,0,1,1,1,65.44,Ineligible
AZKMI,26,male,Madhya Pradesh,masters,61.2,474000.0,999,1,0,0,0,1,1,1,64.48,Ineligible
ARG45,36,female,Assam,masters,85.0,705000.0,250,999,1,0,0,1,1,1,57.0,Eligible
A023B,21,female,Madhya Pradesh,masters,74.9,446000.0,1,999,1,0,0,1,1,1,74.96,Eligible
A023B,19,female,Gujarat,bachelors,96.0,303000.0,6,999,1,0,0,1,1,1,88.4,Eligible
ARG45,33,female,Andhra Pradesh,masters,85.8,562000.0,2,999,1,0,0,1,0,1,79.32,Borderline
ARG45,35,male,Arunachal Pradesh,masters,87.4,572000.0,78,999,1,0,0,1,1,1,64.96,Eligible
BVOBC,24,female,Jharkhand,12th,95.2,67000.0,1,999,1,0,0,1,1,1,93.08,Eligible
BVOBC,20,male,Andhra Pradesh,12th,71.2,87000.0,6,999,1,0,0,0,1,1,78.48,Ineligible
BVOBC,19,male,Jharkhand,12th,80.8,178000.0,140,999,1,0,0,1,1,1,65.32,Eligible
BPVGK,16,male,Mizoram,10th,88.6,86000.0,999,999,1,0,0,1,1,1,68.44,Eligible
ARG45,30,male,Mizoram,phd,89.8,333000.0,88,999,1,0,0,1,1,1,70.92,Eligible
A023B,18,male,Jharkhand,bachelors,73.1,614000.0,65,999,1,1,41,1,1,1,59.24,Ineligible
BVOBC,18,male,Madhya Pradesh,12th,94.0,160000.0,250,999,1,0,0,1,1,1,70.6,Eligible
ARG45,35,male,Sikkim,phd,71.3,311000.0,1,999,1,0,0,1,1,1,73.52,Eligible
ARG45,24,other,Chhattisgarh,phd,73.6,647000.0,85,999,1,0,0,1,1,1,54.44,Eligible
AZKMI,24,male,Maharashtra,masters,61.1,307000.0,999,650,1,0,0,1,1,1,49.44,Ineligible
AZKMI,35,female,Telangana,postdoc,50.0,916000.0,999,8,1,0,0,1,1,1,60.0,Ineligible
BVOBC,24,male,Karnataka,12th,62.4,49000.0,88,999,1,0,0,1,1,1,64.96,Eligible
ARG45,27,male,Mizoram,masters,80.2,699000.0,6,999,1,0,0,1,1,1,67.08,Eligible
A023B,24,female,Arunachal Pradesh,masters,72.1,641000.0,85,999,1,0,0,1,1,1,58.84,Ineligible
A023B,19,male,Manipur,masters,77.0,181000.0,85,999,1,0,0,1,1,0,70.8,Borderline
A023B,18,female,Manipur,masters,68.4,612000.0,3,999,1,0,0,1,1,1,67.36,Ineligible
AZKMI,28,other,Assam,postdoc,91.5,994000.0,999,2,1,0,0,0,0,1,71.6,Ineligible
ARG45,25,male,Chhattisgarh,phd,80.8,711000.0,5,999,1,0,0,1,1,1,67.32,Eligible
ARG45,35,female,Sikkim,masters,55.2,296000.0,95,999,1,0,0,1,1,0,62.08,Borderline
BVOBC,21,male,Sikkim,12th,61.5,362000.0,95,999,1,1,67,1,1,1,64.6,Ineligible
A023B,20,male,Jharkhand,masters,79.3,242000.0,5,999,1,0,0,1,1,1,76.72,Eligible
BVOBC,24,female,Kerala,bachelors,76.7,222000.0,72,999,1,0,0,1,0,1,70.68,Borderline
